,2GO,8990P,AAA,AB,ABA,ABG,ABS,ABSP,AC,ACE,ACEN,ACEX,ACPA,ACPB1,ACR,AEV,AGI,ALCO,ALCPB,ALHI,ALI,ALL,ALLHC,ALLS,ANI,ANS,AP,APB2R,APC,APL,APO,APVI,APX,AR,ARA,AREIT,AT,ATI,ATN,ATNB,AUB,AXLM,BC,BCB,BCOR,BDO,BEL,BH,BHI,BKR,BLFI,BLOOM,BMM,BPI,BRN,BSC,C,CA,CAB,CAT,CDC,CEB,CEI,CEU,CHI,CHIB,CHP,CIC,CIP,CLI,CNPF,CNVRG,COAL,COL,COSCO,CPG,CPGP,CPM,CPV,CPVB,CROWN,CSB,CYBR,DAVIN,DD,DDPR,DELM,DFNN,DITO,DIZ,DMC,DMPA1,DMPA2,DMW,DNA,DNL,DWC,EAGLE,ECP,EEI,EG,EIBA,EIBB,ELI,EMP,EURO,EVER,EW,FAF,FB,FBP,FBP2,FDC,FERRO,FEU,FFI,FGEN,FGENG,FIN,FINA,FJP,FJPB,FLI,FMETF,FNI,FOOD,FPH,FPHPC,FPI,FRUIT,GEO,GERI,GLO,GLOPP,GMA7,GMAP,GPH,GREEN,GSMI,GTCAP,GTPPA,GTPPB,HDG,HI,HLCM,HOLD,HOME,HOUSE,HVN,I,ICT,IDC,IMI,IMP,IND,INDU,ION,IPM,IPO,IRC,IS,JAS,JFC,JGS,JOH,KEP,KPH,KPHB,KPPI,LAND,LBC,LC,LCB,LFM,LIHC,LMG,LODE,LOTO,LPZ,LR,LRP,LRW,LSC,LTG,M-O,MA,MAB,MAC,MACAY,MAH,MAHB,MARC,MAXS,MB,MBC,MBT,MED,MEG,MER,MFC,MFIN,MG,MHC,MINI,MJC,MJIC,MM,MPI,MRC,MRSGI,MVC,MWC,MWIDE,MWP,NI,NIKL,NOW,NRCP,OM,OPM,OPMB,ORE,OV,PA,PAL,PAX,PBB,PBC,PCOR,PCP,PERC,PGOLD,PHA,PHES,PHN,PHR,PIP,PIZZA,PLC,PMPC,PNB,PNC,PNX,PNX3A,PNX3B,PNX4,PORT,PPC,PRC,PRF2A,PRF2B,PRF3A,PRF3B,PRIM,PRMX,PRO,PROP,PSB,PSE,PSEI,PTC,PTT,PX,PXP,RCB,RCI,REG,RFM,RLC,RLT,ROCK,ROX,RRHI,SBS,SCC,SECB,SERV,SEVN,SFI,SFIP,SGI,SGP,SHLPH,SHNG,SLF,SLI,SM,SMC,SMC2A,SMC2B,SMC2C,SMC2D,SMC2E,SMC2F,SMC2G,SMC2H,SMC2I,SMCP1,SMPH,SOC,SPC,SPM,SSI,SSP,STI,STN,STR,SUN,SVC,T,TBGI,TECB2,TECH,TEL,TFC,TFHI,TUGS,UBP,UNI,UPM,URC,V,VITA,VLL,VMC,VUL,VVT,WEB,WIN,WLCON,WPI,X,ZHI
1984-03-31,,,,,,,,,,,,,,,,,,,,,,,,,,,,,,,,,,,,,,,,,,,,,,,,,,,,,,,,0.021933421052631574,,,,,,,,,,,,,,,,,,,,,,,,,,,,,,,,,,,,,,,,,,,,,,,,,,,,,,,,,,,,,,,,,,,,,,,,,,,,,,,,,,,,,,,,,,,,,,,,,,,,,,,,,,,,,,,,,,,,,0.1261,,,,,,,,,,,,,,,,,,,,,,,,,,,,,,,,,,,,,,,,,,,,,,,,,,,,,,,,,,,,,,,,,,,,,,,,,,,,,,,,,,,,,,,,,,,,,,,,,,,,,,,,,,,,,,,,,,,,,,,,,,,,,,,,,0.0008359730663964649,,,,,,,,,,,,,,,,,,,,,,,,,,,,,,,
1984-04-30,,,,,,,,,,,,,,,,,,,,,,,,,,,,,,,,,,,,,,,,,,,,,,,,,,,,,,,,0.022376315789473685,,,,,,,,,,,,,,,,,,,,,,,,,,,,,,,,,,,,,,,,,,,,,,,,,,,,,,,,,,,,,,,,,,,,,,,,,,,,,,,,,,,,,,,,,,,,,,,,,,,,,,,,,,,,,,,,,,,,,0.1261,,,,,,,,,,,,,,,,,,,,,,,,,,,,,,,,,,,,,,,,,,,,,,,,,,,,,,,,,,,,,,,,,,,,,,,,,,,,,,,,,,,,,,,,,,,,,,,,,,,,,,,,,,,,,,,,,,,,,,,,,,,,,,,,,0.0008280128760553891,,,,,,,,,,,,,,,,,,,,,,,,,,,,,,,
1984-05-31,,,,,,,,,,,,,,,,,,,,,,,,,,,,,,,,,,,,,,,,,,,,,,,,,,,,,,,,0.022289473684210526,,,,,,,,,,,,,,,,,,,,,,,,,,,,,,,,,,,,,,,,,,,,,,,,,,,,,,,,,,,,,,,,,,,,,,,,,,,,,,,,,,,,,,,,,,,,,,,,,,,,,,,,,,,,,,,,,,,,,0.1285,,,,,,,,,,,,,,,,,,,,,,,,,,,,,,,,,,,,,,,,,,,,,,,,,,,,,,,,,,,,,,,,,,,,,,,,,,,,,,,,,,,,,,,,,,,,,,,,,,,,,,,,,,,,,,,,,,,,,,,,,,,,,,,,,0.0008359730663964649,,,,,,,,,,,,,,,,,,,,,,,,,,,,,,,
1984-06-30,,,,,,,,,,,,,,,,,,,,,,,,,,,,,,,,,,,,,,,,,,,,,,,,,,,,,,,,0.02211,,,,,,,,,,,,,,,,,,,,,,,,,,,,,,,,,,,,,,,,,,,,,,,,,,,,,,,,,,,,,,,,,,,,,,,,,,,,,,,,,,,,,,,,,,,,,,,,,,,,,,,,,,,,,,,,,,,,,0.1237,,,,,,,,,,,,,,,,,,,,,,,,,,,,,,,,,,,,,,,,,,,,,,,,,,,,,,,,,,,,,,,,,,,,,,,,,,,,,,,,,,,,,,,,,,,,,,,,,,,,,,,,,,,,,,,,,,,,,,,,,,,,,,,,,0.0008280128760553891,,,,,,,,,,,,,,,,,,,,,,,,,,,,,,,
1984-07-31,,,,,,,,,,,,,,,,,,,,,,,,,,,,,,,,,,,,,,,,,,,,,,,,,,,,,,,,0.021933421052631574,,,,,,,,,,,,,,,,,,,,,,,,,,,,,,,,,,,,,,,,,,,,,,,,,,,,,,,,,,,,,,,,,,,,,,,,,,,,,,,,,,,,,,,,,,,,,,,,,,,,,,,,,,,,,,,,,,,,,0.1227,,,,,,,,,,,,,,,,,,,,,,,,,,,,,,,,,,,,,,,,,,,,,,,,,,,,,,,,,,,,,,,,,,,,,,,,,,,,,,,,,,,,,,,,,,,,,,,,,,,,,,,,,,,,,,,,,,,,,,,,,,,,,,,,,0.000851893447078617,,,,,,,,,,,,,,,,,,,,,,,,,,,,,,,
1984-08-31,,,,,,,,,,,,,,,,,,,,,,,,,,,,,,,,,,,,,,,,,,,,,,,,,,,,,,,,0.021933421052631574,,,,,,,,,,,,,,,,,,,,,,,,,,,,,,,,,,,,,,,,,,,,,,,,,,,,,,,,,,,,,,,,,,,,,,,,,,,,,,,,,,,,,,,,,,,,,,,,,,,,,,,,,,,,,,,,,,,,,0.1194,,,,,,,,,,,,,,,,,,,,,,,,,,,,,,,,,,,,,,,,,,,,,,,,,,,,,,,,,,,,,,,,,,,,,,,,,,,,,,,,,,,,,,,,,,,,,,,,,,,,,,,,,,,,,,,,,,,,,,,,,,,,,,,,,0.0008359730663964649,,,,,,,,,,,,,,,,,,,,,,,,,,,,,,,
1984-09-30,,,,,,,,,,,,,,,,,,,,,,,,,,,,,,,,,,,,,,,,,,,,,,,,,,,,,,,,,,,,,,,,,,,,,,,,,,,,,,,,,,,,,,,,,,,,,,,,,,,,,,,,,,,,,,,,,,,,,,,,,,,,,,,,,,,,,,,,,,,,,,,,,,,,,,,,,,,,,,,,,,,,,,,,,,,,,0.119,,,,,,,,,,,,,,,,,,,,,,,,,,,,,,,,,,,,,,,,,,,,,,,,,,,,,,,,,,,,,,,,,,,,,,,,,,,,,,,,,,,,,,,,,,,,,,,,,,,,,,,,,,,,,,,,,,,,,,,,,,,,,,,,,,,,,,,,,,,,,,,,,,,,,,,,,,,,,,,,
1984-10-31,,,,,,,,,,,,,,,,,,,,,,,,,,,,,,,,,,,,,,,,,,,,,,,,,,,,,,,,0.02140368421052631,,,,,,,,,,,,,,,,,,,,,,,,,,,,,,,,,,,,,,,,,,,,,,,,,,,,,,,,,,,,,,,,,,,,,,,,,,,,,,,,,,,,,,,,,,,,,,,,,,,,,,,,,,,,,,,,,,,,,0.1182,,,,,,,,,,,,,,,,,,,,,,,,,,,,,,,,,,,,,,,,,,,,,,,,,,,,,,,,,,,,,,,,,,,,,,,,,,,,,,,,,,,,,,,,,,,,,,,,,,,,,,,,,,,,,,,,,,,,,,,,,,,,,,,,,,,,,,,,,,,,,,,,,,,,,,,,,,,,,,,,
1984-11-30,,,,,,,,,,,,,,,,,,,,,,,,,,,,,,,,,,,,,,,,,,,,,,,,,,,,,,,,0.021224210526315786,,,,,,,,,,,,,,,,,,,,,,,,,,,,,,,,,,,,,,,,,,,,,,,,,,,,,,,,,,,,,,,,,,,,,,,,,,,,,,,,,,,,,,,,,,,,,,,,,,,,,,,,,,,,,,,,,,,,,0.1186,,,,,,,,,,,,,,,,,,,,,,,,,,,,,,,,,,,,,,,,,,,,,,,,,,,,,,,,,,,,,,,,,,,,,,,,,,,,,,,,,,,,,,,,,,,,,,,,,,,,,,,,,,,,,,,,,,,,,,,,,,,,,,,,,,,,,,,,,,,,,,,,,,,,,,,,,,,,,,,,
1984-12-31,,,,,,,,,,,,,,,,,,,,,,,,,,,,,,,,,,,,,,,,,,,,,,,,,,,,,,,,0.021137368421052627,,,,,,,,,,,,,,,,,,,,,,,,,,,,,,,,,,,,,,,,,,,,,,,,,,,,,,,,,,,,,,,,,,,,,,,,,,,,,,,,,,,,,,,,,,,,,,,,,,,,,,,,,,,,,,,,,,,,,0.1184,,,,,,,,,,,,,,,,,,,,,,,,,,,,,,,,,,,,,,,,,,,,,,,,,,,,,,,,,,,,,,,,,,,,,,,,,,,,,,,,,,,,,,,,,,,,,,,,,,,,,,,,,,,,,,,,,,,,,,,,,,,,,,,,,,,,,,,,,,,,,,,,,,,,,,,,,,,,,,,,
1985-01-31,,,,,,,,,0.9188736773914923,,,,,,,,,,,,,,,,,0.4044554222222222,,,,,,,9.393190281815088e-08,,,,7.360482286352827e-05,,,,,,,,,,,,,,,,,,,0.021224210526315786,,,,,,,,,,,,,,,,,,,,,,,,,,,,,,,,,,,,,,,,,,,,,,,,,,,,,,,,,,,,,,,,,,,,,,,6.1728,,,,,,330.8157,,,,,,,,,,,,,,,,,,,,,,104.18,104.18,,,,,,,,,,,,,,,,0.12,0.1213,,,,,,,,,,,,740.56,,,,,,,,,,,,,,,,,,,740.56,,,,,,,,,,,,,,,8.177623584366996e-10,0.0018582202111613883,0.0077,,1.1574074074074076e-08,,,,,,,,,,,,,,,,,,,,,,,,,,,,,,,,,,,,,100.57,,,0.05876445047976109,,,,,,,,,,,,,,,,,,,,,,,,,0.3856,,,,,,,,,,,,,,0.000820052685714313,,,,,,,,,,,,1.8786986026499057,,,,,,,,,,,,,,,,,,,
1985-02-28,,,,,,,,,0.9093249838047939,,,,,,,,,,,,,,,,,0.4044554222222222,,,,,,,,,,,6.273138312232523e-05,,,,,,0.0029935855370459598,,,,,,,,,,,,,0.021137368421052627,,,,,,,,,,,,,,,,,,,,,,,,,,,,,,,,,,,,,,,,,,,,,,,,,,,,,,,,,,,,,,,,,,,,,,,6.1709,,,,,,327.9992,,,,,,,,,,,,,,,,,,,,,,132.55,132.55,,,,,,,,,,,,,,,,0.1195,0.1211,,,,,,,,,,,,707.96,,,,,,,,,,,,,,,,,,,707.96,,,,,,,,,,,,,,,8.177623584366996e-10,0.0018582202111613883,0.0077,,1.1574074074074076e-08,,,,,,,,,,,,,,,,,,,,,,,,,,,,,,,,,,,,,101.42,,,0.05316505867226028,,,,,,,,,,,,,,,,,,,,,,,,,0.3856,,,,,,,,,,,,,,0.0008039792244486785,,,,,,,,,,,,1.8786986026499057,,,,,,,,,,,,,,,,,,,
1985-03-31,,,,,,,,,0.9379710645648889,,,,,,,,,,,,,,,,,0.4044554222222222,,,,,,,9.184452719996974e-08,,,,5.771287247253921e-05,,,,,,0.003064861383166101,,,,,,,,,,,,,0.021047631578947363,,,,,,,,,,,,,,,,,,,,,,,,,,,,,,,,,,,,,,,,,,,,,,,,,,,,,,,,,,,,,,,,,,,,,,,,,,,,,347.0105,,,,,,,,,,,,,,,,,,,,,,,,,,,,,,,,,,,,,,,0.1191,0.1203,,,,,,,0.001951335835682601,,,,,693.33,,,,,,,,,,,,,,,,,,,693.33,,,,,,,,,,,,,,,8.177623584366996e-10,0.0018847662141779798,0.0078,,1.1574074074074076e-08,,,,,,,,,,,,,,,,,,,,,,,,,,,,,,,,,,,,,106.7,,,0.051765210720385084,,,,,,,,,,,,,,,,,,,,,,,,,0.3687,,,,,,,,,,,,,,0.0007960190341076026,,,,,,,,,,,,1.722134384374102,,,,,,,,,,,,,,,,,,,
1985-04-30,,,,,,,,,,,,,,,,,,,,,,,,,,0.4044554222222222,,,,,,,,,,,4.182092208155014e-05,,,,,,0.0027084821525653916,,,,,,,,,,,,,0.02140368421052631,,,,,,,,,,,,,,,,,,,,,,,,,,,,,,,,,,,,,,,,,,,,,,,,,,,,,,,,,,,,,,,,,,,,,,,6.1612,,,,,,343.4898,,,,,,,,,,,,,,,,,,,,,,131.98,131.98,,,,,,,,,,,,,,,,0.1187,0.1203,,,,,,,0.0019995700303482742,,,,,656.51,,,,,,,,,,,,,,,,,,,656.51,,,,,,,,,,,,,,,8.177623584366996e-10,0.0019113122171945708,0.0079,,1.1574074074074076e-08,,,,,,,,,,,,,,,,,,,,,,,,,,,,,,,,,,,,,106.28,,,0.05036536276850988,,,,,,,,,,,,,,,,,,,,,,,,,0.3762,,,,,,,,,,,,,,,,,,,,,,,,,,1.7784339900362318,,,,,,,,,,,,,,,,,,,
1985-05-31,,,,,,,,,,,,,,,,,,,,,,,,,,0.4003859259259259,,,,,,,,,,,3.8475248315026134e-05,,,,,,,,,,,,,,,,,,,0.021580263157894738,,,,,,,,,,,,,,,,,,,,,,,,,,,,,,,,,,,,,,,,,,,,,,,,,,,,,,,,,,,,,,,,,,,,,,,6.1806,,,,,,339.2651,,,,,,,,,,,,,,,,,,,,,,130.06,130.06,,,,,,,,,,,,,,,,0.1194,0.1209,,,,,,,0.0018744476639878135,,,,,672.44,,,,,,,,,,,,,,,,,,,672.44,,,,,,,,,,,,,,,8.177623584366996e-10,0.0019378582202111622,,,1.1574074074074076e-08,,,,,,,,,,,,,,,,,,,,,,,,,,,,,,,,,,,,,112.47,,,0.05876445047976109,,,,,,,,,,,,,,,,,,,,,,,,,0.3856,,,,,,,,,,,,,,0.0008280128760553891,,,,,,,,,,,,1.9706870848429952,,,,,,,,,,,,,,,,,,,
1985-06-30,,,,,,,,,0.9188736773914923,,,,,,,,,,,,,,,,,,,,,,,,,,,,4.014808519828814e-05,,,,,,,,,,,,,,,,,,,0.02140368421052631,,,,,,,,,,,,,,,,,,,,,,,,,,,,,,,,,,,,,,,,,,,,0.6895335185185185,,,,,,,,,,,,,,,,,,,,,,,,,,,6.1999,,,,,,339.2651,,,,,,,,,,,,,,,,,,,,,,127.59,127.59,,,,,,,,,,,,,,,,0.1189,0.1203,,,,,,,0.0018744476639878135,,,,,660.95,,,,,,,,,,,,,,,,,,,660.95,,,,,,,,,,,,,,,,0.0019378582202111622,0.008,,1.1574074074074076e-08,,,,,,,,,,,,,,,,,,,,,,,,,,,,,,,,,,,,,111.3,,,0.0643638422872619,,,,,,,,,,,,,,,,,,,,,,,,,0.3762,,,,,,,,,,,,,,0.0008759270986853272,,,,,,,,,,,,1.8505222675120772,,,,,,,,,,,,,,,,,,,
1985-07-31,,,,,,,,,,,,,,,,,,,,,,,,,,,,,,,,,,,,,3.8809815691678536e-05,,,,,,,,,,,,,,,,,,,0.021047631578947363,,,,,,,,,,,,,,,,,,,,,,,,,,,,,,,,,,,,,,,,,,,,0.6752503703703703,,,,,,,,,,,,,,,,,,,,,,,,,,,6.2385,,,,,,345.2502,,,,,,,,,,,,,,,,,,,,,,131.46,131.46,,,,,,,,,,,,,,,,0.1187,0.1201,,,,,,,0.001951335835682601,,,,,692.73,,,,,,,,,,,,,,,,,,,692.73,,,,,,,,,,,,,,,,0.001964404223227753,0.0079,,1.1574074074074076e-08,,,,,,,,,,,,,,,,,,,,,,,,,,,,,,,,,,,,,112.83,,,0.06716353819101231,,,,,,,,,,,,,,,,,,,,,,,,,0.3687,,,,,,,,,,,,,,0.0008679669083442513,,,,,,,,,,,,1.8265105298913045,,,,,,,,,,,,,,,,,,,
1985-08-31,,,,,,,,,0.8710144677175558,,,,,,,,,,,,,,,,,0.3978917185185185,,,,,,,1.0436878090905656e-07,,,,,,,,,,,,,,,,,,,,,,,0.021313947368421047,,,,,,,,,,,,,,,,,,,,,,,,,,,,,,,,,,,,,,,,,,,,0.6895335185185185,,,,,,,,,,,,,,,,,,,,,,,,,,,6.2192,,,,,,355.812,,,,,,,,,,,,,,,,,,,,,,142.62,142.62,,,,,,,,,,,,,,,,0.1191,0.1205,,,,,,,0.0019704384870353423,,,,,658.46,,,,,,,,,,,,,,,,,,,658.46,,,,,,,,,,,,,,,8.177623584366996e-10,0.001964404223227753,0.0081,,1.1574074074074076e-08,,,,,,,,,,,,,,,,,,,,,,,,,,,,,,,,,,,,,116.31,,,0.06716353819101231,,,,,,,,,,,,,,,,,,,,,,,,,0.4326,,,,,,,,,,,,,,0.0008679669083442513,,,,,,,,,,,,1.7543957201086957,,,,,,,,,,,,,,,,,,,
1985-09-30,,,,,,,,,0.8614657741308573,,,,,,,,,,,,,,,,,0.39657897777777773,,,,,,,1.1480565899996218e-07,,,,3.680241143176414e-05,,,,,,,,,,,,,,,,,,,0.021313947368421047,,,,,,,,,,,,,,,,,,,,,,,,,,,,,,,,,,,,,,,,,,,,0.780015,,,,,,,,,,,,,,,,,,,,,,,,,,,6.1999,,,,,,373.415,,,,,,,,,,,,,,,,,,,,,,163.27,163.27,,,,,,,,,,,,,,,,0.1184,0.1198,,,,,,,0.0020669068763666896,,,,,660.95,,,,,,,,,,,,,,,,,,,660.95,,,,,,,,,,,,,,,8.177623584366996e-10,0.002017496229260936,0.0082,,1.1574074074074076e-08,,,,,,,,,,,,,,,,,,,,,,,,,,,,,,,,,,,,,123.59,,,0.06996323409476271,,,,,,,,,,,,,,,,,,,,,,,,,0.5079,,,,,,,,,,,,,,0.0008598536374196929,,,,,,,,,,,,1.6823074426328504,,,,,,,,,,,,,,,,,,,
1985-10-31,,,,,,,,,0.8422526452170159,,,,,,,,,,,,,,,,,,,,,,,,1.3985416641813575e-07,,,,3.546414192515452e-05,,,,,,0.002565930460325108,,,,,,,,,,,,,0.021047631578947363,,,,,,,,,,,,,,,,,,,,,,,,,,,,,,,,,,,,,,,,,,,,0.8989981481481482,,,,,,,,,,,,,,,,,,,,,,,,,,,6.2095,,,,,,383.9768,,,,,,,,,,,,,,,,,,,,,,178.11,178.11,,,,,,,,,,,,,,,,0.1189,0.1203,,,,,,,0.0021628976994142184,,,,,699.17,,,,,,,,,,,,,,,,,,,699.17,,,,,,,,,,,,,,,8.177623584366996e-10,0.001990950226244344,0.0082,,1.1574074074074076e-08,,,,,,,,,,,,,,,,,,,,,,,,,,,,,,,,,,,,,129.06,,,0.06996323409476271,,,,,,,,,,,,,,,,,,,,,,,,,0.5173,,,,,,,,,,,,,,,,,,,,,,,,,,1.7543957201086957,,,,,,,,,,,,,,,,,,,
1985-11-30,,,,,,,,,0.804,,,,,,,,,,,,,,,,,0.39657897777777773,,,,,,,1.2941728832723007e-07,,,,3.011106389871611e-05,,,,,,,,,,,,,,,,,,,0.021313947368421047,,,,,,,,,,,,,,,,,,,,,,,,,,,,,,,,,,,,,,,,,,,,0.8609312962962963,,,,,,,,,,,,,,,,,,,,,,,,,,,6.2153,,,,,,376.9357,,,,,,,,,,,,,,,,,,,,,,169.08,169.08,,,,,,,,,,,,,,,,0.1181,0.1192,,,,,,,0.0022588885224617476,,,,,667.55,,,,,,,,,,,,,,,,,,,667.55,,,,,,,,,,,,,,,8.177623584366996e-10,0.001964404223227753,0.0084,,1.1574074074074076e-08,,,,,,,,,,,,,,,,,,,,,,,,,,,,,,,,,,,,,126.33,,,0.06996323409476271,,,,,,,,,,,,,,,,,,,,,,,,,0.4514,,,,,,,,,,,,,,0.0008679669083442513,,,,,,,,,,,,1.7784339900362318,,,,,,,,,,,,,,,,,,,
1985-12-31,,,,,,,,,0.804,,,,,,,,,,,,,,,,,0.39657897777777773,,,,,,,1.3150466394541123e-07,,,,4.182092208155014e-05,,,,,,,,,,,,,,,,,,,0.021224210526315786,,,,,,,,,,,,,,,,,,,,,,,,,,,,,,,,,,,,,,,,,,,,0.8466481481481481,,,,,,,,,,,,,,,,,,,,,,,,,,,6.2539,,,,,,378.696,,,,,,,,,,,,,,,,,,,,,,159.39,159.39,,,,,,,,,,,,,,,,0.1191,0.1203,,,,,,,0.0022111318940798924,,,,,728.37,,,,,,,,,,,,,,,,,,,728.37,,,,,,,,,,,,,,,8.177623584366996e-10,0.0021236802413273008,0.0082,,1.1574074074074076e-08,,,,,,,,,,,,,,,,,,,,,,,,,,,,,,,,,,,,,131.19,,,0.07274834824901442,,,,,,,,,,,,,,,,,,,,,,,,,0.4797,,,,,,,,,,,,,,0.0009318015116563415,,,,,,,,,,,,1.7784339900362318,,,,,,,,,,,,,,,,,,,
1986-01-31,,,,,,,,,0.9189,,0.84,,,,,,,,,,,,,,,0.3983511777777778,,,,,,,1.3150466394541123e-07,,,,5.436719870601519e-05,,,,,,0.002565930460325108,,,,,,,,,,,6.9919,,0.021224210526315786,,,,,,,,,,,,,,,,,,,,,,,,,,,,,,,,,,,,,,,,,,,,0.8371475925925925,,,,,,,,,,,,,,,,,,,,,,,,,,,6.2442,,,,,,385.7372,,,,,,,,,,,,,,,,,,,,,,168.39,168.39,,,,0.055308641975308645,,,,,,,,,,,,0.1197,0.1209,,,,,,,0.0017115975612056876,,,,,756.14,,,,,,,,,,,,,,,,,,,756.14,,,,,,,,,,,,,,,8.053720196725072e-08,0.002017496229260936,,,,,,,,,,,,,,,,,,,,,,,,,,,,,,,,,,,,,,,,133.19,,,0.08116061653188092,,,,,,,,,,,,,,,,,,,,,,,,,0.5173,,,,,,,,,,,,,,0.0009717555439452043,,,,,,,,,,,,1.9226370772946861,,,,,,,,,,,,,,,,,,,
1986-02-28,,,,,,,,,,,0.84,,,,,,,,,,,,,,,0.4049805185185185,,,,,,,1.44028917654498e-07,,,,6.189496468069423e-05,,,,,,,,,,,,,,,,,,,,,,,,,,,,,,,,,,,,,,,,,,,,,,,,,,,,,,,,,,,,,,,1.1894437037037038,,,,,,,,,,,,,,,,,,,,,,,,,,,6.3833,,,,,,398.0593,,,,,,,,,,,,,,,,,,,,,,219.22,219.22,,,,0.055308641975308645,,,,,,,,,,,,0.123,0.1256,,,,,,,0.00201723998284956,,,,,840.51,,,,,,,,,,,,,,,,,,,840.51,,,,,,,,,,,,,,,8.053720196725072e-08,0.002070588235294118,0.0077,,,,,,,,,,,,,,,,,,,,,,,,,,,,,,,,,,,,,,,157.03,,,0.09793776003686536,,,,,,,,,,,,,,,,,,,,,,,,,0.649,,,,,,,,,,,,,,0.0009517019875090319,,,,,,,,,,,,4.037527249396136,,,,,,,,,,,,,,,,,,,
1986-03-31,,,,,,,,,0.9763,,0.84,,,,,,,,,,,,,,,0.41311951111111106,,,,,,,1.5029104450904137e-07,,,,7.527765974679027e-05,,,,,,0.003991582631012803,,,,,,,,,,,,,0.02149052631578947,,,,,,,,,,,,,,,,,,,,,,,,,,,,,,,,,,,,,,,,,,,,1.132311111111111,,,,,,,,,,,,,,,,,,,,,,,,,,,6.4315,,,,,,405.1006,,,,,,,,,,,,,,,,,,,,,,228.28,228.28,,,,0.055308641975308645,,,,,,,,,,,,0.125,0.1285,,,,,,,0.001915518364396209,,,,,1038.03,,,,,,,,,,,,,,,,,,,1038.03,,,,,,,,,,,,,,,8.053720196725072e-08,0.002017496229260936,0.0078,,,,,,,,,,,,,,,,,,,,,,,,,,,,,,,,,,,,,,,169.6,,,0.10632633178935756,,,,,,,,,,,,,,,,,,,,,,,,,0.8559,,,,,,,,,,,,,,0.0009318015116563415,,,,,,,,,,,,3.8452741545893723,,,,,,,,,,,,,,,,,,,
1986-04-30,,,,,,,,,0.9093,,0.84,,,,,,,,,,,,,,,0.4192237555555556,,,,,,,1.44028917654498e-07,,,,6.356780156395624e-05,,,,,,,,,,,,,,,,,,,0.02149052631578947,,,,,,,,,,,,,,,,,,,,,,,,,,,,,,,,,,,,,,,,,,,,0.979979074074074,,,,,,,,,,,,,,,,,,,,,,,,,,,6.4122,,,,,,403.3402,,,,,,,,,,,,,,,,,,,,,,232.23,232.23,,,,,,,,,,,,,,,,0.1234,0.1261,,,,,,,0.0022646193178675698,,,,,985.79,,,,,,,,,,,,,,,,,,,985.79,,,,,,,,,,,,,,,9.168850685502391e-08,0.002044042232277527,0.0078,,,,,,,,,,,,,,,,,,,,,,,,,,,,,,,,,,,,,,,168.37,,,0.10073395062102941,,,,,,,,,,,,,,,,,,,,,,,,,1.0534,,,,,,,,,,,,,,0.0009517019875090319,,,,,,,,,,,,3.701071067330918,,,,,,,,,,,,,,,,,,,
1986-05-31,,,,,,,,,1.005,,0.84,,,,,,,,,,,,,,,0.4115442222222222,,,,,,,1.44028917654498e-07,,,,5.185794338112218e-05,,,,,,,,,,,,,,,,,,,0.021224210526315786,,,,,,,,,,,,,,,,,,,,,,,,,,,,,,,,,,,,,,,,,,,,0.9418475925925927,,,,,,,,,,,,,,,,,,,,,,,,,,,6.3736,,,,,,396.299,,,,,,,,,,,,,,,,,,,,,,226.71,226.71,,,,,,,,,,,,,,,,0.123,0.1251,,,,,,,0.0022937508611805017,,,,,965.62,,,,,,,,,,,,,,,,,,,965.62,,,,,,,,,,,,,,,9.168850685502391e-08,0.002017496229260936,0.0078,,,,3.19930607837887e-05,,,,,,,,,,,,,,,,,,,,,,,,,,,,,,,,,,,165.31,,,0.09793776003686536,,,,,,,,,,,,,,,,,,,,,,,,,1.2791,,,,,,,,,,,,,,0.0009717555439452043,,,,,,,,,,,,3.6049445199275363,,,,,,,,,,,,,,,,,,,
1986-06-30,,,,,,,,,1.8186,,0.84,,,,,,,,,,,,,,,0.41718900740740744,,,,,,,1.3567941518177357e-07,,,,5.687645403090819e-05,,,,,,0.00456178939997394,,,,,,,,,,,,,0.021313947368421047,,,,,,,,,,,,,,,,,,,,,,,,,,,,,,,,,,,,,,,,,,,,0.9989801851851853,,,,,,,,,,,,,,,,,,,,,,,,,,,6.4653,,,,,,443.8272,,,,,,,,,,,,,,,,,,,,,,312.79,312.79,,,,,,,,,,,,,,,,0.1254,0.1285,,,,,,,0.0022937508611805017,,,,,1016.49,,,,,,,,,,,4.729730259931339,,,,,,,,1016.49,,,,,,,,,,,,,,,9.540560848428163e-08,0.002070588235294118,0.0079,,,,,,,,,,,,,,,,,,,,,,,,,,,,,,,,,,,,,,,201.36,,,0.1091462189038959,,,,,,,,,,,,,,,,,,,,,,,,,1.644,,,,,,,,,,,,,,0.0009717555439452043,,,,,,,,,,,,5.864011246980676,,,,,,,,,,,,,,,,,,,
1986-07-31,,,,,,,,,2.0099,,0.85,,,,,,,,,,,,,,,0.44357509629629627,,,,,0.37670400000000004,,1.5864054698176592e-07,,,,6.356780156395624e-05,,,,,,0.003920306784892663,,,,,,,,,,,,,0.02202315789473684,,,,,,,,,,,,,,,,,,,,,,,,,,,,,,,,,,,,,,,,,,,,1.1228105555555556,,,,,,,,,,,,,,,,,,,,,,,,,,,6.4508,,,,,,445.5876,,,,,,,,,,,,,,,,,,,,,,351.46,351.46,,,,0.05731986531986532,,,,,,,,,,,,0.1302,0.1347,,,,,,,0.0025998708491081924,,,,,1047.66,0.0072,,,,,,,,,,4.729730259931339,,,,,,,,1047.66,,,,,,,,,,,,,,,1.0655691337205478e-07,0.002070588235294118,0.0081,,,,4.5701434305097055e-05,,,,,,,,,,,,,,,,,,,,,,,,,,,,,,,,,,,226.03,,,0.1287195529930444,,,,,,,,,,,,,,,,,,,,,,,,,2.1199,,,,,,,,,,,,,,0.0010117095762340667,,,,,,,,,,,,6.873406325483092,,,,,,,,,,,,0.0013758997639302729,,,,,,,
1986-08-31,,,,,,,,,1.9621,,0.85,,,,,,,,,,,,,,,0.4374708518518518,,,,,,,1.732521763090339e-07,,,,6.524063844721823e-05,,,,,,0.004347961861613514,,,,,,,,,,,,,0.022199736842105258,,,,,,,,,,,,,,,,,,,,,,,,,,,,,,,,,,,,,,,,,,,,1.1894437037037038,,,,,,,,,,,,,,,,,,,,,,,,,,,6.4508,,,,,,440.3066,,,,,,,,,,,,,,,,,,,,,,368.42,368.42,,,,0.056314253647586986,,,,,,,,,,,,0.1326,0.1376,,,,,,,0.0024398861440289785,,,,,1153.98,0.0072,,,,,,,,,,4.707680235409514,,,,,,,,1153.98,,,,,,,,,,,,,,,1.0655691337205478e-07,0.0021236802413273008,0.0081,,,,4.5701434305097055e-05,,,,,,,,,,,,,,,,,,,,,,,,,,,,,,,,,,,238.46,,,0.1343356306917468,,,,,,,,,,,,,,,,,,,,,,,,,1.9036,,,,,,,,,,,,,,0.0010117095762340667,,,,,,,,,,,,8.844093410326087,,,,,,,,,,,,0.0014109545349858213,,,,,,,
1986-09-30,,,,,,,,,2.4407,,0.85,,,,,,,,,,,,,,,0.44305,,,,,,,2.1082493743629417e-07,,,,0.00013382695066096046,,,,,,0.006272409706857347,,,,,,,,,,,,,0.023484999999999995,,,,,,,,,,,,,,,,,,,,,,,,,,,,,,,,,,,,,,,,,,,,1.3227746296296297,,,,,,,,,,,,,,,,,,,,,,,,,,,6.6149,,,,,,494.876,,,,,,,,,,,,,,,,,,,,,,476.83,476.83,,,,0.06033670033670035,,,,,,,,,,,,0.1395,0.1404,,,,,,,0.0025559347509968864,,,,,1787.0699,0.0073,,,,,,,,,,4.746267778322707,,,,,,,,1787.0699,,,,,,,,,,,,,,,1.2885952314760118e-07,0.0022829562594268485,0.0088,,,,5.942009167750919e-05,,,,,,,,,,,,,,,,,,,,,,,,,,,,,,,,,,,327.64,,,0.19589921660410498,,,,,,,,,,,,,,,,,,,,,,,,,2.4011,,,,,,,,,,,,,,0.001171372624806034,,,,,,,,,,,,12.497114470108697,,,,,,,,,,,,,,,,,,,
1986-10-31,,,,,,,,,2.9671,,0.85,,,,,,,,,,,,,,,0.46004999259259255,,,,,,,2.4839769856355467e-07,,,,0.00018819414936697566,,0.0063999999999999994,,,,0.007056444014178907,,,,,,,,,,,,,0.023705,,,,,,,,,,,,,,,,,,,,,,,,,,,,,,,,,,,,,,,,,,,,1.3894077777777778,,,,,,,,,,,,,,,,,,,,,,,,,,,6.8562,,,,,,508.9584,,,,,,,,,,,,,,,,,,,,,,533.8,533.8,,,,0.06536475869809204,,,,,,,,,,,,0.1376,0.1376,,,,,,,0.002585066294309818,,,,,2209.3501,0.0073,,,,,,,,,,4.7517802844531625,,,,,,,,2209.3501,,,,,,,,,,,,,,,1.4001082803537433e-07,0.0023625942684766224,0.0093,,,,0.00013677521967997094,,,,,,,,,,,,,,,,,,,,,,,,,,,,,,,,,,,374.62,,,0.18469075773707438,,,,,,,,,,,,,,,,,,,,,,,,,2.466,,,,,,,,,,,,,,0.0011314185925171713,,,,,,,,,,,,14.2995601977657,,,,,,,,,,,,0.0015073551553885791,,,,,,,
1986-11-30,,,,,,,,,3.4457,,0.86,,,,,,,,,,,,,,,0.4651040444444444,,,,,,,2.4839769856355467e-07,,,,0.00017982996495066565,,0.005333333333333333,,,,0.006842616475818479,,,,,,,,,,,,,0.023484999999999995,,,,,,,,,,,,,,,,,,,,,,,,,,,,,,,,,,,,,,,,,,,,1.3608414814814813,,,,,,,,,,,,,,,,,,,,,,,,,,,6.8659,,,,,,526.5616,,,,,,,,,,,,,,,,,,,,,,567.48,567.48,,,,0.06536475869809204,,,,,,,,,,,,0.1356,0.1356,,,,,,,0.0027163970223599196,,,,,2179.48,0.0073,,,,,,,,,,,,,,,,,,2179.48,,,,,,,,,,,,,,,1.4001082803537433e-07,0.0023891402714932134,0.0094,,,,0.00012546298346583802,,,,,,,,,,,,,,,,,,,,,,,,,,,,,,,,,,,397.19,,,0.19589921660410498,,,,,,,,,,,,,,,,,,,,,,,,,3.0285,,,,,,,,,,,,,,0.001331188753961483,,,,,,,,,,,,14.419725015096619,,,,,,,,,,,,0.0014460093060413696,,,,,,,
1986-12-31,,,,,,,,,3.3499,,0.87,,,,,,,,,,,,,,,0.47527778518518515,,,,,,,3.298053476726187e-07,,,,0.0001656108514429386,,0.005866666666666666,,,,0.007270271552539333,,,,,,,,,,,,,0.024590789473684215,,,,,,,,,,,,,,,,,,,,,,,,,,,,,,,,,,,,,,,,,,,,1.484671851851852,,,,,,,,,,,,,,,,,,,,,,,,,,,6.9431,,,,,,501.9173,,,,,,,,,,,,,,,,,,,,,,548.03,548.03,,,,0.06637037037037039,,,,,,,,,,,,0.1404,0.1404,,,,,,,0.003517275680323629,,,,,2490.71,0.0074,,,,,,,,,,4.768317802844532,,,,,,,,2490.71,,,,,,,,,,,,,,,1.4744503129388977e-07,0.0024953242835595783,0.0097,,,,0.00012546298346583802,,,,,,,,,,,,,,,,,,,,,,,,,,,,,,,,,,,424.81,,,0.24066196248110439,,,,,,,,,,,,,,,,,,,,,,,,,3.5044,,,,,,,,,,,,,,0.001530805834822313,,,,,,,,,,,,12.977747207125603,,,,,,,,,,,,0.001516118848152466,,,,,,,
1987-01-31,,,,,,,,,3.5893,,0.88,,,,,,,,,,,,,,,0.4842044222222222,,,,,,,5.88639924327079e-07,,,,0.00018819414936697566,,0.007466666666666667,,,,0.008909616013302597,,,,,,,,,,,,,0.025476578947368416,,,,,,,,,,,,,,,,,,,,,,,,,,,,,,,,,,,,,,,,,,,,1.5703707407407408,,,,,,,,,,,,,,,,,,,,,,,,,,,6.9721,,,,,,526.5616,,,,,,,,,,,,,,,,,,,,,,605.1,605.1,,,,0.0643591470258137,,,,,,,,,,,,0.1443,0.1443,,,,,,,0.0034957851975517956,,,,,3627.8101,0.0078,0.003347805642633229,,,,,,,,,4.740755272192251,,,,,,,,3627.8101,,,,,,,,,,,,,,,1.6417198862554953e-07,0.0025484162895927608,0.0103,,,,0.00013677521967997094,,,,,,,,,,,,,,,,,,,,,,,,,,,,,,,,,,,524.89,,,0.28544840488847806,,,,,,,,,,,,,,,,,,,,,,,,,3.6125,,,,,,,,,,,,,,0.0017703769479720042,,,,,,,,,,,,13.698736111111112,,,,,,,,,,,,0.0015336462336802406,,,,,,,
1987-02-28,,,,,,,,,3.6849,,0.88,,,,,,,,,,,,,,,0.5070461111111111,,,,,,,5.155817776907393e-07,,,,0.00019655833378328573,,0.006933333333333333,,,,0.008481960936581745,,,,,,,,,,,,,0.026805263157894735,,,,,,,,,,,,,,,,,,,,,,,,,,,,,,,,,,,,,,,,,,,,1.560870185185185,,,,,,,,,,,,,,,,,,,,,,,,,,,6.9045,,,,,,530.0822,,,,,,,,,,,,,,,,,,,,,,622.57,622.57,,,,0.06637037037037039,,,,,,,,,,,,0.1404,0.1414,,,,,,,0.0034957851975517956,,,,,3401.51,0.0077,0.003167816091954023,,,,,,,,,4.740755272192251,,,,,,,,3401.51,,,,,,,,,,,,,,,1.8275749677183818e-07,0.0025218702865761693,0.0099,,,,0.00012546298346583802,,,,,,,,,,,,,,,,,,,,,,,,,,,,,,,,,,,517.17,,,0.28684650018056007,,,,,,,,,,,,,,,,,,,,,,,,,4.1317,,,,,,,,,,,,,,0.0016904688833942797,,,,,,,,,,,,13.698736111111112,,,,,,,,,,,,0.001577464697499676,,,,,,,
1987-03-31,,,,,,,,,3.8286,,0.87,,,,,,,,,,,,,,,0.5349418518518518,,,,,,,4.967953971271093e-07,,,,0.00022165088703221582,,0.007466666666666667,,,,0.008980891859422737,,,,,,,,,,,,,0.025919473684210523,,,,,,,,,,,,,,,,,,,,,,,,,,,,,,,,,,,,,,,,,,,,1.5037375925925927,,,,,,,,,,,,,,,,,,,,,,,,,,,6.8948,,,,,,523.0409,,,,,,,,,,,,,,,,,,,,,,649.83,649.83,,,,0.0643591470258137,,,,,,,,,,,,0.151,0.151,,,,,,,0.0034298810503848344,,,,,3518.3301,0.0077,0.003203814002089864,,,,,,,,,4.740755272192251,,,,,,,,3518.3301,,,,,,,,,,,,,,,2.1063575899127115e-07,0.0024687782805429873,0.0095,,,,0.00012546298346583802,,,,,,,,,,,,,,,,,,,,,,,,,,,,,,,,,,,514.4,,,0.28684650018056007,,,,,,,,,,,,,,,,,,,,,,,,,4.3264,,,,,,,,,,,,,,0.0014908518025334504,,,,,,,,,,,,15.621373188405798,,,,,,,,,,,,0.0016651016251385466,,,,,,,
1987-04-30,,,,,,,,,3.9051,,0.87,,,,,,,,,,,,,,,0.5780653851851852,,,,,,,5.343681582543694e-07,,,,0.00021746879482406075,,0.0063999999999999994,,,,0.010192581243465152,,,,,,,,,,,,,0.025919473684210523,,,,,,,,,,,,,,,,,,,,,,,,,,,,,,,,,,,,,,,,,,,,1.5513050000000002,,,,,,,,,,,,,,,,,,,,,,,,,,,6.8755,,,,,,512.4791,,,,,,,,,,,,,,,,,,,,,,713.1,713.1,,,,0.06234792368125702,,,,,,,,,,,,0.1625,0.1644,,,,,,,0.0049155897593443475,,,,,3935.3201,0.008,0.0029158307210031347,,,,,,,,,4.768317802844532,,,,,,,,3935.3201,,,,,,,,,,,,,,,2.0134300491812685e-07,0.0025218702865761693,,,,,0.00011415074725170512,,,,,,,,,,,,,,,,,,,,,,,,,,,,,,,,,,,566.65,,,0.30781792956179066,,,,,,,,,,,,,,,,,,,,,,,,,4.3696,,,,,,,,,,,,,,0.0014508977702445882,,,,,,,,,,,,19.827141794987924,,,,,,,,,,,,0.0016651016251385466,,,,,,,
1987-05-31,,,,,,,,,3.9625,,0.87,,,,,,,,,,,,,,,0.5457063259259259,,,,,,,5.23931280163464e-07,,,,0.00019655833378328573,,0.005333333333333333,,,,0.010976615550786713,,,,,,,,,,,,,0.025919473684210523,,,,,,,,,,,,,,,,,,,,,,,,,,,,,,,,,,,,,,,,,,,,1.4656061111111112,,,,,,,,,,,,,,,,,,,,,,,,,,,6.8176,,,,,,494.876,,,,,,,,,,,,,,,,,,,,,,709.69,709.69,,,,0.06234792368125702,,,,,,,,,,,,0.1625,0.1625,,,,,,,0.004861147202989033,,,,,4424.4399,0.0079,0.002843834900731453,,,,,,,,,,,,,,,,,4424.4399,,,,,,,,,,,,,,,1.7346474269869388e-07,0.002654600301659126,,,,,9.141315246129789e-05,,,,,,,,,,,,,,,,,,,,,,,,,,,,,,,,,,,610.59,,,0.31480840602220084,,,,,,,,,,,,,,,,,,,,,,,,,4.1101,,,,,,,,,,,,,,0.0013711427862503453,,,,,,,,,,,,21.749752339975842,,,,,,,,,,,,0.001682629010666321,,,,,,,
1987-06-30,,,,,,,,,4.9962,,0.91,,,,,,,,,,,,,,,0.6238144,,,,,0.45002057142857155,,1.0436878090905654e-06,,,,0.000280200177946386,,0.013333333333333334,,,,0.015538404950760653,,,,,,,,,,,,,0.028133947368421047,,,,,,,,,,,,,,,,,,,,,,,,,,,,,,,,,,,,,,,,,,,,2.336942777777778,,,,,,,,,,,,,,,,,,,,,,,,,,,6.9238,,,,,,530.0822,,,,,,,,,,,,,,,,,,,,,,931.15,931.15,,,,0.06737598204264872,,,,,,,,,,,,0.1874,0.1931,,,,,,,0.007209818186808666,,,,,7054.3799,0.0091,0.0033118077324973878,,,,,,,,,,,,,,,,,7054.3799,,,,,,,,,,,,,,,2.4780677528384836e-07,0.00358371040723982,,,,,0.00017071192832236973,,,,,,,,,,,,,,,,,,,,,,,,,,,,,,,,,,,930.5,,,0.37077961076623084,,,,,,,,,,,,,,,,,,,,,,,,,6.0569,,,,,,,,,,,,,,0.0018502850125497292,,,,,,,,,,,,29.680603751509658,,,,,,,,,,,,0.0023223785824300785,,,,,,,
1987-07-31,,,,,,,,,5.7428,,0.91,,,,,,,,,,,,,,,0.6885325185185185,,,,,0.48087771428571435,,1.1355323362905352e-06,,,,0.00044330177406443164,,0.018666666666666668,,,,0.01753412864212462,,,,,,,,,,,,,0.03079131578947369,,,,,,,,,,,,,,,,,,,,,,,,,,,,,,,,,,,,,,,,,,,,1.979864074074074,,,,,,,,,,,,,,,,,,,,,,,,,,,7.4402,,,,,,540.644,,,,,,,,,,,,,,,,,,,,,,1026.8,1026.8,,,,0.07340965207631875,,,,,,,,,,,,0.2161,0.2218,,,,,,,0.008356454834257008,,,,,7615.9702,0.0093,0.0034557993730407522,,,,,,,,,4.7572927905836195,,,,,,,,7615.9702,,,,,,,,,,,,,,,2.6639228343013706e-07,0.0050968325791855215,,,,,0.0002735504393599419,,,,,,,,,,,,,,,,,,,,,,,,,,,,,,,,,,,1150.49,,,0.4477459414218656,,,,,,,,,,,,,,,,,,,,,,,,,5.9271,,,,,,,,,,,,,,0.0024492893357157012,,,,,,,,,,,,34.367031627415464,,,,,,,,,,,,0.0034616586417353995,,,,,,,
1987-08-31,,,,,,,,,4.5943,,0.96,,,,,,,,,,,,,,,0.6162005037037037,,,,,0.4847040000000001,,1.0436878090905654e-06,,,,0.0003847524831502613,,0.013333333333333334,,,,0.012402267721474406,,,,,,,,,,,,,0.029905526315789466,,,,,,,,,,,,,,,,,,,,,,,,,,,,,,,,,,,,,,,,,,,,1.8845999999999998,,,,,,,,,,,,,,,,,,,,,,,,,,,7.392,,,,,,512.4791,,,,,,,,,,,,,,,,,,,,,,903.5,903.5,,,,0.06737598204264872,,,,,,,0.0014470548166396124,,,,,0.2122,0.2237,,,,,,,0.007209818186808666,,,,,6887.7002,0.009,0.0032758098223615467,,,,,,,,,4.7572927905836195,,,,,,,,6887.7002,,,,,,,,,,,,,,,2.6639228343013706e-07,0.004725188536953245,0.0192,,,,0.00020464863696476865,,,,,,,,,,,,,,,,,,,,,,,,,,,,,,,,,,,1049.8101,,,0.40577938612903025,,,,,,,,,,,,,,,,,,,,,,,,,5.1484,,,,,,,,,,,,,,0.002289626287143733,,,,,,,,,,,,30.161263020833335,,,,,,,,,,,,0.0034178401779159646,,,,,,,
1987-09-30,,,,,,,,,4.0199,,0.89,,,,,,,,,,,,,,,0.5304785333333334,,,,,0.4384182857142858,,6.262126854543393e-07,,,,0.000271835993530076,,0.006933333333333333,,,,0.009693650320624159,,,,,,,,,,,,,0.02724815789473684,,,,,,,,,,,,,,,,,,,,,,,,,,,,,,,,,,,,,,,,,,,,,,,,,,,,,,,,,,,,,,,,,,,,,,,6.9431,,,,,,477.273,,,,,,,,,,,,,,,,,,,,,,726.01,726.01,,,,0.06134231200897869,,,,,,,0.0009489101442781296,,,,,0.1931,0.2008,,,,,,,0.005407005465393637,,,,,5120.8999,0.0081,0.0029158307210031347,,,,,,,,,4.7572927905836195,,,,,,,,5120.8999,,,,,,,,,,,,,,,2.1063575899127115e-07,0.00358371040723982,0.0145,,,,0.0001480874558941039,,,,,,,,,,,,,,,,,,,,,,,,,,,,,,,,,,,745.59,,,0.30781792956179066,,,,,,,0.0033792297140445293,,,,,,,,,,,,,,,,0.0009246052690166979,,4.2831,,,,,,,,,,,,,,0.0016506679316888994,,,,,,,,,,,,20.76442206370773,,,,,,,,,,,,0.0024976524377078205,,,,,,,
1987-10-31,,,,,,,,,3.8477,,0.91,,,,,,,,,,,,,,,0.5247681111111111,,,,,0.45002057142857155,,6.491738172543318e-07,,,,0.0003011106389871611,,0.008,,,,0.009693650320624159,,,,,,,,,,,,,0.027691052631578946,,,,,,,,,,,,,,,,,,,,,,,,,,,,,,,,,,,,,,,,,,,,,,,,,,,,,,,,,,,,,,,,,,,,,,,6.8852,,,,,,466.7112,,,,,,,,,,,,,,,,,,,,,,660.51,660.51,,,,0.06134231200897869,,,,,,,0.0009868858392911661,,,,,0.1969,0.2027,,,,,,,0.0049155897593443475,,,,,5185.0098,0.0081,0.0029158307210031347,,,,,,,,,4.746267778322707,,,,,,,,5185.0098,,,,,,,,,,,,,,,2.1063575899127115e-07,0.0039022624434389155,0.0155,,,,0.0001480874558941039,,,,,,,,,,,,,,,,,,,,,,,,,,,,,,,,,,,743.37,,,0.30781792956179066,,,,,,,0.0033056874538356013,,,,,,,,,,,,,,,,0.0009246052690166979,,4.3047,,,,,,,,,,,,,,0.0016904688833942797,,,,,,,,,,,,15.573296648550725,,,,,,,,,,,,0.002760563220624432,,,,,,,
1987-11-30,,,,,,,,,4.0199,,0.88,,,,,,,,,,,,,,,0.522864637037037,,,,,0.4384182857142858,,6.262126854543393e-07,,,,0.0003972987597747264,,0.0096,,,,0.010691512166306146,,,,,,,,,,,,,0.025919473684210523,,,,,,,,,,,,,,,,,,,,,,,,,,,,,,,,,,,,,,,,,,,,,,,,,,,,,,,,,,,,,,,,,,,,,,,6.8948,,,,,,473.7524,,,,,,,,,,,,,,,,,,,,,,672.65,672.65,,,,0.06134231200897869,,,,,,,0.0008540311856265113,,,,,0.2122,0.2161,,,,,,,0.004424174053295058,,,,,5369.1899,0.008,0.0029518286311389762,,,,,,,,,4.729730259931339,,,,,,,,5369.1899,,,,,,,,,,,,,,,1.8275749677183818e-07,0.003318250377073908,0.0135,,,,0.0001480874558941039,,,,,,,,,,,,,,,,,,,,,,,,,,,,,,,,,,,692.06,,,0.32881305547339545,,,,,,,0.003310887411628152,,,,,,,,,,,,,,,,0.000895654471243043,,4.2399,,,,,,,,,,,,,,0.0014508977702445882,,,,,,,,,,,,16.61153234450483,,,,,,,,,,,,0.0026291078291661267,,,,,,,
1987-12-31,,,,,,,,,4.7091,,0.89,,,,,,,,,,,,,,,0.5495132740740741,,,,,0.4615817142857143,,7.097077101815847e-07,,,,0.00041820922081550147,,0.014399999999999998,,,,0.010548960474065857,,,,,,,,,,,,,0.02724815789473684,,,,,,,,,,,,,,,,,,,,,,,,,,,,,,,,,,,,,,,,,,,,,,,,,,,,,,,,,,,,,,,,,,,,,,,6.8659,,,,,,508.9584,,,,,,,,,,,,,,,,,,,,,,750.1,750.1,,,,0.06234792368125702,,,,,,,0.0008065917063007023,,,,,0.2199,0.2333,,,,,,,0.004718832450411104,,,,,5638.6299,0.0086,0.0030958202716823407,,,,,,,,,4.729730259931339,,,,,,,,5638.6299,,,,,,,,,,,,,,,1.8275749677183818e-07,0.0039022624434389155,0.0155,,,,0.0001480874558941039,,,,,,,,,,,,,,,,,,,,,,,,,,,,,,,,,,,813.17,,,0.38478426021742546,,,,,,,0.0033476585417326157,,,,,,,,,,,,,,,,0.0009246052690166979,,4.759,,,,,,,,,,,,,,0.0016506679316888994,,,,,,,,,,,,17.303680631038645,,,,,,,,,,,,0.002935837075902174,,,,,,,
1988-01-31,,,,,,,,,5.0537,,0.89,,,,,,,,,,,,,,,0.5552236962962963,,,,,0.4770102857142858,,6.032515536543466e-07,,,,0.0004600301428970516,,0.017599999999999998,,,,0.011047891396906857,,,,1.1775,,,,,,,,,0.02724815789473684,,,,,,,,,,,,,,,,,,,,,,,,,,,,,,,,,,,,,,,,,,,,,,,,,,,,,,,,,,,,,,,,,,,,,,,7.0107,,,,,,494.876,,,,,,,,,,,,,,,,,,,,,,733.49,733.49,,,,0.06234792368125702,,,,,,,0.0007496281637811472,,,,,0.2122,0.2237,,,,,,,0.0049155897593443475,,,,,5432.6299,0.008,0.0028798328108672936,,,,,,,,,,,,,,,,,5432.6299,,,,,,,,,,,,,,,1.7346474269869388e-07,0.0042739064856711926,0.0176,,,,0.00015939969210823686,,,,,,,,,,,,,,,,,,,,,,,,,,,,,,,,,,,815.5,,,0.3637891343058206,,,,,,,0.0035006858710562414,,,,,,,,,,,,,,,,0.000895654471243043,,4.9753,,,,,,,,,,,,,,0.0016904688833942797,,,,,,,,,,,,17.072955691425122,,,,,,,,,,,,0.003111110931179916,,,,,,,
1988-02-29,,,,,,,,,4.8813,,0.87,,,,,,,,,,,,,,,0.5533202222222222,,,,,0.45002057142857155,,4.5922263599984874e-07,,,,0.0003387494688605562,,0.011999999999999999,,,,0.009978753705104723,,,,1.1775,,,,,,,,,0.02724815789473684,,,,,,,,,,,,,,,,,,,,,,,,,,,,,,,,,,0.09563798875798875,,,,,,,,,,,,,,,,,,,,,,,,,,,,,,,,,,,,,6.8948,,,,,,484.3143,,,,,,,,,,,,,,,,,,,,,,716.71,716.71,,,,0.06033670033670035,,,,,,,0.0007116524687681108,,,,,0.1969,0.1988,,,,,,,0.004784736597578064,,,,,4544.54,0.0077,0.002807836990595611,,,,,,,,,4.729730259931339,,,,,,,,4544.54,,,,,,,,,,,,,,,1.4001082803537433e-07,0.004592458521870288,0.0181,,,,0.00011415074725170512,,,,,,,,,,,,,,,,,,,,,,,,,,,,,,,,,,,752.23,,,0.32741496018131344,,,,,,,0.0034327149941964755,,,,,,,,,,,,,,,,0.000895654471243043,,5.1916,,,,,,,,,,,,,,0.0015707598671111749,,,,,,,,,,,,16.726894814311596,,,,,,,,,,,,0.002585289365346691,,,,,,,
1988-03-31,,,,,,,,,5.1685,,0.87,,,,,,,,,,,,,,,0.5418993777777777,,,,,0.42685714285714293,,4.028634943089582e-07,,,,0.00037638829873395133,,0.0112,,,,0.010121305397345006,,,,1.1775,,,,,,,,,0.02724815789473684,,,,,,,,,,,,,,,,,,,,,,,,,,,,,,,,,,0.10126301070301072,,,,,,,,,,,,,,,,,,,,,,,,,,,,,,,,,,,,,6.8562,,,,,,505.4378,,,,,,,,,,,,,,,,,,,,,,755.78,755.78,,,,0.059331088664422,,,,,,,0.0007116524687681108,,,,,0.2027,0.2027,,,,,,,0.0049155897593443475,,,,,4327.8198,0.0078,0.002843834900731453,,,,,,,,,4.828955370279549,,,,,,,,4327.8198,,,,,,,,,,,,,,,1.548792345524052e-07,0.00443318250377074,0.0178,,,,0.00013677521967997094,,,,,,,,,,,,,,,,,,,,,,,,,,,,,,,,,,,744.39,,,0.33651442784503377,,,,,,,0.0034951144877070806,,,,,,,,,,,,,,,,0.0009246052690166979,,5.7108,,,,,,,,,,,,,,0.0014908518025334504,,,,,,,,,,,,16.49616987469807,,,,,,,,,,,,0.0023223785824300785,,,,,,,
1988-04-30,,,,,,,,,5.4557,,0.88,,,,,,,,,,,,,,,0.5522043925925926,,,,,0.4114285714285715,,3.5902860632715444e-07,,,,0.0003471136532768662,,0.0096,,,,0.010976615550786713,,,,1.1645,,,,,,,,,0.028576842105263154,,,,,,,,,,,,,,,,,,,,,,,,,,,,,,,,,,0.08438636790636794,,,,,,,,,,,,,,,,,,,,,,,,,,,,,,,,,,,,,6.8948,,,,,,515.9997,,,,,,,,,,,,,,,,,,,,,,812.26,812.26,,,,0.059331088664422,,,,,,,0.0008065917063007023,,,,,0.1988,0.2046,,,,,,,0.004882637685760867,,,,,4201.6802,0.0077,0.002807836990595611,,,,,,,,,4.773830308974988,,,,,,,,4201.6802,,,,,,,,,,,,,,,1.548792345524052e-07,0.005043740573152339,0.0199,,,,0.00012546298346583802,,,,,,,,,,,,,,,,,,,,,,,,,,,,,,,,,,,788.19,,,0.3546896666421003,,,,,,,0.003459457634272449,,,,,,,,,,,,,,,,0.000895654471243043,,6.1434,,,,,,,,,,,,,,0.0014908518025334504,,,,,,,,,,,,20.302972184480673,,,,,,,,,,,,0.00201564933569403,,,,,,,
1988-05-31,,,,,,,,,5.7887,,0.87,,,,,,,,,,,,,,,0.5126252592592593,,,,,0.4075611428571429,,4.5922263599984874e-07,,,,0.0003471136532768662,,0.008799999999999999,,,,0.011546822319747846,,,,1.1645,,,,,,,,,0.028657894736842104,,,,,,,,,,,,,,,,,,,,,,,,,,,,,,,,,,0.09844971124971126,,,,,,,,,,,,,,,,,,,,,,,,,,,,,,,,,,,,,6.8659,,,,,,512.4791,,,,,,,,,,,,,,,,,,,,,,805.54,805.54,,,,0.059331088664422,,,,,,,0.0008540311856265113,,,,,0.1969,0.1988,,,,,,,0.005243200230043874,,,,,4719.2002,0.0085,0.0031318181818181814,,,,,,,,,4.81241785188818,,,,,,,,4719.2002,,,,,,,,,,,,,,,1.6417198862554953e-07,0.004512820512820515,0.0181,,,,0.00012546298346583802,,,,,,,,,,,,,,,,,,,,,,,,,,,,,,,,,,,793.74,,,0.34559019897837984,,,,,,,0.00358499947240688,,,,,,,,,,,,,,,,0.0009534693877551024,,6.1434,,,,,,,,,,,,,,0.0016506679316888994,,,,,,,,,,,,20.072273777173912,,,,,,,,,,,,0.0018841939442357238,,,,,,,
1988-06-30,,,,,,,,,6.6846,,0.87,,,,,,,,,,,,,,,0.5278530518518518,,,,,0.4094948571428572,,5.489797875816373e-07,,,,0.00038893457535841636,,0.017599999999999998,,,,0.011689509260272986,,,,1.1905,,,,,,,,,0.03231684210526315,,,,,,,,,,,,,,,,,,,,,,,,,,,,,,,,,,0.1406428952028952,,,,,,,,,,,,,,,,,,,,,,,,,,,,,,,,,,,,,6.9528,,,,,,526.5616,,,,,,,,,,,,,,,,,,,,,,866.2,866.2,,,,0.06234792368125702,,,,,,,0.0009489101442781296,,,,,0.1988,0.2008,,,,,,,0.006636261079942587,,,,,5055.6001,0.0087,0.003167816091954023,,,,,,,,,4.828955370279549,,,,,,,,5055.6001,,,,,,,,,,,,,,,1.8275749677183818e-07,0.00443318250377074,0.0181,,,,0.00015939969210823686,,,,,,,,,,,,,,,,,,,,,,,,,,,,,,,,,,,847.21,,,0.3637891343058206,,,,,,,0.0036923414582673837,,,,,,,,,,,,,,,,0.0009246052690166979,,6.6669,,,,,,,,,,,,,,0.0015707598671111749,,,,,,,,,,,,21.22584541062802,,,,,,,,,,,,0.001971830871874595,,,,,,,
1988-07-31,,,,,,,,,6.4778,,0.88,,,,,,,,,,,,,,,0.5537140444444445,,,,,0.4114285714285715,,5.489797875816373e-07,,,,0.0003429315610687112,,0.016,,,,0.011447144333807533,,,,1.1905,,,,,,,,,0.03353842105263158,,,,,,,,,,,,,,,,,,,,,,,,,,,,,,,,,,0.1406428952028952,,,,,,,,,,,,,,,,,,,,,,,,,,,,,,,,,,,,,7.2954,,,,,,515.9997,,,,,,,,,,,,,,,,,,,,,,904.83,904.83,,,,0.09050505050505052,,,,,,,0.0010532528872425203,,,,,0.2103,0.2161,,,,,,,0.006947634296992282,,,,,4824.4102,0.0084,0.0030598223615464996,,,,,,,,,4.83998038254046,,,,,,,,4824.4102,,,,,,,,,,,,,,,1.7346474269869388e-07,0.004751734539969836,0.0187,,,,0.00015939969210823686,,,,,,,,,,,,,,,,,,,,,,,,,,,,,,,,,,,870.99,,,0.33651442784503377,,,,,,,0.003656684604832752,,,,,,,,,,,,,,,,0.0009246052690166979,,7.065,,,,,,,,,,,,,,0.0015707598671111749,,,,,,,,,,,,25.95552094655797,,,,,,,,,,,,0.001971830871874595,,,,,,,
1988-08-31,,,,,,,,,6.4089,,0.86,,,,,,,,,,,,,,,0.5445904962962963,,,,,0.4075611428571429,,4.362615041998562e-07,,,,0.0003387494688605562,,0.014399999999999998,,,,0.011290256323372303,,,,1.171,,,,,,,,,0.030487368421052624,,,,,,,,,,,,,,,,,,,,,,,,,,,,,,,,,,0.15189451605451604,,,,,,,,,,,,,,,,,,,,,,,,,,,,,,,,,,,,,7.2472,,,,,,515.9997,,,,,,,,,,,,,,,,,,,,,,904.83,904.83,,,,0.09301907968574637,,,,,,,0.0010437891029297477,,,,,0.2008,0.2027,,,,,,,0.0070784874587585655,,,,,4293.1299,0.0082,0.0029878265412748174,,,,,,,,,4.851005394801374,,,,,,,,4293.1299,,,,,,,,,,,,,,,1.6417198862554953e-07,0.003981900452488688,0.0159,,,,0.00012546298346583802,,,,,,,,,,,,,,,,,,,,,,,,,,,,,,,,,,,786.15,,,0.31831549251759306,,,,,,,0.00358499947240688,,,,,,,,,,,,,,,,0.0008523149536178112,,7.1645,,,,,,,,,,,,,,0.0014508977702445882,,,,,,,,,,,,25.032647720410633,,,,,,,,,,,,0.0018403754804162881,,,,,,,
1988-09-30,,,,,,,,,6.2022,,0.85,,,,,,,,,,,,,,,0.5126252592592593,,,,,0.4018011428571429,,2.922325865453584e-07,,,,0.00029274645457085105,,0.0096,,,,0.010663110026485973,,,,1.171,,,,,,,6.9919,,0.028047105263157898,,,,,,,,,,0.03978129873709878,,,,,,,,,,,,,,,,,,,,,,,,0.14626949410949408,,,,,,,,,,,,,,,,,,,,,,,,,,,,,,,,,,,,,7.0782,,,,,,494.876,,,,,,,,,,,,,,,,,,,,,,849.9,849.9,,,,0.08547699214365882,,,,,,,0.0010912285822555572,,,,,0.1893,0.1912,,,,,,,0.005452851828640218,,,,,3755.25,0.008,0.0029518286311389762,,,,,,,,,4.773830308974988,,,,,,,,3755.25,,,,,,,,,,,,,,,1.3629372640611662e-07,0.003610256410256411,0.0144,,,,0.00012546298346583802,,,2.831254035938762,,,,,,,0.6602590558635563,,,,,,,,,,,,,,,,,,,,,,,,,699.98,,,0.2637423830656451,,,,,,,0.003522228553339664,,,,,,,,,,,,,,,,0.0008523149536178112,,6.9157,,,,,,,,,,,,,,0.0014109437379557254,,,,,,,,,,,,23.994438556763285,,,,,,,,,,,,0.0017308293208676997,,,,,,,
1988-10-31,,,,,,,,,6.4778,,0.86,,,,,,,,,,,,,,,0.5254244814814815,,,,,0.4036937142857143,,3.5902860632715444e-07,,,,0.0003638420221094863,,0.0104,,,,0.010976615550786713,,,,1.171,,,,,,,7.0201,,0.027031052631578942,,,,,,,,,,,,,,,,,,,,,,,,,,,,,,,,,,0.17439775775775776,,,,,,,,,,,,,,,,,,,,,,,,,,,,,,,,,,,,,7.1024,,,,,,494.876,,,,,,,,,,,,,,,,,,,,,,864.8,864.8,,,,0.08044893378226713,,,,,,,0.0010532528872425203,,,,,0.195,0.1988,,,,,,,0.00618734877315315,,,,,4104.3799,0.0081,0.0029518286311389762,,,,,,,,,4.790367827366356,,,,,,,,4104.3799,,,,,,,,,,,,,,,1.4001082803537433e-07,0.003450980392156864,0.0135,,,,0.00011415074725170512,,,,,,,,,,0.6749345645141946,,,,,,,,,,,,,,,,,,,,,,,,,728.68,,,0.29104078605680617,,,,,,,0.0035400569800569798,,,,,,,,,,,,,,,,0.0008523149536178112,,7.065,,,,,,,,,,,,,,0.0014109437379557254,,,,,,,,,,,,25.032647720410633,,,,,,,,,,,,0.0017965570165968524,,,,,,,
1988-11-30,,,,,,,,,7.0636,,0.85,,,,,,,,,,,,,,,0.558308637037037,,,,,0.4018011428571429,,4.1747512363622624e-07,,,,0.0005185794338112218,,0.012799999999999999,,,,0.011133503561221936,,,,1.1775,,,,,,,7.0201,,0.026014999999999996,,,,,,,,,,,,,,,,,,,,,,,,,,,,,,,,,,0.21209029337029336,,,,,,,,,,,,,,,,,,,,,,,,,,,,,,,,,,,,,7.3678,,,,,,494.876,,,,,,,,,,,,,,,,,,,,,,883.2,883.2,,,,0.09804713804713805,,,,,,,0.0010437891029297477,,,,,0.2065,0.2084,,,,,,,0.00711000683349059,,,,,4511.5498,0.0086,0.0030958202716823407,,,,,,,,,4.862030407062286,,,,,,,,4511.5498,,,,,,,,,,,,,,,1.4372792966463206e-07,0.0032917043740573163,0.0132,,,,,,,,,,,,,,0.6602590558635563,,,,,,,,,,,,,,,,,,,,,,,,,730.73,,,0.33651442784503377,,,,,,,0.00366559881819141,,,,,,,,,,,,,,,,0.0008379262337662342,,7.0152,,,,,,,,,,,,,,0.001331188753961483,,,,,,,,,,,,25.14801019021739,,,,,,,,,,,,0.0017527385527774176,,,,,,,
1988-12-31,,,,,,,,,9.4756,,0.87,,,,,,,,,,,,,,,0.5857449185185185,,,,,0.42298971428571436,,4.028634943089582e-07,,,,0.0006022212779743222,,0.016,,,,0.011603897095957905,,,,1.184,,,,,,,7.1049,,0.03211421052631578,,,,,,,,,,0.043793034776584444,,,,,,,,,,,,,,,,,,,,,,,,0.21209029337029336,,,,,,,,,,,,,,,,,,,,,,,,,,,,,,,,,,,,,7.6333,,,,,,501.9173,,,,,,,,,,,,,,,,,,,,,,949.88,949.88,,,,0.14078563411896744,,,,,,,0.0011576559090878847,,,,,0.2084,0.2103,,,,,,,0.007550322947171294,,,,,4781.5498,0.0087,0.003167816091954023,,,,,,,,,,,,,,,,,4781.5498,,,,,,,,,,,,,,,2.1063575899127115e-07,0.004061538461538463,0.0159,,,,0.00015939969210823686,,,,,,,,,,,,,,,,,,,,,,,,,,,,,,,,,,,841.65,,,0.3546896666421003,,,,,,,0.0037907692307692312,,,,,,,,,,,,,,,,0.0008379262337662342,,7.3137,,,,,,,,,,,,,,0.001530805834822313,,,,,,,,,,,,26.647669233091786,,,,,,,,,,,,0.001971830871874595,,,,,,,
1989-01-31,,,,,,,,,9.4756,,0.86,,,,,,,,,,,,,,,0.5628375925925926,,,,,0.41529600000000005,,3.6111598194533565e-07,,,,0.0006105854623906323,,0.013600000000000001,,,,0.010349469253900375,,,,1.197,,,,,,,,,0.030079210526315788,,,,,,,,,,,,,,,,,,,,,,,,,,,,,,,,,,0.2852250404250404,,,,,,,,,,,,,,,,,,,,,,,,,,,,,,,,,,,,,7.5623,,,,,,498.3967,,,,,,,,,,,,,,,,,,,,,,964.81,964.81,,,,0.1458136924803592,,,,,,,0.001352175857987994,,,,,0.2065,0.2084,,,,,,,0.007361684265062969,,,,,4489.1299,0.0083,0.003023824451410658,,,,,,,,,4.851005394801374,,,,,,,,4489.1299,,,,,,,,,,,,,,,1.920502508449825e-07,0.004672096530920063,0.0187,,,,0.0001480874558941039,,,,,,,,,,,,,,,,,,,,,,,,,,,,,,,,,,,838.02,,,0.34559019897837984,,,,,,,0.003737283950617284,,,,,,,,,,,,,,,,0.0008234508348794067,,7.463,,,,,,,,,,,,,,0.0015707598671111749,,,,,,,,,,,,29.127856204710145,,,,,,,,,,,,0.0018841939442357238,,,,,,,
1989-02-28,,,,,,,,,9.4756,,0.87,,,,,,,,,,,,,,,0.5628375925925926,,,,,0.41529600000000005,,3.485917282362488e-07,,,,0.0006105854623906323,,0.012799999999999999,,,,0.010584666021268358,,,,1.197,,,,,,,,,0.03414631578947368,,,,,,,,,,,,,,,,,,,,,,,,,,,,,,,,,,0.3422684715484715,,,,,,,,,,,,,,,,,,,,,,,,,,,,,,,,,,,,,7.5623,,,,,,498.3967,,,,,,,,,,,,,,,,,,,,,,957.23,957.23,,,,0.15084175084175086,,,,,,,0.0013996153373138033,,,,,0.1988,0.2017,,,,,,,0.006984406900846311,,,,,4302.0298,0.0081,0.0029878265412748174,,,,,,,,,4.862030407062286,,,,,,,,4302.0298,,,,,,,,,,,,,,,2.0134300491812685e-07,0.005548114630467573,0.0212,,,,0.00012546298346583802,,,,,,,,,,,,,,,,,,,,,,,,,,,,,,,,,,,870.31,,,0.3310405293285771,,,,,,,0.0037907692307692312,,,,,,,,,,,,,,,,0.0008089754359925793,,7.5128,,,,,,,,,,,,,,0.001530805834822313,,,,,,,,,,,,29.416262379227057,,,,,,,,,,,,0.0018841939442357238,,,,,,,
1989-03-31,,,,,,,,,11.8874,,0.87,,,,,,,,,,,,,,,0.5765557333333333,,,,,0.4114285714285715,,3.6111598194533565e-07,,,,0.0007527765974679027,,0.012799999999999999,,,,0.012309487398061847,,,,1.2424,,,,,,,,,0.030079210526315788,,,,,,,,,,,,,,,,,,,,,,,,,,,,,,,,,,0.4739116470316471,,,,,,,,,,,,,,,,,,,,,,,,,,,,,,,,,,,,,7.6236,,,,,,494.876,,,,,,,,,,,,,,,,,,,,,,1018.52,1018.52,,,,0.17598204264870934,,,,,,,0.0015656836543946218,,,,,0.2017,0.2046,,,,,,,0.0072356067661348685,,,,,4805.7998,0.0083,0.0029878265412748174,,,,,,,,,4.900617949975478,,,,,,,,4805.7998,,,,,,,,,,,,,,,1.920502508449825e-07,0.005123378582202113,0.0202,,,,0.00013677521967997094,,,,,,,,,,,,,,,,,,,,,,,,,,,,,,,,,,,909.39,,,0.34286509798533865,,,,,,,0.003907396855545003,,,,,,,,,,,,,,,,0.0009823335064935066,,8.9058,,,,,,,,,,,,,,0.001530805834822313,,,,,,,,,,,,29.993048195954103,,,,,,,,,,,,0.0018841939442357238,,,,,,,
1989-04-30,,,,,,,,,16.1945,,0.87,,,,,,,,,,,,,,,0.5811503259259259,,,,,0.41529600000000005,,3.903392405998715e-07,,,,0.0010371588676224436,,0.0192,,,,0.014426528800943412,,,,1.3139,,,,,,,7.8955,,0.030079210526315788,,,,,,,,,,0.05082932573589178,,,,,,,,,,,,,,,,,,,,,,,,0.4739116470316471,,,,,,,,,,,,,,,,,,,,,,,,,,,,,,,,,,,,,8.1752,,,,,,494.876,,,,,,,,,,,,,,,,,,,,,,1154.74,1154.74,,,,0.19106621773288443,,,,,,,0.0016843124921496315,,,,,0.1988,0.2017,,,,,,,0.00730819684127529,,,,,5344.7598,0.0083,0.0029878265412748174,,,,,,,,,4.889592937714565,,,,,,,,5344.7598,,,,,,,,,,,,,,,2.0134300491812685e-07,0.005043740573152339,0.0202,,,,0.00020464863696476865,,,,,,,,,,0.5868978459533256,,,,,,,,,,,,,,,,,,,,,,,,,1002.35,,,0.4019879412691468,,,,,,,0.0043687073968555435,,,,,,,,,,,,,,,,0.0009246052690166979,,10.7965,,,,,,,,,,,,,,0.0016904688833942797,,,,,,,,,,,,34.31895508756038,,,,,,,,,,,,0.0020594677995134656,,,,,,,
1989-05-31,,,,,,,,,19.4852,,0.88,,,,,,,,,,,,,,,0.6862352222222222,,,,,0.4191222857142858,,3.9660136745441483e-07,,,,0.0007276840442189726,,0.044000000000000004,,,,0.014426528800943412,,,,1.3658,,,,,,,7.8955,,0.029063157894736843,,,,,,,,,,0.05248863017107172,,,,,,,,,,,,,,,,,,,,,,,,0.3598216308616309,,,,,,,,,,,,,,,,,,,,,,,,,,,,,,,,,,,,,8.1446,,,,,,473.7524,,,,,,,,,,,,,,,,,,,,,,1254.66,1254.66,,,,0.21117845117845122,,,,,,,0.0018029413299046415,,,,,0.1988,0.1988,,,,,,,0.009044627849239541,,,,,4901.52,0.008,0.0028798328108672936,,,,,,,,,4.950230505149583,,,,,,,,4901.52,,,,,,,,,,,,,,,2.4780677528384836e-07,0.005123378582202113,0.0209,,,,0.00020464863696476865,,,3.0443067087568396,,,,,,,0.6602590558635563,,,,,,,,,,,,,,,,,,,,,,,,,1038.88,,,0.3665142352988619,,,,,,,0.004592677007491822,,,,,,,,,,,,,,,,0.0009534693877551024,,12.4383,,,,,,,,,,,,,,0.0016904688833942797,,,,,,,,,,,,38.644888511473425,,,,,,,,,,,,0.0021032862633329013,,,,,,,
1989-06-30,,,,,,,,,17.9173,,0.87,,,,,,,,,,,,,,,0.6542699851851852,,,,,0.41529600000000005,,3.1310634272716963e-07,,,,0.0006524063844721824,,0.047999999999999994,,,,0.014426528800943412,,,,1.3593,,,,,,,7.8955,,0.029063157894736843,,,,,,,,,,0.05248863017107172,,,,,,,,,,,,,,,,,,,,,,,,0.33349268037268043,,,,,,,,,,,,,,,,,,,,,,,,,,,,,,,,,,,,,8.1446,,,,,,501.9173,,,,,,,,,,,,,,,,,,,,,,1258.47,1258.47,,,,0.18603815937149273,,,,,,,0.0018503808092304502,,,,,0.1874,0.1874,,,,,,,0.00730819684127529,,,,,4559.6802,0.0077,0.00277183908045977,,,,,,,,,5.032918097106425,,,,,,,,4559.6802,,,,,,,,,,,,,,,2.1063575899127115e-07,0.004990648567119157,0.0205,,,,0.0018010812069927638,,,,,,,,,,0.7336202657737869,,,,,,69.3671,,,,,,,,,,,,,,,,,,,1012.72,,,0.3310405293285771,,,,,,,0.004480877914951988,,,,,,,,,,,,,,,,0.0010401484230055662,,12.1398,,,,,,,,,,,,,,0.0017703769479720042,,,,,,,,,,,,38.356482336956525,,,,,,,,,,,,0.00201564933569403,,,,,,,
1989-07-31,,,,,,,,,27.3239,,0.88,,,,,,,,,,,,,,,0.6599804074074075,,,,,0.4191222857142858,,3.339800989089809e-07,,,,0.0009116961013777931,,0.047999999999999994,,,,0.019656038983261074,,,,1.3853,,,,,,,,,0.029656578947368423,,,,,,,,,,,,,,,,,,,,,,,,,,,,,,,,,,0.3422684715484715,,,,,,,,,,1.6931,,,,,,,,,,,,,,,,,,,,,,,,,,,8.543,,,,,,475.5128,,,,,,,,,,,,,,,,,,,,,,1463.95,1463.95,,,,0.18603815937149273,,,,,,,0.0018740704094528686,,,,,0.1988,0.2046,,,,,,,0.007959597252403793,,,,,5606.02,0.0078,0.0028798328108672936,,,,,,,,,5.032918097106425,,,,,,,,5606.02,,,,,,,,,,,,,,,2.1063575899127115e-07,0.005362292609351434,0.0219,,,,0.0020249444078619203,,,,,,,,,,,,,,,,98.8154,,,,,,,,,,,,,,,,,,,1168.2,,,0.3783388039556236,,,,,,,0.0050967014878126,,,,,,,,,,,,,,,,0.0007801113172541748,,15.9211,,,,,,,,,,,,,,0.0018902390448385915,,,,,,,,,,,,44.701179385567634,,,,,,,,,,,,0.0021032862633329013,,,,,,,
1989-08-31,,,,,,,,,33.595,,0.85,,,,,,,,,,,,,,,0.6542699851851852,,,,,0.4114285714285715,,2.7135883036354713e-07,,,,0.0008531468104636231,,0.04,,,,0.0174920664255338,,,,1.3528,,,,,,,,,0.026481052631578943,,,,,,,,,,,,,,,,,,,,,,,,,,,,,,,,,,0.3071653068453069,,,,,,,,,,1.7226,,,,,,,,,,,,,,,,,,,,,,,,,,,8.3285,,,,,,471.1119,,,,,,,,,,,,,,,,,,,,,,1622.1,1622.1,,,,0.19106621773288443,,,,,,,0.0032499961465442535,,,,,0.1874,0.1931,,,,,,,0.007525489500412732,,,,,5054.79,0.0074,0.0026998432601880876,,,,,,,,,4.988818048062776,,,,,,,,5054.79,,,,,,,,,,,,,,,1.8275749677183818e-07,0.004592458521870288,0.0185,,,,0.0012414232048198709,,,,,,,,,,,,,,,,113.2123,,,,,,,,,,,,,,,,,,,1126.51,,,0.31921596067181535,,,,,,,0.0050967014878126,,,,,,,,,,,,,,,,0.0006934322820037111,,14.528,,,,,,,,,,,,,,0.0018902390448385915,,,,,,,,,,,,49.31549245169082,,,,,,,,,,,,0.0018403754804162881,,,,,,,
1989-09-30,,,,,,,,,39.4181,,0.85,,,,,,,,,,,,,,,0.7170846296296296,,,,,0.4094948571428572,,2.7135883036354713e-07,,,,0.0007695049663005226,,0.047999999999999994,,,,0.016951073286101983,,,,1.3723,,,,,,,,,0.026481052631578943,,,,,,,,,,,,,,,,,,,,,,,,,,,,,,,,,,0.2808363563563564,,,,,,,,,,1.6342,,,,,,,,,,,,,,,,,,,,,,,,,,,8.3591,,,,,,429.3047,,,,,,,,,,,,,,,,,,,,,,1697.1,1697.1,,,,0.17598204264870934,,,,,,,0.003463503942950882,,,,,0.1874,0.2017,,,,,,,0.007380309350131889,,,,,4700.6299,0.0075,0.0026998432601880876,,,,,,,,,5.380205983325159,,,,,,,,4700.6299,,,,,,,,,,,,,,,1.8275749677183818e-07,0.0042739064856711926,0.0181,,,,0.0012414232048198709,,,,,,,,,,,,,,,,134.1533,,,,,,,,,,,,,,,,,,,1145.9,,,0.30741508854542804,,,,,,,0.005029473462066054,,,,,,,,,,,,,,,,0.0006934322820037111,,16.3191,,,,,,,,,,,,,,0.002249672254854871,,,,,,,,,,,,52.487827709842996,,,,,,,,,,,,0.0019280124080551593,,,,,,,
1989-10-31,,,,,,,,,48.8247,,0.86,,,,,,,,,,,,,,,0.7456367407407407,,,,,0.4114285714285715,,3.5485385509079234e-07,,,,0.0009033319169614831,,0.056,,,,0.016229794182954515,,,,1.4892,,,,,,,,,0.02753763157894737,,,,,,,,,,,,,,,,,,,,,,,,,,,,,,,,,,0.315941098021098,,,,,,,,,,1.6489,,,,,,,,,,,,,,,,,,,,,,,,,,,8.3898,,,,,,435.9059,,,,,,,,,,,,,,,,,,,,,,1892.63,1892.63,,,,0.2061503928170595,,,,,,,0.0037007013395799265,,,,,0.2103,0.2276,,,,,,,0.007959597252403793,,,,,5237.2402,0.0076,0.00277183908045977,,,,,,,,,5.495968612064738,,,,,,,,5237.2402,,,,,,,,,,,,,,,1.8275749677183818e-07,0.0050968325791855215,0.0212,,,,0.001689149606558185,,,,,,,,,,,,,,,,162.9472,,,,,,,,,,,,,,,,,,,1309.37,,,0.3546896666421003,,,,,,6.0926,0.005231157539305688,,,,,,,,,,,,,,,,0.0007367717996289427,,16.6176,,,,,,,,,,,,,,0.0024492893357157012,,,,,,,,,,,,55.94856914251208,,,,,,,,,,,,0.0021032862633329013,,,,,,,
1989-11-30,,,,,,,,,47.4808,,0.87,,,,,,,,,,,,,,,0.7741888518518518,,,,,0.4191222857142858,,4.1747512363622624e-07,,3.9247654276916535e-08,,0.000844782626047313,,0.09599999999999999,,,,0.0189347598801136,,,,1.8463,,,,,,,,,0.026481052631578943,,,,,,,,,,,,,,,,,,,,,,,,,,,,,,,,,,0.33349268037268043,,,,,,,,,,1.5752,,,,,,,,,,,,,,,,,,,,,,,,,,,8.4511,,,,,,429.3047,,,,,,,,,,,,,,,,,,,,,,1901.05,1901.05,,,,0.26648709315375985,,,,,,,0.004412414087229012,,,,,0.2276,0.2477,,,,,,,0.007887007177263374,,,,,5559.2002,0.0081,0.0029878265412748174,,,,,,,,,5.898381559588033,,,,,,,,5559.2002,,,,,,,,,,,,,,,1.920502508449825e-07,0.004911010558069383,0.02,,,,0.0015772180061236062,,,,,,,,,,,,,,,,157.7119,,,,,,,,,,,,,,,,,,,1317.86,,,0.3665142352988619,,,,,,5.8704,0.005432841616545319,,,,,,,,,,,,,,,,0.001213506493506494,,17.5132,,,,,,,,,,,,,,0.0024492893357157012,,,,,,,,,,,,55.94856914251208,,,,,,,,,,,,0.002278560118610643,,,,,,,
1989-12-31,,,,,,,,,38.0743,,0.86,,,,,,,,,,,,,,,0.6885325185185185,,,,,0.4114285714285715,,2.922325865453584e-07,,2.805807653022864e-08,,0.0006273138312232521,,0.052,,,,0.016049508219238857,,,,1.5541,,,,,,,,,0.024891842105263153,,,,,,,,,,,,,,,,,,,,,,,,,,,,,,,,,,0.27206056518056515,,,,,,,,,,1.4426,,,,,,,,,,,,,,,,,,,,,,,,,,,7.9607,,,,,,413.902,,,,,,,,,,,,,,,,,,,,,,1584.9301,1584.9301,,,,0.1960942760942761,,,,,,,0.003795580298231546,,,,,0.2161,0.2333,,,,,,,0.007887007177263374,,,,,4700.6299,0.0082,0.0029878265412748174,,,,,,,,,5.43533104462972,,,,,,,,4700.6299,,,,,,,,,,,,,,,1.7346474269869388e-07,0.004486274509803922,0.0192,,,,0.0015772180061236062,,,,,,,,,,,,,,,,139.3885,,,,,,,,,,,,,,,,,,,1104.5699,,,0.31921596067181535,,,,,,5.4074,0.004693704758889944,,,,,,,,,,,,,,,,0.0008667903525046384,,16.3191,,,,,,,,,,,,,,0.002089856125699421,,,,,,,,,,,,46.431536835748794,,,,,,,,,,,,0.0019280124080551593,,,,,,,
1990-01-31,,,,,,,,,34.4908,,0.85,,,,,,,,,,,,,,,0.6656908296296296,,,,,0.4114285714285715,,2.922325865453584e-07,,2.2421221575130233e-08,,0.0006524063844721824,,0.052,,,,0.014787100728374709,,,,1.5541,,,,,,,9.0251,,0.024891842105263153,,,,,,,,,,0.07040491730029308,,,,,,,,,,,,,,,,,,,,,,,,0.27206056518056515,,,,,,,,,,1.4794,,,,,,,,,,,,,,,,,,,,,,,,,,,7.7768,,,,,,402.9002,,,,,,,,,,,,,,,,,,,,,,1456.55,1456.55,,,0.02043745727956256,0.18603815937149273,,,,,,,0.003510943422276691,,,,,0.2132,0.2247,,,,,,,0.010090898632503717,,,,,4593.3101,0.0081,0.0029518286311389762,,,,,,,4.3067,,5.380205983325159,,,,,,,,4593.3101,,,,,,,,,,,,,,,1.7346474269869388e-07,0.0048579185520362,0.0197,,,,0.0015772180061236062,,,,,,,,,,0.5868978459533256,,,,,,114.5211,,,,,,,,,,,,,,,,,,,1048.9301,,,0.2955905198886664,,,,,,5.3148,0.004357564630157222,,,,,,,,,,,,,,,,,,15.6225,,,,,,,,,,,,,,0.002928431562015084,,,,,,,,,,,,41.240437952898546,,,,,,,,,,,,0.0021032862633329013,,,,,,,
1990-02-28,,,,,,,,,32.6991,,0.85,,,,,,,,,,,,0.0009530589543937709,,,0.6485595629629629,,,,,0.4036937142857143,,2.7135883036354713e-07,,1.821461339968366e-08,,0.0006440422000558723,,0.044000000000000004,,,,0.014787100728374709,,,,1.5216,,,,,,,9.3639,,0.02436210526315789,,,,,,,,,,0.07473171114392685,,,,,,,,,,,,,,,,,,,,,,,,0.27206056518056515,,,,,,,,,,1.4131,,,,,,,,,,,,,,,,,,,,,,,,,,,7.8075,,,,,,389.6978,,,,,,,,,,,,,,,,,,,,,,1404.4399,1404.4399,,,0.020096151742993857,0.18101010101010104,,,,,,,0.00336856470541829,,,,,0.2161,0.2276,,,,,,,0.008699208925790642,,,,,4593.3101,0.008,0.0029158307210031347,,,,,,,,,5.495968612064738,,,,,,,,4593.3101,,,,,,,,,,,,,,,1.548792345524052e-07,0.0048579185520362,0.0192,,,,0.0015772180061236062,,,,,,,,,,0.6602590558635563,,,,,,120.4108,,,,,,,,,,,,,,,,,,,1015.95,,,0.27194138257514316,,,,0.9190312945567393,,5.3333,0.004256908304315711,,,,,,,,,,,,,,0.0007189139393939394,,0.0008667903525046384,,15.4235,,,,,,,,,,,,,,0.0018902390448385915,,,,,,,,,,,,41.240437952898546,,,,,,,,,,,,0.0019280124080551593,,,,,,,
1990-03-31,,,,,,,,,39.8661,,0.85,,,,,,,,,,,,0.000878309232480534,,,0.6656908296296296,,,,,0.4036937142857143,,2.0873756181811312e-07,,1.9644860179335493e-08,,0.0006356780156395622,,0.036,,,,0.014606814764659061,,,,1.658,,,,,,,9.0251,,0.02383236842105263,,,,,,,,,,0.08082282869078991,,,,,,,,,,,,,,,,,,,,,,,,0.263284774004774,,,,,,,,,,1.4058,,,,,,,,,,,,,,,,,,,,,,,,,,,7.8075,,,,,,416.1024,,,,,,,,,,,,,,,,,,,,,,1540.92,1540.92,,,0.019756889952153116,0.18603815937149273,,,,,,,0.0037007013395799265,,,,,0.219,0.2333,,,,,,,0.008699208925790642,,,,,4542.0098,0.008,0.0029158307210031347,,,,,,,,,5.50699362432565,,,,,,,,4542.0098,,,,,,,,,,,,,,,1.4744503129388977e-07,0.004592458521870288,0.0192,,,,0.0015772180061236062,,,,,,,,,,0.7337345991745154,,,,,,132.8445,,,,,,,,,,,,,,,,,,,1099.3101,,,0.2660172499815752,,,,1.194740682923761,,5.4259,0.004203051598607154,,,,,,,,,,,,,,0.0006872242424242423,,0.0010001427144284288,,16.1201,,,,,,,,,,,,,,0.003308839705678876,,,,,,,,,,,,40.37524596165459,,,,,,,,,,,,0.0019280124080551593,,,,,,,
1990-04-30,,,,,,,,,32.6991,,0.84,,,,,,,,,,,,0.0007661846496106784,,,0.6085866074074074,,,,,0.38830628571428577,,1.8786380563630177e-07,,1.68264327017863e-08,,0.0005269436182275319,,0.04,,,,0.01406582162522725,,,,1.4502,,,,,,,,,0.023302631578947366,,,,,,,,,,,,,,,,,,,,,,,,,,,,,,,,,,0.25450740586740583,,,,,,,,,,1.2953,,,,,,,,,,,,,,,,,,,,,,,,,,,7.6542,,,,,,427.1043,,,,,,,,,,,,,,,,,,,,,,1308.4,1308.4,,,0.019756889952153116,0.16089786756453425,,,,,,,0.003795580298231546,,,,,0.2132,0.2276,,,,,,,0.008118955461715555,,,,,4088.01,0.0081,0.0029878265412748174,,,,,,,,,5.523531142717018,,,,,,,,4088.01,,,,,,,,,,,,,,,1.548792345524052e-07,0.0038226244343891416,0.0173,,,,,,,,,,,,,,,,,,,,123.0284,,,,,,,,,,,,,,,,,,,936.57,,,0.22464310794809664,,,,1.562353200746457,,5.2685,0.004068595547114066,,,,,,,,,,,,,,0.0006024727272727272,,,,14.727,,,,,,,,,,,,,,0.004751926470149385,,,,,,,,,,,,30.281427838164248,,,,,,,,,,,,0.0017089200889579823,,,,,,,
1990-05-31,,,,,,,,,29.5636,,0.84,,,,,,,,,,,,0.0007381535038932148,,,0.5514167481481481,,,,,0.38057142857142867,,1.9830068372720742e-07,,1.4008005224237087e-08,,0.0004600301428970516,,0.036,,,,0.010639576824920685,,,,1.3463,,,,,,,,,0.021713421052631576,,,,,,,,,,,,,,,,,,,,,,,,,,,,,,,,,,0.2281800323400324,,,,,,,,,,1.2069,,,,,,,,,,,,,,,,,,,,,,,,,,,7.3478,,,,,,413.902,,,,,,,,,,,,,,,,,,,,,,1139.13,1139.13,,,0.019074278879015732,0.14078563411896744,,,,,,,0.0038905195357641364,,,,,0.1988,0.2132,,,,,,,0.005219219153118671,,,,,3628.75,0.0082,0.0029518286311389762,,,,,,,,,5.380205983325159,,,,,,,,3628.75,,,,,,,,,,,,,,,1.2885952314760118e-07,0.003689894419306185,0.0149,,,,0.0018010812069927638,,,,,,,,,,,,,,,,107.9771,,,,,,,,,,,,,,,,,,,817.86,,,0.22433505305323112,,,,1.4244787933219645,,5.1204,0.003826797509760472,,,,,,,,,,,,,,0.0005706909090909091,,,,11.3438,,,,,,,,,,,,,,0.005866258656104448,,,,,,,,,,,,31.43502600392512,,,,,,,,,,,,0.001577464697499676,,,,,,,
1990-06-30,,,,,,,,,32.2512,,0.85,,,,,,,,,,,,0.0007755283648498331,,,0.5674321851851852,,,,,0.3728777142857143,,1.6699004945449044e-07,,1.9644860179335493e-08,,0.0005102152493949117,,0.032,,,,0.010594403897778132,,,,1.5022,,,,,,,,,0.022243157894736836,,,,,,,,,,,,,,,,,,,,,,,,,,,,,,,,,,0.24573161469161467,,,,,,,,,,1.1626,,,,,,,,,,,,,,,,,,,,,,,,,,,7.4397,,,,,,409.5013,,,,,,,,,,,,,,,,,,,,,,1229.9399,1229.9399,,,0.0183937115516063,0.13575757575757577,,,,,,,0.003795580298231546,,,,,0.2161,0.2391,,,,,,,0.005103627763837223,,,,,3824.5601,0.0077,0.0028798328108672936,,,,,,,,,5.40776851397744,,,,,,,,3824.5601,,,,,,,,,,,,,,,1.3257662477685888e-07,0.004326998491704375,0.0173,,,,0.0026336564819233804,,,,,,,,,,,,,,,,121.8505,,,,,,,,,,,,,,,,,,,882.98,,,0.22433505305323112,,,,1.6312706912177217,,5.1204,0.0038669114698744334,,,,,,,,,,,,,,0.000597129696969697,,,,11.5428,,,,,,,,,,,,,,0.00927187668329668,,,,,,,,,,,,36.62612488677536,,,,,,,,,,,,0.001577464697499676,,,,,,,
1990-07-31,,,,,,,,,34.9388,,0.84,,,,,,,,,,,,0.001046496106785317,,,0.5606059333333333,,,,,0.37670400000000004,,1.9830068372720742e-07,,1.821461339968366e-08,,0.0005269436182275319,,0.034,,,,0.009354718118770125,,,,1.5281,,,,,,,,,0.0227728947368421,,,,,,,,,,,,,,,,,,,,,,,,,,,,,,,,,,0.24573161469161467,,,,,,,,,,1.1921,,,,,,,,,,,,,,,,,,,,,,,,,,,7.5929,,,,,,411.7017,,,,,,,,,,,,,,,,,,,,,,1310.73,1310.73,,,0.02043745727956256,0.13072951739618408,,,,,,,0.004175156411718991,,,,,0.2218,0.2477,,,,,,,0.00591506400647521,,,,,3827.25,0.0091,0.003347805642633229,,,,,,,,,5.43533104462972,,,,,,,,3827.25,,,,,,,,,,,,,,,1.548792345524052e-07,0.004725188536953245,0.0183,,,,0.003194370442590938,,,,,,,,,,,,,,,,124.599,,,,,,,,,,,,,,,,,,,936.02,,,0.21755784536618936,,,,2.0448544870092356,,5.1204,0.003907396855545003,,,,,,,,,,,,,,0.0006448484848484847,,,,12.1398,,,,,,,,,,,,,,0.00927187668329668,,,,,,,,,,,,39.51005397041063,,,,,,,,,,,,0.0016212831613191111,,,,,,,
1990-08-31,,,,,,,,,27.951,,0.84,,,,,,,,,,,,0.0008689655172413793,,,0.5263433999999999,,,,,0.3728777142857143,,1.8786380563630177e-07,,1.5438252003888923e-08,,0.00045166595848074157,,0.023999999999999997,,,,0.009016597406625236,,,,1.3204,,,,,,,,,0.02436210526315789,,,,,,,,,,,,,,,,,,,,,,,,,,,,,,,,,,0.2281800323400324,,,,,,,,,,1.1332,,,,,,,,,,,,,,,,,,,,,,,,,,,7.4703,,,,,,387.4975,,,,,,,,,,,,,,,,,,,,,,1032.38,1032.38,,,0.02043745727956256,0.12570145903479238,,,,,,,0.003843019777557354,,,,,0.2132,0.2362,,,,,,,0.004639731194932865,,,,,3469.3201,0.0088,0.003167816091954023,,,,,,,,,5.2368808239333005,,,,,,,,3469.3201,,,,,,,,,,,,,,,1.2142531988908573e-07,0.004459728506787331,0.0178,,,,0.007953584722815297,,,,,,,,,,,,,,,,91.6169,,,,,,,,,,,,,,,,,,,750.27,,,0.19035422849652536,,,,1.6082850522333125,,4.9167,0.0035983707924448663,,,,,,,,,,,,,,0.0005389090909090908,,0.0007334379905808479,,8.8561,,,,,,,,,,,,,,0.008363893218858368,,,,,,,,,,,,34.03057544535024,,,,,,,,,,,,0.001489827769860805,,,,,,,
1990-09-30,,,,,,,,,18.8132,,0.83,,,,,,,,,,,,0.0007474972191323693,,,0.45322374074074073,,,,,,,1.0436878090905656e-07,,1.4008005224237087e-08,,0.0003680241143176413,,0.016,,,,0.007438655667187488,,,,1.1905,,,,,,,,,0.021186578947368417,,,,,,,,,,,,,,,,,,,,,,,,,,,,,,,,,,0.18868660660660663,,,,,,,,,,1.0227,,,,,,,,,,,,,,,,,,,,,,,,,,,7.0106,,,,,,387.4975,,,,,,,,,,,,,,,,,,,,,,732.74,732.74,,,0.019756889952153116,0.09804713804713805,,,,,,,0.004032837973741565,,,,,0.2017,0.2218,,,,,,,0.0037693509988202317,,,,,2913.1399,0.0084,0.0030958202716823407,,,,,,,,,5.104580676802354,,,,,,,,2913.1399,,,,,,,,,,,,,,,1.0655691337205478e-07,0.0042208144796380105,0.0163,,,,0.007426539952026331,,,,,,,,,,,,,,,,72.5606,,,,,,,,,,,,,,,,,,,546.55,,,0.16315061162686134,,,,1.562353200746457,,4.7741,0.0033966867152052335,,,,,,,,,,,,,,0.00046475151515151515,,,,6.3684,,,,,,,,,,,,,,0.008818156965296945,,,,,,,,,,,,24.571224373490338,,,,,,,,,,,,0.0013583723784024988,,,,,,,
1990-10-31,,,,,,,,,22.5758,,0.85,,,,,,,,,,,,0.0008129032258064516,,,0.44862914814814814,,,,,0.39986742857142865,,1.2524253709086786e-07,,1.2619824526339722e-08,,0.00037638829873395133,,0.023999999999999997,,,,0.005860713927749733,,,,1.2424,,,,,,,,,0.02436210526315789,,,,,,,,,,,,,,,,,,,,,,,,,,,,,,,,,,0.1842994994994995,,,,,,,,,,1.0006,,,,,,,,,,,,,,,,,,,,,,,,,,,7.0719,,,,,,398.4994,,,,,,,,,,,,,,,,,,,,,,818.6,818.6,,,0.01941558441558442,0.10558922558922561,,,,,,,0.004507293045880629,,,,,0.2017,0.2103,,,,,,,0.005103627763837223,,,,,2843.97,0.0082,0.0030958202716823407,,,,,,,,,5.121118195193722,,,,,,,,2843.97,,,,,,,,,,,,,,,1.1770821825982799e-07,0.005627752639517348,0.0216,,,,0.005318360868870468,,,,,,,,,,,,,,,,80.6229,,,,,,,,,,,,,,,,,,,609.85,,,0.16725011138161036,,,,1.654256330202131,,4.7704,0.003383315395167247,,,,,,,,,,,,,,0.0004805963636363637,,,,6.9655,,,,,,,,,,,,,,0.008818156965296945,,,,,,,,,,,,25.14801019021739,,,,,,,,,,,,0.0017089200889579823,,,,,,,
1990-11-30,,,,,,,,,23.1133,,0.85,,,,,,,,,,,,0.000756840934371524,,,0.4395056,,,,,0.38830628571428577,,2.1291231305447543e-07,,1.4008005224237087e-08,,0.00037220620652579623,,0.023999999999999997,,,,0.0055225932156048475,,,,1.2424,,,,,,,,,0.023302631578947366,,,,,,,,,,,,,,,,,,,,,,,,,,,,,,,,,,0.19746239778239774,,,,,,,,,,1.0374,,,,,,,,,,,,,,,,,,,,,,,,,,,6.9493,,,,,,400.6997,,,,,,,,,,,,,,,,,,,,,,829.05,829.05,,,0.01941558441558442,0.10558922558922561,,,,,,,0.003914209135986554,,,,,0.2103,0.2161,,,,,,,,,,,,3002.8799,0.0086,0.003167816091954023,,,,,,,,,5.165218244237371,,,,,,,,3002.8799,,,,,,,,,,,,,,,1.0655691337205478e-07,0.0059993966817496235,0.0236,,,,0.004259000879584648,,,,,,,,,,,,,,,,98.0301,,,,,,,,,,,,,,,,,,,620.62,,,0.18696562465300448,,,,1.4704500712907829,,4.7519,0.003383315395167247,,,,,,,,,,,,,,0.0004541575757575758,,,,5.9704,,,,,,,,,,,,,,0.012884465423348724,,,,,,,,,,,,29.127856204710145,,,,,,,,,,,,0.001577464697499676,,,,,,,
1990-12-31,,,,,,,,,24.1884,,0.86,,,,,,,,,,,,0.0006447163515016684,,,0.46004999259259255,,,,,0.396,,2.661403913180943e-07,,1.3334947916165632e-08,,0.0003262031922360912,,0.03,,,,0.004508231079170189,,,,1.2164,,,,,,,,,0.030716052631578946,,,,,,,,,,,,,,,,,,,,,,,,,,,,,,,,,,0.1930752906752907,,,,,,,,,,1.0006,,,,,,,,,,,,,,,,,,,,,,,,,,,6.8329,,,,,,400.6997,,,,,,,,,,,,,,,,,,,,,,870.11,870.11,,,0.020096151742993857,0.10056116722783391,,,,,,,0.004279559433564358,,,,,0.2103,0.2132,,,,,,,0.005103627763837223,,,,,2873.95,0.0091,0.003347805642633229,,,,,,,,,5.148680725846003,,,,,,,,2873.95,,,,,,,,,,,,,,,1.0655691337205478e-07,0.007273604826546006,0.0298,,,,0.005318360868870468,,,,,,,,,,,,,,,,95.4281,,,,,,,,,,,,,,,,,,,651.78,,,0.18016472043558848,,,,1.3601742012403668,,4.7593,0.003329458689458689,,,,,,,,,,,,,,0.00044356363636363633,,,,5.9704,,,,,,,,,,,,,,0.009386367421718856,,,,,,,,,,,,32.30019146286232,,,,,,,,,,,,0.0016212831613191111,,,,,,,
1991-01-31,,,,,,,,,29.5636,,0.85,,,,,,,,,,,,0.0009063403781979977,,,0.47147083703703707,,,,,0.39986742857142865,,3.4598250871352237e-07,,1.4008005224237087e-08,,0.0003596599299013313,,0.034,,,,0.005973510997321267,,,,1.2684,,,,,,,,,0.028597105263157896,,,,,,,,,,,,,,,,,,,,,,,,,,,,,,,,,,0.21501555709555714,,,,,,,,,,1.089,,,,,,,,,,,,,,,,,,,,,,,,,,,7.1332,,,,,,405.1006,,,,,,,,,,,,,,,,,,,,,,1039.67,1039.67,,,0.01941558441558442,0.12570145903479238,,,,,,,0.00443610368745143,,,,,0.2103,0.2161,,,,,,,0.004291426015309956,,,,,3010.3401,0.0088,0.003347805642633229,,,,,,,,,5.132143207454635,,,,,,,,3010.3401,,,,,,,,,,,,,,,1.0655691337205478e-07,0.007008144796380092,0.0284,,,,0.005318360868870468,,,,,,,,,,,,,,,,107.7415,,,,,,,,,,,,,,,,,,,756.43,,,0.1699515158442773,,,,1.4520773306960408,,4.8704,0.0034371721008758043,,,,,,,,,,,,,,0.0004965333333333334,,,,7.1645,,,,,,,,,,,,,,0.00903689284896379,,,,,,,,,,,,39.51005397041063,,,,,,,,,,,,0.0016651016251385466,,,,,,,
1991-02-28,,,,,,,,,40.8515,,0.85,,,,,,,,,,,,0.0012707452725250277,,,0.5057333703703704,,,,,0.39213257142857144,,3.4598250871352237e-07,,1.68264327017863e-08,,0.00037220620652579623,,0.038,,,,0.008791138515767027,,,,1.3723,,,,,,,,,0.028597105263157896,,,,,,,,,,,,,,,,,,,,,,,,,,,,,,,,,,0.23695582351582356,,,,,,,,,,1.1405,,,,,,,,,,,,,,,,,,,,,,,,,,,7.5316,,,,,,466.7112,,,,,,,,,,,,,,,,,,,,,,1381.74,1381.74,,,0.019074278879015732,0.14078563411896744,,,,,,,0.00443610368745143,,,,,0.2218,0.2276,,,,,,,0.004697144136628949,,,,,3499.9299,0.0086,0.003167816091954023,,,,,,,,,5.308543403629231,,,,,,,,3499.9299,,,,,,,,,,,,,,,1.0655691337205478e-07,0.007539064856711919,0.031,,,,,,,,,,,,,,,,,,,,153.9164,,,,,,,,,,,,,,,,,,,983.03,,,0.21414554499229424,,,,1.3785469418351088,,5.0463,0.003531142766698322,,,,,,,,,,,,,,0.0006395054545454546,,,,10.3487,,,,,,,,,,,,,,0.008337105634933858,,,,,,,,,,,,43.835987394323666,,,,,,,,,,,,0.0016651016251385466,,,,,,,
1991-03-31,,,,,,,,,46.7642,,0.85,,,,,,,,,,,,0.0015510567296996662,,,0.5720267777777778,,,,,0.396,,3.992105869771413e-07,,1.9644860179335493e-08,,0.0003554778376931763,,0.036,,,,0.009016597406625236,,,,1.4502,,,,,,,,,0.03177552631578947,,,,,,,,,,,,,,,,,,,,,,,,,,,0.4,,,,,,,0.2281800323400324,,,,,,,,,,1.3395,,,,,,,,,,,,,,,,,,,,,,,,,,,7.8688,,,,,,477.7131,,,,,,,,,,,,,,,,,,,,,,1559.27,1559.27,,,0.022481203007518814,0.15586980920314258,,,,,,,0.00443610368745143,,,,,0.2218,0.2276,,,,,,,0.005219219153118671,,,,,3383.21,0.0086,0.003167816091954023,,,,,,,,,5.43533104462972,,,,,,,,3383.21,,,,,,,,,,,,,,,1.2885952314760118e-07,0.009184917043740576,0.0358,,,,0.005318360868870468,,,,,,,,,,,,,,,,166.0098,,,,,,,,,,,,,,,,,,,1097.86,,,0.19374283234004622,,,,2.1597432554493188,,4.9259,0.0036117421124828527,,,,,,,,,,,,,,0.0006395054545454546,,,,10.7467,,,,,,,,,,,,,,0.008686580207688923,,,,,,,,,,,,53.92980551781401,,,,,,,,,,,,0.0018403754804162881,,,,,,,
1991-04-30,,,,,,,,,41.9265,,0.85,,,,,,,,,,,,0.0016258064516129031,,,0.5628375925925926,,,,,0.38830628571428577,,3.19368469581713e-07,,1.821461339968366e-08,,0.0003387494688605562,,0.032,,,,0.007551317488474162,,,,1.3983,,,,,,,,,0.03177552631578947,,,,,,,,,,,,,,,,,,,,,,,,,,,0.4,,,,,,,0.21501555709555714,,,,,,,,,,1.2879,,,,,,,,,,,,,,,,,,,,,,,,,,,7.8075,,,,,,444.7074,,,,,,,,,,,,,,,,,,,,,,1510.09,1510.09,,,0.019756889952153116,0.14078563411896744,,,,,,,0.00443610368745143,,,,,0.2075,0.219,,,,,,,0.00481350103179968,,,,,3045.99,0.0086,0.0030958202716823407,,,,,,,,,5.495968612064738,,,,,,,,3045.99,,,,,,,,,,,,,,,1.1770821825982799e-07,0.009184917043740576,0.0382,,,,0.005318360868870468,,,,,,,,,,,,,,,,185.0295,,,,,,,,,,,,,,,,,,,1057.53,,,0.17675242006169334,,,,1.6726290707968732,,4.963,0.0034505434209137907,,,,,,,,,,,,,,0.0005865357575757577,,,,11.0452,,,,,,,,,,,,,,0.008686580207688923,,,,,,,,,,,,55.94856914251208,,,,,,,,,,,,0.0016651016251385466,,,,,,,
1991-05-31,,,,,,,,,45.6891,,0.84,,,,,,,,,,,,0.001756618464961068,,,0.5445904962962963,,,,,0.39213257142857144,,2.661403913180943e-07,,1.5438252003888923e-08,,0.0003094748234034711,,0.032,,,,0.007551317488474162,,,,1.3463,,,,,,,,,0.03177552631578947,,,,,,,,,,,,,,,,,,,,,,,,,,,0.36400000000000005,,,,,,,0.21501555709555714,,,,,,,,,,1.2731,,,,,,,,,,,,,,,,,,,,,,,,,,,8.2978,,,,,,438.1063,,,,,,,,,,,,,,,,,,,,,,1704.1899,1704.1899,,,0.0183937115516063,0.13575757575757577,,,,,,,0.00448830519837411,,,,,0.1902,0.2046,,,,,,,0.005219219153118671,,,,,2872.29,0.0084,0.003023824451410658,,,,,,,,,5.611731240804316,,,,,,,,2872.29,,,,,,,,,,,,,,,1.1399111663057025e-07,0.009184917043740576,0.037,,,,0.005318360868870468,,,,,,,,,,,,,,,,209.2163,,,,,,,,,,,,,,,,,,,1173.59,,,0.17675242006169334,,,,1.8196898485187365,5.1046145619885154e-05,4.8889,0.0035679138968027855,,,,,,,,,,,,,,0.000597129696969697,,0.0008667903525046384,,11.9408,,,,,,,,,,,,,,0.00798679299365899,,,,,,,,,,,,71.52186579106281,,,,,,,,,,,,0.001577464697499676,,,,,,,
1991-06-30,,,,,,,,,40.8515,,0.84,,,,,,,,,,,,0.001513681868743048,,,0.5217488074074075,,,,,0.39213257142857144,,2.661403913180943e-07,,1.5438252003888923e-08,,0.0002592897169056109,,0.023999999999999997,,,,0.0055225932156048475,,,,1.3048,,,,,,,,,0.029656578947368423,,,,,,,,,,,,,,,,,,,,,,,,,,,0.36000000000000004,,,,,,,0.17113502425502422,,,,,,,,,,1.1626,,,,,,,,,,,,,,,,,,,,,,,,,,,8.3591,,,,,,431.5051,,,,,,,,,,,,,,,,,,,,,,1553.86,1553.86,,,0.018052406015037603,0.13575757575757577,,,,,,,0.00443610368745143,,,,,0.1845,0.1988,,,,,,,0.00481350103179968,,,,,2326.8,0.0084,0.0029518286311389762,,,,,,,,,5.611731240804316,,,,,,,,2326.8,,,,,,,,,,,,,,,9.912271011353935e-08,0.007539064856711919,0.0334,,,,0.005318360868870468,,,,,,,,,,,,,,,,205.5883,,,,,,,,,,,,,,,,,,,1059.26,,,0.12727406464021382,,,,1.884033867082297,4.846192795886616e-05,4.8148,0.003400029545214731,,,,,,,,,,,,,,0.0005283151515151516,,,,11.5428,,,,,,,,,,,,,,0.00903689284896379,,,,,,,,,,,,62.293239658816425,,,,,,,,,,,,0.001489827769860805,,,,,,,
1991-07-31,,,,,,,,,37.0888,,0.84,,,,,,,,,,3.1893,,0.0012894327030033368,,,0.5164978444444445,,,,,0.38830628571428577,,2.5549477566537046e-07,,1.123164382844235e-08,,0.00026765390132192093,,0.026,,,,0.0055225932156048475,,,,1.2476,,,,,,,,,0.028597105263157896,,,,,,,,,,,,,,,,,,,,,,,,,,,0.34400000000000003,,,,,,,0.17113502425502422,,,,,,,,,,1.1553,,,,,,,,,,,,,,,,,,,,,,,,,,,8.1752,,,,,,446.9078,,,,,,,,,,,,,,,,,,,,,,1495.4301,1495.4301,,,0.017713144224196866,0.14078563411896744,,,,,,,0.004227357922641673,,,,,0.1802,0.196,,,,,,,,,,,,2202.3899,0.0075,0.00277183908045977,,,,,,,,,5.6613437959784205,,,,,,,,2202.3899,,,,,,,,,,,,,,,9.912271011353935e-08,0.00695505279034691,0.032,,,,0.005318360868870468,,,,,,,,,,,,,,,,189.1413,,,,,,,,,,,,,,,,,,,1017.15,,,0.11312723600677356,,,,1.8748080703029633,4.484541822273029e-05,4.7259,0.003316087369420703,,,,,,,,,,,,,,0.0005071272727272727,,,,11.5428,,,,,,,,,,,,,,0.008337105634933858,,,,,,,,,,,,63.73521746678744,,,,,,,,,,,,0.0014021908422219341,,,,,,,
1991-08-31,,,,,,,,,36.0138,,0.84,,,,,,,,,,2.9492,,0.0013081201334816462,,,0.5086214,,,,,0.4075611428571429,,2.5549477566537046e-07,,9.801397048790516e-09,,0.00026765390132192093,,0.026,,,,0.006198834639894616,,,,1.3333,,,,,,,,,0.028597105263157896,,,,,,,,,,,,,,,,,,,,,,,,,,,0.34800000000000003,,,,,,,0.17991081543081544,,,,,,,,,,1.1479,,,,,,,,,,,,,,,,,,,,,,,,,,,8.1752,,,,,,440.3066,,,,,,,,,,,,,,,,,,,,,,1486.3199,1486.3199,,,0.017713144224196866,0.18603815937149273,,,,,,,0.004227357922641673,,,,,0.1902,0.2017,,,,,,,,,,,,2345.3,0.008,,,,,,,,,,5.677881314369789,,,,,,,,2345.3,,,,,,,,,,,,,,,1.0283981174279706e-07,0.007326696832579188,0.0341,,,,0.005318360868870468,,,,,,,,,,,,,,,,183.5783,,,,,,,,,,,,,,,,,,,1017.55,,,0.11312723600677356,,,,2.0678401259936448,3.19278173908621e-05,4.6815,0.003274116281523689,,,,,,,,,,,,,,0.0005283151515151516,,,,11.2443,,,,,,,,,,,,,,0.008337105634933858,,,,,,,,,,,,67.77274471618357,,,,,,,,,,,,0.001489827769860805,,,,,,,
1991-09-30,,,,,,,,,33.3263,,0.83,,,,,,,,,,2.6406,,0.0011959955506117908,,,0.48230094814814817,,,,,0.39986742857142865,,2.661403913180943e-07,,9.801397048790516e-09,,0.00023837925586483587,,0.023999999999999997,,,,0.00563539028517638,,,,1.3048,,,,,,,,,0.03177552631578947,,,,,,,,,,,,,,,,,,,,,,,,,,,0.37200000000000005,,,,,,,0.1448060737660738,,,,,,,,,,1.1332,,,,,,,,,,,,,,,,,,,,,,,,,,,7.8286,,,,,,442.507,,,,,,,,,,,,,,,,,,,,,,1356.96,1356.96,,,0.01941558441558442,0.21117845117845122,,,,,,,0.004219521668115175,,,,,0.1874,0.1931,,,,,,,,,,,,2168.3999,0.0077,,,,,,,,,,5.677881314369789,,,,,,,,2168.3999,,,,,,,,,,,,,,,9.912271011353935e-08,0.008096530920060335,0.0363,,,,0.005318360868870468,,,,,,,,,,,,,,,,144.6374,,,,,,,,,,,,,,,,,,,934.32,,,0.10959645298100708,,,,1.9299657185691526,2.185250723879213e-05,4.6222,0.0032321451936266742,,,,,,,,,,,,,,0.0005177212121212122,,,,10.6472,,,,,,,,,,,,,,0.008337105634933858,,,,,,,,,,,,60.85126185084541,,,,,,,,,,,,0.001489827769860805,,,,,,,
1991-10-31,,,,,,,,,33.3263,,0.84,,,,,,,,,,2.572,,0.0011586206896551723,,,0.47704998518518515,,,,,0.39986742857142865,,3.19368469581713e-07,,1.123164382844235e-08,,0.00023837925586483587,,0.022000000000000002,,,,0.006086172818607941,,,,1.3905,,,,,,,9.0251,,0.032835,,,,,,,,,,0.07065696354361155,,,,,,,,,,,,,,,,,0.35200000000000004,,,,,,,0.15643458843458846,,,,,,,,,,1.1774,,,,,,,,,,,,,,,,,,,,,,,,,,,8.1099,,,,,,449.1081,,,,,,,,,,,,,,,,,,,,,,1498.5601,1498.5601,,,0.018735017088174988,0.25140291806958476,,,,,,,0.004219521668115175,,,,,0.1931,0.1931,,,,,,,,,,,,2221.8799,0.0077,0.0028798328108672936,,,,,,,3.6177,,5.6613437959784205,,,,,,,,2221.8799,,,,,,,,,,,,,,,1.2514242151834344e-07,0.008308898944193064,0.0363,,,,0.005845405639659435,,,,,,,,,,1.3205181117271125,,,,,,147.4189,,,,,,,,,,,,,,,,,,,1025.3,,,0.10959645298100708,,,,1.9024066076770392,1.6429486371201677e-05,4.6444,0.003181631317927614,,,,,,,,,,,,,,0.0005283151515151516,,0.0006667618096189526,,12.0403,,,,,,,,,,,,,,0.007287843848148855,,,,,,,,,,,,77.28977702294685,,,,,,,,,,,,0.001489827769860805,,,,,,,
1991-11-30,,,,,,,,,35.4763,,0.84,,,,,,,,,,2.7435,,0.0013081201334816462,,,0.4744245037037037,,,,,0.4036937142857143,,2.342035443599229e-07,,1.123164382844235e-08,,0.00021328670261590578,,0.023999999999999997,,,,0.005860713927749733,,,,1.3619,,,,,,,9.138,,0.03601052631578947,,,,,,,,,,0.07099302520136952,,,,,,,,,,,,,,,,,0.36000000000000004,,,,,,,0.15138831138831138,,,,,,,,,,1.1111,,,,,,,,,,,,,,,,,,,,,,,,,,,8.2304,,,,,,453.5089,,,,,,,,,,,,,,,,,,,,,,1594.74,1594.74,,,0.019074278879015732,0.2413468013468014,,,,,,,,,,,,0.1816,0.183,,,,,,,,,,,,2105.02,0.0077,,,,,,,,3.4454,,5.672368808239333,,,,,,,,2105.02,,,,,,,,,,,,,,,1.3257662477685888e-07,0.009822021116138765,0.0442,,,,0.005318360868870468,,,,,,,,,,1.18112936289623,,,,,,164.1078,,,,,,,,,,,,,,,,,,,1088.08,,,0.10604197342486629,,,,1.9024066076770392,1.4877560785299587e-05,4.6519,0.003173459955682178,,,,,,,,,,,,,,0.00054416,,0.0006667618096189526,,11.8413,,,,,,,,,,,,,,0.00798679299365899,,,,,,,,,,,,85.94161733846619,,,,,,,,,,,,0.0015336462336802406,,,,,,,
1991-12-31,,,,,,,,,37.0888,,0.84,,,,,,,,,,2.9492,,0.0013081201334816462,,,0.46917354074074075,,,,,0.396,,2.5549477566537046e-07,,1.123164382844235e-08,,0.00020910461040775074,,0.022000000000000002,,,,0.00563539028517638,,,,1.3905,,,,,,,9.138,,0.03601052631578947,,,,,,,,,,0.07363951075621347,,,,,,,,,,,,,,,,,0.328,,,,,,,0.1614808654808655,,,,,,,,,,1.1553,,,,,,,,,,,,,,,,,,,,,,,,,,,8.351,,,,,,443.8272,,,,,,,,,,,,,,,,,,,,,,1694.6801,1694.6801,,,0.01941558441558442,0.17095398428731765,,,,,,,,,,,,0.173,0.183,,,,,,,0.004639731194932865,,,,,2034.45,0.008,,,,,,,,3.5315,,5.699931338891614,,,,,,,,2034.45,,,,,,,,,,,,,,,1.2514242151834344e-07,0.01077767722473605,0.046,,,,0.005318360868870468,,,,,,,,,,1.2148740494540697,,,,,,164.1078,,,,,,,,,,,,,,,,,,,1151.87,,,0.10075764715140369,,,,1.654256330202131,1.1780684559948899e-05,4.6667,0.0031482030178326473,,,,,,,,,,,,,,0.0005335660606060606,,0.0009334665334665335,,12.6373,,,,,,,,,,,,,,0.007287843848148855,,,,,,,,,,,,97.18900709541062,,,,,,,,,,,,0.001489827769860805,,,,,,,
1992-01-31,,,,,,,,,40.8515,,0.84,,,,,,,,,,3.4979,,0.0015697441601779754,,,0.5322507333333333,,,,,0.38830628571428577,,3.19368469581713e-07,,2.805807653022864e-08,,0.0002300150714485258,,0.023999999999999997,,,,0.007889438200619048,,,,1.5333,,,,,,,,,0.03706999999999999,,,,,,,,,,,,,,,,,,,,,,,,,,,,,,,,,,0.17661969661969662,,,,,,,,,,1.2584,,,,,,,,,,,,,,,,,,,,,,,,,,,8.4314,,,,,,434.1912,,,,,,,,,,,,,,,,,,,,,,1845.9,1845.9,,,0.020096151742993857,0.17598204264870934,,,,,,,0.004712723472236866,,,,,0.1787,0.1845,,,,,,,,,,,,2428.0601,0.008,0.0028798328108672936,,,,,,,,,5.854281510544384,,,8.64000235889413,,,,,2428.0601,,,,,,,,,,,,,,,1.2514242151834344e-07,0.01077767722473605,0.046,,,,0.005318360868870468,,,,,,,,,,,,,,,,173.843,,,,,,,,,,,,,,,,,,,1255.97,,,0.1361128704698172,,,,1.654256330202131,3.347974297676419e-05,5.1111,0.0033079160071752653,,,,,,,,,,,,,,0.0006289115151515151,,,,14.6275,,,,,,,,,,,,,,0.007287843848148855,,,,,,,,,,,,103.24527143719807,,,,,,,,,,,,0.001489827769860805,,,,,,,
1992-02-29,,,,,,,,,36.1213,,0.84,,,,,,,,,,3.2236,,0.0014389321468298109,,,0.5007449555555555,,,,,0.39213257142857144,,2.661403913180943e-07,,2.6150127326173088e-08,,0.00023419716365668083,,0.022000000000000002,,,,0.009016597406625236,,,,1.4476,,,,,,,,,0.03812947368421052,,,,,,,,,,,,,,,,,,,,,,,,,,,0.28,,,,,,,0.18166597366597367,,,,,,,,,,1.2584,,,,,,,,,,,,,,,,,,,,,,,,,,,8.0536,,,,,,357.7429,,,,,,,,,,,,,,,,,,,,,,1732.35,1732.35,,,0.02111802460697199,0.15084175084175086,,,,,,,0.004822310477845913,,,,,0.1787,0.1845,,,,,,,,,,,,2460.4399,0.008,,,,,,,,,,5.95901912702305,,,8.311872986384413,,,,,2460.4399,,,,,,,,,,,,,,,1.2142531988908573e-07,0.010299849170437409,0.0424,,,,0.005318360868870468,,,,,,,,,,,,,,,,167.9324,,,,,,,,,,,,,,,,,,,1183.67,,,0.12549682486214342,,,,1.654256330202131,2.418213935425863e-05,4.9444,0.0032592592592592586,,,,,,,,,,,,,,0.0005812848484848485,,0.0029337519623233916,,12.9359,,,,,,,,,,,,,,0.007287843848148855,,,,,,,,,,,,106.70601286986715,,,,,,,,,,,,0.001489827769860805,,,,,,,
1992-03-31,,,,,,,,,33.5412,,0.84,,,,,,,,,,3.155,,0.00145761957730812,,,0.5059959185185186,,,,,0.38830628571428577,,2.5549477566537046e-07,,,,0.00023419716365668083,,0.017599999999999998,,,,0.006987873133755922,,,,1.3905,,,,,,,,,0.03812947368421052,,,,,,,,,,,,,,,,,,,,,,,,,,,0.36000000000000004,,,,,,,0.18166597366597367,,,,,,,,,,1.3026,,,,,,,,,,,,,,,,,,,,,,,,,,,7.9089,,,,,,352.56,,,,,,,,,,,,,,,,,,1.0256,,,,1595.84,1595.84,,,0.02043745727956256,0.13072951739618408,,,,,,,,,,,,0.1644,0.1644,,,,,,,,,,,,2198.1499,0.0075,0.0026998432601880876,,,,,,,,,6.025169200588524,,,8.366591956130272,,,,,2198.1499,,,,,,,,,,,,,,,1.1399111663057025e-07,0.010299849170437409,0.0424,,,,0.005318360868870468,,,,,,,,,,,,,,,,156.2501,,,,,,,,,,,,,,,,,,,1092.9399,,,0.12018880205830655,,,,1.4888228118855251,1.7981411957103768e-05,4.9815,0.003210231085786641,,,,,,,,,,,,,,0.0005812848484848485,,,,12.4383,,,,,,,,,,,,,,0.007112687527511422,,,,,,,,,,,,93.43985948822464,,,,,,,,,,,,0.0014460093060413696,,,,,,,
1992-04-30,,,,,,,,,39.9915,,0.84,,,,,,,,,,3.6351,,0.0015510567296996662,,,0.5269997703703704,,,,,0.3844388571428572,,,,,,0.00022583297924037079,,,,,,0.007889438200619048,,,,1.4476,,,,,,,10.1546,,0.041304999999999994,,,,,,,,,,,,,,,,,,,,,,,,,,,0.35200000000000004,,,,,,,0.1614808654808655,,,,,,,,,,1.671,,,,,,,,,,,,,,,,,,,,,,,,,,,8.6805,,,,,,340.8984,,,,,,,,,,,,,,,,,,1.4245,,,,1824.66,1824.66,,,0.02111802460697199,0.13072951739618408,,,,,,,0.004383902176528747,,,,,0.1644,0.1644,,,,,,,,,,,,2326.1201,0.0077,,,,,,,,2.4979,,6.014144188327611,,,9.78836293969542,,,,,2326.1201,,,,,,,,,,,,,,,1.2142531988908573e-07,0.010299849170437409,0.0424,,,,0.005318360868870468,,,,,,,,,,1.3498609623569087,,,,,,173.7735,,,,,,,,,,,,,,,,,,,1239.02,,,0.14670521954711668,,,,1.5163819227776383,2.107828818245446e-05,5.1296,0.003161202912314023,,,,,,,,,,,,,,0.0006183175757575757,,,,13.6324,,,,,,,,,,,,,,0.00798679299365899,,,,,,,,,,,,107.85961103562802,,,,,,,,,,,,0.0014460093060413696,,,,,,,
1992-05-31,,,,,,,,,39.9915,,0.85,,,,,,,,,,3.978,,0.0017192436040044494,,,0.5269997703703704,,,,,0.396,,,,2.2446461224182916e-08,,0.00024256134807299084,,0.022000000000000002,,,,0.008340355982335465,,,,1.5333,,,,,,,9.9287,,0.058271052631578946,,,,,,,,,,0.07603395006773894,,,,,,,,,,,,,,,,,0.42400000000000004,,,,,,,0.15643458843458846,,,,,,,,,,1.6121,,,,,,,,,,,,,,,,,,,,,,,,,,,10.8989,,,,,,377.179,,,,,,,,,,,,,,,,,,2.1209,,,,2054.53,2054.53,,,0.02588812713602188,0.14078563411896744,,,,,,,,,,,,0.1615,0.1586,,,,,,,,,,,,2438.4299,0.0082,0.0029518286311389762,,,,,,,2.4118,,6.085806768023541,,,11.024212390101606,,,,,2438.4299,,,,,,,,,,,,,,,1.1770821825982799e-07,0.012688989441930624,0.0532,,,,0.005845405639659435,,,4.961794096577166,,,,,,,1.4342308454229884,,,,,,176.6941,,,,,,,,,,,,,,,,,,,1399.3199,,,0.15023600257288322,,,,1.2407119608925796,2.107828818245446e-05,5.1481,0.0032592592592592586,,,,,,,,,,,,,,0.0006448484848484847,,0.0029337519623233916,,15.5429,,,,,,,,,,,,,,0.010785941849778722,,,,,,,,,,,,137.85263269927535,,,,,,,,,,,,0.001489827769860805,,,,,,,
1992-06-30,,,,,,,,,43.8616,,0.86,,,,,,,,,,4.4582,,0.002074304783092325,,,0.6268337037037036,,,,,0.4036937142857143,,3.992105869771413e-07,,2.2446461224182916e-08,,0.0002592897169056109,,0.034,,,,0.010143621364346569,,,,1.5333,,,,,,,10.1546,,0.07030157894736841,,,,,,,,,,0.07842838937926443,,,,,,,,,,,,,,,,,0.52,,,,,,,0.14634203434203433,,,,,,,,,,2.4372,,,,,,,,,,,,,,,,,,,,,,,,,,,12.1528,,,,,,374.5875,,,,,,,,,,,,,,,,,,3.0073,,,,2263.95,2263.95,,,0.0326999316473001,0.16089786756453425,,,,,,,,,,,,0.183,0.1874,,,,,,,,,,,,3070.99,0.0118,0.0044277429467084635,,,,,,,2.4548,,6.063756743501717,,,13.244326994059984,,,,,3070.99,,,,,,,,,,,,,,,2.6639228343013706e-07,0.014626847662141784,0.0641,,,,0.005845405639659435,,,4.961794096577166,,,,,,,1.5185925618175873,,,,,,229.9943,,,,,,,,,,,,,,,,,,,1555.8101,,,0.20151529430280737,,,,0.9787624147306329,1.875563101344144e-05,5.3148,0.0035333713200379866,,,,,,,,,,,,,,0.0006712872727272729,,,,17.2943,,,,,,,,,,,,,,0.01323393999610379,,,,,,,,,,,,143.27445652173913,,,,11.2679,,,,,,,,0.0016212831613191111,,,,,,,
1992-07-31,,,,,,,4.4444,,43.7648,,0.85,,,,,,,,,,4.2798,,0.0019434927697441603,,,0.595327925925926,,,,,0.39986742857142865,,3.4598250871352237e-07,,4.118925634637564e-08,,0.0002509255324893009,,0.032,,,,0.009016597406625236,,,,1.4705,,,,,,,,,0.06879631578947366,,,,,,,,,,,,,,,,,,,,,,,,,,,0.48,,,,,,,0.14129575729575733,,,,,,,,,,2.3193,,,,,,,,,,,,,,,,,,,,,,,,,,,11.6705,,,,,,379.0345,,,,,,,,,,,,,,,,,,2.8173,,,,2182.73,2182.73,,,0.036106855775803165,0.15084175084175086,,,,,,,0.004493489182137794,,,,,0.173,0.1759,,,,,,,,,,,,2983.26,0.0129,0.004895715778474399,,,,,,,,,6.041706718979892,,,12.096027895247172,,,,,2983.26,,,,,,,,,,,,,,,3.4073431601529153e-07,0.013644645550527907,0.0623,,,,0.005845405639659435,,,,,,,,,,,,,,,,185.5288,,,,,,,,,,,,,,,,,,,1499.5,,,0.21035410013241077,,,,0.9925616834176711,1.7981411957103768e-05,5.1481,0.0034156294185923816,,,,,,,,,,,,,,0.0006342545454545455,,,,16.0902,,,,,,,,,,,,,,0.01472067355022247,,,,,,,,,,,,144.60107185990339,,,,11.9802,,,,,,,,0.0017527385527774176,,,,,,,
1992-08-31,,,,,,,4.6032,,42.2813,,0.84,,,,,,,,,,4.0741,,0.0018126807563959954,,,0.583185074074074,,,,,0.396,,2.661403913180943e-07,,3.7373357938264554e-08,,0.00023419716365668083,,0.03,,,,0.007889438200619048,,,,1.3962,,,,,,,,,0.07180394736842105,,,,,,,,,,,,,,,,,,,,,,,,,,,0.48800000000000004,,,,,,,0.12111064911064914,,,,,,,,,,2.3782,,,,,,,,,,,,,,,,,,,,,,,,,,,12.0563,,,,,,366.3283,,,,,,,,,,,,,,,,,,2.735,,,,2007.0,2007.0,,,0.036106855775803165,0.13072951739618408,,,,,,,0.004493489182137794,,,,,0.1514,0.1586,,,,,,,,,,,,2499.54,0.0123,0.004571734587251828,,,,,,,,,6.063756743501717,,,11.713241034980076,,,,,2499.54,,,,,,,,,,,,,,,3.035632997227143e-07,0.013166817496229265,0.0569,,,,0.004259000879584648,,,,,,,,,,,,,,,,164.0626,,,,,,,,,,,,,,,,,,,1376.66,,,0.17322163703592686,,,,0.9098449242593682,1.9529850069779114e-05,5.2222,0.0033569441806478844,,,,,,,,,,,,,,0.0006236606060606062,,,,15.9808,,,,,,,,,,,,,,0.01571210860914153,,,,,,,,,,,,120.72199577294687,,,,11.4262,,,,,,,,0.0016212831613191111,,,,,,,
1992-09-30,,,,,,,5.873,,40.056,,0.87,,,,,,,,,,4.1152,,0.0018874304783092323,,,0.6092429777777778,,,,,0.4191222857142858,,5.855088608998072e-07,,3.176174263221881e-08,,0.00021746879482406075,,0.036,,,,0.007664114558045695,,,,1.419,,,,,,,,,0.08684210526315789,,,,,,,,,,,,,,,,,,,,,,,,,,,0.44000000000000006,,,,,,,0.10723338723338724,,,,,,,,,,2.4961,,,,,,,,,,,,,,,,,,,,,,,,,,,13.0208,,,,,,357.8575,,,,,,,,,,,,,,,,,,3.3048,,,,2027.48,2027.48,,,0.03883116883116884,0.14078563411896744,,,,,,,,,,,,0.1572,0.1529,,,,,,,0.004639731194932865,,,,,2616.3301,0.0152,0.005651671891327063,,,,,,,,,6.063756743501717,,,13.014691767092813,,,,,2616.3301,,,,,,,,,,,,,,,3.593198241615801e-07,0.015104675716440428,0.0695,,,,0.004259000879584648,,,,,,,,,,,,,,,,164.0626,,,,,,,,,,,,,,,,,,,1404.54,,,0.17499887681399726,,,,0.882285813367255,1.9529850069779114e-05,5.3519,0.0034156294185923816,,,,,,,,,,,,,,0.0006448484848484847,,,,15.7619,,,,,,,,,,,,,,0.016207407104341157,,,,,,,,,,,,130.00830314009661,,,,12.7715,,,,,,,,0.0018403754804162881,,,,,,,
1992-10-31,,,,,,,6.1111,,37.0888,,0.87,,,,,,,,,,3.9506,,0.0017939933259176863,,,0.5803626814814815,,,,,0.42685714285714293,,5.322807826361886e-07,,3.5577641040329916e-08,,0.00021746879482406075,,0.044000000000000004,,,,0.0054099313943181725,,,,1.4476,,,,,,,8.5732,,0.08684210526315789,,,,,,,,,,0.07723116972350169,,,,,,,,,,,,,,,,,0.44000000000000006,,,,,,,0.10723338723338724,,,,,,,,,,2.2604,,,,,,,,,,,,,,,,,,,,,,,,,,,13.8889,,,,,,347.269,,,,,,,,,,,,,,,,,,3.4568,,,,1963.51,1963.51,,,0.039853041695146973,0.14078563411896744,,,,,,,,,,,,0.1543,0.1601,,,,,,,,,,,,2627.1399,0.0214,0.007919540229885056,,,,,,,3.2301,,6.063756743501717,,,13.244326994059984,,,,,2627.1399,,,,,,,,,,,,,,,3.4073431601529153e-07,0.013644645550527907,0.0623,,,,0.005845405639659435,,,,,,,,,,1.5718987567499636,,,,,,153.3296,,,,,,,,,,,,,,,,,,,1361.4,,,0.17144439725785648,,,,0.7857697855219141,1.6429486371201677e-05,5.2407,0.0033569441806478844,,,,,,,,,,,,,,0.0006236606060606062,,0.0036671899529042394,,15.8713,,,,,,,,,,,,,,0.01571210860914153,,,,,,,,,,,,126.02845712560386,,,,12.9298,,8.523190780377192e-09,,,,,,0.0021909231909717723,,,,,,,
1992-11-30,,,,,,,5.1587,,33.7509,,0.86,,,,,,,,,,3.6625,,0.0014949944382647387,,,0.5543047777777778,,,,,0.4075611428571429,,4.2582462610895087e-07,,2.996602573428418e-08,,0.00019237624157513066,,0.026,,,,0.005184472503459962,,,,1.419,,,,,,,8.6862,,0.07932447368421051,,,,,,,,,,0.07962560903502716,,,,,,,,,,,,,,,,,0.4,,,,,,,0.10723338723338724,,,,,,,,,,1.7741,,,,,,,,,,,,,,,,,,,,,,,,,,,11.6705,,,,,,351.5043,,,,,,,,,,,,,,,,,,2.925,,,,1825.79,1825.79,,,0.03780929596719072,0.13072951739618408,,,,,,,0.005096277991868536,,,,,0.1572,0.1601,,,,,,,,,,,,2528.3601,0.0254,0.009539446185997908,,,,,,,3.2301,,6.085806768023541,,,11.789786110635799,,,,,2528.3601,,,,,,,,,,,,,,,2.8497779157642565e-07,0.011733333333333339,0.0551,,,,0.005845405639659435,,,,,,,,,,1.3972207973331179,,,,,,144.1298,,,,,,,,,,,,,,,,,,,1263.58,,,0.15023600257288322,,,,,2.3404432824694225e-05,5.1481,,,,,,,,,,,,,,,0.0005918787878787877,,0.0036671899529042394,,15.1051,,,,,,,,,,,,,,0.011251907946785478,,,,,,,,,,,,119.3953804347826,,,,12.2176,,8.189881643714397e-09,,,,,,0.00201564933569403,,,,,,,
1992-12-31,,,,,,,5.2381,,33.38,,0.87,,,,,,,,,,3.4979,,0.0015697441601779754,,,0.5427526592592592,,,,,0.42685714285714293,,4.5243866524076014e-07,,2.2446461224182916e-08,,0.00019237624157513066,,0.038,,,,0.005184472503459962,,,,1.419,,,,,,,8.1497,,0.09435973684210525,,,,,,,,,,0.07842838937926443,,,,,,,,,,,,,,,,,0.48,,,,,,,0.11038731038731042,,,,,,,,,,1.7741,,,,,,,,,,,,,,,,,,,,,,,,,,,12.1528,,,,,,,,,,,,,,,,,,,,,,,,3.0769,,,,1783.97,1783.97,,,0.04189678742310323,0.15084175084175086,,,,,,,,,,,,0.1601,0.1629,,,,,,,,,,,,2751.53,0.0322,0.012419278996865206,,,,,,,4.7374,,6.085806768023541,,,11.789786110635799,,,,,2751.53,,,,,,,,,,,,,,,3.035632997227143e-07,0.013644645550527907,0.0605,,,,0.008480629493604263,,,,,,,,,,1.8338649763748205,,,,,,141.0632,,,,,,,,,,,,,,,,,,,1256.22,,,0.14670521954711668,,,,0.6616946467844597,1.875563101344144e-05,5.0741,0.0032592592592592586,,,,,,,,,,,,,,0.0006130666666666666,,0.0036671899529042394,,14.5578,,,,,,,,,,,,,,0.012738641500904164,,,,,,,,,,,,115.41553442028986,,,,13.2874,,8.713653144184504e-09,,,,,,0.002278560118610643,,,,,,,
1993-01-31,,,,,,,5.7143,,35.6053,,0.87,,,,,,,,,,3.8683,,0.001999555061179088,,,0.5803626814814815,,,,,0.4577142857142858,,5.05666743504379e-07,,2.805807653022864e-08,,0.0001756478727425106,,0.034,,,,0.00495914886088661,,,,1.3905,,,,,,,8.7427,,0.09435973684210525,,,,,,,,,,,,,,,,,,,,5.2550047095819395e-05,,,,,,,0.4080000000000001,,,,,,,0.11669515669515669,,,,,,,,,,2.2014,,,,,,,,,,,,,,,,,,,,,,,,,,,13.4066,,,,,,,,,,,,,,,,,0.5720952380952382,,,,,,,3.6467,,,,1894.8199,1894.8199,,,0.04291866028708136,0.16089786756453425,,,,,,,0.004493489182137794,,,,,0.1816,0.1845,,,,,,,,,,,,3249.7,0.0413,0.017314994775339602,,,,,,,3.9622,,6.151956841589015,,,13.397478627359911,,,,,3249.7,,,,,,,,,,,,,,,3.035632997227143e-07,0.015104675716440428,0.0677,,,,,,,,,,,,,,2.4451617550831624,,,,,,131.2501,,,,,,,,,,,,,,,,,,,1344.24,,,0.14670521954711668,,,,0.6065764250002331,1.7981411957103768e-05,5.1667,0.0033079160071752653,,,,,,,,,,,,,,0.0006395054545454546,,0.0036671899529042394,,16.1997,,,,,,,,,,,,,,0.015215972045422101,,,,,,,,,,,,118.06876509661835,,,,13.6245,,8.189881643714397e-09,,,,,,0.0026291078291661267,,,,,,,
1993-02-28,,,,,,,6.5873,,38.5724,,0.87,,,,,,,,,,4.2798,,0.002335928809788654,,,0.6323472148148148,,,,,0.4731428571428572,,4.5243866524076014e-07,,2.435441042823846e-08,,0.00016728368832620057,,0.032,,,,0.004508231079170189,,,,1.4933,,,,,,,8.7992,,0.09060236842105263,,,,,,,,,,0.08082282869078991,,,,,,,,,,,,,,,,,0.5360000000000001,,,,,,,0.10092554092554096,,,,,,,,,,2.3782,,,,,,,,,,,,,,,,,,,,,,,,,,,16.3484,,,,,,448.9189,,,,,,,,,,,0.654761904761905,,,,,,,4.4672,,,,2169.1201,2169.1201,,,0.04291866028708136,0.16089786756453425,,,,,,,0.004438695679333271,,,,,0.1744,0.1787,,,,,,,0.003189863040634425,,,,,3433.47,0.0515,0.02383061650992685,,,,,,,3.7899,,6.218106915154487,,,16.38316695185248,,,,,3433.47,,,,,,,,,,,,,,,2.8497779157642565e-07,0.015104675716440428,0.0659,,,,,,,,,,,,,,2.4451617550831624,,,,,,154.8629,,,,,,,,,,,,,,,,,,,1519.37,,,0.14139719674327983,,,,0.8546872759931787,1.9529850069779114e-05,5.2037,0.003396315289648623,,,,,,,,,,,,,,0.0006554424242424243,,,,19.0456,,,,,,,,,,,,,,0.01472067355022247,,,,,,,,,,,,132.66153381642513,,,,13.7368,,,,,,,,0.0027167447568049977,,,,,,,
1993-03-31,,,,,,,6.6667,,36.3471,,0.86,,,,,,,,,,3.9095,,0.0025695216907675195,,,0.6150190370370371,,,,,0.45002057142857155,,4.2582462610895087e-07,,2.0538512020127362e-08,,0.00010037021299572035,,0.02,,,,0.0037869519760227194,,,,1.4476,,,,,,,9.5898,,0.08383447368421053,,,,,,,,,,0.08082282869078991,,,,,,,,,,0.00015761427094814374,,,,,,,0.5760000000000001,,,,,,,0.08515592515592518,,,,,,,,,,2.2898,,,,,,,,,,,,,,,,,,,,,,,,,,,16.4689,,,,,,434.0949,,,,,,,,,,,0.6415396825396827,,,,,,,4.8319,,,,2092.1899,2092.1899,,,0.03883116883116884,0.13072951739618408,,,,,,,0.004383902176528747,,,,,0.1744,0.1787,,,,,,,0.003189863040634425,,,,,3041.25,0.0458,0.0197628526645768,,,,,,,3.6177,,6.344894556154978,,,19.522006909644983,,,,,3041.25,,,,,,,,,,,,,,,3.035632997227143e-07,0.013644645550527907,0.0623,,,,,,,,,,,,,,2.9341991780498358,,,,,,134.93,,,,,,,,,,,,,,,,,,,1452.67,,,0.12902760788790993,,,,0.7168522950506493,2.107828818245446e-05,5.2778,0.0033079160071752653,,,,,,,,,,,,,,0.0006342545454545455,,,,18.8267,,,,,,,,,,,,,,0.011747206441985106,,,,,,,,,,,,226.2228260869565,,,,14.2987,,,,0.5652,,,,0.0024538339738883847,,,,,,,
1993-04-30,,,,,,,7.4603,,39.3141,,0.86,,,,0.10972423802612478,,,,,,4.1152,,0.0025695216907675195,,,0.6799997037037037,,,,,0.4422857142857143,,4.790527043725695e-07,,2.0538512020127362e-08,,0.00010037021299572035,,,,,,0.004057448545738629,,,,1.4533,,,,,,,9.5898,,0.08383447368421053,,,,,,,,,,0.08561170731384088,,,,,,,,,,0.00012967127662210729,,,,,,,0.5680000000000001,,,,,,,0.08515592515592518,,,,,,,,,,2.9381,,,,,,,,,,,,,,,,,,,,,,,,,,,18.6391,,,,,,585.5111,,,,,,,,,,,0.7308253968253969,,,,,,,6.0171,,,,2336.97,2336.97,,,0.03883116883116884,0.13072951739618408,,,,,,,0.004603136466627816,,,,,0.1802,0.183,,,,,,,,,,,,3397.1201,0.0515,0.022210710553814003,,,,,,,3.5315,,6.4771947032859245,,,23.1584820821824,,,,,3397.1201,,,,,,,,,,,,,,,3.221488078690029e-07,0.012688989441930624,0.0532,,,,,,,,,,,,,,8.034095663916045,,,,,,150.263,,,,,,,,,,,,,,,,,,,1604.33,,,0.15376678559864967,,,,0.7444114059427626,1.7203705427539355e-05,5.3333,0.0032982589427033872,,,,,,,,,,,,,,0.0006660363636363637,,,,21.0158,,,,,,,,,,,,,,0.011251907946785478,,,,,,,,,,,,487.5,,,,14.2987,,8.189881643714397e-09,,0.4783,,,,0.002366197046249514,,,,,,,
1993-05-31,,,,,,,7.7778,,38.5724,,0.85,,,,0.09974930729647707,,,,,,4.3621,,0.002382647385984427,,,0.701725562962963,,,,,0.4191222857142858,,4.2582462610895087e-07,,2.423362661631488e-06,,0.00011709858182834041,,0.022000000000000002,,,,0.006536955352039506,,,,1.6076,,,,,,,9.4204,,0.08308184210526315,,,,,,,,,,0.10709864955674057,,,,,,,,,,,,,,,,,0.552,,,,,,,0.09461769461769463,,,,,,,,,,3.6159,,,,,,,,,,,,,,,,,,,,,,,,,,,17.554,,,,,,585.5111,,,,,,,,,,,0.6646825396825398,,,,,,,5.6524,,,,2293.78,2293.78,,,0.03576555023923446,0.13072951739618408,,,,,,,0.008493836839034874,,,,,0.1874,0.2017,,,,,,,0.0023194828445217922,,,,,4023.0,0.064,0.027934378265412747,,,,,,,3.5315,,6.763845022069642,,,22.392908361648207,,,,,4023.0,,,,,,,,,,,,,,,3.4073431601529153e-07,0.011733333333333339,0.046,,,,,,,,,,,,,,9.256663861582524,,,,,,159.4627,,,,,,,,,,,,,,,,,,,1588.76,,,0.14971467890464923,,,,0.9650025725255579,1.5655267314864005e-05,5.2963,0.0033766297351482534,,,,,,,,,,,,,,0.0006606933333333332,,0.0036671899529042394,,20.7531,,,,,,,,,,,,,,0.01075660945158585,,,,,,,,,,,,472.5,,,,15.4224,,,,0.4783,,,,0.0021032862633329013,,,,,,,
1993-06-30,,,,,,,8.4444,,36.3471,,0.85,,,,0.09974930729647707,,,,,,4.2798,,0.002896551724137931,,,0.7306058592592592,,,,,0.4114285714285715,,3.4598250871352237e-07,,4.846907080006517e-06,,0.00010037021299572035,,0.022000000000000002,,,,0.005297269573031495,,,,1.5105,,,,,,,9.5898,,0.07405894736842103,,,,,,,,,,0.11066930467041892,,,,,,,,,,,,,,,,,0.48,,,,,,,0.07569415569415569,,,,,,,,,,3.6454,,,,,,,,,,,,,,,,,,,,,,,,,,,17.6746,,,,,,564.334,,,,,,,,,,,0.6150793650793652,,,,,,,5.8348,,,,2289.8601,2289.8601,,,0.03474367737525634,0.13072951739618408,,,,,,,0.0076718740180860365,,,,,0.1816,0.1988,,,,,,,0.0026096095765593356,,,,,3777.0601,0.0606,0.025486520376175548,,,,,,,3.5746,,6.615007356547327,,,23.64080828179618,,,,,3777.0601,,,,,,,,,,,,,,,2.8497779157642565e-07,0.011255505279034695,0.0496,,,,,,,5.8140114540782895,,,,,,,7.26561915343279,,,,,,164.0626,,,,,,,,,,,,,,,,,,,1577.47,,,0.13025982746737208,,,,0.7719705168348758,1.4103341728961916e-05,5.1667,0.003365486968449932,,,,,,,,,,,,,,0.0006660363636363637,,,,20.7531,,,,,,,,,,,,,,0.009765174392666796,,,,,,,,,,,,475.0,,,,14.8605,,8.523190780377192e-09,,0.4783,,,,0.00201564933569403,,,,,,,
1993-07-31,,,,,0.001654948695374913,,10.8889,,40.056,,0.86,,,,0.10972423802612478,,,,,,4.7901,,0.004204671857619577,,,0.7522660814814814,,,,,0.45002057142857155,,5.855088608998072e-07,,0.0004840916520694149,,0.00016728368832620057,,0.028,,,,0.006875076064184391,,,,1.5048,,,,,,,10.7194,,0.07405894736842103,,,,,,,,,,0.10949308886826606,,,,,,,,,,0.00018222132371792664,,,,,,,0.6400000000000001,,,,,,,0.18292754292754293,,,,,,,,,,3.6159,,,,,,,,,,,,,,,,,,,,,,,,,,,18.6391,,,,,,686.1022,,,,,,,,,,,0.7182539682539685,,,,,,,5.3789,,,,2529.21,2529.21,,,0.0326999316473001,0.13072951739618408,,,7.36,,,,0.008767864631938467,,,,,0.1988,0.2132,,,,,,,0.004639731194932865,,,,,4766.1099,0.0685,0.027934378265412747,,,,,,,4.1775,,6.9898577734183425,,,24.253230369030444,,,,,4766.1099,,,,,,,,,,,,,,,3.035632997227143e-07,0.011733333333333339,0.046,,,,,,,,,,,,,,8.38337550349912,,,,,,200.8617,,,,,,,,,,,,,,,,,,,1751.21,,,0.16331648733948126,,,,0.882285813367255,1.5655267314864005e-05,5.3333,0.0034327149941964755,,,,,,,,,,,,,,0.0006978181818181817,,,,21.9352,,,,,,,,,,,,,,0.009765174392666796,,,,,,,,,,,,540.0,,,,15.7595,,1.3141903102704498e-08,,0.4783,,,,0.002541470901527255,,,,,,,
1993-08-31,,,,,0.0014342888693249247,,11.8889,,37.8307,,0.87,,,,0.10972423802612478,,,,,,5.037,,0.0036907675194660736,,,0.7378259333333334,,,,,0.4422857142857143,,5.05666743504379e-07,,0.0004840916520694149,,0.00012546276624465045,,0.023999999999999997,,,,0.007664114558045695,,,,1.819,,,,,,,9.5333,,0.08308184210526315,,,,,,,,,,0.11306374398194442,,,,,,,,,,0.00019699990351552236,,,,,,,0.96,,,,,,,0.16400400400400406,,,,,,,,,,3.6454,,,,,,,,,,,,,,,,,,,,,,,,,,,18.1568,,,,,,749.6334,,,,,,,,,,,0.654761904761905,,,,,,,5.5613,,,,2589.78,2589.78,,,0.0367874231032126,0.14078563411896744,,,7.68,6.38,,,0.009863794966909922,,,,,0.1845,0.2017,,,,,,,0.004639731194932865,,,,,4466.9502,0.064,0.026278474399164052,,,,,,,3.6607,,7.1386954389406565,,,23.763280402845336,,,,,4466.9502,,,,,,,,,,,,,,,3.035632997227143e-07,0.009822021116138765,0.0388,,,,0.005845405639659435,,,,,,,,,,8.732706062582604,,,,,,203.9283,,,,,,,,,,,,,,,,,,,1780.79,,,0.17111264583261665,,,,0.9374040351514816,2.185250723879213e-05,5.2444,0.0036017136224543635,,,,,,,,,,,,,,0.0008248533333333334,,,,22.1979,,,,,,,,,,,,,,0.01026047288786642,,,,,,,,,,,,600.0,,,,16.3213,,1.4427524058403849e-08,,0.6087,,,,0.002541470901527255,,,,,,,
1993-09-30,,,,,0.0046338563470497566,,13.3333,,41.8363,,0.88,,,,0.10972423802612478,,,,,,5.5309,,0.0034104560622914347,,,0.7306058592592592,,,,,0.4345508571428572,,5.05666743504379e-07,,0.00039937062082450695,,0.00011709858182834041,,,,,,0.006311631709466152,,,,2.0048,,,,,,,10.9453,,0.08759473684210524,,,,,,,,,,0.11545818329346988,,,,,,,,,,,,,,,,,1.2,,,,,,,0.14981134981134983,,,,,,,,,,4.279,,,,,,,,,,,,,,,,,,,,,,,,,,,18.3979,,,,,,765.5162,,,,,,,,,,,0.6507936507936508,,,,,,,6.1083,,,,2904.6001,2904.6001,,,0.03474367737525634,0.13072951739618408,,,8.32,7.04,,,0.010274836656265315,,,,,0.1759,0.1902,,,,,,,0.005566942524015277,,,,,4346.2002,0.0617,0.026278474399164052,,,,,,,3.4023,,7.783658656204021,,,25.355663904438302,,,,,4346.2002,,,,,,,,,,,,,,,3.035632997227143e-07,0.00945037707390649,0.0388,,,,0.005845405639659435,,,5.541302699625387,,,,,,,10.828537258582283,,,,,,236.1275,,,,,,,,,,,,,,,,,,,1973.76,,,0.15748714086741036,,,,1.0752784425759738,2.2438402740885503e-05,5.1778,0.0036017136224543635,,,,,,,,,,,,,,0.0007824775757575759,,,,24.0368,,,,,,,,,,,,,,0.009765174392666796,,,,,,,,,,,,725.0,,,,17.445,,1.2808593966041698e-08,,0.6087,,,,0.0024538339738883847,,,,,,,
1993-10-31,,,,,0.004854516173099747,,15.7778,,54.2981,,0.87,,,,0.10972423802612478,,,,,,6.2222,,0.004344827586206896,,,0.7594861555555555,,,,,0.4422857142857143,,4.2582462610895087e-07,,0.000302559551694639,,0.00010873439741203037,,0.023999999999999997,,,,0.0054099313943181725,,,,2.5333,,,,,,,12.1652,,0.08082684210526314,,,,,,,,,,0.11545818329346988,,,,,,,,,,,,,,,,,1.2,,,,,,,0.137984137984138,,,,,,,,,,5.2367,,,,,,,,,,,,,,,,,,,,,,,0.9594,,,,19.6036,,,,,,1199.2373,,,,,,,,,,,0.6785714285714287,,,,,,,6.3818,,,,3549.3101,3549.3101,,,0.03474367737525634,0.1206734006734007,,,8.96,9.52,,,0.009863794966909922,,,,,0.173,0.1816,,,,,,,0.005566942524015277,,,,,4154.1602,0.064,0.027106426332288405,,,,,,,,,7.915958803334968,,,26.580569560895317,,,,,4154.1602,,,,,,,,,,,,,,,3.035632997227143e-07,0.00905218702865762,0.0363,,,,,,,6.541237021362299,,,,,,,13.273699013665443,,,,,,261.4269,,,,,,,,,,,,,,,,,,,2372.8301,,,0.14582844792326863,,,,1.0201207943097843,2.3596243852165263e-05,5.5111,0.0036243705814076183,,,,,,,,,,,,,,0.0008535030303030305,,0.0031171114599686037,,30.2102,,,,,,,,,,,,,,0.009269875897467167,,,,,,,,,,,,920.0,,,,17.5573,,1.2808593966041698e-08,,0.7392,,,,0.0024538339738883847,,,,,,,
1993-11-30,,,,,0.006068145216374681,,16.5556,,51.6277,,0.88,,,,0.11969916875577248,,,,,,6.0247,,0.004706896551724138,,,0.7739263037037037,,,,,0.4422857142857143,,3.992105869771413e-07,,,,0.00010037021299572035,,0.022000000000000002,,,,0.005973510997321267,,,,3.1048,,,,,,,12.9784,,0.08984973684210525,,,,,,,,,,,,,,,,,,,,,,,,,,,1.2,,,,,,,0.1576961576961577,,,,,,,,,,6.4155,,,,,,,,,,,,,,,,,,,,,,,1.1562,,,,20.2064,,,,,,950.1359,,,,,,,,,,,0.8611111111111112,,,,,,,6.8376,,,,3465.8999,3465.8999,,,0.0367874231032126,0.15084175084175086,,,8.64,10.0,,,0.009315799659983708,,,,,0.1816,0.1931,,,,,,7.2714,0.0076087672077410125,,,,,4687.52,0.073,0.03038223615464995,,,,,,,,,8.362471799901913,,,28.78543663171103,,,,8.198393562397609e-05,4687.52,,,,,,,,,,,,,,,4.7083287303931194e-07,0.00905218702865762,0.0406,,,,,,,6.541237021362299,,,,,,,12.20831054777388,,,,,,281.6664,,,,,,,,,,,,,,,,,,,2332.29,,,0.15554402537672007,,,,0.9374040351514816,4.277734659926973e-05,5.6222,0.003939339453413527,,,,,,,,,,,,,,0.0011797042424242425,,0.0031171114599686037,,28.3713,,,,,,,,,,,,,,0.009765174392666796,,,,0.06171565304087739,,,,,,,,872.5,,,,16.9955,,1.3475212239367294e-08,,0.6522,,,,0.002278560118610643,,,,,,,
1993-12-31,,,,,0.0049648460861247395,,21.2222,,65.8698,,0.91,,,,0.12967409948542022,,,,,,8.4938,,0.006299999999999999,,,0.8534127555555555,,,,,0.4422857142857143,,5.322807826361886e-07,,0.00024203674942968871,,0.0001421911350772705,,0.028,,,,0.008340355982335465,,,,3.2762,,,,,,,13.5884,,0.12819631578947369,,,,,,,,,,,,,,,,,,,,,,,,,,,1.77,,,,,,,0.205005005005005,,,,,,,,,,7.8889,,,,,,,,,,,,,,,,,,,,,,,1.5068,,,,32.0698,,,,,,1161.8722,,,,,,,,,,,1.0912698412698414,,,,,,,8.114,,,,4756.02,4756.02,,,0.05109364319890638,0.21117845117845122,,,9.4933,15.71,,,0.009863794966909922,,,,,0.1988,0.2103,,,,,,13.2455,0.00881524430040439,,,,,6505.98,0.1093,0.045069383490073146,,,,,,,,,8.82000980872977,,,52.671189155605525,,,,0.00010931191416530138,6505.98,,,,,,,,,,,,,,,4.7083287303931194e-07,0.011733333333333339,0.0551,,,,,,,,,,,,,,16.76677636674845,,,,,,414.9098,,,,,,,,,,,,,,,,,,,3196.0801,,,0.21194176766748699,,,,1.3233892935689193,4.277734659926973e-05,6.0222,0.004367221694629101,,,,,,,,,,,,,,0.001762278787878788,,,,37.303,,,,,,,,,,,,,,0.012738641500904164,,,,0.09905019448321703,,,,,,,,1145.0,,,,23.4004,,1.7427306288369008e-08,,0.7826,,,,0.002541470901527255,,,,,,,
1994-01-31,,,,,0.0035305572167998152,,21.2222,,58.7488,,0.88,,,,0.10972423802612478,,,,,,7.1111,,0.005358620689655173,,,0.7378259333333334,,,,,0.4217142857142857,,4.790527043725695e-07,,,,0.00011709858182834041,,0.023999999999999997,,,,0.006875076064184391,,,,2.7333,,,,,,,13.5432,,0.10090184210526315,,,,,,,,,,,,,,,,,,,,,,,,,,,1.2,,,,,,,0.1576961576961577,,,,,,,,,,5.9735,,,,,,,,,,,,,,,,,,,,,,,1.476,,,,25.1254,,,,,,1049.7766,,,,,,,,,,,1.0515873015873016,,,,,,,6.7464,,,,4283.3398,4283.3398,,,0.03474367737525634,0.15084175084175086,,,9.0667,12.38,,,0.009315799659983708,,,,,0.2017,0.2276,,,,,,10.4857,0.0074238148818606365,,,,,5851.4199,0.1048,0.040965621734587246,,,,,,,,,11.471525257479156,,,46.546660873320455,,,,0.00010931191416530138,5851.4199,,,,,,,,,,,,,,,3.593198241615801e-07,0.011733333333333339,0.0496,,,,,,,,,,,,,,14.670945170748768,,,,,,384.5505,,,,,,,,,,,,,,,,,,,2874.5601,,,0.18665756975813894,,,,1.0201207943097843,3.580240014577722e-05,6.0222,0.003939339453413527,,,,,,,,,,,,,,0.0013428509090909096,,0.0031171114599686037,,34.4134,,,,,,,,,,,,0.13738178198108514,,0.01026047288786642,,,,0.08990713477345741,,,,,,,,1057.5,,,,21.0407,,1.5427451468392234e-08,,0.7392,,,,0.002278560118610643,,,,,,,
1994-02-28,,,,,0.004192536694949779,,21.5556,,56.9685,,0.88,,,,0.11969916875577248,,,,,,6.1235,,0.005213793103448276,,,0.7378259333333334,,,,,0.4114285714285715,,4.2582462610895087e-07,,,,0.00010873439741203037,,,,,,0.0067624142428977145,,,,2.6191,,,,,,,16.9318,0.03833521121437891,0.09594026315789472,,,,,,,,,1.0940677297297299,0.13337447042269124,,,,,,,,,,,,,,,,,,,,,,,,0.14981134981134983,,,,,,,,,,5.8261,,,,,,,,,,,,,,,,,,,,,,,1.353,,,,24.9807,,,,,,950.1359,,,,,,,,,,,1.1626984126984128,,,,,,,6.8741,,,,4259.5,4259.5,,,0.03474367737525634,0.15084175084175086,,,8.7467,10.23,,,0.008219869325012251,,,,,0.2042,0.2161,,,,,,9.3493,,,,,,5912.9502,0.1048,0.03934571577847439,,,,,,,,,12.755939185875429,,,44.40302986302932,,,,,5912.9502,,,,,,,,,,,,,,,3.221488078690029e-07,0.012688989441930624,0.0496,,,,,,,,,,,,,,13.623004212998726,,,,,,401.4168,,,,,,,,,,,,,,,,,,,2861.6101,,,0.18277133877675839,,,,0.882285813367255,3.347974297676419e-05,5.6667,0.0038134261897224864,,,,,,,,,,,,,,0.0013312436363636364,,,,37.303,,,,,,,,,,,,0.13051269288203088,,0.009765174392666796,,,,0.0914305970975961,,,,,,,,1017.5,,,,21.8273,,1.6094069741717828e-08,,0.6957,,,,0.002278560118610643,,,,,,,
1994-03-31,,,,,0.003751217042849802,,21.7778,,52.5178,,0.86,,,,0.10972423802612478,,,,,,5.9259,,0.004706896551724138,,,0.7089456370370371,,,0.2615384615384615,,0.4114285714285715,,4.2582462610895087e-07,,,,0.00011709858182834041,,,,,,0.006875076064184391,,,,2.3905,,,,,,,16.5026,0.03497824305850662,0.08105263157894735,,,,,,,,,0.8971380000000001,0.12978281145540302,,,,,,,,,,,,,,,,,,,,,,,,0.1576961576961577,,,,,,,,,,5.6051,,,,,,,,,,,,,,,,,,,,,,,1.1624,,,,23.968,,,,,,831.8128,,,,,,,,,,,0.9722222222222225,,,,,,,7.3481,,,,4037.21,4037.21,,,0.028612440191387575,0.13072951739618408,,,8.4267,9.76,,,,,,,,0.2151,0.2287,,,,,,9.0247,,,,,,6006.3198,0.098,0.0368978578892372,,,,,,,,,12.447238842569886,,,47.15908296055472,,,,0.00010931191416530138,6006.3198,,,,,,,,,,,,,,,2.4780677528384836e-07,0.009822021116138765,0.0406,,,,,,,,,,,,,,14.408953591373704,,,,,,360.9378,,,,,,,,,,,,,,,,,,,2711.5,,,0.21971422963024814,,,,1.0614791738889358,3.928987337252348e-05,5.7111,0.003837940276458796,,,,,,,,,,,,,,0.0012729309090909091,,,,38.6165,,,,,,,,,,,,0.1099054255848681,,0.008016125391851862,,,,0.07085871275063699,,,,,,,,870.0,,,,20.6138,,1.5427451468392234e-08,13.9493,0.6087,,,,0.0024538339738883847,,,,,,,
1994-04-30,,,,,0.0029789076516748446,,24.0,,52.5178,,0.83,,,,0.10972423802612478,,,,,,6.9136,,0.005213793103448276,,,0.7884320888888889,,,0.2484615384615384,,0.4114285714285715,,3.4598250871352237e-07,,,,0.00010037021299572035,,0.02,,,,0.00563539028517638,,,,2.6476,,,,,,,16.6381,0.03977479829785834,0.05872263157894736,,,,,,,,,1.0612461081081082,0.13098003111116577,,,,,,,,,,,,,,,,,,,,,,,,0.16558096558096563,,,,,,,,,,5.4725,,,,,,,,,,,,,,,,,,,,,,,1.3838,,,,27.8742,,,,,,875.4056,,,,,,,,,,,0.9404761904761907,,,,,,,8.0593,,,,4286.8901,4286.8901,,,0.02043745727956256,0.13072951739618408,,,9.6,10.47,,,0.006575883404233609,,,,,0.1878,0.2069,,,,,,9.9987,0.007423814881860638,,,,,5264.4902,0.0866,0.03362204806687565,,,,,,,3.0578,,12.033800882785679,,,53.89609481206254,,,,0.00013773301184827975,5264.4902,,,,,,,,,,,,,,,2.4780677528384836e-07,0.00886636500754148,0.0334,,,,0.0048871424200431345,,,6.666228811579413,,,,,,,13.099046413998806,,,,,,337.325,,,,,,,,,,,,,,,,,,,2844.22,,,0.20805553668610638,,,,1.0917981385184568,6.835447524422688e-05,5.5778,0.0037142555661074175,,,,,,,,,,,,,,0.0012380169696969698,,,,44.9213,,,,,,,,,,,,0.08242906918865107,,0.007287843848148855,,,,0.07390678028137809,,,,,,,,865.0,,,,19.9395,,1.4141830512692882e-08,15.2174,0.4783,,,,0.0021032862633329013,,,,,,,
1994-05-31,,,,,0.001875608521424901,,23.1111,,52.3398,,0.83,,,,0.0847869112020055,,,,,,7.037,,0.005141379310344828,,,0.7956521629629629,,,0.2223076923076923,,0.4114285714285715,,3.4598250871352237e-07,,0.00018153210037477594,,0.00010706156052876839,,,,,,0.006198834639894616,,,,2.7048,,,,,,,16.8414,0.03545603704742005,0.04921052631578946,,,,,,,,,1.0721592972972975,0.13039192321008933,,,,,,,,,,0.000236385536082901,,,,,,,,,,,,,,0.18135058135058135,,,,,,,,,,4.8713,,,,,,,,,,,,,,,,,,,,,,,1.2362,,,,27.2955,,,,,,855.905,,,,,,,,,,,0.9642857142857144,,,,,,,6.5185,,,,4591.2798,4591.2798,,,0.0183937115516063,0.13072951739618408,,,9.12,9.52,,,0.006027888097307392,,,,,0.1932,0.2205,,,,,,8.3753,0.007423814881860638,,,,,5602.4302,0.0866,0.03484597701149425,,,,,,,2.9286,,12.447238842569886,,,55.58039388643085,,,,0.00016178163296464608,5602.4302,,,,,,,,,,,,,,,2.2922126713755974e-07,0.0067692307692307704,0.0255,,,,0.004259000879584648,,,,,,,,,,13.492021103186298,,,,,,350.818,,,,,,,,,,,,,,,,,,,3030.77,,,0.2478894042452573,,,,1.000841244629894,7.009821185760003e-05,5.6444,0.00366485596707819,,,,,,,,,,,,,,0.0011330909090909091,,,,53.5903,,,,,,,,,,,,0.07555998008959684,,0.007287843848148855,,,,0.07009641014733578,,,,,,,,970.0,,,,20.0744,,1.4141830512692882e-08,17.3913,0.4131,,,,0.0017527385527774176,,,,,,,0.0011199099173981439
1994-06-30,,,,,0.0019859384344498962,,19.7778,,51.2716,,0.79,,,,0.07979944583718168,,,,,,6.7901,,0.004344827586206896,,,0.7522660814814814,,,0.20923076923076922,,,,3.19368469581713e-07,,,,0.00013549978754422246,,0.02266666666666667,,,,0.005973510997321267,,,,2.3333,,,,,,,16.9092,0.038806800086553205,0.040526315789473674,,,,,,,,,1.006516054054054,0.13098003111116577,,,,,,,,,,,,,,,,,,,,,,,,0.18923538923538927,,,,,,,,,,4.2348,,,,,,,,,,,,,,,,,,,,,,,1.1439,,,,25.7041,,,,,,692.4681,,,,,,,,,,,1.015873015873016,,,,,,,6.5185,,,,4152.9902,4152.9902,,,0.014306220095693788,0.1206734006734007,,,8.32,8.76,,,0.0054798927903811755,,,,,0.1905,0.2096,,,,,,7.0766,0.007423814881860638,,,,,5513.7402,0.0832,0.03239811912225705,,,,,,,2.7994,,12.13302599313389,,0.9694,50.06828769138004,,,,0.00014210548841489182,5513.7402,,,,,,,,,,,,,,,1.920502508449825e-07,0.005813574660633485,0.0226,,,,0.004045787313220022,,,,,,,,,,12.575088614998885,,,,,,293.4728,,,,,,,,,,,,,,,,,,,2746.3601,,,0.25277088950235727,,,,0.955343084444631,7.707315831109256e-05,5.6222,0.003862825788751715,,,,,,,,,,,,,,0.0009933430303030305,,0.0031171114599686037,,50.7006,,,,,,,,,,,,0.06869089099054257,,0.005829604623703247,,,,0.06552488029245598,,,,,,,,835.0,,,,17.2427,,1.3475212239367294e-08,15.942,0.3696,,,,0.0016651016251385466,,,,,,,
1994-07-31,,,,,0.001875608521424901,,22.8889,,58.7488,,0.81,,,,0.07979944583718168,,,,,,7.2839,,0.005141379310344828,,,0.7685440666666666,,,0.2353846153846154,,,,3.19368469581713e-07,,,,0.0001421911350772705,,,,,,0.005860713927749733,,,,2.5048,,,,,,,16.9092,0.03641783014198605,0.040526315789473674,,,,,,,,,0.9956028648648649,0.13098003111116577,,,,,,,,,,,,,,,,,,,,,,,,0.18923538923538927,,,,,,,,,,3.9165,,,,,,,,,,,,,,,,,,,,,,,1.2546,,,,25.7041,,,,,,749.671,,,,,,,,,,,0.8650793650793653,,,,,,,6.5185,,,,4250.6299,4250.6299,,,0.015328092959671915,0.16089786756453425,,,8.16,8.85,,,0.0054798927903811755,,,,,0.1932,0.2178,,,,,,8.5377,0.007423814881860638,,,,,5229.52,0.0764,0.03117419017763845,,,,,,,2.8855,,12.860676802354094,,1.0588,51.446283499148514,,,,,5229.52,,,,,,,,,,,,,,,1.8275749677183818e-07,0.005919758672699851,0.0223,,,,0.0034071048773457566,,,,,,,,,,12.837054834623743,,,,,,321.8182,,,,,,,,,,,,,,,,,,,2803.21,,,0.2478894042452573,,,,0.9098449242593682,7.009821185760003e-05,5.4444,0.003937110900073863,,,,,,,,,,,,,,0.0009933430303030305,,0.0027503924646781804,,50.1752,,,,,,,,,,,2.5436,0.06869089099054257,,0.0051013230800002396,,,,0.06400141796831728,,,,,,,,787.5,,,,18.1866,,1.1475357419390518e-08,17.2101,0.3913,,,,0.0017527385527774176,,,,,,,
1994-08-31,,,,,0.0030892375646998376,,27.1667,,67.294,,0.81,,,,0.10972423802612478,,,,,,8.3951,,0.006010344827586208,,,0.810092311111111,,,0.34,,0.38571428571428573,,3.72596547845332e-07,,,,0.00011709858182834041,,0.028,,,,0.006311631709466152,,,,2.7619,,,,,,,17.3158,0.04422386699981847,0.043421052631578944,,,,,,,0.049783549774421766,,1.2636324324324326,0.13337447042269124,,,,,,,,,,,,,,,,,,,,,,,,0.22077462077462084,,,,,,,,,,5.6493,,,,,,,,,,,,,,,,,,,,,,,1.5314,,,,30.4784,,,,,,1002.9982,,,,,,,,,,,0.9285714285714287,,,,,,,6.7556,,,,4724.0498,4724.0498,,,0.01634996582365005,0.27151515151515154,,,8.8,10.71,,,0.006301855611330013,,,,,0.2014,0.2205,,,,,,9.5117,0.007423814881860638,,,,,5776.6802,0.0866,0.03362204806687565,,,,,,,2.9717,,12.546463952918097,,1.2184,55.12106195050803,,,,,5776.6802,,,,,,,,,,,,,,,2.8497779157642565e-07,0.00613212669683258,0.0231,,,,0.009534719035182194,,,,,,,,,,15.194902969748687,,,,,,349.0909,,,,,,,,,,,,,,,,,,,3112.8301,,,0.25277088950235727,,,,1.031160209259415,9.974173428494332e-05,5.8667,0.005521983750131899,,,,,,,,,,,,,,0.0011680969696969696,,0.0034838304552590265,,54.1157,,,,,,,,,,,2.7897,0.09616724738675957,,0.0065587242359260505,,,,0.08228753738783649,,0.060086818599215296,,,,,,877.5,,,,18.4563,,1.2808593966041698e-08,18.8406,0.5652,,,,0.0016651016251385466,,,,,,,
1994-09-30,,,,,0.0036408871298248087,,25.5,,68.3622,,0.83,,,,0.11969916875577248,,,,,,8.3951,,0.006372413793103449,,,0.7768143333333333,,,0.39999999999999997,,0.4422857142857143,,4.2582462610895087e-07,,0.00027229815056216384,,0.00013382695066096046,,0.04,,,,0.006875076064184391,,,,2.8095,,,,,,,19.349,0.056057024621349795,0.046315789473684206,,,,,,,0.049783549774421766,,1.1159351351351354,0.1357689097342167,,,,,,,,,,0.0002626426244611533,,,,,,,,,,,,,,0.205005005005005,,,,,,,,,,5.0304,,,,,,,,,,,,,,,,,,,,,,,1.679,,,,28.7423,,,,,,970.3109,,,,,,,,,,,0.8412698412698412,,,,,,,5.9259,,,,4379.71,4379.71,,,0.02043745727956256,0.21117845117845122,,,8.32,10.23,,,0.006575883404233609,,,,,0.2287,0.2505,,,,,,10.3234,0.0092809936542865,,,,,6198.9502,0.0883,0.036069905956112855,,,,,,,3.0578,,14.095478175576263,,1.4961,49.14956233754593,,,,0.00021862382833060277,6198.9502,,,,,,,,,,,,,,,3.035632997227143e-07,0.0065303167420814505,0.0246,,,,0.01133991013506079,,,,11.7333,,,,,,14.670945170748768,,,,,,296.3636,,,,,,,,,,,,,,,1000.0,1000.0,,,2908.24,,,0.2770598331359859,,,,1.1524754942594615,9.79979976715702e-05,5.8444,0.005249357391579613,,,,,,,,,,,,,,0.0012089066666666666,,0.007701098901098905,,50.9633,,,,,,,,,,,3.0359,0.13051269288203088,,0.006923284042037452,,,,0.07466794000221558,,0.05679439018281992,,,,,,755.0,,,,19.2653,,1.1475357419390518e-08,17.3913,0.5218,,,,0.0017527385527774176,,,,,,,
1994-10-31,,,,,0.003199567477724832,,26.8333,,71.5666,,0.82,,,,0.10972423802612478,,,,,,9.6296,,0.007386206896551724,,,0.8017564074074074,,,0.34,,0.4422857142857143,,3.4598250871352237e-07,0.0012941176470588236,0.00035398759573081315,,0.0001104072342952924,,0.03333333333333333,,,,0.006086172818607941,,,,3.1905,,,,,,,21.7888,0.06602864722114049,0.04921052631578946,,,,,,,0.052173160184272115,,1.230810810810811,0.13635701763529315,,,,,,,,,,,,,,,,,1.44,,,,,,,0.18923538923538927,,,,,,,,,,5.2957,,,,,,,,,,,,,,,,,,,,,,,2.0757,,,,29.8997,,,,,,921.2797,,,,,,,,,,,0.8253968253968256,,,,,,,5.8667,,,,4559.8999,4559.8999,,,0.0183937115516063,0.25140291806958476,,,9.92,9.52,,,0.00643886950778181,,,,,0.2151,0.2342,,,,,,10.3234,0.012064311709003886,,,,,5551.25,0.0764,0.032650104493207946,,,,,,,2.9717,,14.619166257969592,,1.6079,51.905615435071326,,,,0.0002492311642968873,5551.25,2.517111764580125,,,,,,,,,,,,,,2.4780677528384836e-07,0.00613212669683258,0.0238,,,,0.00817290820544922,,,7.0412041822307545,13.6,,,,,,15.587852299185972,,,,,,283.6364,,,,,,,,,,,,,,,1153.3,1153.3,30.8307,,3068.52,,,0.257628678229083,,,,1.5163819227776383,9.451052444482393e-05,5.9556,0.005497098237838977,,,,,,,,,,,,,,0.0014127709090909091,,0.005500784929356361,,53.0649,,,,,,,,,,,3.4872,0.13738178198108514,,0.005829604623703247,,,,0.07695370492965549,,0.05432506887052342,,,,,,720.0,,,,20.3171,,1.0475430009402134e-08,15.7609,0.5652,,,,0.0016651016251385466,,4.6972372497885045e-08,,,,,
1994-11-30,,,,,0.001875608521424901,,24.1667,,61.9532,,0.81,,,,0.09974930729647707,3.6539,,,,,8.642,,0.006082758620689656,,,0.810092311111111,,,0.36000000000000004,,0.4217142857142857,,3.4598250871352237e-07,0.001176470588235294,0.0006807453764054097,,0.00011375290806181638,,0.030666666666666665,,,,0.005748052106463055,,,,3.3809,,,,,,,21.9243,0.056057024621349795,0.046315789473684206,,,,,,,0.049783549774421766,,1.0667027027027027,0.14606079800305433,,,,,,,,,,,,,,,,,1.5,,,,,,,0.16558096558096563,,,,,,,,,,4.2701,,,,,,,,,0.010157877639143501,,,,,,,,,,,,,,1.7343,,,,25.0772,,,,,,741.4991,,,,,,,,,,,0.634920634920635,,,,,,,4.563,,,,3984.3799,3984.3799,,,0.01737183868762817,0.17095398428731765,,,8.0,8.28,,,0.006479979704605447,,,,,0.2069,0.2233,,,,,,8.0506,0.0092809936542865,,,,,4866.4399,0.0645,0.027502403343782653,,,,,,,2.7994,,14.17265326140265,,1.6717,48.230898465700285,,,,0.00014210548841489182,4866.4399,2.414931980077367,,,,,,,,,,,,,,2.199285130644154e-07,0.004911010558069383,0.0185,,,,0.009081122629779764,,,11.665900420263972,11.3333,,,,,,13.361037993373866,,,,,,229.0909,,,,,,,,,,,,,,,1034.2999,1034.2999,27.4549,,2691.1899,,,0.24303161551853156,,,,1.4102458333333339,9.625426105819704e-05,5.9778,0.004308536456684604,,,,,,,,,0.642458618181818,,,,,0.0012380169696969698,,0.004767346938775511,,48.8617,,,,,,,,,,,3.0359,0.13738178198108514,,0.0065587242359260505,,,,0.06323911536501606,,0.04527089072543617,,,,,,625.0,,,,18.3012,,1.285620955699353e-08,13.2246,0.4783,,,,0.001577464697499676,,4.8852800600570014e-08,,,,,
1994-12-31,,,,,0.0019859384344498962,,24.3333,,70.4985,,0.81,,,,0.09974930729647707,3.6539,,,,,9.3827,,0.006082758620689656,,,0.810092311111111,,,0.32,,0.4525714285714287,,3.992105869771413e-07,0.001176470588235294,0.08168944516864916,,0.00010706156052876839,,0.028,,,,0.0054099313943181725,,,,3.8762,,,,,,,22.0599,0.054816001273522715,0.03763157894736841,,,,,,,0.04739393940838096,,1.050291891891892,0.1572768558307263,,,,,,,,,,,,,,,,,1.5,,,,,,,0.17346577346577347,,,,,,,,,,4.8006,,,,,,,,,0.009649983757186325,,,,,,,,,,,,,,1.8081,,,,24.6914,,,,,,733.3273,,,,,,,,,,,0.507936507936508,,,,,,,4.6222,,,,4092.3501,4092.3501,,,0.01737183868762817,0.19106621773288443,,,8.8,8.57,,,0.006630676907038131,,,,,0.1932,0.2069,,,,,,8.213,0.012992901095216818,,,,,4739.54,0.0598,0.025810501567398118,,,,,,,3.0147,,14.023815595880334,,1.9909,47.77156652977747,,,,0.0001792715392310943,4739.54,3.3719328885909983,,,,,,,,,,,,,,2.199285130644154e-07,0.004698642533936654,0.0185,,,,0.00817290820544922,,,,11.4667,,,,,,14.670945170748768,,,,,,250.9091,,,,,,,,,,,,,,,1117.7999,1117.7999,28.845,,2785.8101,,,0.25277088950235727,,,,2.1153611111111115,0.00011543536380530154,5.7111,0.004159966234040308,,,,,,,,,0.7300670097902096,,,,,0.0012671272727272727,,0.0036671899529042394,,49.1244,,,,,,,,,,,3.282,0.16027874564459932,,0.0065587242359260505,,,,0.06308711199734131,,0.04609399782953502,,,,,,680.0,,,,18.3012,,1.714161274265804e-08,12.6812,0.4348,,,,0.001577464697499676,,,,,,,0.0009705885950783916
1995-01-31,,,,,0.002758247825624855,,21.1667,,60.885,,0.82,,,,0.10972423802612478,3.109,,,,,7.7778,,0.00506896551724138,,,0.810092311111111,,,0.34,,0.5554285714285716,,4.5243866524076014e-07,0.0015294117647058822,0.05445963011243277,,0.00010037021299572035,,0.05666666666666667,,,,0.004192696830596582,,,,3.2667,,,,,,,23.1442,0.054816001273522715,0.034736842105263156,,,,,,,0.049783549774421766,,0.787718918918919,0.16473322386223108,,,,,,,,,,,,,,,,,,,,,,,,0.14981134981134983,,,,,,,,,,3.9519,,,,,,,,,0.008126302111314801,,,,,,,,,,,,,,1.2915,,,,19.9074,,,,,,586.234,,,,,,,,,,,0.39682539682539686,,,,,,,4.2074,,,,3585.73,3585.73,,,0.015328092959671915,0.19106621773288443,,,7.2,6.85,,,0.006329282502172764,,,,,0.1741,0.196,,,,,,7.2714,0.0092809936542865,,,,,3955.0,0.0502,0.02152675026123302,,,,,,,2.9286,,13.053614516920058,,1.7355,42.62693817986262,,,,0.00017708530094778834,3955.0,2.768822941038137,,,,,,,,,,,,,,2.2922126713755974e-07,0.0038757164404223244,0.0154,,,,0.009081122629779764,,,,9.3333,,,,,,13.125243035961292,,,,,,218.1818,,,,,,,,,,,,,,,925.4,925.4,26.8592,,2420.1201,,,0.19637314721159038,,,,2.0213722222222223,9.974173428494332e-05,5.4889,0.003788540677429566,,,,,,,,,0.5723719048951047,,,,,0.0011214836363636366,,0.02658712715855574,,48.3363,,,,,,,,,,,2.8308,0.14883026381284223,,0.006194164429814649,,,,0.048458216461725934,,0.04609399782953502,,,,,,637.5,,,,17.681,,2.4426798158287706e-08,10.3261,0.4348,,,,0.0019280124080551593,,,,,,,0.0016425345455172778
1995-02-28,,,,,0.0024272580865498735,,23.3333,,60.885,,0.81,,,,0.09974930729647707,3.2051,,,,,7.7778,,0.005286206896551724,,,0.8433046518518518,,,0.34,,0.5451428571428572,,4.790527043725695e-07,0.001176470588235294,0.08168944516864916,,0.00010538872364550637,,0.04666666666666667,,,,0.004147659151738885,,,,3.1905,,,,,,,23.4153,0.05232154434439024,0.03763157894736841,,,,,,,0.046199134225360546,,0.787718918918919,0.16473322386223108,,,,,,,,,,,,,,,,,,,,,,,,0.14192654192654194,,,,,,,,,,4.0226,,,,,,,,,0.008126302111314801,,,,,,,,,,,,,,1.31,,,,23.1481,,,,,,586.234,,,,,,,,,,,0.4206349206349206,,,,,,,4.2667,,,,3732.9299,3732.9299,,,0.01634996582365005,0.21117845117845122,,,7.2,6.85,,,0.006479979704605447,,,,,0.1823,0.185,,,,,,7.661,0.008352404268073568,,,,,3871.6799,0.049,0.018934900731452455,,,,,,,3.187,,13.500127513487003,,1.7196,45.015513432252064,,,,0.00017489906266448223,3871.6799,3.5738002677305927,,,,,,,,,,,,,,2.2922126713755974e-07,0.004486274509803922,0.0177,,,,0.013587459891559326,,,11.540908630046857,9.8667,,,,,,12.496498749111426,,,,,,207.2727,,,,,,,,,,,,,,,940.1,940.1,28.0507,,2509.99,,,0.21582799864886754,,,,1.880327777777778,0.00012066657364542093,5.3333,0.0037142555661074175,,,,,,,,,0.5373285482517483,,,,,0.0009612848484848484,,0.03850549450549453,,48.599,,,,,,,,,,,3.1179,0.14883026381284223,,0.006194164429814649,,,,0.05577266422953363,,0.04444778362133735,,,,,,762.5,,,,17.3708,,2.1855556246889002e-08,9.7826,0.4348,1.6800388538125306,,,0.001577464697499676,,,,,,,
1995-03-31,,,,,0.0017652786083999076,,24.0,,54.4761,,0.81,,,,0.095759335004618,3.0449,,,,,7.5309,,0.004489655172413794,,,0.8017564074074074,,,0.3,,0.5245714285714286,,3.992105869771413e-07,0.0011176470588235294,0.06353805045217532,,9.702453922919635e-05,,0.04666666666666667,,,,0.0037419142971650216,,,,2.8095,,,1.0939740000000002,,,,23.1442,0.048586064067430705,0.031842105263157894,,,,,,,0.04739393940838096,,0.7548972972972975,0.16473322386223108,,,,,,,,,,0.0002626426244611533,,,,,,,,,,,,,,0.12221452221452223,,,,,,,,,,3.8812,,,,,,,,,0.007618408229357627,,,,,,,,,,,,,,1.2177,,,,20.6019,,,,1.1316,,488.1718,,,,,,,,,,,0.3531746031746032,,,,,,,4.3259,,,,3534.3601,3534.3601,,,0.014306220095693788,0.18101010101010104,0.007376436781609196,,6.88,6.66,,,0.006329282502172764,,,,,0.1714,0.1796,,,,,,7.1416,0.007423814881860638,,,,,3732.3101,0.0479,0.019798850574712645,,,,,,,2.8855,,12.61261402648357,,1.5734,43.36189387013452,,,,0.00014866420326480992,3732.3101,3.070377914814568,,,,,,,,,,,,,,2.199285130644154e-07,0.003663348416289594,0.0154,,,,0.012463685013310057,,,10.66596609852706,9.8667,,,,,,11.946344328149024,,,,,,159.2727,,,,,,,,,,,,,,,912.6,912.6,26.4621,,2392.25,,,0.22554357610231895,,,,1.880327777777778,0.00011369162719192839,5.3556,0.0035285427878020467,,,,,,,,,0.4847635132867132,,,,,0.000881139393939394,,0.030254317111459973,,44.6586,,,,,,,,,,,3.2,0.12593330014932802,,0.0051013230800002396,,,,0.05714412318599757,,0.03992069454879372,,,,,,770.0,,,,17.3708,,2.056993529118965e-08,10.6884,0.3696,1.4974259349198642,,,0.0014021908422219341,,3.382064932886649e-08,,,0.7892584615384615,,
1995-04-30,,,,,0.001875608521424901,,24.5,,54.4761,,0.81,,,,0.12568412719356115,3.0769,,,,,8.0247,,0.004562068965517241,,,0.8017564074074074,,,0.36000000000000004,,0.5862857142857144,,3.72596547845332e-07,0.001411764705882353,0.05445963011243277,,9.367886546267233e-05,,0.04666666666666667,,,,0.003877162582022976,,,,3.0571,,,1.272582,,,,23.1442,0.053568772808956486,0.034736842105263156,,,,,,,0.04858874459140136,,0.7614616216216218,0.16624550132214191,,,,,,,,,,0.0002626426244611533,,,,,,,,,,,,,,0.11038731038731042,,,,,,,,,,3.9872,,,,,,,,,0.007110514347400449,,,,,,,,,,,,,,1.3469,,,,21.0648,,,,1.1556,,512.6874,,,,,,33.0,,,,,0.4206349206349206,,,,,,,4.2963,,,,3621.99,3621.99,,,0.01634996582365005,0.20112233445566782,0.008244252873563217,,7.04,7.8,,,0.006329282502172764,,,,,0.1905,0.2014,,,,,,7.2065,0.007423814881860638,,,,,3883.3101,0.0479,0.019798850574712645,,,,,,,2.7994,,12.469288867091713,,1.6168,44.28055774198017,,,,0.00013336053528166777,3883.3101,2.868510535674974,,,,,,,,,,,,,,2.4780677528384836e-07,0.0038757164404223244,0.0154,,,,0.013587459891559326,,,,9.4667,,,,,,12.968063304186376,,,,,,179.6364,,,,,,,,,,,,,,,957.2,957.2,27.6535,,2465.8701,,,0.22942980708369956,,,,1.9978444444444448,0.00010148547089831647,5.3333,0.003454257676479898,,,,,,,,,0.461407116083916,,,,,0.0008971684848484848,,0.027503924646781794,,46.1034,,,,,,,,,,,3.241,0.13738178198108514,,0.006194164429814649,,,,0.04857250470809794,,0.04197846230904082,,,,,,815.0,,,,17.0607,,2.056993529118965e-08,10.5072,0.4131,1.7713453132588637,,,0.0017527385527774176,,3.382064932886649e-08,,,1.1192584615384615,,
1995-05-31,,,,,0.0019859384344498962,,27.1667,,61.3123,,0.81,,,,0.12169415490170205,4.1539,,,,,8.642,,0.005431034482758622,,,0.9596134814814814,,,0.34,,0.5451428571428572,,3.19368469581713e-07,0.001411764705882353,0.08168944516864916,,4.6839432731336166e-05,,0.08666666666666667,,,,0.0038319896548804173,,,,3.2571,,,1.5628199999999999,,,,23.1442,0.056057024621349795,0.031842105263157894,,,,,,,0.052173160184272115,,0.951827027027027,0.16624550132214191,,,,,,,,,,0.0005262537480837996,,,,,,,,,,,,,,0.11038731038731042,,,,,,,,,,4.1641,,,,,,,,,0.008634195993271976,,,,,,,,,,,,,,1.6052,,,,23.6111,,,,1.1496,,561.7184,,,,,,34.0,,,,,0.5,,,,,,,5.4815,,,,4093.1399,4093.1399,,,0.01634996582365005,0.20112233445566782,0.0069425287356321835,,8.96,8.0,,,0.006329282502172764,,,,,0.1741,0.1741,,,,,,7.6286,0.01485007986764268,,,,,3746.0,0.0467,0.019798850574712645,,,,,,,2.8425,,14.189190779794016,,1.8393,48.230898465700285,,,,0.00016834034781456416,3746.0,2.818666738356556,,,,0.1750776053215078,,,,,,,,,,2.8497779157642565e-07,0.004088084464555054,0.0154,,,,0.013587459891559326,,,11.540908630046857,11.3333,,,,,,13.125243035961292,,,,,,221.8182,,,,,,,,,,,,,,,1068.3,1068.3,32.8164,,2772.3701,,,0.2478894042452573,,,,2.0213722222222223,9.974173428494332e-05,5.7667,0.003862825788751715,,,,,,,,,0.5431720279720279,,,,,0.001041338181818182,,0.027503924646781794,,48.1524,,,,,,,,,,,3.6513,0.12593330014932802,,0.006194164429814649,,,,0.051429710867397796,,0.03909758744469488,,,,,,920.0,,,,19.3867,,1.7998693379790938e-08,12.1377,0.3696,2.0087421078193306,,,0.001577464697499676,,,,,1.188456923076923,,
1995-06-30,,,,,0.0020962683474748897,,28.1667,,62.06,,0.8,,,,0.11770418260984296,4.0,,,,,9.1049,,0.004851724137931035,,,0.9845555555555555,,,0.34,,0.5142857142857143,,4.2582462610895087e-07,0.0015294117647058822,0.09984083988512299,,5.52036171476462e-05,,0.19333333333333333,,,,0.0067624142428977145,,,,3.2,,,1.495842,,,,23.2798,0.05960635139613529,0.028947368421052624,,,,,,,0.05296969697295239,,0.9190054054054057,0.16624550132214191,,,,,,,,,,0.0005262537480837996,,,,,,,,,,,,,,0.11827211827211825,,,,,,,,,,4.058,,,,,,,,,0.009649983757186325,,,,,,,,,,,,,,1.7067,,,,21.7593,,,,1.1376,,529.0311,,,,,,30.5,,,,,0.5,,,,,,,5.2593,,,,4035.03,4035.03,,,0.013284347231715659,0.22123456790123458,0.0069425287356321835,,9.2,7.04,,,0.006329282502172764,,,,,0.196,0.2233,,,,,,7.3429,,,,,,4196.4702,0.0467,0.018934900731452455,,,,,,,2.9286,,14.007278077488966,,1.7579,47.12846493029243,,,,0.00015959539468134002,4196.4702,3.673487862367429,,,,0.13037694013303772,,,,,,,,,,2.8497779157642565e-07,0.0042473604826546016,0.016,,,,0.02155604539187231,,,,11.1667,,,,,,13.203832901848747,,,,,,216.3636,,,,,,,,,,,,,,,1099.2,1099.2,34.0079,,2766.45,,,0.26734425568253445,,,,2.1153611111111115,9.451052444482393e-05,5.6667,0.003788540677429566,,,,,,20.95,,,0.4906069930069929,,,,,0.0010253090909090909,,0.03988069073783361,,48.4939,,,,,,,,,,,3.7333,0.12593330014932802,,0.00546588288611164,,,,0.04571529854879805,,0.040743801652892556,,,,,,912.5,,,,19.3867,,1.7998693379790938e-08,11.3043,0.3913,1.8261291889266638,,,0.0014021908422219341,,,,,1.3731046153846154,,
1995-07-31,,,,,0.0024272580865498735,,30.3333,,68.7894,,0.83,,,,0.12568412719356115,4.2308,,,,,10.3395,,0.006010344827586208,,,0.9762196518518519,,,0.52,,0.5554285714285716,,4.5243866524076014e-07,0.001411764705882353,0.0726110248289066,,5.0185106497860174e-05,,0.16666666666666666,,,,0.006311631709466152,,,,3.5714,,,2.1432960000000003,,,,33.31,0.06783433619222892,0.028947368421052624,,,,,,,0.05296969697295239,,1.0010594594594595,0.16920704468113396,,,,,,,,,,,,,,,,,1.5,,,,,,,0.11038731038731042,,,,,,,,,,3.9872,,,,,,,,,0.009649983757186325,,,,,,,,,,,,,,2.0526,,,,20.8333,,,,1.1197,,520.8592,,,,,,30.0,,,,,0.507936507936508,,,,,,,5.037,,,0.031406285497917456,4137.1201,4137.1201,0.15581781459674107,,0.014306220095693788,0.19106621773288443,0.007810344827586206,,13.0,8.28,,,0.006027888097307392,,,,,0.1796,0.2233,,,,,,7.4857,0.01485007986764268,,,,,3961.79,0.0431,0.01724299895506792,,,,,,,2.7994,,14.839666503187837,,2.0021,45.47484536817489,,,,0.000227368781463827,3961.79,4.680332568199479,,,,0.1434146341463415,,,,,,,,,,3.035632997227143e-07,0.0042473604826546016,0.017,,,,0.02155604539187231,,,13.54077727352068,10.5,,,,,,13.911192414336274,,,,,,220.0,,,,,,,,,,,,,,,1255.7,1255.7,35.1993,,2896.01,,,0.25277088950235727,,,,2.1624166666666667,9.451052444482393e-05,6.1,0.003937110900073863,,,,,,20.95,,,0.4730853146853147,,,,,0.001041338181818182,,0.0412558869701727,,47.1279,,,,,,,,,,,4.2667,0.14883026381284223,,0.006194164429814649,,,,0.06057277057715742,,0.040743801652892556,,,,,,892.5,,,,20.2137,,1.6713072424091588e-08,11.9565,0.4131,1.7713453132588637,,,0.0014021908422219341,,,,,1.3384800000000001,,
1995-08-31,,,,,0.0022065982604998844,,29.0,,64.3032,,0.83,,,,0.12169415490170205,3.9231,,,,,9.8765,,0.0061551724137931035,,,0.9346714074074074,,,0.52,,0.5554285714285716,,3.992105869771413e-07,0.0012941176470588236,0.08168944516864916,,4.851226961459818e-05,,0.21333333333333335,,,,0.0067624142428977145,,,,3.5143,,,2.098644,,,,32.0901,0.06372654891092124,0.031842105263157894,,,,,,,0.05137662339559184,,0.9354162162162163,0.16175067664962917,,,,,,,,,,,,,,,,,2.4,,,,,,0.16010174822879705,0.10644490644490644,,,,,,,,,,3.9872,,,,,,,,,0.011173665403057852,,,,,,,,,,,,,,2.2371,,,,18.75,,,,1.1436,,520.8592,,,,,,30.0,,,,,0.4761904761904763,,,,,,,4.8148,,,0.043183642559636505,3896.26,3896.26,0.19248082979597422,,0.01737183868762817,0.20112233445566782,0.011281609195402298,,13.2,7.52,,,0.006027888097307392,,,,,0.1905,0.2014,,,,,,7.3429,0.011135722322790954,,,,,3949.8201,0.0455,0.018070950888192265,,,,,0.00012136104289869567,,3.2301,,14.492378616969102,,1.9207,44.096788078417944,,,,0.00019020273064762443,3949.8201,3.9750428361438597,,,,0.19370288248337034,,,,,,,,,,2.8497779157642565e-07,0.005309200603318252,0.02,,,0.5929411764705882,0.024927370026620113,,,13.54077727352068,9.6667,,,,,,14.225577237636307,,,,4.5782551898254386e-08,,200.0,,,,,,,,,,,,,,,1242.9,1242.9,40.303,,2758.95,,,0.24303161551853156,,,,3.1966000000000006,0.00010148547089831647,5.8,0.004308536456684604,,,,,,20.4077,,,0.49645047272727255,,,,,0.0009933430303030305,,0.04400627943485089,,44.3959,,,,,,,,,,,4.4267,0.1831757093081135,,0.005829604623703247,,,,0.06285853550459732,,0.04115535520494198,,,,,,817.5,,,,19.3453,,1.9284314335490295e-08,11.7391,0.4348,1.7530840213695973,,,0.001577464697499676,,,,,1.3731046153846154,,
1995-09-30,,,,,0.0023169281735248783,,28.6667,,62.8078,,0.82,,,,0.12169415490170205,3.7692,,,,,8.9506,,0.006806896551724138,,,0.9346714074074074,,,0.64,,0.5554285714285716,,4.5243866524076014e-07,0.0012941176470588236,0.08168944516864916,,0.00010538872364550637,,0.22,,,,0.006987873133755922,,,,3.2571,,,2.1432960000000003,,,,30.938,0.05960635139613529,0.034736842105263156,,,,,,,0.05296969697295239,,0.8697729729729731,0.1587471255834174,,,,,,,,,,,,,,,,,1.9799999999999998,,,,,,0.12942483858512704,0.10644490644490644,,,,,,,,,,3.8812,,,,,,,,,0.0121894531669722,,,,,,,0.22305074257425747,,,,,,,1.9373,,,,18.75,,,,1.1735,,504.5155,,,,,,30.0,,,,,0.4682539682539683,,,,,,,4.8889,,,0.05103521393411588,3750.6799,3750.6799,0.21692283992879635,,0.01737183868762817,0.19106621773288443,0.013017241379310344,,13.4,7.33,,,0.0059073303353612445,,,,,0.1823,0.2069,,,,,,6.9857,0.01392149048142975,,,,,3881.21,0.0431,0.016379049111807733,,,,,0.0001577693557683044,,4.0053,,14.029328102010789,,2.0835,43.54560205170826,,,,0.00021206511348068473,3881.21,3.673487862367429,,,,0.23467849223946785,,,,,,,,,,3.221488078690029e-07,0.004778280542986427,0.018,,,0.6670588235294118,0.024927370026620113,,,,8.1667,,,,,,13.989782280223729,,,,5.493906227790527e-08,,198.1818,,,,,,,,,,,,,,,1152.5,1152.5,40.303,,2629.25,,,0.23720226904646063,,,,3.525622222222222,9.79979976715702e-05,5.8,0.00408568112271816,,,,,,20.95,,,0.438041958041958,,,,,0.0009933430303030305,,0.04675667189952906,,43.0298,,,,,,,,,,,4.16,0.1831757093081135,,0.005829604623703247,,,,0.05828700564971753,,0.04691710493363385,,,,,,870.0,,,,18.0428,,1.7998693379790938e-08,10.8696,0.4348,1.7530840213695973,,,0.0014021908422219341,,,,,1.465403076923077,,
1995-10-31,,,,,0.0025375879995748665,,28.0,,59.8169,,0.82,,,,0.12169415490170205,3.8077,,,,,9.2593,,0.006517241379310345,,,0.9451076962962962,,,0.5599999999999999,,0.49371428571428577,,4.790527043725695e-07,0.0018823529411764709,0.09076786550839172,,9.869737611245838e-05,,0.19999999999999998,,,,0.006536955352039506,,,,2.9714,,,2.400045,,,,30.4636,0.057552457755481436,0.031842105263157894,,,,,,,0.05137662339559184,,0.8205405405405407,0.14681693673300972,,,,,,,,,,,,,,,,,1.7999999999999998,,,,,,0.11269968906416568,0.09461769461769463,,,,,,,,,,3.5275,,,,,,,,,0.014221028694800898,,,,8.9264,,,0.17931530285381483,,,,,,,1.6144,,,,17.8241,,,,1.2273,,512.6874,,,,,,30.0,,,,,0.4523809523809525,,,,,,,3.2593,,,0.09421885649375238,3484.97,3484.97,0.22303334246200193,,0.01634996582365005,0.17095398428731765,0.011715517241379309,,13.8,6.95,,,,,,,,0.1769,0.1905,,,,,,6.7714,0.01392149048142975,,,,,3464.25,0.0371,0.013787199582027168,,,,,0.00023058598150752188,,4.3067,,13.91356547327121,,2.0292,38.58474336535562,,,,0.00016178163296464608,3464.25,3.421776685909417,,,,0.19370288248337034,,,,,,,,,,2.8497779157642565e-07,0.004512820512820515,0.017,,,1.1117647058823528,0.02942246953961718,,,14.415719805040482,7.6667,,,,,,13.361037993373866,,,,4.5782551898254386e-08,,159.2727,,,,,,,,,,,,,,,1111.4,1111.4,36.3636,,2460.73,,,0.21777111413955783,,,,3.4316333333333335,9.625426105819704e-05,5.9,0.003862825788751715,,,,,,20.4077,,,0.4497201566433566,,,,,0.0009292266666666668,,0.0412558869701727,,40.2978,,,,,,,,,,,3.7333,0.17172722747635638,,0.0051013230800002396,,,,0.051429710867397796,,0.050209533350029215,,,,,,725.0,,,,17.8257,,1.6713072424091588e-08,9.3478,0.4131,1.5704711024769307,,,0.001489827769860805,,,,,1.3500046153846155,,
1995-11-30,,,,,0.0022065982604998844,,26.3333,,60.5646,,0.81,,,,0.11969916875577248,3.8461,,,,,9.2593,,0.005648275862068965,,,0.8827525111111111,,,0.44,,0.4525714285714287,,4.2582462610895087e-07,0.0018823529411764709,0.08168944516864916,,9.535170234593434e-05,,0.17333333333333334,,,,0.006086172818607941,,,,2.7714,,,2.1209700000000002,,,,27.4816,0.054468514736131124,0.031842105263157894,,,,,,,0.04858874459140136,,0.7745902702702703,0.13936056870150496,,,,,,,,,,,,,,,,,1.62,,,,,,0.11269968906416568,0.1025025025025025,,,,,,,,,,3.3154,,,,,,,,,0.011173665403057852,,,,6.6948,,,0.16619467093768203,,,,,,,1.6144,,,,17.3611,,,,1.1675,6.4769,488.1718,,,,,,25.0,,,,,0.44444444444444453,,,,,,,3.6296,,,0.06673835668307462,3440.7,3440.7,0.19859133232917978,,0.015328092959671915,0.17095398428731765,0.009979885057471263,,13.4,6.85,,,0.006027888097307392,,,,,0.166,0.166,,,,,,6.2714,0.01392149048142975,,,,,3105.3701,0.03,0.011231347962382444,,,,,0.00018667537036406287,,4.1345,,13.158352133398726,,1.9478,39.13592939206531,,,,0.00014866420326480992,3105.3701,3.219909306769823,,,,0.16017738359201775,,,,,,0.3950000000000001,,,,2.6639228343013706e-07,0.003981900452488688,0.016,,,1.1117647058823528,0.02942246953961718,,,15.540645916994507,8.0,,,,,,11.396164547436413,,,,4.3493424303341656e-08,,168.7273,,,,,,,,,,,,,,,1107.5,1107.5,32.3636,,2442.1599,,,0.21194176766748699,,,,3.055555555555556,9.102305121807763e-05,5.8333,0.003639970454785269,,,,,,19.5942,,,0.33291188811188804,,,,,0.0008971684848484848,,0.03575510204081633,,38.5903,,,,,,,,,,,3.84,0.14883026381284223,,0.004736763273888837,,,,0.040000886230198304,,0.048563319141831526,,,,,,737.5,,,,17.1744,,1.414183051269288e-08,9.5652,0.3913,1.3878581835842643,,,0.0013145539145830634,,6.200452376958856e-08,,,1.2922799999999999,,
1995-12-31,,,,,0.0019859384344498962,,27.3333,,65.7986,,0.81,,,,0.1236891410476316,3.8461,,,,,9.8765,,0.005793103448275862,,,0.8620112074074073,,,0.52,,0.4525714285714287,,3.72596547845332e-07,0.0027058823529411765,,,0.00011542574494507842,,0.17333333333333334,,,,0.006536955352039506,,,,2.7714,,,2.1432960000000003,,,,30.7347,0.06063640077483176,0.034736842105263156,,,,,,,0.049385281380081636,,0.7548972972972975,0.14160798103776132,,,,,,,,,,,,,,,,,,,,,,,0.10432863299054049,0.1025025025025025,0.94,,,,,,,,,3.2093,,,,,,,,,0.011173665403057852,,,,7.1005,,,0.1640078989516599,,,,,,,1.9373,,,,16.4352,,,,1.3889,6.324,512.6874,,,,,,29.0,,,,,0.44444444444444453,,,,,,,4.0741,,,0.05888678530859524,3636.6101,3636.6101,0.21692283992879635,,0.01634996582365005,0.15084175084175086,0.008244252873563217,,14.2,6.85,,,0.006027888097307392,,,,,0.185,0.1905,,,,,,6.2714,,,,,,3229.6799,0.0279,0.01018740856844305,1.237825470510112,,,,0.0001588726556289897,,4.1775,,14.60814124570868,,2.0563,39.962739173124085,,,,0.00013991925013158584,3229.6799,3.1202217121329863,,,,0.1825277161862528,,,,,,,,,,2.6639228343013706e-07,0.0037164404223227767,0.015,,,0.8152941176470588,0.038514829918179436,,,14.290728014823365,9.0,,,,,,11.789139236623903,,,,4.5782551898254386e-08,,210.9091,,,,,,,,,,,,,,,1192.7,1192.7,33.4545,,2594.1799,,,0.21388488315817727,,,,3.666666666666667,7.532942169771944e-05,5.8,0.003454257676479898,,,,,,20.2721,,,0.2847272727272727,,,,,0.0008490812121212121,,0.03437990580847725,,35.1752,,,,,,,,,,,4.0,0.16027874564459932,,0.004736763273888837,,,,0.04800106347623796,,0.04444778362133735,,,,,,712.5,,,,17.1744,,1.5427451468392234e-08,11.3043,0.4131,1.314813016027198,,,0.0014021908422219341,,6.576312526500327e-08,,,1.5000276923076923,,
1996-01-31,,,,,0.0019859384344498962,,29.3333,,71.7803,,0.81,,,,0.14762897479878606,4.2308,,,,,10.3395,,0.00586551724137931,,,0.9139301037037038,,,0.48,,0.4114285714285715,,6.38736939163426e-07,0.004941176470588235,0.07442997647466186,,0.00010538872364550637,5.2513,0.17333333333333334,,,,0.006086172818607941,,,,2.9143,,,2.67912,,,,36.9697,0.06474418805613946,0.031842105263157894,,,,,,,0.05058008660691157,,0.7548972972972975,0.14234311591410684,,,,,,,,,,,,,,,,,,,,,,,0.11548155977556289,0.10644490644490644,1.225,,,,,,,,,3.5982,,,,,,,,,0.011173665403057852,,,,8.2163,,,0.16619467093768203,,,,,,,2.4216,,,,19.7222,,,,1.6222,7.3178,594.4059,,,,,,27.5,,,,,0.4761904761904763,,,,,,,4.7407,,,0.08244149943203333,4088.73,4088.73,0.2413648500616185,,0.015328092959671915,0.13072951739618408,0.009979885057471263,,16.8,8.85,,,,,,,,0.1823,0.185,,,,,,7.0571,0.011135722322790954,,,,,3333.9299,0.03,0.01079937304075235,1.237825470510112,,,,0.00016681628841043914,,3.6177,,15.423992153016185,,2.3277,46.30165514923365,,,,0.00014866420326480992,3333.9299,,,,,0.18066518847006655,,,,,,,,,,2.8497779157642565e-07,0.0037164404223227767,0.014,,,0.8894117647058823,0.054452000918805414,,,12.54084295178377,9.6667,,,,,,13.099046413998806,,,,4.5782551898254386e-08,,254.5455,,,,,,,,,,,,,,,1277.2,1277.2,39.2727,,2885.76,,,0.22360046061162867,,,,3.9722222222222223,6.835447524422688e-05,5.8667,0.0035285427878020467,,,,,,21.4923,,,0.2891076923076922,,,,,0.0009773139393939392,,0.027503924646781794,,40.6393,,,,,,,,,,,4.2133,0.14883026381284223,,0.004736763273888837,,,,0.04342953362135815,,0.04197846230904082,,,,,,835.0,,,,17.1744,,1.6713072424091588e-08,12.6087,0.3913,1.2052452646915983,,,0.0013145539145830634,,,,,1.6846246153846154,,
1996-02-29,,,,,0.001875608521424901,,29.3333,,71.0326,,0.81,,,,0.1496239609447156,4.1539,,,,,10.9568,,0.005793103448275862,,,0.9035594518518518,,,0.52,,0.4114285714285715,,5.322807826361886e-07,0.0051764705882352945,0.09076786550839172,,0.00010037021299572035,4.9512,0.19333333333333333,,,,0.005860713927749733,,,,2.8,,,2.90238,,,,35.6143,0.05960635139613529,0.034736842105263156,,,,,,,0.05774891774884353,,0.7548972972972975,0.15425230091090467,,,,,,,,,,,,,,,,,1.6799999999999997,,,,,,0.10711898501508221,0.11038731038731042,1.625,,,,,,,,,3.8812,,,,,,,,,0.02397259122837866,,,,8.7235,,,0.18368884682585906,,,,,,,2.5946,,,,17.2222,,,,1.7778,7.6236,586.234,,,,,,30.0,,,,,0.5714285714285715,,,,,,,4.8889,,,0.0706641423703143,4035.5601,4035.5601,0.25358585512802956,,0.015328092959671915,0.13072951739618408,0.00867816091954023,,20.8,9.04,,,0.006027888097307392,,,,,0.1878,0.1932,,,,,,7.4857,0.011135722322790954,,,,,3084.75,0.0259,0.015599999999999998,0.9138633356500435,,,,0.00016284447201971443,,3.6177,,16.465855811672387,,2.3277,44.372411832767035,,,,0.00016178163296464608,3084.75,,,,,0.16762749445676275,,,,,,,,,,2.8497779157642565e-07,0.003981900452488688,0.015,,,0.8152941176470588,0.0476071902967417,,,12.665834742000884,8.5,,,,,,11.317574681548956,,,,5.0360807088079824e-08,,269.0909,,,,,,,,,,,,,,,1328.3999,1328.3999,40.3636,,2882.6001,,,0.21194176766748699,,,,5.744444444444445,6.835447524422688e-05,6.5333,0.003788540677429566,,,,,,21.0856,,,0.2584447552447552,,,,,0.001233595151515151,,0.030254317111459973,,37.9072,,,,,,,,,,,4.1067,0.17172722747635638,,0.00546588288611164,,,,0.04800106347623796,,0.03827448034059604,,,,,,772.5,,,,16.9573,,1.5427451468392234e-08,12.1739,0.6957,1.0226323457989317,,,0.0014021908422219341,,,,,1.8923215384615384,,
1996-03-31,,,,,0.0020962683474748897,,28.3333,,76.2665,,0.85,,,,0.14563398865285657,3.8461,,,,,13.1173,,0.006372413793103449,,,0.9035594518518518,,,0.52,,0.5348571428571429,,4.790527043725695e-07,0.004941176470588235,0.09984083988512299,,9.033319169614834e-05,4.5761,0.24,,,,0.006536955352039506,,,,2.6571,,,3.01401,,,,37.5119,0.05241462109547729,0.03763157894736841,,,,,,,0.05376623376163265,,0.6892540540540542,0.19310943008916903,,,,,,,,,,,,,,,,,1.7999999999999998,,,,,,0.10154676227914328,0.1025025025025025,1.7,,,,,,,,,3.8104,,,,,,,,,0.021737858147767092,,,,7.7092,,,0.1705682149097263,,,,,,,2.8252,,,,17.7778,,,,1.5444,6.9356,520.8592,,,,,,31.5,,,,,0.5396825396825398,,,,,,,4.5185,,,0.07458992805755396,3918.04,3918.04,0.23830959879501573,,0.015328092959671915,0.14078563411896744,0.010847701149425286,,21.2,8.66,,,0.009041832145961087,,,,,0.2069,0.2178,,,,,,7.2714,0.01392149048142975,,,,,3110.8101,0.0236,0.013945454545454544,0.8824341733128728,,,,0.00015092902284754016,,3.187,,17.860519862677783,,2.2192,42.71879227064949,,,,0.0001442917266981979,3110.8101,,,,,0.15458980044345902,,,,,,0.3925940909090909,,,,2.8497779157642565e-07,0.004512820512820515,0.017,,,0.9635294117647059,0.0476071902967417,,,12.603338846892328,7.5,,,,,,10.688805034948887,,,,4.5782551898254386e-08,,249.0909,,,,,,,,,,,,,,,1463.8,1463.8,37.4545,,2900.75,,,0.22165734512093843,,,,5.744444444444445,6.486700201748063e-05,6.4333,0.0035656853434631202,,,,,,21.4923,,,0.18397762237762236,,,,,0.001201629090909091,,0.02695384615384616,,35.1752,,,,,,,,,,,4.16,0.21752115480338477,,0.0051013230800002396,,,,0.04057232746205827,,0.04033224810084314,,,,,,710.0,,,,16.9573,,1.414183051269288e-08,11.087,0.6087,0.7487129674599321,,,0.0016651016251385466,,,,,1.98462,,0.0023891411571160402
1996-04-30,,,,,0.0019859384344498962,,31.6667,,76.2665,,0.88,,,,0.169573822404011,3.9231,,,,,12.5,,0.008979310344827587,,,0.9451076962962962,,,0.48,,0.4443428571428572,,4.790527043725695e-07,0.0042352941176470585,0.09076786550839172,,8.029617039657628e-05,5.0263,0.2333333333333333,,,,0.005297269573031495,,,,2.9143,,,3.2372700000000005,,,,36.1564,0.05241462109547729,0.040526315789473674,,,,,,,0.05934199137001361,,0.6892540540540542,0.19607097344816107,,,,,,,,,,,,,,,,,2.82,,,,,,0.0959660582300598,0.1025025025025025,1.75,,,,,,,,,4.1287,,,,,,,,,0.020722070383852743,,,,9.3321,,,0.1858756188118812,,,,,,,3.1135,,,,18.8889,,,,1.5444,8.6939,512.6874,,,,,,47.0,,,,,0.5555555555555556,,,,,,,5.4074,,,0.0706641423703143,4036.3601,4036.3601,0.2841383677940572,,0.015328092959671915,0.15084175084175086,0.00867816091954023,,22.0,10.23,,,0.009041832145961087,,,,,0.2123,0.2178,,,,,,7.4857,0.012992901095216818,,,,,3209.8899,0.0221,0.013059090909090909,0.896939940545413,,,,0.00013901357367536606,,3.187,,19.139421284943598,,2.6533,43.269978297359174,,,,0.00014866420326480992,3209.8899,,,,,0.1750776053215078,,,,,,,,,,3.035632997227143e-07,0.0042473604826546016,0.016,,,0.8894117647058823,0.049854740053240226,,,12.665834742000884,7.5,,,,,,14.251773859598792,,,,5.0360807088079824e-08,,283.6364,,,,,,,,,,,,,,,1472.5,1472.5,46.5455,,2937.98,,,0.23720226904646063,,,,6.416666666666667,8.927931460470452e-05,7.4,0.003639970454785269,,,,,,25.2888,,,0.20675580419580414,,,,,0.001233595151515151,,0.03437990580847725,,31.4186,,,,,,,,,,,4.0533,0.2060726729716277,,0.0065587242359260505,,,,0.04285809238949818,,0.03909758744469488,,,,,,665.0,,,,18.9112,,1.6713072424091588e-08,11.5217,0.6087,0.7487129674599321,,,0.0016651016251385466,,,,,2.9077061538461537,,0.002150227041404437
1996-05-31,,,,,0.0019859384344498962,,34.0,,79.2574,,0.9,,,,0.20747855917667235,4.0769,,,,,13.8889,,0.01013793103448276,,,1.0593161407407405,,,0.6,,0.4525714285714287,,4.5243866524076014e-07,0.004,0.08168944516864916,,6.691347533048023e-05,5.3263,0.2733333333333333,,,,0.004508231079170189,,,,4.0857,,,2.846565,,,,37.783,0.05139077683351994,0.026052631578947365,,,,,,,0.06372294375156463,,0.7942832432432433,0.21024857463482508,,,,,,,,,,,,,,,,,2.94,,,,,,,0.11038731038731042,1.925,,,,,,,,,5.0304,,,,,,,,,0.02133154304220135,,,,11.3609,,,0.21867719860221319,,,,,,,3.6324,,,,21.1111,,,,2.5556,10.6816,659.7806,,,,,,52.5,,,,,0.6904761904761906,,,,,,,5.4074,,,0.07458992805755396,4483.7002,4483.7002,0.31774613172668764,,0.014306220095693788,0.13072951739618408,0.009112068965517242,,25.2,10.0,,,0.009041832145961087,,,,,0.2233,0.2342,,,,,,7.9143,,,,,,3094.8501,0.019,0.011640909090909089,0.896939940545413,,,,0.00012312630811246698,,3.3593,,21.002648357037764,,3.3045,43.54560205170826,,,0.08329521951219514,0.00013773301184827975,3094.8501,,,,,0.16762749445676275,,,,,,,,,,3.035632997227143e-07,0.003450980392156864,0.013,,,0.9635294117647059,0.05220445116230688,,,12.54084295178377,8.5417,,,,,,12.994234566398656,,,,5.0360807088079824e-08,,336.3636,,,,,,,,,,,,,,,1643.2001,1643.2001,50.1818,,3250.26,,,0.22748669159300924,,,,6.875000000000001,8.927931460470452e-05,7.8,0.003677113010446343,,,,,,30.9835,,,0.197994965034965,,,,,0.0012496242424242425,,0.03162951334379907,,34.5605,,,,,,,,,,,4.096,0.12593330014932802,,0.0065587242359260505,,,,0.042286651157638196,,0.039509140996744296,,,,,,755.0,,,,23.253,,1.5427451468392234e-08,12.8261,0.6087,0.6208839242350656,,,0.0014021908422219341,,,,,3.3692492307692308,,0.0030103178579662113
1996-06-30,,,,,0.0022065982604998844,,31.5,,77.762,,0.9,,,,0.21745348990632005,3.7692,,,,,14.5062,,0.008979310344827587,,,0.9762196518518519,,,0.68,,0.4525714285714287,,5.05666743504379e-07,0.00411764705882353,0.0726110248289066,,0.00010706156052876839,5.1763,0.3,,,,0.004327945115454537,,,,4.3143,,,2.4558600000000004,,,,38.5962,0.05960635139613529,0.031842105263157894,,,,,,,0.06969696971047619,,0.708947027027027,0.21024857463482508,,,,,,,,,,,,,,,,,2.73,,,,,,0.08202277942049566,0.11038731038731042,1.875,,,,,,,,,4.5884,,,,6.1204,,,,,0.023566276122812927,,,,11.158,,,0.19899625072801402,,,,,,,3.7189,,,,19.4444,,,,2.6722,10.5287,643.437,,,,,,54.0,,,,,0.7301587301587303,4.043106617647059,,,,,,5.2593,,,0.0902930708065127,4457.5498,4457.5498,0.29941462412707104,,0.028612440191387575,0.16089786756453425,0.009979885057471263,,24.8,9.33,,,0.011603684587316733,,,,,0.2178,0.2342,,,,,,7.7,0.01485007986764268,,,,,3231.9399,0.0217,0.013177272727272727,0.8824341733128728,,,,0.00016284447201971443,,3.3593,,19.839509563511527,,3.1688,42.71879227064949,,,0.12457097560975612,0.00013773301184827975,3231.9399,,,,,0.15086474501108646,,,,,,,,,,3.593198241615801e-07,0.0031855203619909514,0.013,,,1.0376470588235291,0.049854740053240226,,,12.54084295178377,10.0,,,,,,12.88947343829892,,,,5.95173174677307e-08,,318.1818,,,,,,,,,,,,,,,1697.2999,1697.2999,47.2727,,3275.26,,,0.21777111413955783,,,,6.111111111111112,7.009821185760003e-05,7.6667,0.0037142555661074175,,,,,,30.3327,,,0.187481958041958,,,,,0.0011695709090909093,,0.030254317111459973,,33.0578,,,,,,,,,,,4.352,0.14883026381284223,,0.009473526547777673,,,,0.03485791514345852,,0.04280156941313966,,,,,,780.0,,,,21.2992,,1.9284314335490295e-08,12.1739,1.0,0.5752306945118991,,,0.001577464697499676,,,,,3.1384523076923077,,0.00291475221168157
1996-07-31,,,,,0.001875608521424901,,29.0,,77.762,,0.86,,,,0.20548357303074277,3.3846,,,,,14.0432,,0.008255172413793104,,,0.8931888,,,0.64,,0.3702857142857144,,5.322807826361886e-07,0.0037647058823529417,0.18153028505377214,,7.695049663005227e-05,4.9512,0.35000000000000003,,,,0.004508231079170189,,,,4.2571,,,1.9870140000000003,,,,35.8853,0.06791500270983768,0.028947368421052624,,,,,,,0.0657142857232653,,0.6498681081081082,0.21400826443099227,,,,,,,,,,0.0023368449953251507,,,,,,,2.61,,,,,,0.11827191180010464,0.13404173404173406,1.775,,,,,,,,,4.1287,,,,5.4729,,,,,0.021534700594984225,,,,9.9408,,,0.18150207483983694,,,,,,,3.3557,,,,17.2222,,,,2.1667,8.6939,643.437,,,,,,46.0,,,,,0.6587301587301588,3.3896752450980396,,,,,,4.6667,,,0.09421885649375238,4089.3201,4089.3201,0.5132822127892647,,0.02043745727956256,0.14078563411896744,0.019959770114942526,,23.6,8.66,,,0.011603684587316733,,,,,0.1796,0.196,,,,,,7.3429,0.0174471900243332,,,0.07973762524967397,,2640.8701,0.0183,0.010813636363636362,0.8510050109757019,,,,0.00025816806539710816,,2.9717,,18.880333496812163,,2.9463,38.69498057069756,,,0.14874146341463415,0.0001158706290152195,2640.8701,,,,,0.11920177383592018,,,,,,0.4249122727272728,,,,4.1507634860044606e-07,0.0031855203619909514,0.011,,,1.26,0.049854740053240226,,,12.54084295178377,8.75,,,,,,12.575063255248681,,,,5.493906227790527e-08,,298.1818,,,,,,,,,,,,,,,1610.5,1610.5,40.0,,3028.3401,,,0.19248691623020983,,,,5.194444444444445,5.789205556398807e-05,6.8,0.004011396011396012,,,,,,27.8921,,,0.16645594405594402,,,,,0.0010733963636363635,,0.027503924646781794,,28.1743,,,,,,,,,,,4.16,0.13738178198108514,,0.008745245004074665,,,,0.026743449651046858,,0.0477402120377327,,,,,,762.5,,,,22.6018,,1.5427451468392234e-08,10.0,0.9565,0.5113161728994658,,,0.0014021908422219341,,,,,2.676909230769231,,0.002771403742254607
1996-08-31,,,,,0.0017652786083999076,,30.5,,87.4823,,0.86,,,,0.2274284206359677,3.65,,,,,15.5093,,0.00883448275862069,,,0.8931888,,,1.0,,0.333257142857143,,5.05666743504379e-07,0.003411764705882353,0.1742708163597849,,7.695049663005227e-05,4.9,0.35000000000000003,,,,0.0047336899700284,,,,4.7143,,,1.7191020000000004,,,,37.2408,0.06446495780287834,0.027499999999999997,,,,,,,0.06531601732892518,,0.662996756756757,0.208778304882134,,,,,,,,,,0.0025211826690626363,,,,,,,2.9099999999999997,,,,,,0.10990933703962395,0.11038731038731042,1.9,,,,,,,,,4.3055,,,,5.6579,,,,,0.022550488358898578,,,,10.3465,,,0.1771285308677927,,,,,,,3.1827,,,,18.6111,,,,2.1511,8.541,578.0621,,,,,,48.5,,,,,0.6587301587301588,3.7163909313725485,,,,,,4.7407,,,0.08244149943203333,4348.96,4348.96,0.5438347254552923,,0.02043745727956256,0.14078563411896744,0.015186781609195402,,24.4,8.95,,,0.010443316128585057,,,,,0.2178,0.2396,,,,,,7.4857,0.012992901095216818,,,0.08280445699004606,,3061.73,0.0177,0.010813636363636362,,,,,0.00023830898344348453,,3.187,,20.914448258950465,,2.9463,37.97840799498072,,,,0.00011149815244860747,3061.73,,,,,0.11920177383592018,,,,,,0.4213213636363637,,,,4.1507634860044606e-07,0.0031855203619909514,0.012,,,1.1117647058823528,0.0476071902967417,,,13.165801902869342,8.75,,,,,,13.413405877548632,,,,6.409557265755613e-08,,318.1818,,,,,,,,,,,,,,,1692.0,1692.0,41.8182,,3220.71,,,0.20999865217679667,,,,4.155555555555556,4.6557767577062696e-05,6.9333,0.004011396011396012,,4.0,,,,29.3564,,,0.16820811188811186,,,,,0.0010253090909090909,,0.027503924646781794,,31.1796,,,,,,,,,,,4.032,0.14883026381284223,,0.008745245004074665,,,,0.026514873158302872,,0.05761749728691876,,,,,,792.5,,,,22.3847,,1.5427451468392234e-08,11.5217,1.087,0.4382710053423993,,,0.0013145539145830634,,,,,3.046153846153846,,0.004396019729093515
1996-09-30,,,,,0.001875608521424901,,29.0,,97.5763,,0.88,,,,0.23141839292782684,3.4,,,,,14.8148,,0.008544827586206897,,,0.9035594518518518,,,1.36,,0.3908571428571429,,5.05666743504379e-07,0.002,0.15430046999755578,,6.524063844721823e-05,4.7,0.3333333333333333,,,,0.0054099313943181725,,,,5.1143,,,1.6074720000000005,,,,36.9697,0.06618377513961889,0.028947368421052624,,,,,,,0.0625281385247347,,0.6433037837837838,0.1915971526292582,,,,,,,,,,0.00315146040115864,,,,,,,2.76,,,,,,0.10154676227914328,0.10644490644490644,1.95,,,,,,,,,3.9519,,,,5.3804,,,0.08313549832026876,,0.024175748781161525,,,,8.1149,,,0.17931530285381483,,,,,,,3.2865,,,,17.5,,,,2.0889,7.7001,561.7184,,,,,,49.5,,,,,0.6111111111111113,3.5938725490196077,,,,,,5.1852,,,0.0902930708065127,4294.5298,4294.5298,0.4582876899904149,,0.022481203007518814,0.14078563411896744,0.013017241379310344,,26.5,7.9,,,0.011392708503910973,,,,,0.2123,0.2233,,,,,,7.4143,0.011321930220817823,,,0.07360396176892982,,2934.25,0.0163,0.00963181818181818,0.77364091906882,,,,0.00025816806539710816,,3.3593,,20.914448258950465,,2.7876,36.90351839041123,,,,9.94738418904243e-05,2934.25,,,,,0.11920177383592018,,,,,,0.45486045454545454,,,,4.3366185674673465e-07,0.002654600301659126,0.01,,,1.1858823529411764,0.0476071902967417,,,12.790826532217999,7.9167,,,,,,11.527147657248841,,,,8.24085934168579e-08,,314.5454,,,,,,,,,,,,,,,1643.9,1643.9,42.5454,,3169.78,,,0.21194176766748699,,,,3.9722222222222223,5.614831895061494e-05,6.8,0.00408568112271816,,3.3077,,,,28.5429,,,0.16645594405594402,,2.297175925925926,,,0.0010573672727272727,,0.03575510204081633,,29.6769,,,,,,,,,,,3.904,0.16027874564459932,,0.008745245004074665,,,,0.02445768472360696,,0.06667167543200601,,,,,,815.0,,,,21.0821,,1.5427451468392234e-08,11.5217,1.1739,0.4382710053423993,,,0.001577464697499676,,,,,2.400013846153846,,0.006570138182069111
1996-10-31,,,,,0.0024272580865498735,,26.5,,93.09,,0.86,,,,0.23341337907375634,3.15,,,,,12.963,,0.007241379310344827,,,0.8931888,,,1.5599999999999998,,0.41965714285714295,,5.05666743504379e-07,0.002235294117647059,0.20331413709874524,,6.356780156395624e-05,4.6,0.3133333333333333,,,,0.004508231079170189,,,,4.7143,,,1.89771,,,,38.054,0.06504203365961797,0.026052631578947365,,,,,,,0.06890043292179591,,0.5907891891891893,0.17666341271263875,,,,,,,,,,0.002687656913821476,,,,,,,2.16,,,,,,0.10432863299054049,0.11038731038731042,1.9,,,,,,,,,3.5275,,,,4.9179,,,0.08600223964165735,,0.02275364591168144,,,,7.9526,,,0.17275498689574842,,,,,,,3.0789,,,,17.5,,,,1.7,7.7765,553.5466,,,,,,57.0,,,,,0.5873015873015874,3.3079963235294114,,,,,,5.1111,,,0.07851571374479364,4064.55,4064.55,0.4155141722579762,,0.028612440191387575,0.18101010101010104,0.013451149425287355,,24.75,6.95,,,0.011392708503910973,,,,,0.2505,0.2669,,,,,,7.9143,0.01392149048142975,,,0.0690037141583717,,3436.9099,0.0243,0.014359090909090906,0.8195758486385313,,,,0.00019859081953623703,,3.4454,,19.607984306032368,,2.7347,37.62009096612807,,,,0.00019238896893093054,3436.9099,,,,,0.10988913525498895,,,,,,0.4787759090909091,,,,4.3366185674673465e-07,0.002654600301659126,0.01,,,1.0376470588235291,0.05220445116230688,,,14.040744434389136,6.4167,,,,,,11.527147657248841,,,,7.783033822703246e-08,,220.0,,,,,,,,,,,,,,,1488.6,1488.6,41.0909,,2964.0,,,0.22165734512093843,,,,3.1166666666666667,5.353271403055524e-05,6.5333,0.004234251345362456,,2.8846,,,,26.4603,,,0.16645594405594402,,2.1025,,,0.0010253090909090909,,0.03300470957613815,,35.6875,,,,,,,,,,,3.584,0.14883026381284223,,0.008745245004074665,,,,0.02148619031793508,,0.12140829785457884,,,,,,787.5,,,,20.6479,,1.5427451468392234e-08,10.4348,1.0,0.3907916464303061,,,0.0016651016251385466,,,,,2.2615153846153846,,0.00943710757060836
1996-11-30,,,,,0.0020962683474748897,,25.5,,100.941,,0.86,,,,0.2274284206359677,2.7,,,,,13.1944,1010.6,0.00883448275862069,1010.6,,0.9243007555555555,,,1.3199999999999998,,0.4525714285714287,,4.790527043725695e-07,0.0017647058823529412,0.22873044647221769,,7.025914909700425e-05,4.5,0.3333333333333333,,,,0.0042829074365968375,,,,4.7143,,,1.7860800000000001,,,,47.5421,0.09640269365920862,0.027499999999999997,,,,,,,0.0708917748934966,,0.6367394594594596,0.17666341271263875,,,,,,,,,,0.0024646868846422165,,,,,,,2.64,,,,,,0.13779589465875225,0.11038731038731042,1.8,,,,,,,,,3.5275,,,,4.9179,,,0.08313549832026876,,0.022144173253332837,,,,7.3034,,,0.18150207483983694,,,1042.97,1042.97,,,3.2173,,,,18.0555,,,,1.5911,7.9294,545.3748,,,,,,54.5,,,,,0.5634920634920635,3.634712009803921,,,,,,6.0,,,0.11777357061719047,4233.1299,4233.1299,0.4643981925236204,,0.024524948735475064,0.18101010101010104,0.011715517241379309,,26.0,6.85,,,0.011012951553780608,,,,,0.2997,0.3051,,,,,,7.9143,0.016891016434174004,,,0.07130383796365078,,3587.8799,0.0217,0.013177272727272727,0.8655107782082424,,,,0.0003177453112579794,,3.3162,,20.478960274644432,,2.7876,37.26183541926389,,,,0.00024485868773027516,3587.8799,,,,,0.139689578713969,,,,,,0.4787759090909091,,,,4.894183811856006e-07,0.002654600301659126,0.01,,,1.408235294117647,0.07141078544511252,,,15.29066233656028,7.0833,,,,,,10.479232059249002,,,,7.783033822703246e-08,,238.1818,,,,,,,,,,,,,,,1551.05,1551.05,39.6364,,3090.1599,,,0.20805553668610638,,,,3.238888888888889,6.312326540410748e-05,6.6,0.006982800464281947,,2.7308,,,,24.638,,,0.18397762237762236,,2.1025,,,0.001201629090909091,,0.03575510204081633,,37.1901,,,,,,,,,,,4.032,0.13738178198108514,,0.008016125391851862,,,,0.02377195524537499,,0.10494615577260205,,,,,,767.5,,,,19.8664,,2.1855556246889002e-08,11.3043,1.0,0.5113161728994658,,,0.0016651016251385466,,,,,2.5384615384615383,,0.010273306975598969
1996-12-31,,,,,0.0020962683474748897,,28.5,,98.6978,,0.88,,,,0.21745348990632005,2.65,,,,,13.8889,1019.48,0.007096551724137932,1019.48,,0.8931888,,,1.2,,0.4278857142857143,,4.790527043725695e-07,0.0015294117647058822,0.18153028505377214,,6.691347533048023e-05,4.75,0.32666666666666666,,,,0.005860713927749733,,,,4.8857,,,2.098644,,,,45.9156,0.09784228074268803,0.028947368421052624,,,,,,,0.07168831168217688,,0.5973535135135136,0.18113723353154162,,,,,,,,,,0.002604437726611713,,,,,,,1.7999999999999998,,,,,,0.14336811739469119,0.1025025025025025,1.725,,,,,,,,,3.5982,,,,4.6403,,,0.0903023516237402,,0.02478522143951014,,,,6.3296,,,0.1858756188118812,,,1066.78,1066.78,,,2.8368,,,,18.6111,,,,1.6844,7.3178,545.3748,,,,,,65.0,,,,,0.5555555555555556,3.5530330882352934,,,,,,6.1111,,,0.12169935630443017,4321.8501,4321.8501,0.4582876899904149,,0.024524948735475064,0.2413468013468014,0.010413793103448275,,27.5,7.04,,,0.011392708503910973,,,,,0.3106,0.3379,,,,,,8.1286,0.01781960582038693,,,0.07053713002855773,,3710.52,0.0203,0.012409090909090908,0.6503418975922267,,,,0.0006752087864232062,,3.3593,,21.64209906817067,,2.8405,44.78581672329641,,,,0.00017271282438117625,3710.52,,,,,0.13037694013303772,,,,,,0.5386363636363637,,,,4.5224736489302325e-07,0.0023891402714932134,0.0095,,,1.408235294117647,0.06803946081036472,,,17.040547399599877,7.4167,,,,,,9.012145150099188,,,,7.783033822703246e-08,,227.2727,,,,,,,,,,,,,,,1589.34,1589.34,45.8182,,3170.5601,,,0.21582799864886754,,,,3.1166666666666667,5.614831895061494e-05,6.3333,0.0049771024585839405,,2.5769,,,,24.8658,,,0.18397762237762236,,2.1025,,,0.001281682424242424,,0.03300470957613815,,41.698,,,,,,,,,,,4.352,0.13738178198108514,,0.007287843848148855,,,,0.02148619031793508,,0.08478003172218046,,,,,,722.5,,,,19.3453,,2.056993529118965e-08,12.8261,1.0,0.5204468188440992,,,0.001489827769860805,,,,,2.3077153846153844,,0.010273306975598969
1997-01-31,,,,,0.002647917912599861,,33.0,,116.6429,,0.96,,,,0.21346351761446097,2.65,,,,,14.8148,1139.09,0.006806896551724138,1139.09,,0.9035594518518518,,,1.3199999999999998,,0.4361142857142858,,6.38736939163426e-07,0.0018823529411764709,0.2178385204497311,,9.033319169614834e-05,4.5,0.3666666666666667,,,,0.004508231079170189,,,,5.6857,,,2.098644,0.38509276651928365,,,52.1506,0.08489840722485144,0.031842105263157894,,,,,,,0.07487445888070748,,0.7548972972972975,0.22394308718846206,,,,,,,,,,0.002408191100221797,,,,,,,1.92,,,,,,0.8718585320436558,0.09461769461769463,2.05,,,,,,,,,3.8812,,,,4.7328,,,0.09173572228443448,,0.025191536545075884,,,,6.8977,,,0.1924359347699476,,,1173.64,1173.64,,,3.2865,,,,20.0,,,,1.5756,7.5472,560.0,,,,,,71.0,,,,,0.5952380952380953,4.49234068627451,,,,,,7.2222,,,0.22573267701628175,4645.0898,4645.0898,0.49495070518964807,,0.026568694463431318,0.2815712682379349,0.016488505747126434,,28.0,7.61,,,0.00987368070338951,,,,,0.3488,0.4033,,,,,,8.7,0.022273894749503316,,,0.05980321893725547,,4060.1499,0.0183,0.010813636363636362,0.7204531058828385,,,,0.0018655501229161665,,3.6177,,23.676213830308978,,2.7347,45.502389299013245,,,,0.00017489906266448223,4060.1499,,,,,0.12478935698447895,,,,,,0.5386363636363637,,,,3.964908404541574e-07,0.002654600301659126,0.01,,,2.149411764705882,0.07600804631067772,,,17.79049814090256,10.0,,,,,,9.431316461249164,,,,1.3734765569476312e-07,,243.6364,,,,,,,,,,,,,,,1725.3101,1725.3101,47.2727,,3421.9099,,,0.21582799864886754,,,,3.055555555555556,9.451052444482393e-05,6.5667,0.004828532235939644,,2.3461,,,,29.8771,,,0.21026013986013983,,2.4529166666666664,,,0.001281682424242424,,0.03355478806907379,,41.3223,,,,,,,,,,,5.056,0.16027874564459932,,0.0159233018761302,,,,0.023543378752630996,,0.09877285249186074,,,,,,797.5,,,,21.4295,,2.828366102538576e-08,12.3913,1.0435,0.5661000485672658,,,0.002278560118610643,,,,,2.2384661538461534,,0.009676021686319964
1997-02-28,,,,,0.002647917912599861,,31.0,,114.3998,,0.94,,,,0.21745348990632005,2.65,,,,,14.5833,1116.46,0.006951724137931034,1116.46,,1.0468451037037036,,,1.3199999999999998,,0.5101714285714286,,1.2242458000632335e-06,0.0025882352941176473,0.2831900765846504,,0.00012713560312791248,5.8,0.5499999999999999,,,,0.0042829074365968375,,,,5.5143,,,1.920036,0.3755697766522093,,,54.3193,0.08345882014137203,0.031842105263157894,,,,,,,0.0844329004324898,,0.7811545945945947,0.1915971526292582,,,,,,,,,,0.002408191100221797,,,,,,,1.92,,,,,,2.3739804931981583,0.10644490644490644,1.95,,,,,,,,,3.5982,,,,4.7328,,,0.0903023516237402,,0.02742626962568746,,,,6.3296,,,0.2077433386721025,,,1190.6899,1190.6899,,,3.0443,,,,20.1389,,,,1.7311,6.8591,510.0,,,,,,73.5,,,,,0.5714285714285715,4.390242034313726,,,,,,7.1111,,,0.30424839076107535,4470.7402,4470.7402,0.482729700123237,,0.028612440191387575,0.25140291806958476,0.029288793103448278,,27.0,7.04,,,0.009493923753259142,,,,,0.5234,0.6435,,,,,,8.7,0.03749394030927833,,,0.06133663480744152,,5811.6401,0.0203,0.012409090909090908,0.8655107782082424,,,,0.002708056630039597,,3.5315,,24.023501716527708,,2.5865,44.427561176432235,,,0.557780487804878,0.00016178163296464608,5811.6401,3.775667646870187,,,,0.1359645232815965,,0.10274846274846278,,,,0.550594090909091,,,,3.7790533230786877e-07,0.0031855203619909514,0.011,,,7.7823529411764705,0.09306899218955295,,,17.290530980034102,8.75,,,,,,9.536102949099106,,,,1.510824212642395e-07,,223.6364,,,,,,,,,,,,,,,1685.14,1685.14,47.2727,,3315.28,,,0.21777111413955783,,,,3.055555555555556,9.974173428494332e-05,6.7333,0.005125672681228236,,2.12,,,,29.6493,,,0.18923412587412583,,2.6475925925925923,,,0.0013618278787878785,,0.07013500784929359,,40.1953,,,,,,,,,,,5.056,0.14883026381284223,,0.015085233356333877,,,,0.021257613825191098,0.31020902417962004,0.146101510977544,,,,,,772.5,,,,20.1269,,5.656732205077152e-08,11.5217,1.0435,0.5387081107333659,,,0.00297965553972161,,9.394699970572534e-08,,,2.146167692307692,,0.010034392859887373
1997-03-31,,,,,0.0030892375646998376,,33.0,,112.1567,,0.92,,,,0.18353872542551783,2.46,,,,,13.8889,1080.97,0.006517241379310345,1080.97,,1.1465477629629628,,,1.3199999999999998,,0.5101714285714286,,9.048773304815203e-07,0.002352941176470588,0.22873044647221769,,8.364184416310028e-05,6.1,0.5,,,,0.003967237939738372,,,,5.5143,,,1.7191020000000004,0.35180152352433863,,,51.3373,0.0820192330578926,0.028947368421052624,,,,,,,0.08124675327776872,,0.6892540540540542,0.19409661120883304,,,,,,,,,,0.0021287252866221177,,,,,,,1.7399999999999998,,,,,,1.688809086148037,0.1025025025025025,1.875,,,,,,,,,3.4568,,,,3.9928,,,0.08886898096304591,,0.027934163507644633,,,,6.0862,,,0.20118302271403615,,,1153.5699,1153.5699,,,2.9059,,,,20.4861,,,,1.6533,6.5533,480.0,,,,,,70.5,,,,,0.6031746031746034,4.083946078431373,,,,,,7.0,,,0.24536160545248017,4373.4302,4373.4302,0.4338456798575927,,0.026568694463431318,0.2413468013468014,0.023864942528735632,,25.5,6.57,,,0.012152222404171702,,,,,0.5125,0.6981,,,,,,8.5571,0.0382363217974644,,,0.06133663480744152,,5743.8501,0.0177,0.011227272727272726,0.8364992437431616,,,,0.0023469824127009846,,3.2731,,22.672937714565965,,2.5231,44.069244147579575,,,0.4079765853658537,0.00015085044154811592,5743.8501,4.077222620646618,,,,0.13410199556541022,,0.08499200618608031,,,,0.550594090909091,,,,3.593198241615801e-07,0.002654600301659126,0.011,,,7.226470588235293,0.08847173132398775,,,16.04061307786296,8.9583,,,,,,8.435794107174296,,,,1.190346349354614e-07,,229.0909,,,,,,,,,,,,,,,1607.36,1607.36,38.5455,,3222.98,,,0.21388488315817727,,,,3.177777777777778,9.79979976715702e-05,6.3667,0.004679962013295347,,1.8,,,,27.827,,,0.19098629370629372,,2.725462962962963,,,0.001473939393939394,,0.08801255886970177,,40.571,,,,,,,,,,,4.928,0.14883026381284223,,0.012571027796944901,,,,0.021714766810679076,0.32900957109959705,0.12552383337507303,,,,,,792.5,,,,20.1269,,5.656732205077152e-08,10.4348,0.9565,0.5569694026226325,,,0.0024538339738883847,,9.394699970572534e-08,0.00933046583266013,,1.8461723076923078,,0.00883982228132935
1997-04-30,,,,,0.0024272580865498735,,27.5,,82.9959,,0.85,,,,0.1576039055284338,2.36,,,,,10.9954,888.78,0.005575862068965518,888.78,,0.9970265925925925,,,0.64,,0.3949714285714286,,5.855088608998072e-07,0.0017647058823529412,0.1742708163597849,,7.193198598026625e-05,4.75,0.3833333333333333,,,,0.003877162582022976,,,,4.3143,,0.04469925161290324,1.183278,0.31377231851974546,,,41.3071,0.0762608847239749,0.027499999999999997,,,,,,,0.06531601732892518,,0.5973535135135136,0.19409661120883304,,,,,,,,,,0.001989010314991937,,,,,,,1.224,,,,,,0.9509099887498059,0.08673288673288673,1.35,,,,,,,,,2.5374,,,,2.0131,,,0.08313549832026876,,0.0243789063339444,,,,4.5444,,,0.20336979470005825,,,932.47,932.47,,,2.1449,,,,17.1875,,,,1.3889,4.8714,420.0,,,,,,60.5,,,,,0.4523809523809525,3.5938725490196077,,,,,,6.8889,,,0.16095721317682693,3648.3401,3648.3401,0.39107216212515405,,0.01941558441558442,0.18101010101010104,0.01735632183908046,,20.75,6.0,,,0.011392708503910973,,,,,0.4415,0.5834,,,,,,8.0571,0.030070125427417698,,,0.05213613958632528,,4717.5298,0.0143,0.008863636363636362,0.6044069680225156,,,,0.0015646549418006563,,3.6177,,18.3235703776361,,1.867,39.41155314641439,,,0.4533073170731708,0.0001180568672985255,4717.5298,3.673487862367429,,,,0.11920177383592018,,0.06849897516564185,,,,0.4907695454545455,,,,2.8497779157642565e-07,0.0023891402714932134,0.0095,,,4.63235294117647,0.08847173132398775,,,13.79076085395491,8.0833,,,,,,6.811502106499363,,,,8.24085934168579e-08,,175.0,,,,,,,,,,,,,,,1291.49,1291.49,27.6364,,2648.1699,,,0.20220249368366122,,,,2.1083333333333334,8.753557799133137e-05,5.8667,0.003788540677429566,,1.7,,,,25.5492,,,0.16295160839160838,,2.18037037037037,,,0.001281682424242424,,0.05390769230769232,,39.444,,,,,,,,,,,4.352,0.12593330014932802,,0.008380685197963263,,,,0.01737181344854326,0.20680601611974675,0.10906169129309624,,,,,,752.5,,,,18.5638,,3.3426144848183176e-08,8.4348,0.6957,0.45653229723166594,,,0.001577464697499676,,1.0988613797222715e-07,0.006601744692919906,,1.3615292307692308,,0.006331224066357506
1997-05-31,,,,,0.0025375879995748665,,30.5,,109.3528,,0.83,,,,0.1376540440691384,1.98,,,,,12.1528,917.37,0.004562068965517241,917.37,,0.9970265925925925,,,0.576,,0.3908571428571429,,5.855088608998072e-07,0.0016470588235294118,0.15611942164331102,,9.367886546267233e-05,5.1,0.39999999999999997,,,,,,,,4.7143,,0.051930012903225825,1.183278,0.25197486038728156,,,46.9999,0.08489840722485144,0.026052631578947365,,,,,,,0.05974025976435374,,0.6301751351351352,0.19905352066076298,,,,,,,,,,0.001876018746151096,,,,,,,1.14,,,,,,0.71373958710495,0.07411719411719411,1.6,,,,,,,,,2.5727,,,,1.4396,,,0.07740201567749162,,0.02275364591168144,,,,4.7878,,,0.20993011065812464,,,934.24,934.24,,,2.0757,,,,17.1875,,,,1.3889,4.2598,440.0,,,,,,67.5,,,,,0.44444444444444453,2.164491421568627,,,,,,6.3333,,,0.1570314274895873,3885.6399,3885.6399,0.36051964945912635,,0.01737183868762817,0.15084175084175086,0.01735632183908046,,22.5,4.85,,,0.010253437653519873,,,,,0.4415,0.5834,,,,,,8.2,0.0278429809628595,,,0.04293564436520905,,4739.23,0.0137,0.008095454545454545,0.6116598516387858,,,,0.0010832226520158387,,4.2206,,19.97180971064247,,1.7294,42.851101509855205,,,0.36831219512195124,0.00014647796498150394,4739.23,3.5738002677305927,,,,0.11547671840354767,,0.06164907764907768,,,,,,,,2.6639228343013706e-07,0.0023891402714932134,0.009,,,4.817647058823529,0.09071928108048632,,,14.040744434389136,7.2,,,,0.6044444444444445,,5.08244897772469,,,,7.783033822703246e-08,,174.0,,,,,,,,,,,,,,,1357.29,1357.29,30.5455,,2809.45,,,0.21194176766748699,,,,1.6805555555555556,8.404810476458512e-05,5.6,0.00337997256515775,,1.5,,,,22.8157,,,0.15594293706293705,,1.9272916666666664,,,0.0012977115151515152,,0.04510643642072215,,40.9091,,,,,,,,,,,4.8,0.12593330014932802,,0.009218753717759591,,,,0.01714323695579927,0.16920492227979278,0.11523499457383753,,,,,,780.0,,,,17.2613,,3.3426144848183176e-08,8.6087,0.6522,0.47479358912093267,,,0.001577464697499676,,1.1285844164260749e-07,0.004577209653757802,,1.5692261538461538,,0.006570138182069111
1997-06-30,,,,,0.0028685777386498494,,30.5,,105.1469,,0.84,,,,0.12967409948542022,2.06,,,,,14.0336,918.36,0.004489655172413794,918.36,,0.930536274074074,,,0.848,,0.3538285714285715,,5.855088608998072e-07,0.0017647058823529412,0.13796258096382594,,7.862333351331428e-05,4.8,0.41333333333333333,,,,0.003877162582022976,,,,5.1143,,0.04601393548387098,0.9265290000000002,0.23769821989463316,,,48.3554,0.08777137627507116,0.023157894736842103,,,,,,,0.0573506493545034,,0.7023827027027028,0.18661923932371838,,,,,,,,,,0.001540057148130997,,,,,,,1.164,,,,,,0.6083162694615425,0.04730884730884732,1.74,,,,,,,,,2.4667,,,,1.6801,,,0.07310190369540874,,0.021941015700549966,,,,5.1124,,,0.2121168826441468,,,920.58,920.58,,,2.2832,,,,16.493,,,,1.3111,4.9937,400.0,,,,,,63.5,,,,,0.3904761904761905,2.0419730392156863,,,,,,6.0,,,0.1374024990533889,3754.22,3754.22,0.5537642920717513,,0.015941216678058794,0.15084175084175086,0.013017241379310344,,21.0,5.14,,,0.009493923753259142,,,,,0.3815,0.4252,,,,,,7.9143,0.03340961707229427,,,0.04140222849502303,,3994.1599,0.013,0.008095454545454545,0.6575947812084971,,,,0.0009628645795696344,,4.5652,,18.92443354585581,,1.6024,40.52222526827836,,,0.3966439024390245,0.00013117429699836168,3994.1599,3.421776685909417,,,,0.11361419068736142,,0.05403808040845079,,,,,,,,2.4780677528384836e-07,0.0022564102564102575,0.0085,,,5.002941176470588,0.08847173132398775,,,14.290728014823365,6.7,,,,0.9333333333333335,,4.086901263899617,,,,1.0529986936598507e-07,,179.0,,,,,,,,,,,,,,,1475.53,1475.53,29.0909,,2809.21,,,0.21291332541283212,,,,1.4666666666666668,9.102305121807763e-05,5.6,0.003862825788751715,,1.62,,,,21.3578,,,0.16295160839160838,,1.6742129629629625,,,0.001216,,0.05225745682888542,,35.5372,,,,,,,,,,,4.992,0.11448481831757096,,0.008380685197963263,,,,0.015771777999335327,0.1504043753598158,0.10288838801235493,,,,,,855.0,,,,17.9125,,2.828366102538576e-08,8.3478,0.8261,0.47479358912093267,,,0.0013496086856386116,,8.612909208882733e-08,0.0027463257922546807,,1.4307784615384616,,0.006092309950645901
1997-07-31,,,,,0.0024272580865498735,,27.5,,96.7352,,0.83,,,,0.1236891410476316,1.82,,,,,12.4421,835.59,0.0039827586206896545,835.59,,0.9139301037037038,,,0.6639999999999999,,0.31268571428571434,,4.790527043725695e-07,0.0015294117647058822,0.1270706549413394,,9.200602857941032e-05,4.0,0.35333333333333333,,,,0.003728187200979458,,,,4.4286,,0.03812583225806452,1.038159,0.20205368451079012,,,43.7469,0.07015504985266559,0.027499999999999997,,,,,,,0.04779220780272109,,0.7220756756756758,0.17420596184028367,,,,,,,,,,0.0022383016253861845,,,,,,,1.044,,,,,,0.5160868980499663,0.08279048279048282,1.46,,,,,,,,,2.0246,,,,1.7171,,,0.06880179171332587,,0.020315755278287002,,,,4.7878,,,0.19899625072801402,,,869.56,869.56,,,1.9373,,,,15.1042,,,,1.2178,3.4647,360.0,,,,,,51.0,,,,,0.31111111111111117,1.592738970588235,,,,,,6.1111,,,0.11384778492995079,3486.6399,3486.6399,0.7160745156100232,,0.013488721804511284,0.15084175084175086,0.010413793103448275,,18.25,4.09,,,0.00797489595273768,,,,,0.3815,0.4415,,,,,,7.6286,0.029327743939231626,,,0.04753589197576717,,4001.8601,0.0117,0.006913636363636363,0.6503418975922267,,,,0.0006017903622310215,,4.479,,18.92443354585581,,1.4754,38.6591365714146,,,,0.0001442917266981979,4001.8601,3.3220890912725802,,,,0.09871396895787142,,0.04947148206407467,,,,0.5386363636363637,,,,2.2922126713755974e-07,0.001990950226244344,0.007,,,3.631764705882353,0.09071928108048632,,,21.02876470588235,6.0,,,,1.5999999999999999,,4.506072575049594,,,,9.61433589863342e-08,,170.0,,,,,,,,,,,,,,,1323.58,1323.58,24.3636,,2616.3999,,,0.20414560917435154,,,,1.258888888888889,8.927931460470452e-05,5.2333,0.0032685448981745273,,1.34,,,,20.8112,,,0.12265174825174822,,1.6352777777777776,,,0.0010686060606060605,,0.050057142857142856,,30.5785,,,,,,,,,,,4.864,0.10876057740169238,,0.0062855138984724505,,,,0.013028860086407443,0.12220355497985032,0.09301110276316886,,,,,,970.0,,,,17.0007,,2.3141177202588353e-08,8.6087,0.6522,0.38713938805245274,,,0.0012619717579997406,,1.0617727369244142e-07,0.002781535097283587,,1.31538,,0.004921630783659044
1997-08-31,,,,,0.001875608521424901,,25.5,,81.3136,,0.8,,,,0.143639002506927,1.74,,,,,8.6805,667.53,0.002867586206896552,667.53,,0.9139301037037038,,,0.52,,0.23040000000000005,,4.2582462610895087e-07,0.0012941176470588236,0.08350295085139318,,7.025914909700425e-05,3.5,0.3133333333333333,,,,0.006710770518971,,,,3.4571,,0.030895070967741942,0.759084,0.1259795858856778,,,33.7166,0.06618377513961889,0.017368421052631578,,,,,,,0.03982683982829932,,0.6564324324324325,0.1667075861015591,,,,,,,,,,0.001866864480259505,,,,,,,0.78,,,,,,0.30262712395903374,0.06307846307846307,0.91,,,,,,,,,1.5826,,,,1.0659,,,0.06665173572228444,,0.01726839198654395,,,,4.6255,,,0.16619467093768203,,,638.35,638.35,,,1.1762,,,,13.1944,,,,1.1244,2.3944,284.0,,,,,,36.0,,,,,0.253968253968254,1.4702205882352941,,,,,,4.3333,,,0.10599621355547144,2899.6599,2899.6599,0.6874315349856223,,0.01021872863978128,0.13072951739618408,0.007810344827586206,,16.25,3.61,,,0.006076111202085851,,,,,0.3379,0.3979,,,,,,6.5571,0.025985802190433636,,,0.0444690602353951,,3336.29,0.0097,0.005731818181818182,0.618912735255056,,,,0.0003610742173386129,,3.9191,,12.171613536047081,,1.2469,33.06987048082328,,,,0.00010493943759868935,3336.29,2.768822941038137,,,,0.08120620842572063,,0.04338268427157317,,,,0.5326395454545455,,,,1.6417198862554953e-07,0.0015927601809954757,0.006,,,1.7788235294117647,0.08959550620223704,,,22.58165809954751,4.35,,,,1.222222222222222,,4.610859062899536,,,,6.867382784738156e-08,,132.0,,,,,,,,,,,,,,,945.03,945.03,17.4545,,2021.52,,,0.15748714086741036,,,,1.1,7.532942169771944e-05,4.9333,0.002525693784953044,,1.0,,,,18.3511,,,0.11914741258741259,,0.8877222222222221,,,0.000939636363636364,,0.050057142857142856,,27.6859,,,,,,,,,,,4.032,0.07441513190642111,,0.005447445378676122,,,,0.011428824637199513,0.0921226799078872,0.06914099674430252,,,,,,770.0,,,,16.2192,,1.5427451468392234e-08,8.0,0.5218,0.3652258377853328,,,0.0009464788184998056,,1.110074622191144e-07,0.0022533955218499943,,1.1769323076923077,,0.004396019729093515
1997-09-30,,,,,0.0019859384344498962,,23.25,,75.7058,,0.79,,,,0.1396490302150679,1.42,,,,,9.6933,650.5,0.002056551724137931,650.5,,0.9139301037037038,,,0.38399999999999995,,0.1728,,4.2582462610895087e-07,0.0010588235294117646,0.05990559312367605,,0.46792307692307694,3.35,0.26666666666666666,,,,0.006710770518971,,,,3.2857,,0.02366430967741936,0.692106,0.06275446370394909,,,29.6503,0.08138183232661407,0.01563157894736842,,,,,,,0.03903030303961905,,0.6482270270270271,0.14431747815343487,,,,,,,,,,0.002098179473783011,,,,,,,0.46199999999999997,,,,,,0.29735275177158227,0.04730884730884732,0.55,,,,,,,,,1.6533,,,,0.7148,,,0.07023516237402015,,0.020315755278287002,,,,4.8689,,,0.1946227067559697,,,543.6,543.6,,,1.2973,,,,12.1528,,,,1.0778,1.5076,280.0,,,,,,33.0,,,,,0.22857142857142862,1.2251838235294117,,,,,,4.7333,,,0.05888678530859524,2992.25,2992.25,0.8783847391482952,,0.006335611756664391,0.15084175084175086,0.009545977011494252,,15.75,4.95,,,0.006753344429818339,,,,,0.3597,0.4088,,,,,,6.4143,0.031554888403789824,,,0.027294802489311466,,3397.8601,0.0157,0.00963181818181818,0.5101194810110031,,,,0.00021062662678085755,,4.2637,,11.350250122609122,,1.0945,34.467171632973994,,,,9.728760360711825e-05,3397.8601,2.566955561898543,,,,0.07599113082039911,,0.044143783995635864,,,,,,,,1.4744503129388977e-07,0.0014600301659125194,0.006,,,1.4823529411764704,0.09868786658079928,,,21.02876470588235,4.4,,,,0.9955555555555556,,3.5105502209747264,,,,5.493906227790527e-08,,74.0,,,,,,,,,,,,,,,953.23,953.23,12.1818,,2057.3899,,,0.1399991014511978,,,,0.9777777777777779,8.404810476458512e-05,4.6533,0.002005698005698006,,0.76,,,,15.891,,,0.09636923076923076,,1.0123148148148147,,,0.0008567272727272728,,,,34.7107,,,,,,,,,,,4.096,0.08242906918865107,,0.0032684672272056733,,,,0.007428736014179684,0.0932507127230858,0.08560313882627932,,,,,,930.0,,,,15.4377,,1.1570588601294176e-08,4.3043,0.4131,0.2510344827586208,,,0.0008062597342776121,,7.964048458343261e-08,0.0014963954637285117,,1.1538323076923076,,0.0026280552728276453
1997-10-31,,,,,0.001677014677979912,,19.25,,64.4901,,0.8,,,,0.10972423802612478,1.16,,,,,7.9572,577.85,0.0015931034482758622,577.85,,0.8308336148148148,,,0.32799999999999996,,0.18925714285714287,,2.927544304499036e-07,0.0009411764705882354,0.05264612442968876,,0.3342307692307693,2.75,0.19999999999999998,,,,0.005592588381247458,,,,2.5429,,0.02366430967741936,0.5358240000000001,0.06179745813246386,,,28.1593,0.07920486831187715,0.011868421052631577,,,,,,,0.03385281386938776,,0.5005297297297298,0.12440582493127564,,,,,,,,,,0.0017521507385277588,,,,,,,0.264,,,,,,0.24991546513732993,0.037847077847077845,0.56,,,,,,,,,1.5826,,,,0.7913,,,0.04801791713325868,,0.03184494639871487,,,,4.5444,,,0.18368884682585906,,,520.93,520.93,,,1.107,,,,11.4583,,,,1.0156,1.5443,232.0,,,,,,21.5,,,,,0.22222222222222227,1.3068627450980392,,,,,,4.6667,,,0.054960999621355554,2604.9099,2604.9099,0.7924557972750924,,0.00776623376623377,0.1206734006734007,0.008244252873563217,,14.75,3.57,,,0.009209106040661368,,,,,0.3379,0.3488,,,,,,6.4857,0.019674334488891394,,,0.02453465392297661,,2988.1399,0.0157,0.00963181818181818,0.464184551441292,,,,0.00018655501229161668,,4.0914,,10.94232466895537,,1.1453,30.508100466889925,,,0.4816390243902439,8.417017390728208e-05,2988.1399,2.365088182758949,,,,0.06556097560975611,,0.039577185651259734,,,,,,,,1.2885952314760118e-07,0.001327300150829563,0.006,,,1.408235294117647,0.09756409170255004,,,,3.75,,,,0.8977777777777778,,2.462609263224682,,,,5.0360807088079824e-08,,82.5,,,,,,,,,,,,,,,827.0,827.0,13.1818,,1818.09,,,0.11229785744367404,,,,0.8555555555555555,9.102305121807763e-05,4.32,0.0015228447821040412,,0.8,,,,14.2509,,,0.08585622377622376,,0.848787037037037,,,0.0006632727272727273,,,,29.3388,,,,,,,,,,,3.968,0.08013937282229966,,0.003436080931164938,,,,0.006057277057715742,0.07821027518710423,0.06584856832790718,,,,,,875.0,,,,14.3956,,1.0542091836734694e-08,3.913,0.3478,0.22068965517241387,,,0.0008413145053331605,,7.239491197051861e-08,0.0011443024134394505,,1.0153846153846153,,0.0023891411571160402
1997-11-30,,,,,0.0009929692172249481,,17.25,,72.9018,,0.78,,,,0.11371421031798384,1.02,,,,,7.9572,554.12,0.0013468965517241382,554.12,,0.7062545185185185,,,0.128,,0.12342857142857144,,2.1291231305447543e-07,0.0007058823529411765,0.020694659442724455,,0.2272769230769231,2.5,0.18666666666666668,,,,0.004473567397209043,,,,1.6743,,0.01248949677419355,0.3661464,0.05704380750688971,,,26.9394,0.059673228553489756,0.008684210526315789,,,,,,,0.023896103879455784,,0.4512972972972974,0.13686111012193009,,,,,,,,,,0.0017521507385277588,,,,,,,0.18,,,,,,0.17086400843117985,0.0346931546931547,0.368,,,,,,,,,1.2997,,,,0.6313,,,0.032250839865621495,,0.02919120086548864,,,,3.814,,,0.17494175888177058,,,531.81,531.81,,,0.5328,,,,11.6319,,,,0.8367,0.9572,160.0,,,,,,18.25,,,,,0.17142857142857149,1.2251838235294117,,,,,,3.8,,,0.031406285497917456,2536.3101,2536.3101,0.7733604768588251,,0.0065399863294600185,0.10056116722783391,0.0060747126436781615,,13.0,3.04,,,0.012278808054215162,,,,,0.3051,0.3379,,,,,,6.2,0.021115250982298175,,,0.031588366925832376,,2576.21,0.015,0.00963181818181818,0.39407334315068016,,,,0.0001203580724462043,,4.1345,,12.381088769004414,,0.904,34.00138408826093,,,,7.323898249075197e-05,2576.21,1.8616658298429238,,,,0.05960088691796009,,0.029682889238444806,,,,0.5326395454545455,,,,1.0283981174279706e-07,0.0010618401206636504,0.0044,,,0.7411764705882352,0.09644031682430076,,,20.626941176470584,3.3,,,,0.5955555555555556,,1.5718987567499636,,,,2.2891275949127193e-08,,86.5,,,,,,,,,,,,,,,740.42,740.42,12.9545,,1771.9399,,,0.09916997961632747,,,,0.8555555555555555,9.276678783145078e-05,4.28,0.001225704336815448,,0.82,,,,13.9776,,,0.07008671328671327,,0.7164074074074074,,,0.0005987878787878789,,0.050057142857142856,,31.4049,,,,,,,,,,,3.52,0.06869089099054257,,0.0020951712994908157,,,,0.0030857826520438686,0.057153662636729996,0.04527089072543617,,,,,,840.0,,,,13.6141,,6.170980587356893e-09,4.0,0.3044,0.19310344827586212,,,0.0005608763368887736,,5.067556960566843e-08,0.0007393954056070295,,0.8399769230769231,,0.002428960176401308
1997-12-31,,,,,0.0005626825564274705,,18.0,,88.3234,,0.78,,,,0.11371421031798384,1.26,,,,,9.2593,570.15,0.0011151724137931035,570.15,,0.6563703703703704,,,0.19199999999999998,,0.1398857142857143,,1.596842347908565e-07,0.0006470588235294118,0.020694659442724455,,0.2673846153846154,2.5,0.18000000000000002,,,,0.005871924204099626,,,,1.6057,,0.010188800000000001,0.3393552,0.03802920500459315,,,26.9394,0.05533964598209758,0.009263157894736841,,,,,,,0.04301298702682994,,0.41027027027027035,0.12440582493127564,,,,,,,,,,0.003101098304977624,,,,,,,0.168,,,,,,0.16558963624372833,0.04730884730884732,0.24,,,,,,,,,1.229,,,,0.6104,,,0.02938409854423292,,0.028660451758843394,,,,2.7591,,,0.17275498689574842,,,517.47,517.47,,,0.5535,,,,12.1528,,,,0.7667,1.0061,158.0,,,,,,18.5,,,,,0.15238095238095242,1.2456035539215684,,,,,,3.3333,,,0.031406285497917456,2656.9199,2656.9199,0.6301455737368206,,0.006744360902255641,0.08044893378226713,0.005640804597701149,,16.75,3.14,,,0.011664867651504398,,,,,0.2778,0.3106,,,,,,6.0,0.024133421875110177,,,0.018400990442232455,,2240.3899,0.0137,0.008095454545454545,0.43879945878434634,,,,0.00010230436157927362,,4.7374,,11.93457577243747,,0.8596,38.426242799058066,,,,4.919036137438565e-05,2240.3899,1.5601108560664931,,,,0.03725055432372505,,0.022832991721880615,,,,,,,,1.0655691337205478e-07,0.0010618401206636504,0.0042,,,0.7411764705882352,0.09644031682430076,,,15.751482352941176,3.35,,,,0.48888888888888893,,1.3623004212998724,,,,2.5180403544039912e-08,,89.0,,,,,,,,,,,,,,,823.66,823.66,12.5,,1869.23,,,0.0743597123144649,,,,0.6966666666666667,9.276678783145078e-05,4.2533,0.0011142766698322255,,0.84,,,,13.4308,,,0.07183888111888109,,0.6229629629629629,,,0.0004790303030303031,,0.050057142857142856,,32.2314,,,,,,,,,,,3.84,0.07441513190642111,,0.0020951712994908157,,,,0.003200070898415864,0.039105137593552115,0.0320668809305173,,,,,,880.0,,,,14.1351,,5.3996080139372814e-09,4.3043,0.2826,0.18758620689655175,,,0.0003856024816110318,,5.792114221858245e-08,0.0005281395754335924,,0.5169323076923077,,0.0027873313499687143
1998-01-31,,,,,0.000892889309022921,,15.25,,100.941,,0.8,,,,0.10573426573426571,1.2,,,,,8.6805,568.03,0.0009848275862068966,568.03,,0.5234553703703704,,,0.148,,0.1398857142857143,,1.8097546609630403e-07,0.0006470588235294118,0.02609326625386996,,0.42335897435897435,1.8,0.13333333333333333,,,,,,,,1.5371,,0.011503483870967744,0.2589816,0.02615292274862078,,,26.2617,0.05426133670376993,0.011368421052631576,,,,,,,0.0224242424,,0.43513513513513513,0.11197154359423103,,,,,,,,,,0.002796618239713624,,,,,,,0.20999999999999996,,,,,,0.16031526405627683,0.04573188573188573,0.268,,,,,,,,,1.0698,,,,0.4643,,,0.010391937290033595,,,,,,2.2722,,,0.13557986313337217,,,466.17,466.17,,,0.5328,,,,12.5,,,,0.44,0.8899,128.0,,,,,,16.75,,,,,0.1380952380952381,1.286443014705882,,,,,,2.1333,,,0.031406285497917456,2820.8701,2820.8701,0.6587885543612213,,0.009991645781119468,0.08044893378226713,0.0069425287356321835,,17.75,2.47,,,0.013302042058733088,,,,,0.3051,0.3051,,,,,,6.0,,,,0.008893812047079019,,2391.3701,0.0143,0.00845,0.6124458784346377,,,,7.82327470900328e-05,,4.479,,11.124237371260422,,0.7358,44.9470839790755,,,,7.812586806520072e-05,2391.3701,2.6396880257479336,,,,0.034767184035476725,,0.021310792273755246,,,,,,,,1.0283981174279706e-07,0.0012742081447963804,0.005,,,0.9882352941176471,0.09531654194605152,,,13.39411764705882,4.8,,,,0.3644444444444444,,1.0479409577500443,,,,1.4650416607441404e-08,,78.5,,,,,,,,,,,,,,,799.35,799.35,9.3182,,1948.01,,,0.10499932608839833,,,,0.6477777777777779,5.091710911049553e-05,4.0533,0.0011514192254932995,,0.78,,,,13.9776,,,0.04555636363636363,,0.46722222222222215,,,0.00035006060606060607,,0.07474285714285717,,31.8182,,,,,,,,,,,4.352,0.06754604280736685,,0.003184660375226041,,,,0.002857206159299878,0.04512131260794473,0.04715717783899601,,,,,,1045.0,,,,13.6141,,5.3996080139372814e-09,5.2174,0.2174,0.15724137931034485,,,0.0006309858789998703,,6.153524078809351e-08,0.0011090931084105442,,0.5630815384615384,,0.0027873313499687143
1998-02-28,,,,,0.001395139545348314,,20.25,,105.1469,,0.78,,,,0.10174429344240662,2.22,,,,,11.5741,685.1,0.002143448275862069,685.1,,0.6148221259259259,,,0.19999999999999998,,0.19337142857142856,,2.927544304499036e-07,0.0010588235294117646,0.06298374613003092,,0.3119487179487179,2.48,0.16666666666666666,,,,,,,,1.72,,0.016433548387096777,0.5447544,0.07036344242805292,,,34.2588,0.05426133670376993,0.016105263157894737,,,,,,,0.03333333333333333,,0.6216216216216217,0.12440582493127564,,,,,,,,,,0.003575536649319544,,,,,,,0.348,,,,,,0.2868040073966792,0.048885808885808894,0.484,,,,,,,,,1.8655,,,,0.5896,,,0.019350503919372906,,,,,,3.4083,,,0.1508872670355271,,,613.37,613.37,,,1.3838,,,,13.5417,,,,0.6811,1.263,124.0,,,,,,26.5,,,,,0.15238095238095242,2.0011335784313724,,,,,,3.9333,,,0.054960999621355554,3212.0801,3212.0801,0.8401940983157605,,0.015487050960735176,0.10056116722783391,0.00867816091954023,,20.0,3.52,,,0.012278808054215162,,,,,0.3433,0.387,,,,,,6.2,0.015082890952469457,,,0.019627723138381282,,2819.6299,0.0137,0.00845,0.5542635199833472,,,,0.00012637597606851447,,4.3067,,14.18367827366356,,0.831,36.5631541021943,,,,8.680652007244523e-05,2819.6299,2.72141211323239,,,,0.03725055432372505,,0.02892178951438212,,,,,,,,1.2142531988908573e-07,0.001725490196078432,0.0075,,,2.3470588235294114,0.08622418156748923,,,13.39411764705882,5.9,,,,0.5066666666666666,,1.8338649763748205,,,,2.014432283523193e-08,,81.5,,,,,,,,,,,,,,,1049.8199,1049.8199,13.4091,,2266.3,,,0.11374334579650462,,,,0.8066666666666668,8.753557799133137e-05,4.9867,0.001671415004748338,,0.89,,,,17.2577,,0.0103709430142463,0.07884755244755243,,0.5996018518518518,,,0.0004974545454545455,,0.0726857142857143,,34.2975,,,,,,,,,,,4.736,0.08586361373817819,,0.0032684672272056733,,,,0.005142971086739781,0.06918601266551525,0.05658861340679524,,,,,,1075.0,,,,14.6561,,7.456601543056245e-09,6.5217,0.4131,0.22068965517241387,,,0.0006134584934720962,,9.411425433536876e-08,0.0015051977899857385,,1.1538323076923076,,0.006968328374921785
1998-03-31,,,,,0.0014788479180692128,,17.75,,98.137,,0.8,,,,0.10174429344240662,2.18,,,,,10.5613,693.23,0.0016220689655172414,693.23,,0.5732738814814814,,,0.212,,0.24685714285714289,,4.2582462610895087e-07,0.0011176470588235294,0.06298374613003092,,0.4189025641025641,2.3,0.19999999999999998,,,,,,,,1.9714,,0.019720258064516136,0.5358240000000001,0.08842103935886426,,,33.1745,0.05533964598209758,0.02463157894736842,,,,,,,0.03333333333333333,,0.5656756756756758,0.12440582493127564,,,,,,,,,,0.003811572531018306,,,,,,,0.282,,,,,,0.32898295336988564,0.04257796257796259,0.6,,,,,,,,,1.8655,,,,0.7843,,,0.016842105263157894,,0.025475957118971902,,,,2.7185,,,0.17275498689574842,,,645.2,645.2,,,1.4357,,,,13.3333,,,,0.6733,1.2874,184.0,,,,,,30.5,,,,,0.18412698412698414,2.164491421568627,,,,,,3.6667,,,0.06673835668307462,3171.6899,3171.6899,0.7542651564425579,,0.019483709273182964,0.11061728395061729,0.009979885057471263,,17.75,3.95,,,0.012278808054215162,,,,,0.3542,0.3815,,,,,,6.6,0.014477664071588946,,,0.018400990442232455,,2884.7,0.0123,0.008095454545454545,0.5618890716069941,,,,0.00014683684838436925,,4.3067,,14.72390387444826,,0.9104,34.93295917768705,,,0.5666341463414634,8.333425926954743e-05,2884.7,2.0635332089825176,,,,0.03911308203991131,,0.032727288134695554,,,,,,,,1.2514242151834344e-07,0.0015927601809954757,0.0075,,,2.841176470588235,0.07937937094542552,,,13.715576470588234,6.0,,,,0.5688888888888889,,4.5584658189745655,,,,2.6553880100987545e-08,,93.0,,,,,,,,,,,,,,,1013.39,1013.39,16.1364,,2238.4199,,,0.11812720391574491,,,,0.77,9.102305121807763e-05,4.9733,0.0016342724490872637,,0.82,,,,17.3943,,0.010140712303746743,0.0876083916083916,,0.8020648148148147,,,0.00045139393939393945,,0.09600000000000003,,33.8843,,,,,,,,,,,4.736,0.09960179193628671,,0.0035198877831445706,,,,0.008228753738783649,0.11430732527345999,0.061618712376288125,,,,,,1055.0,,,,14.3956,,8.742222498755599e-09,6.9565,0.4348,0.19310344827586212,,,0.000788732348749838,,1.0859671182425087e-07,0.0015844187263007777,,1.1445923076923077,,0.006470590633855943
1998-04-30,,,,,0.0011440144271856172,,18.25,,99.539,,0.78,,,,0.11969916875577248,2.0,,,,,10.9375,667.37,0.0015351724137931035,667.37,,0.49851329629629626,,,0.18400000000000002,,0.16868571428571427,,2.927544304499036e-07,0.001,0.05218653250773992,,0.3966205128205128,2.04,0.19666666666666666,,,,0.003914895751504709,,,,1.72,,0.014132851612903228,0.40633320000000006,0.0893780449303495,,,29.9214,0.042318552809839316,0.01657894736842105,,,,,,,0.027878787866666668,,0.5594594594594595,0.12816551472744284,,,,,,,,,,0.0035079815521436904,,,,,,,0.20400000000000001,,,,,,0.31843420899498265,0.036270116270116275,0.448,,,,,,,,,1.724,,,,0.6313,,,0.013975363941769316,,0.022531155624036975,,,,2.6373,,,0.13995340710541643,,,581.7,581.7,,,0.9686,,,,11.6667,,,,0.5878,1.2018,200.0,,,,,,31.0,,,,,0.14285714285714288,1.9602941176470587,,,,,,3.5333,,,0.04710942824687619,3101.97,3101.97,0.7065268554018895,,0.017485380116959073,0.09553310886644222,0.00867816091954023,,16.75,2.95,,,0.014325276063251017,,,,,0.3597,0.3815,,,,,,7.2,0.014477664071588946,,,0.01533415870186038,,2756.53,0.0113,0.006677272727272726,0.636463363863447,,,,0.00012156165317066637,,4.2206,,13.373339872486513,,0.8405,34.70006540533053,,,,6.423682485360949e-05,2756.53,1.8959988296393826,,,,0.0279379157427938,,0.02663849034219405,,,,,,,,1.1770821825982799e-07,0.001327300150829563,0.0065,,1.1574074074074076e-08,2.5941176470588236,0.113501262703176,,,13.286964705882353,5.9,,,,0.4711111111111111,,6.287544307499442,,,,2.105997387319702e-08,,80.5,,,,,,,,,,,,,,,988.12,988.12,17.9545,,2181.3201,,,0.10208465285236291,,,,0.7455555555555556,7.707315831109256e-05,4.88,0.0013742745594597444,,0.76,,,,15.2076,,0.010140712303746743,0.08322797202797201,,0.7787037037037036,,,0.0004606060606060606,,,,35.124,,,,,,,,,,,4.608,0.09502239920358388,,0.003184660375226041,,,,0.00800017724603966,0.1504043753598158,0.06224747474747474,,,,,,1075.0,,,,13.3536,,7.713725734196117e-09,6.6087,0.3696,0.1544827586206897,,,0.0006134584934720962,,8.687736945940071e-08,0.001346755917355661,,1.1538323076923076,,0.006470590633855943
1998-05-31,,,,,0.0011440144271856172,,17.5,,82.4352,,0.78,,,,0.11171922417205432,1.76,,,,,9.2014,624.72,0.0012744827586206897,624.72,,0.4901773925925926,,,0.144,,0.15634285714285717,,,0.0008235294117647059,0.04498839009287925,,0.3164051282051282,1.44,0.19333333333333333,,,,0.004473567397209043,,,,1.5029,,0.01380418064516129,0.44652000000000003,0.0760584100091863,,,29.2437,0.04124024353151167,0.014210526315789472,,,,,,,0.02666666666666667,,0.4972972972972974,0.12938373823681543,,,,,,,,,,0.0025740119857666863,,,,,,,0.22799999999999998,,,,,,0.3131598368075312,0.04257796257796259,0.464,,,,,,,,,1.8124,,,,0.6244,,,0.013258678611422174,,0.022531155624036975,,,,2.475,,,0.13339309114735004,,,553.38,553.38,,,1.0032,,,,11.4583,,,,0.6889,1.1651,204.0,,,,,,27.5,,,,,0.15714285714285717,1.633578431372549,,,,,,3.7333,,,0.05103521393411588,2900.05,2900.05,0.639693233944954,,0.016486215538847125,0.10056116722783391,,,16.5,2.36,,,,,,,,0.3542,0.3815,,,,,,7.2,,,,0.01533415870186038,,2679.3,0.0103,0.006086363636363635,0.5769,,,,0.00010471152302819773,,4.3067,,12.292888670917117,,0.8564,34.467171632973994,,,,6.423682485360949e-05,2679.3,1.7325506546704708,,,,0.024212860310421292,,0.029682889238444806,,,,,,,,1.1399111663057025e-07,0.001221116138763198,0.0065,,1.1574074074074076e-08,2.3470588235294114,0.113501262703176,,,,5.6,,,,0.4444444444444444,,6.235151063574471,,,,1.6481718683371578e-08,,74.0,,,,,,,,,,,,,,,880.59,880.59,17.9545,,2011.45,,,0.10208465285236291,,,,0.6477777777777779,7.358568508434629e-05,4.7333,0.001485702226442967,,0.66,,,,14.6609,,,0.07709538461538461,,0.5762407407407406,,,0.0003684848484848485,,0.09600000000000003,,37.1901,,,,,,,,,,,4.416,0.09960179193628671,,0.004153904837251358,,,,0.006857294782319706,0.1504043753598158,0.05721737577798184,,,,,,1000.0,,,,13.4838,,7.713725734196117e-09,6.087,0.3913,0.17379310344827592,,,0.0005433489513609994,,6.515802709455053e-08,0.001373162896127341,,1.0615338461538462,,
1998-06-30,,,,,0.0010882088453716848,,16.25,,72.3411,,0.76,,,,0.10373927958833618,1.28,,,,,8.3333,551.91,0.0010282758620689654,551.91,,0.4653009555555555,,,0.108,,0.18102857142857146,,2.1291231305447543e-07,0.000588235294117647,0.08097910216718265,,0.27184102564102564,1.4,0.13333333333333333,,,,0.006710770518971,,,,1.32,,0.01248949677419355,0.5343600000000001,0.04849351182722666,,,25.8551,0.03472969694538255,0.00994736842105263,,,,,,,0.0181818182,,0.4537837837837838,0.12938373823681543,,,,,,,,,,0.0020339781667765853,,,,,,,0.24,,,,,,0.25518983732478145,0.028385308385308387,0.264,,,,,,,,,1.5118,,,,0.4922,,,0.008600223964165734,,0.014484314329738058,,,,1.7041,,,0.13339309114735004,,,473.9,473.9,,,0.6089,,,,10.8333,,,,0.6267,0.945,236.0,,,,,,21.0,,,,,0.14285714285714288,1.0618259803921568,,,,,,3.1667,,,0.03533207118515715,2533.99,2533.99,0.506025991031083,0.09149136577708006,0.017485380116959073,0.08044893378226713,0.006508620689655172,,13.25,1.71,,,0.012733578722889796,,,,,0.3215,0.3324,,,,,,6.3,0.013573805506063455,,,0.01651370937123425,,2247.1499,0.009,0.00514090909090909,0.538411979600333,,,,9.026855433465322e-05,,4.3067,,10.94232466895537,,0.8056,31.90540161904063,,,,7.46536072623029e-05,2247.1499,1.7734126984126983,,,,0.018625277161862526,,0.038054986203134356,,,,0.4907695454545455,,,,1.0655691337205478e-07,0.001327300150829563,0.0055,,,1.4823529411764704,0.10205919121554713,,,13.39411764705882,4.4,,,,0.31555555555555553,,3.1961653976746933,,,,1.3734765569476317e-08,,49.5,,,,,,,,,,,,,,,779.67,779.67,16.1364,,1760.13,,,0.08604210178898089,,,,0.385,8.230436815121197e-05,4.64,0.0011142766698322255,,0.59,,,,14.6609,,0.00910308995023381,0.06132587412587411,,0.31148148148148147,,,0.0003684848484848485,,0.09600000000000003,,34.7107,,,,,,,,,,,4.224,0.09387755102040816,,,,,,0.005600124072227762,0.14739628785261946,0.04401336598306295,,,,,,950.0,,,,13.3536,,5.3996080139372814e-09,3.6957,0.3044,0.1866666666666667,,,0.0005705163989290494,,6.515802709455053e-08,0.0010562791508671853,,0.7845876923076923,,0.007926473526473528
1998-07-31,,,,,0.001949707514624269,,17.25,,65.2753,,0.76,,,,0.08378941812904077,1.02,,,,,7.4653,511.05,0.0008834482758620689,511.05,,0.39467550370370363,,,0.08800000000000001,,0.1398857142857143,,2.022666974017516e-07,0.000588235294117647,0.029992260061919504,,0.3119487179487179,0.85,0.12,,,,0.005592588381247458,,,,1.3314,,0.01117481290322581,0.44652000000000003,0.03470321842828385,,,27.3461,0.03798497023844712,0.008052631578947369,,,,,,,0.0181818182,,0.43513513513513513,0.13062296559979794,,,,,,,,,,0.001652658130308066,,,,,,,0.20400000000000001,,,,,,0.20247817850307762,0.041001001001001014,0.252,,,,,,,,,1.3969,,,,0.4365,,0.07883509686195377,0.008600223964165734,,0.01388080123266564,,,,1.3308,,,0.1312063191613279,,,455.43,455.43,,,0.6227,,,,10.2083,,,,0.4867,0.6086,232.0,,,,,,17.25,,,,,0.10952380952380952,0.7759497549019607,,,,,,2.4,,,0.027480499810677777,2332.8201,2332.8201,0.41054938894974663,0.08976511359260686,0.014444444444444446,0.06536475869809204,0.006508620689655172,,13.25,1.42,,,0.014325276063251017,,,,,0.2997,0.3051,,,,,,5.5,0.019613983017319075,,,0.014154608032486499,,1971.26,0.0083,0.004904545454545454,0.48497307452123223,,,,5.416113260079194e-05,,4.5652,,10.330436488474742,,0.8088,32.604082936110224,,,,5.5298968342446604e-05,1971.26,,,,,0.015521064301552107,,0.030443988962507496,,,,,,,,9.912271011353935e-08,0.0009846153846153848,0.005,,,1.3588235294117648,0.10205919121554713,,,13.715576470588234,3.3,,,,0.26666666666666666,,4.086901263899617,,,,1.190346349354614e-08,,42.5,,,,,,,,,,,,,,,695.66,695.66,15.0,,1607.61,,,0.0743597123144649,,,,0.35444444444444445,6.050766048404779e-05,4.5333,0.001188561781154374,,0.65,,,,12.3375,,0.010140712303746743,0.051688951048951035,,0.3036944444444444,,,0.00033163636363636365,,,,34.2975,,,,,,,,,,,3.904,0.0847187655550025,,0.0034615873643761303,,,,0.0038858003766478353,0.1353639378238342,0.051558514437302305,,,,,,925.0,,,,12.9628,,4.62823544051767e-09,2.913,0.2696,0.13333333333333336,,,0.0008150234270414991,,,0.0008714302994654276,,0.5538415384615385,,0.007926473526473528
1998-08-31,,,,,0.001949707514624269,,15.0,,41.7223,,0.74,,,,0.05486211901306239,1.0,,,,,4.7917,400.47,0.0007096551724137931,400.47,,0.3115790148148148,,,0.064,,0.10285714285714287,,3.178476673456096e-07,0.0004470588235294118,0.032991486068111454,,0.2272769230769231,0.64,0.12133333333333333,,,,0.008388463148713752,,,,1.1771,,0.010517470967741938,0.22692000000000004,0.030906573374194928,,,21.2466,0.03255273293064563,0.007105263157894736,,,,,,,0.009090909066666666,,0.2610810810810811,0.12692628736446032,,,,,,,,,,0.001652658130308066,,,,,,,0.144,,,,,,0.17612234909222574,0.03311619311619313,0.16,,,,,,,,,1.1317,,,,0.3635,,0.07629466255972951,0.0064501679731243005,,0.014484314329738058,,,,1.1848,,,0.10277828334304019,,,342.33,342.33,,,0.3529,,,,9.5833,,,,0.4011,0.5658,172.0,,,,,,9.8,,,,,0.08730158730158732,0.21236519607843138,,,,,,1.58,,,0.02551760696705794,1755.91,1755.91,0.2940679344105162,0.08976511359260686,0.015204678362573104,0.044246913580246926,0.005640804597701149,,12.5,0.9714285714,,,0.015916973403612245,,,,,0.2396,0.256,,,,,,3.6,,,,0.010615956024364877,,1421.72,0.0077,0.004609090909090908,0.26941614279766857,,,,5.802978492941995e-05,,4.3067,,7.910446297204512,,0.777,26.083241756092786,,,,4.1474226256834946e-05,1421.72,,,,,0.011175166297117518,,0.02816068979031943,,,,,,,,9.540560848428163e-08,0.0017333333333333333,0.0036,,,1.05,0.06119465018830102,,,9.64376470588235,2.65,,,,0.17777777777777778,,4.610859062899536,,,,6.638470025246886e-09,,25.5,,,,,,,,,,,,,,,500.68,500.68,15.4545,,1192.25,,,0.03938363348203973,,,,0.2872222222222222,7.009821185760003e-05,4.3733,0.000631423446238261,,0.45,,,,9.7407,,0.008066523700897481,0.03679552447552446,,0.1946759259259259,,,0.00025793939393939396,,,,29.7521,,,,,,,,,,,3.392,0.06869089099054257,,0.0034615873643761303,,,,0.0030857826520438686,0.15566852849740934,0.04904346495255586,,,,,,725.0,,,,11.1392,,4.1139870582379294e-09,1.8261,0.1957,0.08888888888888892,,,0.0009236932173136992,,,0.0006205640011344713,,0.36924461538461534,,0.005612307692307694
1998-09-30,,,,,0.0029245612719364035,,14.25,,33.3106,,0.76,,,,0.07481198047235783,1.02,,,,,4.4444,415.63,0.0005068965517241379,415.63,,0.29910797777777776,,,0.049999999999999996,,0.10285714285714287,,3.467429098315741e-07,0.0004470588235294118,0.05623548761609907,,0.22282051282051285,0.64,0.09999999999999999,,,,0.012371945123939153,,,,1.1714,,0.00953145806451613,0.27816,0.029478909324930084,,,19.9047,0.02712049562284414,0.006394736842105262,,,,,,,0.011515151533333332,,0.2610810810810811,0.1194279116257358,,,,,,,,,,0.0012989489816872541,,,,,,,0.144,,,,,,0.16558963624372833,0.015769615769615768,0.176,,,,,,,,,1.0168,,,,0.3426,,0.09155032973195532,0.007883538633818589,,,,,,1.2172,,,0.12027245923121727,,,355.42,355.42,,,0.3736,,,,10.0,,,,0.4089,0.5291,170.0,,,,,,9.8,,,,,0.07142857142857144,0.2654564950980392,,,,,,1.5,,,0.015703142748958728,1880.04,1880.04,0.2902488703272627,0.08976511359260686,0.011403508771929825,0.050280583613916956,0.004339080459770115,,9.7,0.8285714286,,,,,,,,0.2505,0.256,,,,,,2.8,0.019613983017319075,,,0.010144135756615328,,1553.08,0.007,0.004549999999999999,0.3848802039966694,,,,3.288354479333796e-05,,4.479,,8.605022069641981,,0.7358,30.27520669453339,,,,3.870927783971262e-05,1553.08,1.8959988296393826,,,,0.009312638580931263,,0.029682889238444806,,,,,,,,9.540560848428163e-08,0.002,0.0036,,,0.9264705882352942,0.05220445116230688,,,10.500988235294118,2.85,,,,0.1688888888888889,,3.7725164405995835,,,,6.409557265755616e-09,,30.5,,,,,,,,,,,,,,,474.38,474.38,17.5,,1259.64,,,0.07291422396163431,,,,0.24444444444444446,8.230436815121197e-05,4.3333,0.000594280890577187,,0.46,,,,10.1508,,0.008066523700897481,0.04555636363636363,,0.1985694444444444,,,0.0002303030303030303,,,,33.0578,,,,,,,,,,,3.456,0.053807864609258335,,0.0024231111550632916,,,,0.0038858003766478353,0.09475475647668395,0.0503009896949291,,,,,,920.0,,,,11.009,,3.5997386759581876e-09,1.4783,0.1957,0.15111111111111117,,,0.0018193957310724377,,5.067556960566843e-08,0.0009407486187410869,,0.36924461538461534,,0.00400879120879121
1998-10-31,,,,,0.0026995950202489878,,18.25,,68.9763,,0.79,,,,0.11969916875577252,1.42,,,,,8.5069,563.56,0.0011731034482758622,563.56,,0.37386856296296295,,,0.168,,0.1645714285714286,,5.779048497192903e-07,0.0007647058823529411,0.08497807017543858,,0.2673846153846154,0.89,0.13599999999999998,,,,,,,,1.7429,,0.016104877419354843,0.37332000000000004,0.04278285563016729,,,30.3009,0.04518952583156404,0.012789473684210524,,,,,,,0.0224242424,,0.43513513513513513,0.11197154359423103,,,,,,,,,,0.007082244719393345,,,,,,,0.3,,,,,,0.24464109294987843,0.020185108185108186,0.316,,,,,,,,,1.3527,,,,0.6591,,0.1271555940397358,0.009316909294512878,,0.015087827426810476,,,,1.5256,,,0.14214017909143858,,,489.2,489.2,,,0.8579,,,,14.1667,,,,0.5722,0.8593,196.0,,,,,,23.5,,,,,0.09523809523809525,0.38797487745098036,,,,,,2.7,,,0.03336917834153731,2495.0801,2495.0801,0.3914540685334793,0.08976511359260686,0.05511695906432749,0.07542087542087543,0.006508620689655172,,16.0,1.48,,,,,,,,0.2942,0.3106,,,,,,4.35,0.019613983017319075,,,0.01651370937123425,,2042.6,0.011,0.006499999999999999,0.5769,,,,9.671630821569986e-05,,4.2206,,11.151799901912703,,0.8278,34.93295917768705,,,,8.571340093079223e-05,2042.6,1.7325506546704708,,,,0.022350332594235037,,0.02663849034219405,,,,,,,,1.0655691337205478e-07,0.0036,0.0038,,,1.7294117647058822,0.05220445116230688,,,8.572235294117649,4.6,,,,0.21777777777777776,,4.506072575049594,,,,1.877084627828429e-08,,54.5,,,,,,,,,,,,,,,793.5,793.5,18.1818,,1755.04,,,0.06125553101749261,,,,0.4155555555555556,6.661073863085375e-05,4.6667,0.0013742745594597444,,0.88,,,,12.3375,,,0.056945454545454535,,0.3348425925925925,,,0.0003776969696969696,,,,34.2975,,,,,,,,,,,4.352,0.05724240915878548,,0.004615449819168176,,,,0.005942988811343747,0.23688689119170986,0.10437455361697785,,,,,,965.0,,,,13.093,,6.685228969636634e-09,2.7826,0.4087,0.14222222222222228,,,0.0025191633199464526,,,0.0015470088397075649,,0.5538415384615385,,0.00801758241758242
1998-11-30,,,,,0.004199370031498426,,18.25,,84.1175,,0.78,,,,0.11969916875577252,1.68,,,,,8.5069,627.28,0.0012020689655172414,627.28,,0.35726239259259257,,,0.27999999999999997,,0.18102857142857146,,6.356953346912192e-07,0.0007647058823529411,0.10997162022703816,,0.22282051282051285,1.12,0.13333333333333333,,,,,,,,2.1714,,0.021034941935483876,0.4831200000000001,0.05610249055133048,,,33.1202,0.04973220884839045,0.013263157894736843,,,,,,,0.028484848466666667,,0.4040540540540541,0.1206671389887183,,,,,,,,,,0.004721160573471517,,,,,,,0.288,,,,,,0.24991546513732993,0.03311619311619313,0.396,,,,,,,,,1.7771,,,,0.6661,,0.1271555940397358,0.007525195968645016,,0.01810539291217257,,,,1.412,,,0.12027245923121727,,,571.93,571.93,,,1.1589,,,,15.0,,,,0.5878,0.8777,268.0,,,,,,24.0,,,,,0.14603174603174604,0.8576286764705883,,,,,,3.5,,,0.03533207118515715,2815.1299,2815.1299,0.4773830104066822,,0.04751461988304095,0.09050505050505052,0.0069425287356321835,,15.75,2.42,,,0.015916973403612245,,,,,0.2942,0.2997,,,,,,5.8,0.02861181681074268,,,0.011795506693738751,,1941.42,0.01,0.005909090909090908,0.8826425895087426,,,,7.930737273687388e-05,,4.7374,,14.112015693967631,,0.8564,36.79604787455083,,,,0.00012718762718762718,1941.42,1.8142747421549268,,,,0.022350332594235037,,0.02816068979031943,,,,,,,,1.0655691337205478e-07,0.0032,0.0036,,,2.1,,,,12.85835294117647,4.85,,,,0.29333333333333333,,4.40128608719965,,,,2.4264752506074826e-08,,51.5,,,,,,,,,,,,,,,834.81,834.81,17.7273,,1975.36,,,0.05687167289825231,,,,0.4461111111111111,7.707315831109256e-05,4.9333,0.001225704336815448,,0.82,,,,13.2942,,0.008066523700897481,0.056945454545454535,,0.27254629629629623,,,0.00042375757575757587,,,,35.5372,,,,,,,,,,,4.736,0.05724240915878548,,0.009230899638336352,,,,0.00914305970975961,0.24365508808290157,0.16347821650851957,,,,,,1030.0,,,,13.093,,6.170980587356893e-09,3.2174,0.3696,0.1644444444444445,,,0.004338559051018889,,5.067556960566843e-08,0.0018814972374821739,,0.5538415384615385,,0.014431648351648356
1998-12-31,,,,,0.0023246512674366285,,20.0,,92.5293,,0.77,,,,0.11820292914632535,1.4,,,,,7.6389,622.26,0.0013324137931034483,622.26,,0.34479135555555557,,,0.16399999999999998,,0.1974857142857143,,7.33494616951407e-07,0.0007647058823529411,0.08247871517027863,,0.22282051282051285,1.1,0.132,,,,0.01845411564454546,,,,1.9371,,0.019720258064516136,0.50508,0.050391834354271116,,,31.8868,0.04518952583156404,0.009,,,,,,,0.029090909066666667,,0.4040540540540541,0.14181801957386003,,,,,,,,,,0.0053509845560584315,,,,,,,0.40800000000000003,,,,,,0.22355963572647805,0.05046277046277048,0.328,,,,,,,,,1.6003,,,,0.5756,,0.1271555940397358,0.007883538633818589,,0.015691340523882897,,,,1.0387,,,0.14870049504950497,,,577.05,577.05,,,0.7611,,,,14.1667,,,,0.5333,0.7125,244.0,,,,,,31.0,,,,,0.17142857142857149,0.7269424019607843,,,,,,3.25,,,0.027480499810677777,2830.8501,2830.8501,0.36281108790907846,0.08976511359260686,0.060818713450292404,0.08044893378226713,0.007810344827586206,,15.0,2.28,,,0.012733578722889796,,,,,0.2724,0.2887,,,,,,6.3,0.024522873156417085,,,0.023443569553805766,,1722.63,0.009,0.005318181818181817,0.690502706078268,,,,9.091332972275791e-05,,4.5652,,14.216753310446297,,0.8278,36.79604787455083,,,,0.00025437525437525436,1722.63,1.7325506546704708,,,,0.016762749445676278,,0.029682889238444806,,,,,,,,9.912271011353935e-08,0.0026,0.0034,,,1.7294117647058822,,,,16.072941176470586,4.25,,,,0.2488888888888889,,4.19168775174956,,,,1.6939544202354125e-08,,60.0,,,,,,,,,,,,,,,754.51,754.51,18.1818,,1968.78,,,0.043743795070905735,,,,0.55,8.230436815121197e-05,4.7467,0.000854278780204706,,0.75,,,,11.6541,,0.011523152670920711,0.056945454545454535,,0.21025,,,0.0003592727272727273,,,,45.4545,,,,,,,,,,,4.736,0.045793927327028375,,0.01823102678571429,,,,0.008914483217015622,0.1353639378238342,0.12449494949494948,,,,,,1000.0,,,,11.9208,,4.885359631657541e-09,3.7826,0.3913,0.18222222222222229,,,0.0032189309088204664,,,0.002090552486091304,,0.7569184615384614,,0.014030769230769234
1999-01-31,,,,,0.0026246062696865156,,24.0,,82.4352,,0.79,,,,0.11221797070853673,1.48,,,,,8.1597,622.31,0.0012020689655172414,622.31,,0.34065622222222225,,,0.19199999999999998,,0.1728,,7.33494616951407e-07,0.0006470588235294118,0.07498065015479874,,0.22282051282051285,0.85,0.10666666666666667,,,,0.016775668090865527,,,,1.9143,,0.02234962580645162,0.549,0.053247162452800804,,,36.6444,0.040680743434266205,0.009710526315789472,,,,,,,0.0206060606,,0.3667567567567568,0.15425230091090467,,,,,,,,,,0.006059410571672193,,,,,,,0.43799999999999994,,,,,,0.18667109346712876,0.0480973280973281,0.352,,,,,,,,,1.7594,,,,0.5548,,0.1347834276258487,0.010391937290033595,,,,,,1.623,,,0.12245923121723941,,,628.3,628.3,,,1.1243,,,,14.7917,,,,0.5333,0.5983,256.0,,,,,,28.5,,,,,0.21269841269841275,0.5962561274509803,,,,,,2.55,,,0.031406285497917456,2749.3999,2749.3999,0.351353895659318,0.09321761796155327,0.034210526315789476,0.07039281705948372,0.006508620689655172,,16.0,3.19,,,,,,,,0.2778,0.2833,,,,,,5.8,0.022882980186872258,,,0.017582677165354325,,1683.17,0.009,0.005318181818181817,0.8286032472939215,,,,7.930737273687388e-05,,4.3067,,14.437253555664542,,0.8278,41.22090658534796,,,,0.00025437525437525436,1683.17,1.7325506546704708,,,,0.016762749445676278,,0.027399590066256745,,,,,,,,1.0283981174279706e-07,0.0028,0.0028,,,1.6058823529411765,0.02942246953961718,,,13.39411764705882,4.95,,,,0.26666666666666666,,3.982114776049675,,,,1.7855195240319214e-08,,67.5,,,,,,,,,,,,,,,794.04,794.04,18.1818,,1954.15,,0.0773854447439353,0.040829121834870315,,,,0.48277777777777786,6.399513371079405e-05,4.9467,0.001002849002849003,,0.78,,,,11.5174,,0.0103709430142463,0.07008671328671327,,0.2375046296296296,,,0.00034084848484848486,,,,40.0826,,,,,,,,,,,4.672,0.045793927327028375,,0.023335714285714296,,,,0.008228753738783649,0.14213213471502592,0.15341801856953372,,,,,,900.0,,,,12.3115,,4.4996733449477345e-09,4.3043,0.287,0.17777777777777784,,,0.0025191633199464526,,5.067556960566843e-08,0.0017978751380385216,,0.7845876923076923,,0.014030769230769234
1999-02-28,,,,,0.0022496625168741563,,22.0,,85.7998,,0.78,,,,0.15261644016360998,1.38,,,,,7.9861,626.28,0.0011586206896551726,626.28,,0.29910797777777776,,,0.16,,0.1728,,7.33494616951407e-07,0.000588235294117647,0.08747742518059853,,0.14483333333333334,0.9,0.12,,,,,,,,1.8114,,0.021034941935483876,0.5124,0.05610249055133048,,,35.0585,0.04518952583156404,0.009,,,,,,,0.0181818182,,0.3667567567567568,0.1679468134645416,,,,,,,,,,0.005508188622112125,,,,,,,0.39,,,,,,0.18667109346712876,0.04573188573188573,0.348,,,,,,,,,1.6179,,,,0.6104,,0.1347834276258487,0.009675251959686453,,,,,,1.4931,,,0.12683277518928363,,,622.9,622.9,,,1.0897,,,,15.0,,,,0.5256,0.5812,252.0,,,,,,31.5,,,,,0.19365079365079368,0.5799203431372548,,,,,,2.14,,,0.03009769026883757,2784.7,2784.7,0.33225857524305075,0.09149136577708006,0.032309941520467844,0.050280583613916956,0.0060747126436781615,,15.75,2.85,,,0.010027693244275713,,,,,0.2778,0.2942,,,,,,5.2,0.02043392950209149,,,0.014847594050743651,,1640.97,0.0083,0.005318181818181817,0.8286032472939215,,,,6.383276342236193e-05,,4.3067,,14.216753310446297,,0.8215,42.61820773749867,,,,0.0001717032967032967,1640.97,1.7325506546704708,,,,0.016762749445676278,,0.02587739061813137,,,,,,,,9.912271011353935e-08,0.0026,0.0028,,,1.4823529411764704,0.02942246953961718,,,13.39411764705882,4.8,,,,0.23555555555555555,,4.086901263899617,,,,1.6481718683371578e-08,,62.5,,,,,,,,,,,,,,,790.91,790.91,20.0,,1965.05,,0.07035040431266845,0.03353059047959459,,,,0.42777777777777776,6.835447524422688e-05,4.8,0.0008914213358657801,,0.7,,,,12.3375,,0.0103709430142463,0.13141258741258738,,0.21803703703703703,,,0.00034084848484848486,,,,43.3884,,,,,,,,,,,4.8,0.03777999004479842,,0.03410604395604396,,,,0.007771600753295671,0.1285957409326425,0.15593306805428017,,,,,,905.0,,,,12.9628,,3.8568628670980585e-09,4.2174,0.2609,0.2222222222222223,,,0.002799070355496058,,5.067556960566843e-08,0.001756064088316695,,0.7292492307692308,,
1999-03-31,,,,,0.0014247862606869659,,24.75,,79.0704,,0.78,,,,0.07481198047235783,1.54,,,,,7.8125,645.22,0.0011151724137931035,645.22,,0.35726239259259257,,,0.13999999999999999,,0.20982857142857148,,9.290931814717823e-07,0.0008235294117647059,0.062483875128998966,,0.17825641025641029,0.98,0.10666666666666667,,,,0.016775668090865527,,,,1.7429,,0.020377600000000003,0.6954,0.07797242115215675,,,36.9968,0.040680743434266205,0.009473684210526316,,,,,,,0.0263636364,,0.41027027027027035,0.17420596184028367,,,,,,,,,,0.005508188622112125,,,,,,,0.474,,,,,,0.20247817850307762,0.044154924154924155,0.332,,,,,,,,,1.6533,,,,0.687,,0.1271555940397358,0.010033594624860023,,0.022933497688751924,,,,1.5418,,,0.15307403902154923,,,676.91,676.91,,,1.107,,,,18.9583,,,,0.5256,0.5128,248.0,,,,,,34.0,,,,,0.19682539682539685,0.5145772058823529,,,,,,2.6,,,0.049072321090496036,2841.8101,2841.8101,0.32462044707654386,0.10702763543733892,0.034210526315789476,0.055308641975308645,0.006508620689655172,,16.75,3.33,,,0.00986852351023959,,,,,0.2833,0.2887,,,,,,6.0,0.02043392950209149,,,0.013675415573053363,,1788.3199,0.0107,0.006499999999999999,0.906660074937552,,,,6.189843725804792e-05,,4.3067,,15.407454634624816,,0.8246,45.64570381415662,,,,0.00020350020350020344,1788.3199,1.7325506546704708,,,,0.016762749445676278,,0.022832991721880615,,,,,,,,1.1770821825982799e-07,0.0024,0.0028,,,1.9764705882352942,0.04852664246985473,,,9.64376470588235,4.35,,,,0.24000000000000002,,3.8249096845245543,,,,1.4650416607441404e-08,,53.5,,,,,,,,,,,,,,,804.22,804.22,22.7273,,2028.21,,0.06050134770889485,0.03573436780440187,,,,0.33611111111111114,5.7020187257301516e-05,4.8267,0.0008914213358657801,,0.79,,,,12.0641,,0.0103709430142463,0.12265174825174822,,0.2413981481481481,,,0.000304,,,,42.9752,,,,,,,,,,,5.12,0.04630274874177315,,0.029917582417582425,,,,0.0062858535504597335,0.1353639378238342,0.17290965207631873,,,,,,1020.0,,,,13.2233,,4.885359631657541e-09,6.087,0.3044,0.24444444444444455,,,0.004306262085378551,,6.635603871507954e-08,0.0018396861877603482,,0.6830999999999999,,0.010021978021978024
1999-04-30,,,,,0.0028495725213739317,,26.0,,92.5293,,0.81,,,,0.10324053305185377,1.98,0.43270531400966183,,,,9.7222,771.31,0.0012744827586206897,771.31,,0.3613975259259259,,,0.168,,0.20571428571428574,,8.312938992115945e-07,0.0009411764705882354,0.10497291021671824,,0.20053846153846155,0.95,0.10666666666666667,,,,,,,,1.9029,,0.02169228387096775,1.0614,0.18898506744444268,,,45.1023,0.04518952583156404,0.010894736842105263,,,,,,,0.0336363636,,0.4972972972972974,0.1903579252662757,,,,,,,,,,0.005980808538645349,,,,,,,0.612,,,,,,0.20247817850307762,0.04573188573188573,0.448,,,,,,,,,1.8655,,,,0.7287,,0.1322397279839044,0.011825307950727885,,0.016898366718027736,,,,2.5968,,,0.15963435497961564,,,862.06,862.06,,,1.6605,,,,25.0,,,,0.51,0.8376,396.0,,,,,,49.0,,,,,0.30476190476190484,0.49824142156862744,,,,,,3.8,,,0.04580083301779629,3375.6499,3375.6499,0.4773830104066822,0.12083765291312461,0.036111111111111115,0.06536475869809204,0.007810344827586206,,19.0,4.14,,,0.010664372180420201,,,,,0.2724,0.2778,,,,,,8.9,0.02043392950209149,,,0.01562904636920385,,1813.26,0.0097,0.005909090909090908,0.9186688176519566,,,,6.286560034020497e-05,,4.3067,,18.538558116723884,,0.9358,45.64570381415662,,,0.5808,0.0003052503052503052,1813.26,1.7162058371735793,,,,0.0198669623059867,,0.027399590066256745,,,,,,,,1.1399111663057025e-07,0.0038,0.0038,,,1.9764705882352942,0.04852664246985473,,,14.144188235294116,4.6,,,,0.29333333333333333,,4.610859062899536,,,,1.877084627828429e-08,,105.0,,,,,,,,,,,,,,,969.04,969.04,30.0,,2433.7,,0.0773854447439353,0.06417020425352803,,,,0.4644444444444445,7.358568508434629e-05,5.4,0.001188561781154374,,0.75,,,,22.4513,,0.0103709430142463,0.09636923076923076,,0.26086574074074076,,,0.00040533333333333334,,,,50.8264,,,,,,,,,,,5.504,0.06945412311265972,,,,,,0.007657312506923674,0.16243672538860104,0.22006682991531482,,,,,,1230.0,,,,18.0428,,4.4996733449477345e-09,6.3478,0.3348,0.25777777777777783,,,0.005167514502454261,,6.635603871507954e-08,0.0016724419888730433,,0.6184707692307692,,0.014698901098901103
1999-05-31,,,,,0.005774133793310335,,30.5,,98.9222,,0.81,,,,0.08977437656682939,2.18,0.4357312252964427,,,,8.6805,779.76,0.0013324137931034483,779.76,,0.37386856296296295,,,0.18400000000000002,,0.3003428571428572,,1.173591387122251e-06,0.0008823529411764706,0.10747226522187821,,0.22282051282051285,1.14,0.10666666666666667,,,,0.01845411564454546,,,,2.0171,,0.020377600000000003,1.3542,0.15688615925987273,,,46.1596,0.04518952583156404,0.013263157894736843,,,,,,,0.0663636364,,0.5594594594594595,0.1915971526292582,,,,,,,,,,0.008686532367838735,,,,,,,0.744,,,,,,0.22883400791392955,0.04730884730884732,0.412,,,,,,,,,1.9008,,,,0.8957,,0.14241452655168174,0.011108622620380738,,0.021726471494607085,,,,2.4345,,,0.1508872670355271,,,865.96,865.96,,,1.4011,,,,34.5833,,,,0.7278,1.1966,490.0,,,,,,44.0,,,,,0.380952380952381,0.5472487745098039,,,,,,3.9,,,0.0654297614539947,3440.7,3440.7,0.4296447093660139,0.1346476703889103,,0.09050505050505052,0.008244252873563217,,21.5,4.0,,,0.01257440898885367,,,,,0.2615,0.2615,,,,,,9.4,0.026151977356425434,,,0.01601977252843394,,1720.46,0.0097,0.005909090909090908,1.0927955870108241,,,,6.770141575098992e-05,,4.1345,,18.538558116723884,,1.2278,44.714190206718975,,,,0.0003459503459503459,1720.46,,,,,0.025454545454545455,,0.02892178951438212,,,,,,,,1.4372792966463206e-07,0.0036,0.0036,,,2.5941176470588236,0.04852664246985473,,,13.929882352941178,4.15,,,,0.3022222222222222,,4.086901263899617,,,,1.877084627828429e-08,,90.0,,,,,,,,,,,,,,,918.71,918.71,30.0,,2419.8301,,0.08442048517520213,0.058340857781457166,,,,0.45833333333333337,5.614831895061494e-05,5.6667,0.001225704336815448,,1.26,,,,22.1779,,0.0103709430142463,0.11739524475524472,,0.2764398148148148,,,0.000469818181818182,,,,55.7851,,,,,,,,,,,5.44,0.06411149825783974,,0.027524175824175837,,,,0.008228753738783649,0.14890033160621766,0.6916386083052749,,,,,,1115.0,,,,17.131,,5.0139217272274755e-09,5.6522,0.3348,0.47111111111111126,,,0.005598140710992116,,7.239367086524062e-08,0.0022996077347004346,,0.7938276923076923,,0.027428571428571445
1999-06-30,,,,,0.0062240662966851655,,33.5,,100.941,,0.86,,,,0.09725557461406516,2.08,0.43270531400966183,,,,8.3333,820.88,0.0012744827586206897,820.88,,0.4569650518518519,,,0.19999999999999998,,0.3620571428571429,,2.933978467805628e-06,0.001176470588235294,0.1849522703818369,,0.3342307692307693,1.3,0.24,,,,0.01845411564454546,,,,3.0286,,0.032867096774193555,2.196,0.25672851101285576,,,50.741,0.04881689212111944,0.018947368421052633,,,,,,,0.0818181818,,0.5718918918918919,0.19283637999224068,,,,,,,,,,0.007161854470792331,,,,,,,0.696,,,,,,0.34479003840583455,0.06228998228998228,0.448,,,,,,,,,1.9716,,,,0.9791,,0.12969929368168012,0.016483762597984324,,0.024140523882896763,,,,2.8402,,,0.1574475829935935,,,900.72,900.72,,,1.4876,,,,35.0,,,,0.7122,1.2479,480.0,,,,,,45.0,,,,,0.2952380952380953,0.767781862745098,,,,,,4.95,,,0.09160166603559258,3629.26,3629.26,0.5442166318636177,0.15191019223364235,,0.10056116722783391,0.009545977011494252,,20.0,4.0,,,0.011141881382528569,,,,,0.2669,0.2724,,,,,,9.0,0.05753435018413596,,,0.016410498687664036,,1883.9399,0.0107,0.006499999999999999,3.1522949625312235,,,,0.00018956396410277173,,4.2206,,18.538558116723884,,1.4056,45.64570381415662,,,,0.0004985754985754985,1883.9399,1.7325506546704708,,,,0.09774545454545458,,0.038054986203134356,,,,,,,,2.6639228343013706e-07,0.005,0.0055,,,3.7058823529411766,0.18708502997220522,,,13.608423529411764,4.05,,,,0.48888888888888893,,4.19168775174956,,,,2.19756249111621e-08,,103.0,,,,,,,,,,,,,,,917.67,917.67,32.0,,2486.96,,0.09849056603773582,0.05687167289825231,,,,0.48888888888888893,6.225139709742092e-05,5.4667,0.0017457001160704868,,1.46,,,,22.1779,,0.0103709430142463,0.15769510489510485,,0.4750092592592592,,,0.0005895757575757577,,0.12000000000000004,,58.1818,,,,,,,,,,,5.504,0.16027874564459935,,0.03889285714285715,,,,0.012114554115431483,0.16920492227979275,1.7290965207631872,,,,,,1160.0,,,,19.0848,,6.170980587356893e-09,7.0435,0.5739,0.4444444444444446,,,0.009689089692101742,,1.9304496272925067e-07,0.005184570165506434,,1.7538738461538461,,0.1160439560439561
1999-07-31,,,,,0.010198470076496175,,35.0,,96.9033,,0.84,,,,0.10174429344240662,2.2,0.41757575757575754,,,,7.6389,778.45,0.0012020689655172414,778.45,,0.4154168074074074,,,0.304,,0.2715428571428572,,3.6674730847570364e-06,0.001176470588235294,0.12496775025799793,,0.4902051282051283,1.32,0.16666666666666666,,,,0.01845411564454546,,,,2.4571,,0.02366430967741936,1.9032000000000002,0.2293635754677888,,,43.6927,0.04518952583156404,0.015157894736842106,,,,,,,0.0636363636,,0.5283783783783784,0.22394308718846206,,,,,,,,,,0.009438290273454476,,,,,,,0.54,,,,,,0.30262712395903374,0.04967428967428969,0.352,,,,,,,,,1.7063,,,,0.7287,,0.16021389336585184,0.020067189249720046,,0.0350037596302003,,,,2.7996,,,0.12027245923121727,,,848.93,848.93,,,1.2281,,,,35.8333,,,,0.6344,0.8718,490.0,,,,,,43.5,,,,,0.26031746031746034,0.5880882352941176,,,,,,4.1,,,0.15703142748958734,3500.53,3500.53,0.4773830104066822,0.15191019223364235,0.24707602339181292,0.09553310886644222,0.013017241379310344,,19.0,3.42,,,0.011937730052709183,,,,,0.2724,0.2669,,,,,,8.4,0.1111502192726227,,,0.012503237095363077,,1918.55,0.01,0.005909090909090908,2.6899583680266446,,,,0.0002562982167716047,,3.8761,,16.272918097106423,,1.1834,46.57727890358274,,,,0.0006512006512006508,1918.55,1.7325506546704708,,,,0.06923636363636365,,0.038054986203134356,,,,0.5386363636363637,,,,2.0134300491812685e-07,0.005,0.0048,,1.1574074074074076e-08,3.8294117647058825,0.13169288181529706,,,13.929882352941178,3.85,,,,0.4444444444444444,,4.086901263899617,,,,2.014432283523193e-08,,137.0,,,,,,,,,,,,,,,794.47,794.47,30.0,,2342.8101,,0.08442048517520213,0.06853036584239404,,,,0.49500000000000005,5.963579217736122e-05,5.1333,0.0014485596707818928,,1.38,,,,22.4513,,,0.17229650349650344,,0.3582037037037037,,,0.0006264242424242425,,0.12000000000000004,,63.1818,,,,,,,,,,,4.672,0.08013937282229967,,0.04308131868131869,,,,0.01074309515896754,0.17597311917098446,1.886287113559841,,,,,,1110.0,,,,20.1269,,5.656732205077152e-09,6.5217,0.4435,0.4355555555555557,,,0.009689089692101742,,6.636038233533149e-07,0.004599215469400869,,1.4307784615384616,,0.08533333333333337
1999-08-31,,,,,0.010648402579871007,,43.0,,86.8093,,0.84,,,,0.09127061617627656,2.42,0.4206016688625384,,,,6.875,733.86,0.001144137931034483,733.86,,0.4154168074074074,,,0.312,,0.3250285714285715,,4.034220393232738e-06,0.001176470588235294,0.09997420020639834,,0.7130256410256411,1.26,0.13999999999999999,,,,0.01810730445955797,,,,2.8571,,0.021034941935483876,1.4640000000000002,0.22462960282828578,,,42.9878,0.040680743434266205,0.013263157894736843,,,,,,,0.0609090909,,0.5408108108108108,0.23171451302411492,,,,,,,,,,0.009438290273454476,,,,,,,0.49199999999999994,,,,,,0.30788546462007965,0.08042504042504044,0.3,,,,,,,,,1.4588,,,,0.6661,,0.1678449922916848,0.018633818589025755,,0.05129861325115563,,,,2.475,,,0.115898915259173,,,832.56,832.56,,,1.0897,,,,32.0833,,,,0.5333,0.9915,450.0,,,,,,40.0,,,,,0.24761904761904768,0.5799203431372548,,,,,,4.25,,,0.20610374858008332,3218.5601,3218.5601,0.534668971655484,0.17089896626284765,0.26228070175438595,0.09050505050505052,0.01735632183908046,,17.75,3.19,,,0.013051918190962039,,,,,0.256,0.2615,,,,,,7.8,0.141451790929378,,,0.01953630796150481,,1842.55,0.0103,0.006086363636363635,2.4197616569525393,,,,0.0004400592023814346,,4.1775,,16.272918097106423,,1.0754,44.9470839790755,,,,0.0006613756613756614,1842.55,1.8551367858971546,,,,0.07534545454545455,,0.031205088686570175,,,,,,,,1.920502508449825e-07,0.0044,0.005,,,3.5823529411764703,0.1767867714416251,,,13.929882352941178,3.55,,,,0.3955555555555556,,3.982114776049675,,,,2.0602148354214474e-08,,131.0,,,,,,,,,,,,,,,741.79,741.79,30.0,,2173.8201,,0.0633153638814016,0.05978634613428775,,,,0.48888888888888893,6.225139709742092e-05,5.3333,0.0014114171151208188,,1.24,,,,21.6313,,,0.16937622377622372,,0.4049259259259259,,,0.0005343030303030302,,,,57.2727,,,,,,,,,,,4.672,0.08904374758033298,,0.06581868131868135,,,,0.01074309515896754,0.16920492227979275,1.6033440465258648,,,,,,940.0,,,,19.0848,,5.142483822797412e-09,6.1739,0.5392,0.39555555555555566,,,0.008612524170757103,,1.7696152516379692e-06,0.004515593369957216,,1.098443076923077,,0.11158974358974362
1999-09-30,,,,,0.014247862606869657,,48.0,,79.1378,,0.84,,,,0.08977437656682939,2.28,1.5583443126921388,,,,6.9444,719.75,0.0013468965517241382,719.75,,0.4070809037037037,,,0.304,,0.3620571428571429,,4.400967701708442e-06,0.001176470588235294,0.09997420020639834,,0.8578589743589744,1.1,0.13999999999999999,,,,0.033078683686186834,,,,2.4857,,0.02234962580645162,1.2261000000000002,0.19861876414969779,,,41.9306,0.04339279299655062,0.012789473684210524,,,,,,,0.0618181818,,0.5470270270270271,0.24261551304763881,,,,,,,,,,0.008937454242501358,,,,,,,0.708,,,,,,0.365871495629235,0.14034958034958037,0.24,,,,,,,,,1.3174,,,,0.6661,,0.15258605977973894,0.015767077267637177,,0.052505639445300456,,,,2.4345,,,0.11371214327315086,,,809.07,809.07,,,1.0378,,,,29.1667,,,,0.5956,0.9573,440.0,,,,,,33.0,,,,,0.20317460317460323,0.5717524509803921,,,,,,3.9,,,0.17666035592578572,3136.52,3136.52,0.5537642920717513,3.668285892005568,0.4713450292397662,0.14078563411896744,0.016488505747126434,,17.0,3.0,,,0.013529427393070408,,,,,0.2833,0.2942,,,,,,7.1,0.3596977938304097,,,,,2226.24,0.0117,0.006913636363636363,2.3837354288093255,,,,0.0009913421592109238,,3.9622,,15.082216772927906,,1.0627,44.01550888964938,113.43283582089552,,0.5082,0.0007529507529507527,2226.24,1.6508265671860143,,,,0.09265454545454546,,0.02663849034219405,,,,,,,,2.1063575899127115e-07,0.0055,0.005,,,3.5823529411764703,0.1663324786908847,,,17.037317647058824,3.7,,,,0.4088888888888889,,3.143772153749721,,,,1.877084627828429e-08,,142.0,,,,,,,,,,,,,,,724.54,724.54,30.0,,2096.2,,0.07175741239892182,0.08312742855294546,,,,0.5255555555555556,6.050766048404779e-05,5.1333,0.001262846892476522,,1.26,,,,21.9046,,,0.23362237762237753,,0.4594351851851851,,,0.0004421818181818182,,,,56.3636,,,,,,,,,,,4.416,0.12109949670925285,,0.07060549450549453,,,,0.00914305970975961,0.14890033160621766,3.3324405672890522,,,,,,885.0,,,,18.8243,,6.170980587356893e-09,4.6087,0.4522,0.3466666666666668,,,0.010980968317715304,,1.9305034054480067e-06,0.004348349171069912,,1.2184615384615385,,0.1345641025641026
1999-10-31,,,,,0.018597210139493028,,44.0,,80.7528,,0.87,,,,0.08977437656682939,2.1,1.4826965305226176,,,,7.1181,704.57,0.0012310344827586206,704.57,,0.34065622222222225,,,0.272,,0.3908571428571429,,3.4840994305191826e-06,0.0009411764705882354,0.12996646026831785,,0.5793333333333334,1.06,0.13333333333333333,,,,0.033427584095180284,,,,2.2571,,0.01906291612903226,1.0248,0.16079900471103084,,,40.1685,0.05424099124568828,0.01231578947368421,,,,,,,0.0745454545,,0.5470270270270271,0.24261551304763881,,,,,,,,,,0.010690884210023335,,,,,,,0.66,,,,,,0.31843420899498265,0.17346577346577347,0.232,,,,,,,,,1.2643,,,,0.5896,,0.15563915241801612,0.013617021276595745,,0.04767753466872111,,,,2.0287,,,0.11808568724519514,,,812.33,812.33,,,1.1762,,,,27.9167,,,,0.5489,0.8889,470.0,,,,,,37.0,,,,,0.18412698412698414,0.6370955882352941,,,,,,3.85,,,0.12758803483528972,2979.1399,2979.1399,0.4582876899904149,2.0944729125322117,0.5115740740740741,0.14078563411896744,0.015620689655172411,,15.5,3.28,,,0.014961954999395505,,,,,0.2615,0.2724,,,,,,7.0,2.0207654930797054,,,0.018754855643044615,,1958.64,0.0103,0.006086363636363635,2.3837354288093255,,,,0.001955660644067461,,4.0053,,16.377655713585092,,1.0627,42.152420192785605,115.82089552238806,,1.13256,0.0008648758648758647,1958.64,1.7325506546704708,,,,0.07738181818181819,,0.027399590066256745,,,,0.5177013636363637,,,,2.0134300491812685e-07,0.0048,0.004,,1.1574074074074076e-08,2.5941176470588236,0.12467134190808338,,,17.680235294117647,3.35,,,,0.3733333333333333,,3.4581569770497556,,,,1.5566067645406492e-08,,138.0,,,,,,,,,,,,,,,741.33,741.33,28.5,,2036.05,,0.0590943396226415,0.08021275531691004,,,,0.4644444444444445,5.527645064392839e-05,4.9867,0.001039991558510077,,1.12,,,,21.9046,,,0.18981818181818177,,0.41271296296296295,,,0.000304,,,,52.7273,,,,,,,,,,,4.544,0.08904374758033298,,0.07299890109890111,,,,0.008571618477899634,0.1353639378238342,5.307621671258034,,,,,,835.0,,,,21.6899,,5.913856396217024e-09,5.5652,0.4783,0.32000000000000006,,,0.017225048341514206,,1.6087657078960414e-06,0.0037629944749643478,,0.9036923076923077,,0.1066666666666667
1999-11-30,,,,,0.022121681415929205,,43.5,,79.1378,,0.85,,,,0.07481198047235783,2.12,2.0046662274923146,,,,6.7361,696.0,0.0011731034482758622,696.0,,0.2866369407407407,,,0.224,,0.4361142857142858,,4.034220393232738e-06,0.0012941176470588236,0.09997420020639834,,0.6238974358974358,1.14,0.39999999999999997,,,,0.033427584095180284,,,,1.8571,,0.01906291612903226,0.9150000000000001,0.14659708679252184,,,40.8734,0.03796869387198179,0.013736842105263157,,,,,,,0.0627272727,,0.5283783783783784,0.24261551304763881,,,,,,,,,,0.009021094867388904,,,,,,,0.594,,,,,,0.3843237825221124,0.16558096558096563,0.248,,,,,,,,,1.1405,,,,0.5617,,0.15258605977973894,0.012900335946248601,,0.045263482280431436,,,,1.7366,,,0.12027245923121727,,,841.09,841.09,,,1.2281,,,,26.25,,,,0.5411,0.8291,430.0,,,,,,33.5,,,,,0.17460317460317465,0.5799203431372548,,,,,,3.4,,,0.15703142748958734,2850.7,2850.7,0.534668971655484,1.668478421847694,0.4513888888888889,0.19106621773288443,0.016488505747126434,,14.0,3.42,,,0.012733578722889796,,,,,0.2615,0.2887,,,,,,5.8,1.4313625911492087,,,,,2046.03,0.0113,0.006677272727272726,2.3837354288093255,,,,0.001439366234033652,,3.9622,,16.14061794997548,,1.0627,41.91952642042907,121.7910447761194,,1.4883,0.0008954008954008951,2046.03,1.7325506546704708,,,,0.07738181818181819,,0.030443988962507496,,,,0.4757954545454546,,,,7.496154952336413e-07,0.007,0.008,,1.1574074074074076e-08,2.7176470588235295,0.126543752550007,,,17.144470588235297,3.15,,,,0.3733333333333333,,3.3533704891998126,,,,1.4650416607441404e-08,,136.0,,,,,,,,,,,,,,,698.61,698.61,30.0,,1979.42,,0.08442048517520213,0.0699995507255989,,,,0.48888888888888893,4.742963588374928e-05,5.1667,0.0009657064471879287,,0.95,,,,22.7246,,,0.17521678321678316,,0.46722222222222215,,,0.00032242424242424233,,0.1112727272727273,,51.8182,,,,,,,,,,,4.16,0.10685249709639955,,0.08975274725274729,,,,0.0069715830286917035,0.15566852849740934,5.619834710743801,,,,,,840.0,,,,22.4715,,5.913856396217024e-09,5.7391,0.4522,0.3333333333333335,,,0.016148482820169566,,2.252241102999971e-06,0.004181104972182608,,0.8326153846153845,,0.11466666666666671
1999-12-31,,,,,0.012598110094495275,,50.0,,94.8845,,0.84,,,,0.07481198047235783,2.2,2.1937856829161175,,,,7.2917,720.36,0.0014482758620689654,720.36,,0.24928946666666668,,,0.212,,0.3702857142857144,,3.300725776281331e-06,0.0011176470588235294,0.1624580753353973,,0.5570512820512822,1.2,0.26666666666666666,,,,0.02785520582651373,,,,1.8,,0.01906291612903226,1.1895,0.15606503207152786,,,43.6927,0.04518952583156404,0.01231578947368421,,,,,,,0.0727272727,,0.5345945945945947,0.2441697982147694,,,,,,,,,,0.009021094867388904,,,,,,,0.624,,,,,,0.30788546462007965,0.14665742665742668,0.216,,,,,,,,,1.1405,,,,0.5687,,0.16174207235485047,0.012900335946248601,,0.04224591679506933,,,,2.1099,,,0.12464600320326151,,,864.74,864.74,,,1.4184,,,,28.75,,,,0.58,0.7863,450.0,,,,,,32.0,,,,,0.1904761904761905,0.5390808823529412,,,,,,3.65,,,0.15703142748958734,3027.97,3027.97,0.534668971655484,1.3489825538343059,0.3912037037037037,0.14078563411896744,0.016922413793103448,,16.25,3.95,,,0.013529427393070408,,,0.4897707074611396,,0.2615,0.2724,,,,,,6.1,1.296659710409323,,,0.025464566929133854,,1946.09,0.0107,0.0063227272727272715,2.1915955453788505,,,,0.001439366234033652,,3.9622,,15.903580186365867,,1.05,44.48129643436244,113.43283582089552,,1.14708,0.000710978835978836,1946.09,1.7325506546704708,,,,0.06414545454545456,,0.03196618841063286,,,,0.4997468181818182,,,,6.195169382096208e-07,0.0075,0.0075,,,2.4705882352941178,0.14729630383132752,,,17.144470588235297,3.2,,,,0.3333333333333333,,3.3533704891998126,,,,1.2819114531511233e-08,,95.0,,,,,,,,,,,,,,,776.03,776.03,35.0,,2142.97,,0.11185714285714284,0.07729808208087462,,,,0.48888888888888893,5.091710911049553e-05,5.4667,0.0009285638915268544,,0.91,,,,24.0913,,0.015556810570518397,0.17521678321678316,,0.49058333333333326,,,0.00029478787878787886,,0.2945454545454546,,51.8182,,,,,,,,,,,4.864,0.11575687185443287,,0.0777857142857143,,,,0.007771600753295671,0.1353639378238342,3.785583103764922,,,,,,1015.0,,,,26.6396,,5.3996080139372814e-09,6.2609,0.4696,0.288888888888889,,,0.012703473151866724,,2.332704484939044e-06,0.004181104972182608,,0.7107692307692307,,0.10133333333333334
2000-01-31,,,,,0.006874218764061797,,50.5,,216.0091,,0.83,,,,0.05984958437788626,2.32,2.1181379007465964,,,,6.7361,667.48,0.0012310344827586206,667.48,,0.2741659037037037,,,0.19599999999999998,,0.3702857142857144,,3.1173521220434797e-06,0.0011176470588235294,0.16745678534571723,,0.5570512820512822,1.08,0.21333333333333335,,50.1818,,,,,,1.6286,,0.016433548387096777,1.098,0.14659708679252184,,,40.6718,0.05515630797295926,0.014684210526315787,,,,,,,0.0618181818,,0.5594594594594595,4.04359888541185,,,,,,,,,1.0666666666666669,0.008351969868288565,,,,,,,0.624,,,,,,0.4106635804065587,0.1616385616385616,0.19,,,,,,,,,1.0787,,,,0.52,,0.15868897971657325,0.01146696528555431,,0.04103889060092449,,,,2.0693,,,0.12245923121723941,,,786.66,786.66,,,1.1416,,,,33.3333,,,,0.5333,0.7521,420.0,,,,,11.39047619047619,28.5,,,,,0.17142857142857149,0.49824142156862744,,,,,,2.7,,,0.3042483907610754,2775.3101,2775.3101,0.4773830104066822,0.7776665383134385,0.3611111111111111,0.1206734006734007,0.029288793103448278,,13.5,3.52,,,0.014325276063251017,,,0.47738335804880405,,0.2669,0.2833,,,,,,6.5,1.0440584667248243,,,0.025464566929133854,,1967.9301,0.0113,0.006913636363636363,1.999455661948376,,,,0.0013298492379658735,,3.9622,,24.255026974006867,,1.0119,45.41281004180009,112.23880597014926,,1.089,0.0005621693121693122,1967.9301,1.6835162021797967,,,,0.06720000000000002,,0.030443988962507496,,,,0.4141395454545455,,,,3.964908404541574e-07,0.0075,0.0075,,1.1574074074074076e-08,2.841176470588235,0.1282601289717704,,,17.144470588235297,3.1,,,,0.35111111111111115,,3.248558641599664,,,,1.1445637974563596e-08,,93.5,,,,,,,,,,,,,,,684.39,684.39,29.0,,1989.4301,,0.10130458221024254,0.06417020425352803,,,,0.5194444444444445,3.87109528168836e-05,5.4,0.0008914213358657801,,1.0,,,,24.9113,,0.0172851690565098,0.17521678321678316,,0.5139444444444444,,,0.0002763636363636364,,,,47.7273,,,,,,,,,,,4.096,0.10685249709639955,,0.07060549450549453,,,,0.006171565304087737,0.1353639378238342,1.9540863177226813,,,,,,950.0,,,,26.3792,,3.8568628670980585e-09,6.5217,0.4348,0.29777777777777786,,,0.010765655213446378,,3.3783809595340117e-06,0.003595750276077043,,0.7107692307692307,,0.1066666666666667
2000-02-29,,,,,0.005999100044997751,,45.0,,176.8261,,0.82,,,,0.07481198047235783,1.96,1.9290184453227932,,,,4.9306,586.5,0.0009848275862068966,586.5,,0.24928946666666668,,,0.17200000000000001,,0.33737142857142854,,3.6674730847570364e-06,0.0010588235294117646,0.17495485036119707,,0.5681923076923077,1.08,0.3,,42.0,,0.03119796423603176,,,,1.4914,,0.02156903225806452,0.8418,0.11821926179418235,,,38.5972,0.04973220884839045,0.014210526315789472,,,,,,,0.0481818182,,0.4724324324324325,4.08648875448321,,,,,,,,,0.8,0.00818569633688562,,,,,,,0.51,,,,,,0.4106635804065587,0.14981134981134983,0.172,,,,,,,,,1.0521,,,,0.4435,,0.15563915241801612,0.010033594624860023,,0.03621078582434514,,,,1.412,,,0.12245923121723941,,,663.46,663.46,,,0.8995,,,,28.3333,,,,0.4711,0.4957,440.0,,,,,13.58095238095238,20.5,,,,,0.15873015873015875,0.4165625,,,,,,1.78,,,0.7851571374479366,2386.4199,2386.4199,0.4964783308229495,0.4336080092414324,0.3310185185185186,0.11061728395061729,0.07810344827586206,,11.25,2.85,,,0.015916973403612245,,,0.47738335804880405,,0.2724,0.2724,,,,,,7.4,0.6399053681088831,,,0.0291023622047244,,2004.35,0.013,0.00768181818181818,1.885372606161532,,,,0.001642754941016667,,4.2206,,22.336674840608143,,0.9421,33.30276425317982,107.46268656716418,,1.089,0.0007936507936507934,2004.35,1.6508265671860143,,,,0.060072727272727285,,0.030443988962507496,,,,0.4189513636363637,,,,2.4780677528384836e-07,0.0065,0.007,,,4.447058823529412,0.11265670695573993,,,17.144470588235297,2.44,,,,0.3644444444444444,,3.0389856658997783,,,,8.240859341685789e-09,,66.0,,,,,,,,,,,,,,,540.1,540.1,28.5,,1641.9399,,0.12874123989218325,0.055426184545421746,,,,0.5194444444444445,3.347974297676419e-05,5.1333,0.0008171362245436318,,0.85,,,,20.5378,,0.01590216542839752,0.14601398601398596,,0.8332129629629629,,,0.00033163636363636365,,,,42.7273,,,,,,,,,,,3.52,0.08904374758033298,,0.05983516483516485,,,,0.00400008862301983,0.3316416476683938,1.4,,,,,,890.0,,,,26.3792,,6.170980587356893e-09,5.8261,0.4218,0.23555555555555563,,,0.01055034210917745,,7.078499616619988e-06,0.0039302386738516515,,0.5584615384615385,,0.09333333333333334
2000-03-31,,,,,0.007498875056247188,,58.0,,182.8543,,0.84,,,,0.08528565773848792,2.0,2.042490118577075,,,,4.7222,625.93,0.0010137931034482758,625.93,,0.24095356296296294,,,0.27999999999999997,,0.3456,,4.400967701708442e-06,0.0012941176470588236,0.25493421052631576,,0.590474358974359,1.06,0.37999999999999995,,43.2727,,0.02785520582651373,,,,1.4571,,0.030812903225806456,1.4457,0.14659708679252184,,,38.7568,0.038884010599252776,0.01657894736842105,,,,,,,0.0518181818,,0.3605405405405406,3.857777792525307,,,,,,,,,0.8,0.00952193089834202,,,,,,,0.474,,,,,,0.34479003840583455,0.16558096558096563,0.146,,,,,,,,,1.0521,,,,0.4296,,0.16479189965340763,0.010750279955207168,,0.04224591679506933,,,,1.3471,,,0.115898915259173,,,672.73,672.73,,,0.7888,,,,20.0,,,,0.7744,0.4701,500.0,,,,,23.0,23.25,,,,,0.16190476190476197,0.38797487745098036,,,,,,1.84,,,0.8096932979931845,2458.02,2458.02,0.41054938894974663,0.5891413169041201,0.43333333333333335,0.10056116722783391,0.0911206896551724,,11.0,3.52,,,0.015916973403612245,,,0.42156188474764644,,0.2669,0.2669,,,,,,6.9,0.7274844687879508,,,,,1915.28,0.0117,0.006913636363636363,1.7652851790174853,,,,0.0010325888200676191,,4.2206,,22.634350171652773,,0.9548,34.00138408826093,137.3134328358209,,1.13256,0.0010912698412698415,1915.28,1.3198440128739668,,,,0.07127272727272728,,0.05403808040845079,,,,0.5386363636363637,,,,3.964908404541574e-07,0.008,0.008,,,3.4588235294117644,0.09705328493970947,,,,2.48,,,,0.35111111111111115,,2.986567062224602,,,,1.052998693659851e-08,,68.0,,,,,,,,,,,,,,,528.43,528.43,27.0,,1681.72,,0.11607816711590294,0.058340857781457166,,,,0.48888888888888893,1.9529850069779114e-05,5.2,0.001002849002849003,,1.0,,,,19.4444,,0.012100093598535594,0.14601398601398596,,0.8877222222222221,,,0.0002763636363636364,267.3267326732674,0.3,,44.0909,,,,,,,,,,,3.584,0.09082462253193964,,0.07419560439560442,,,,0.005028682840367785,0.1895095129533679,2.1,,,,,,900.0,,,,25.8581,,6.685228969636634e-09,5.1304,1.0261,0.23111111111111118,,,0.01141159452625316,,1.2548272135412042e-05,0.004181104972182608,,0.48230769230769227,,0.07733333333333335
2000-04-30,,,,,0.007249162516874157,,48.5,,188.8824,,0.83,,,,0.10473677266130094,1.84,2.0046662274923146,,,,4.5139,628.4,0.0010137931034482758,628.4,,0.22848252592592594,,,0.216,,0.3085714285714286,,3.6674730847570364e-06,0.0011176470588235294,0.23743872549019604,,0.49466153846153854,1.14,0.24,,44.7273,,0.04122623946458584,,,,1.3771,,0.025677419354838717,1.5006,0.1395221386719459,,,38.4376,0.052444258410674856,0.016105263157894737,,,,,,,0.0427272727,,0.4040540540540541,3.857777792525307,,,,,,,,,0.7333333333333335,0.008351969868288565,,,,,,,0.42599999999999993,,,,,,0.26572255017327884,0.11827211827211825,0.122,,,,,,,,,0.9637,,,,0.4226,,0.15563915241801612,0.007883538633818589,,0.045263482280431436,,,,1.0549,,,0.11152537128712874,,,669.0,669.0,,,0.6642,,,,20.0,,,,0.6189,0.4701,600.0,,,,,17.304761904761904,27.5,,,,,0.15873015873015875,0.38797487745098036,,,,,,1.52,,,0.49072321090496035,2343.5,2343.5,0.37426828015883884,0.4147554871005006,0.3370370370370371,0.09050505050505052,0.049899425287356323,,10.75,3.04,,,0.015916973403612245,,,,,0.2615,0.2669,,,,,,5.8,0.6062074197257697,,,,,1768.1,0.011,0.006499999999999999,1.1708524146544546,,,,0.0004380679842711114,,3.9622,,22.97612555174105,,0.9357,34.23427786061747,154.02985074626866,,0.6534,0.000710978835978836,1768.1,1.401568100358423,,,,0.053963636363636366,,0.03348838785875824,,,,0.4787759090909091,,,,3.4073431601529153e-07,0.007,0.007,,,2.5941176470588236,0.08659899218896905,,,16.072941176470586,2.18,,,,0.27555555555555555,,2.986567062224602,,,,7.783033822703246e-09,,64.0,,,,,,,,,,,,,,,501.59,501.59,29.5,,1598.73,,0.10763611859838271,0.04665846830694117,,,,0.48888888888888893,2.0227344715128364e-05,5.0,0.0008914213358657801,,0.93,,,,22.1779,,0.01521145571263928,0.13141258741258738,,0.5061574074074073,,,0.0002763636363636364,318.4818481848185,,,47.2727,,,,,,,,,,,3.456,0.08904374758033298,,0.06222857142857145,,,,0.00754302426055168,0.14213213471502592,1.866666666666667,,,,,,740.0,,,,24.5556,,5.656732205077152e-09,5.3043,0.6435,0.2222222222222223,,,0.009043150379294955,,6.274136067706021e-06,0.0037629944749643478,,0.4061538461538462,,0.07200000000000002
2000-05-31,,,,,0.0064992750112494386,,44.0,,136.6384,,0.8,,,,0.0822931785195936,1.8,2.0046662274923146,,,,4.0833,620.71,0.0008110344827586207,620.71,,0.2243473925925926,,,0.19999999999999998,,0.20982857142857148,,3.300725776281331e-06,0.0010588235294117646,0.15995872033023734,,0.6016153846153847,1.1,0.20666666666666667,,40.7273,,0.033427584095180284,,,,1.3771,,0.02259612903225807,1.2444,0.12295323443368536,,,34.9267,0.03162927802014197,0.014210526315789472,,,,,,,0.0354545455,,0.3978378378378379,3.800584299145624,,,,,,,,,0.6666666666666667,,,,,,,,0.36,,,,,,0.22355963572647805,0.29568029568029564,0.084,,,,,,,,,0.8488,,,,0.3809,,0.15868897971657325,0.005733482642777155,,0.05532203389830509,,,,1.1361,,,0.09840473937099595,,,598.2,598.2,,,0.4982,,,,17.9167,,,,0.5333,0.5983,560.0,,,,,11.17142857142857,30.0,,,,,0.1904761904761905,0.3267156862745098,,,,,,1.26,,,0.3925785687239683,2155.1201,2155.1201,0.35517295974257157,0.2922140931844436,0.26481481481481484,0.08044893378226713,0.04881465517241379,,10.75,3.0,,,0.015916973403612245,,,,,0.256,0.2669,,,,,,4.05,0.44456396283790683,,,,,1619.65,0.0097,0.005495454545454545,1.0747824729392172,,,,0.0002784860757152064,,4.1345,,22.03899950956351,,0.8977,35.21239481532181,173.13432835820896,,,0.0008763227513227512,1619.65,1.7325506546704708,,,,0.05090909090909091,,0.038816085927197055,,,,0.5027272727272727,,,,2.4780677528384836e-07,0.006,0.0065,,,2.3470588235294114,0.06927919375117525,,,16.608705882352943,1.38,,,,0.18666666666666665,,2.305429531449768,,,,7.0962955442294295e-09,,67.5,,,,,,,,,,,,,,,459.99,459.99,28.0,,1478.76,,0.0759784366576819,0.04430848858717647,,,,0.39722222222222225,1.2554903616286572e-05,4.8,0.001002849002849003,,0.85,,,,16.711,,0.015556810570518397,,,0.5762407407407406,,,0.0002763636363636364,402.6402640264027,,,46.3636,,,,,,,,,,,3.328,0.08548199767711966,,,,,,0.006171565304087736,0.1353639378238342,1.9727272727272729,,,,,,765.0,,,,18.5638,,5.3996080139372814e-09,4.4348,0.9131,0.2222222222222223,,,0.006674706232336753,,5.3088843649820175e-06,0.0030940176794151297,,0.3249230769230769,,
2000-06-30,,,,,0.00537444375281236,,53.5,,160.751,,0.8,,,,0.05984958437788626,1.5,2.042490118577075,,,,4.5833,655.65,0.0007241379310344827,655.65,,0.17446324444444442,,,0.18000000000000002,,0.3661714285714286,,3.4840994305191826e-06,0.001,0.179953560371517,,0.5124871794871795,0.96,0.19333333333333333,,40.4,,0.033427584095180284,,,,1.3086,,0.02413677419354839,0.9882000000000002,0.12532022075343688,,,33.8096,0.04518952583156404,0.018473684210526316,,,,,,,0.0427272727,,0.372972972972973,3.857777792525307,,,,,,,,,0.6666666666666667,,,,,,,,0.384,,,,,,0.23410838010138105,0.2365442365442365,0.116,,,,,,,,,0.84,,,,0.4087,,0.15258605977973894,0.007166853303471445,,0.06538058551617873,,,,1.1361,,,0.10277828334304019,,,572.22,572.22,,,0.6504,,,,18.75,,,,0.7044,0.5214,620.0,,,,,10.95238095238095,32.0,,,,,0.21428571428571427,0.3307996323529412,,,,,,1.28,,,0.3042483907610754,2250.55,2250.55,0.36281108790907846,0.3252060069310743,0.30092592592592593,0.08044893378226713,0.034170258620689654,,11.5,3.04,,,0.015121124733431631,,,0.3844390369834637,,0.2724,0.2778,,,,,,4.15,0.4580342509118954,,,,,1712.29,0.01,0.005909090909090908,1.284935470441299,,,,0.0002127758780745397,,4.1345,,21.961824423737127,,1.0611,35.21239481532181,185.07462686567163,,,0.0006779100529100525,1712.29,,,,,0.05600000000000001,,0.044143783995635864,,,,0.4309090909090909,,,,2.199285130644154e-07,0.0085,0.0085,,,2.223529411764706,0.10220241420499951,,,16.072941176470586,1.42,,,,0.20888888888888887,,1.6976323982698125,,,,6.180644506264342e-09,,56.5,,,,,,,,,,,,,,,504.33,504.33,30.0,,1533.99,,0.11607816711590294,0.05833256110835293,,,,0.45833333333333337,1.7786113456405978e-05,4.8667,0.001002849002849003,,0.85,,,,19.1711,,0.0172851690565098,0.13141258741258738,,0.5450925925925925,,,0.0002763636363636364,471.94719471947195,,,47.2727,,,,,,,,,,,3.328,0.08904374758033298,,0.05983516483516485,,,,0.007371591890993688,0.12182754404145078,2.1212121212121215,,,,,,775.0,,,,20.1269,,6.428104778496765e-09,4.6087,0.8522,0.2222222222222223,,,0.007535958649412463,,4.02189496470605e-06,0.002884962430806,,0.33,,
2000-07-31,,,,,0.004874268786560673,,46.0,,154.321,,0.8,,,,0.041894709064520384,1.46,1.9290184453227932,,,,4.25,629.75,0.0007241379310344827,629.75,,0.16199220740740738,,,0.144,,0.28800000000000003,,2.933978467805628e-06,0.0007647058823529411,0.09997420020639834,,0.5793333333333334,1.0,0.19333333333333333,,33.4,,0.033427584095180284,,,,1.2514,,0.02054193548387097,0.8784000000000001,0.13242117971269138,,,29.8199,0.04518952583156404,0.009,,,,,,,0.0372727273,,0.372972972972973,3.800584299145624,,,,,,,,,0.5333333333333334,,,,,,,,0.288,,,,,,0.19720380631562612,0.19712019712019715,0.076,,,,,,,,,0.8134,,,,0.3948,,0.15106114613046037,0.0050167973124300115,,0.06538058551617873,,,,1.0063,,,0.0962179673849738,,,506.29,506.29,,,0.5328,,,,16.875,,,,0.5178,0.4444,600.0,,,,,11.60952380952381,32.0,,,,,0.33116883116883117,0.3267156862745098,,,,,,1.12,,,0.2748049981067777,2088.52,2088.52,0.4869306706148158,0.240369657296881,0.30092592592592593,0.07039281705948372,0.02993965517241379,,11.5,2.76,,,0.016235312871684483,,,0.3720124870983043,,0.2451,0.2615,,,,,,4.0,0.45127687867675914,,,0.03880314960629921,,1446.26,0.0093,0.005731818181818182,1.1348261865112406,,,,0.00016271096558641277,,4.479,,20.32461010299166,,1.023,32.69722814865514,188.65671641791045,,,0.0006779100529100525,1446.26,1.5650162753273353,,,,0.05090909090909091,,0.04033828537532243,,,,0.49673045454545456,,,,1.8275749677183818e-07,0.0055,0.006,,,1.7294117647058822,0.0917481214542591,,,15.644329411764707,1.24,,,,0.1111111111111111,,2.095856555749883,,,,5.264993468299255e-09,,47.5,,,,,,,,,,,,,,,464.76,464.76,30.0,,1417.17,,0.08019946091644202,0.04430848858717647,,,,0.42777777777777776,1.0811167002913438e-05,4.6667,,,0.8,,,,17.6677,,0.0172851690565098,0.12849230769230768,,0.4049259259259259,,,0.0002763636363636364,501.65016501650166,,,45.9091,,,,,,,,,,,3.104,0.062330623306233075,,,,,,0.007200159521435694,0.11505934715025906,1.9303030303030302,,,,,,670.0,,,,18.5638,,5.785294300647088e-09,4.5217,0.6783,0.23111111111111118,,,0.006459393128067825,,3.3783809595340117e-06,0.004615939889289598,,0.2843076923076923,,0.07200000000000002
2000-08-31,,,,,0.005061740662966852,,48.5,,173.6111,,0.78,,,,0.03740599023617892,1.54,1.9290184453227932,,,,4.4167,696.5,0.0007241379310344827,696.5,,0.1495868074074074,,,0.136,,0.22628571428571434,,2.933978467805628e-06,0.0007058823529411765,0.13496517027863777,,0.7333333333333334,1.06,0.19999999999999998,,35.2,,0.02785353444730897,,,,1.2857,,0.02670451612903227,0.8418,0.14186311415301883,,,30.6179,,0.009,,,,,,,0.0418181818,,0.31702702702702706,3.5147008476616475,,,,,,,,,0.46666666666666673,0.007517579056157421,,,,,,,0.318,,,,,,0.21302692287798064,0.18135058135058135,0.09,,,,,,,,,0.8665,,,,0.4296,,0.15868897971657325,0.005733482642777155,,0.0603513097072419,,,,1.0387,,,0.08309733546884102,,,554.95,554.95,,,0.5743,,,,21.25,,,,0.6967,0.4701,676.0,,,,,10.95238095238095,33.0,,,,,0.2532467532467533,0.3267156862745098,,,,,,1.04,,,0.3140628549791747,2234.8601,2234.8601,0.5919549329042858,0.1932383519445514,0.24074074074074078,0.06033670033670035,0.035797413793103444,,12.0,2.76,,,0.01719033127590122,,,0.3347720379156501,,0.2396,0.2505,,,,,,4.0,0.37045515023282777,,,0.03880314960629921,,1418.61,0.0097,0.005731818181818182,1.1708524146544546,,,,0.0002127758780745397,,4.5652,,20.74356056890633,,1.023,34.65346205806382,223.28358208955223,,,0.0010416666666666667,1418.61,1.5650162753273353,,,,0.04072727272727274,,0.047949282615949294,,,,0.508724090909091,,,,2.1063575899127115e-07,0.006,0.006,,,1.9764705882352942,0.10391879062676287,,,15.001411764705882,1.3,,,,0.19999999999999998,,2.148249799674854,,,,6.180644506264342e-09,,55.5,,,,,,,,,,,,,,,497.21,497.21,29.5,,1537.52,,0.08442048517520213,0.04665846830694117,,,,0.42777777777777776,1.0811167002913438e-05,4.7333,0.0007799936688825578,,0.84,,,,17.531,,0.0172851690565098,,,0.4516481481481481,,,0.00021187878787878793,597.3597359735974,,,45.9091,,,,,,,,,,,3.392,0.0894308943089431,,0.05385164835164838,,,,0.007714456630109673,0.14890033160621766,1.2090909090909092,,,,,,765.0,,,,18.8243,,4.3711112493777995e-09,4.5217,0.8,0.2222222222222223,,,0.006028766919529971,,4.02189496470605e-06,0.005351814364393738,,0.2792307692307692,,0.07200000000000002
2000-09-30,,,,,0.005061740662966852,,43.0,,163.966,,0.78,,,,0.03291727140783745,1.3,2.1181379007465964,,,,3.9167,682.96,0.0005068965517241379,682.96,,0.14538603703703704,,,0.112,,0.3620571428571429,,2.3838575050920725e-06,0.0007058823529411765,0.09997420020639834,,0.6966666666666667,1.0,0.17333333333333334,,33.6,,0.022287841695461455,,,,1.2629,,0.02362322580645162,0.976,0.14423010047277032,,,30.6578,0.04790157539384846,0.009,,,,,,,0.0318181818,,0.30459459459459465,3.5147008476616475,,,,,,,,,0.46666666666666673,0.010997566501277657,,,,,,,0.27,,,,,,0.20247817850307762,0.17543697543697545,0.08,,,,,,,,,0.8488,,,,0.3948,,0.17089481959024203,0.0050167973124300115,,0.0603513097072419,,,,0.8115,,,0.07872379149679674,,,534.87,534.87,,,0.4705,,,,21.6667,,,,0.5722,0.41,640.0,,,,,8.542857142857143,31.0,,,,,0.2922077922077922,0.32263174019607843,,,,,,0.92,,,0.22573267701628175,2103.8501,2103.8501,0.506025991031083,0.19088178667693495,0.23472222222222225,0.06536475869809204,0.029288793103448275,,12.0,2.15,,,0.016553652339756735,,,0.3286175636823062,,0.2451,0.2505,,,,,,3.8,0.31657399793687346,,,0.03880314960629921,,1494.6,0.0093,0.005731818181818182,1.0927955870108241,,,,0.00016896907964742864,,3.4454,,20.368710152035312,,1.0088,29.623128724730496,229.2537313432836,,,0.0008333333333333331,1494.6,2.390429558920342,,,,0.04072727272727274,,0.04566598344376123,,,,0.508724090909091,,,,1.7346474269869388e-07,0.0055,0.005,,,1.6058823529411765,0.08316623934544234,,,,1.16,,,,0.21333333333333335,,2.305429531449768,,,,4.578255189825438e-09,,39.0,,,,,,,,,,,,,,,440.23,440.23,29.5,,1434.49,,0.0675363881401617,0.07929286409270586,,,,0.48277777777777786,6.626199130817914e-06,4.7333,0.0007428511132214835,,0.83,,,,17.6677,,0.0172851690565098,,,0.31926851851851845,,,0.00020266666666666667,627.0627062706271,0.3,,44.0909,,,,,,,,,,,3.008,0.09214092140921412,,0.04786813186813189,,,,0.006857294782319709,0.12182754404145078,1.0266666666666666,,,,,,810.0,,,,19.0848,,4.1139870582379294e-09,3.9565,0.6696,0.22666666666666677,,,0.005382827606723189,,2.9761798800429736e-06,0.006325175601917849,,0.25384615384615383,,
2000-10-31,,,,,0.0028120781460926956,,38.5,,144.6759,,0.78,,,,0.03740599023617892,1.24,1.9290184453227932,,,,3.3333,701.01,0.0002751724137931035,701.01,,0.11630882962962963,,,0.076,,0.1851428571428572,,1.6136881572930957e-06,0.0005411764705882352,0.07498065015479874,,0.5499999999999999,0.8,0.13333333333333333,,33.4,,,,,,1.1143,,0.02156903225806452,0.7075999999999999,0.13005419339293986,0.0015596091975194945,,29.8598,0.04518952583156404,0.0066315789473684215,,,,,,,0.0227272727,,,3.5432870924246846,,,,,,,,,0.2666666666666667,0.015312280664653082,,,,,,,0.186,,,,,0.36295890410958914,0.17612234909222574,0.137984137984138,0.05,,,,,,,,,0.8134,,,,0.367,,0.15258605977973894,0.0035834266517357225,,,,,,0.4382,,,0.08091056348281887,,,501.9,501.9,,,0.3736,,,,17.5,,,,0.4633,0.23,472.0,,,,,6.242857142857143,29.0,,,,,0.2532467532467533,0.28587622549019603,,,,,,0.6,,,0.13740249905338886,1847.4,1847.4,0.401001728741613,0.13432422025413937,0.2587962962962963,0.050280583613916956,0.020176724137931035,,10.75,1.96,,,0.012733578722889796,,,0.309997339090979,,0.2301,0.2369,,,,,,2.55,0.13470288073988576,,,0.03880314960629921,,1305.14,0.009,0.004904545454545454,0.7685595337218983,,,,0.00011108152458303175,,3.4454,,20.32461010299166,,0.9421,22.915997119623224,299.7014925373134,,,0.0007083333333333333,1305.14,2.145257296466974,,,,0.030545454545454546,,0.036532786755009,,,,0.4907695454545455,,,,1.3257662477685888e-07,0.0038,0.0038,,,1.2352941176470589,0.06849902265037372,,,13.39411764705882,1.02,,,,0.13999999999999999,,2.148249799674854,,,,3.204778632877808e-09,,37.5,,,,,,,,,,,,,,,370.06,370.06,30.0,,1287.85,,0.06542587601078165,0.06299461764917645,,,,0.42777777777777776,4.819053913322118e-06,4.56,0.0009657064471879287,,0.81,,,,17.531,,0.025582398726885575,0.10951048951048947,,0.26475925925925925,,,0.00016581818181818182,683.1683168316832,,,43.1818,,,,,,,,,,,2.56,0.05962059620596207,,,,,,0.008571618477899634,0.08798655958549223,0.4263636363636364,,,,,,775.0,,,,16.7402,,3.2140523892483825e-09,3.1739,0.45,0.2133333333333334,,,0.003875635876840696,,1.3513523838136042e-06,0.005100948066062781,,0.15738461538461537,,
2000-11-30,,,,,0.0029373093595320234,,47.0,,173.6111,,0.83,,,,0.0793006993006993,1.26,1.8911945542380324,,,,3.875,708.75,0.0002751724137931035,708.75,,0.09556752592592593,,,0.09599999999999999,,0.20571428571428574,,1.8337365423785182e-06,0.0006470588235294118,0.08497807017543858,,0.5133333333333333,0.92,0.13333333333333333,,34.0,,,,,,1.0971,,0.019001290322580647,0.732,0.1395221386719459,0.0022057330079204274,,30.2588,,0.007578947368421053,,,,,,,0.0209090909,,0.2921621621621622,3.9435365268144174,,,,,,,,,0.33333333333333337,0.021995133002555314,,,,,,,0.20999999999999996,,,,,0.34003518385003617,0.20247817850307762,0.2748902748902749,0.064,,,,,,,,,0.8576,,,,0.3809,,0.16174207235485047,0.0035834266517357225,,,,,,0.5843,,,0.07653701951077461,,,514.81,514.81,,,0.4151,,,,18.125,,,,0.4867,0.24,520.0,,,,,6.57142857142857,29.5,,,,,0.2571428571428572,0.28587622549019603,,,,,,0.72,,,0.21591821279818257,2010.35,2010.35,0.5537642920717513,0.12725452445128996,0.4345679012345679,0.050280583613916956,0.032543103448275865,,10.25,1.98,,,0.014643615531323262,,,0.2976099896786435,,0.2164,0.2301,,,,,,2.65,0.1818711171969877,,,0.04656377952755905,,1279.9301,0.009,0.005318181818181817,0.8045857618651123,,,,0.00014080756637285723,,3.4454,,20.462422756253062,,0.9992,24.872231029031916,279.4029850746269,,,0.0007499999999999998,1279.9301,1.7325506546704708,,,,0.030545454545454546,,0.04109938509938512,,,,0.49673045454545456,,,,1.4001082803537433e-07,0.0042,0.0042,,,1.9764705882352942,0.07271194659470194,,,13.39411764705882,1.04,,,,0.13333333333333333,,2.7246008425997448,,,,4.578255189825438e-09,,38.5,,,,,,,,,,,,,,,441.9,441.9,30.0,,1404.83,,0.0675363881401617,0.06064463792941176,,,,0.48888888888888893,,4.5333,0.0012290809327846364,,0.81,,,,17.121,,0.02281639147066103,,,0.20635648148148147,,,0.00012896969696969698,653.4653465346535,,,44.5454,,,,,,,,,,,3.2,0.0813008130081301,,,,,,0.010285942173479562,0.10152295336787563,0.8145454545454546,,,,,,805.0,,,,17.7822,,3.8568628670980585e-09,3.7391,0.475,0.17777777777777784,,,0.004090948981109624,,1.4800397408207688e-06,0.005509023911347806,,0.1523076923076923,,
2000-12-31,,,,,0.0029995500224988753,,49.5,,185.6674,,0.83,,,,0.05664335664335664,1.4,2.2316095740008786,,,,4.5,829.93,0.0003331034482758621,829.93,,0.09970265925925927,,,0.064,,0.1851428571428572,,1.8337365423785182e-06,0.0006470588235294118,0.07997936016511867,,0.5866666666666667,1.12,0.14133333333333334,,36.6,,,,,,1.02,,0.015920000000000004,0.9394,0.14659708679252184,0.001515048934733223,,32.0542,0.04702015928610602,0.007578947368421053,,,,,,,0.0227272727,,0.2486486486486487,3.9435365268144174,,,,,,,,,0.4,,,,,,,,0.252,,,,,0.39161355443403034,0.19194546565458026,0.3665203665203665,0.054,,,,,,,,,0.84,,,,0.4157,,0.15258605977973894,0.0035834266517357225,,0.07040986132511556,,,,0.5356,,,0.07653701951077461,,,554.08,554.08,,,0.4705,,,,17.2917,,,,0.5022,0.3,560.0,,,,,6.242857142857143,30.5,,,,,0.26493506493506497,0.28587622549019603,,,,,,0.78,,,0.22573267701628175,2104.54,2104.54,0.6015025931124195,0.1201848286484405,0.40987654320987654,0.06536475869809204,0.03059051724137931,,9.7,1.98,,,0.015916973403612245,,,0.2976099896786435,,0.2198,0.2198,,,,,,2.9,0.14817316881387432,,,,,1245.08,0.0087,0.005318181818181817,0.8045857618651123,,,,0.00014080756637285723,0.5185185185185185,3.6177,,21.074310936733692,,0.9992,27.38739769569858,365.3731343283582,,,,1245.08,,,,,0.038690909090909095,,0.04262158454751049,,,,0.4488636363636364,,,,1.3257662477685888e-07,0.0042,0.0042,,,1.7294117647058822,0.11522558822274999,,,,1.2,,,,0.10666666666666667,,2.8293873304496873,,,,4.578255189825438e-09,,38.0,,,,,,,,,,,,,,,508.17,508.17,30.0,,1494.5,,0.11957142857142855,0.05833256110835293,,,,0.48888888888888893,,4.56,0.0012290809327846364,,0.82,,,,19.4444,,0.02385404024089418,0.14601398601398596,,0.20246296296296296,,,0.0001381818181818182,844.884488448845,,,44.0909,,,,,,,,,,,3.712,0.08672086720867209,,0.04188461538461538,,,,0.010285942173479562,0.10152295336787563,0.5281818181818182,,,,,,865.0,,,,22.732,,3.8568628670980585e-09,4.0,0.445,0.17777777777777784,,,0.004090948981109624,,1.3513523838136042e-06,0.004998929104741526,,0.17769230769230768,,0.08000000000000002
2001-01-31,,,,,0.003624206314684266,,48.0,,200.135,,0.82,,,,0.09969230769230769,1.54,2.0803140096618358,,,,5.6667,816.56,0.00046344827586206896,816.56,,0.12877986666666666,,,0.09200000000000001,,0.24685714285714289,,2.750604813567776e-06,0.0007058823529411765,0.09747484520123839,,0.5499999999999999,1.16,0.18333333333333335,,47.6,,,,,,1.0543,,0.02054193548387097,1.0126,0.15369804575177634,0.0014036482777675448,,37.4402,0.06780123905711034,0.008526315789473682,,,,,,,0.0245454545,,0.2486486486486487,3.9435365268144174,,,,,,,,,0.6,,,,,,,,0.306,,,,,0.3820620043258833,0.21828526353902653,0.6683606683606683,0.128,,,,,,,,,1.0256,,,,0.5339,,0.14800805349218313,0.004300111982082867,,0.06538058551617873,,,,1.0549,,,0.08528410745486315,,,636.42,636.42,,,0.9341,,,,19.7917,,,,0.5178,0.48,580.0,,,,,7.119047619047618,36.0,,,,,0.2727272727272727,0.29812806372549017,,,,,,1.46,,,0.3140628549791747,2310.1499,2310.1499,0.5919549329042858,0.20400000000000001,0.4,0.07542087542087543,0.04556034482758621,,11.5,2.47,,,0.027058854786140816,,,0.3050580795151744,,0.2369,0.2267,,,,,,3.1,0.21219037946253294,,,0.06208503937007873,,1368.0,0.0093,0.005731818181818182,0.8646294754371356,,,,0.00017835625073895245,0.5,3.3593,,23.648651299656695,,1.0897,30.461497119623225,312.8358208955224,,,0.0014374999999999998,1368.0,2.5579639382634776,,,,0.044800000000000006,,0.04566598344376123,,,,0.4488636363636364,,,,1.548792345524052e-07,0.006,0.0055,,,2.4705882352941178,0.11194783626017722,,,16.072941176470586,1.9,,,,0.25333333333333335,,4.226879549857254,,,,4.80716794931671e-09,,32.5,,,,,,,,,,,,,,,647.22,647.22,30.0,,1687.0,,0.16199999999999998,0.05598258138858822,,,,0.49500000000000005,,4.7333,0.0015802469135802468,,0.95,,,,21.6312,,0.024200187197071187,0.14601398601398596,,0.2881203703703703,,,0.00018424242424242425,719.4719471947195,,,45.4545,,,,,,,,,,,4.48,0.07859078590785909,,,,,,0.010285942173479562,0.1353639378238342,0.48363636363636364,,,,,,915.0,,,,21.6899,,5.142483822797412e-09,5.2174,0.52,0.22666666666666677,,,0.0062440800237988986,,2.8153303363010456e-06,0.004692872220777759,,0.198,,0.11466666666666671
2001-02-28,,,,,0.003624206314684266,,47.5,,185.6674,,0.82,,,,0.09230769230769231,1.58,2.042490118577075,,,,5.3333,781.61,0.0003331034482758621,781.61,,0.12044396296296296,,,0.09200000000000001,,,,2.200483850854221e-06,0.000588235294117647,0.0899767801857585,,0.5133333333333333,1.12,0.18999999999999997,,43.6,,,,,,0.9514,,0.02259612903225807,0.9638,0.1395221386719459,0.002005211825382207,,36.6423,0.0569530408079727,0.009,,,,,,,0.0254545455,,0.2983783783783784,3.7434118096195514,,,,,,,,,0.6,,,,,,,,0.24,,,,,0.3820620043258833,0.20775255069052914,0.3234003234003234,0.102,,,,,,,,,0.9814,,,,0.4852,,0.14495496085390597,0.0050167973124300115,,,,,,1.1361,,,0.08747087944088529,,,609.14,609.14,,,0.9514,,,,19.5833,,,,0.4867,0.45,580.0,,,,,6.461904761904762,37.5,,,,,0.33116883116883117,0.3553033088235294,,,,,,1.28,,,0.2748049981067777,2197.6001,2197.6001,0.4964783308229495,0.23399999999999999,0.4444444444444445,0.09050505050505052,0.032543103448275865,,11.5,2.57,,,0.027058854786140816,,,0.26040874096881306,,0.2369,0.2437,,,,,,3.1,0.22903935365408962,,,0.03880314960629921,,1378.08,0.0093,0.005495454545454545,0.7685595337218983,,,,0.000151759265979635,0.49382716049382713,3.2731,,22.711525257479156,,1.0421,30.182061481988473,300.8955223880597,,,0.0011875,1378.08,3.3833772218564846,,,,0.04174545454545455,,0.06164907764907768,,,,0.4787759090909091,,,,1.3629372640611662e-07,0.0048,0.0046,,,2.1,0.11194783626017722,,,,1.86,,,,0.22,,4.485652756593872,,,,4.578255189825438e-09,,46.5,,,,,,,,,,,,,,,628.92,628.92,30.0,,1613.49,,0.16199999999999998,0.05598258138858822,,,,0.5194444444444445,2.891432347993271e-05,4.7733,0.0014924554183813445,,0.97,,,,17.121,,0.024200187197071187,,,0.27254629629629623,,,0.00019345454545454543,679.8679867986799,0.3,,45.4545,,,,,,,,,,,4.544,0.09485094850948511,,0.04188461538461538,,,,0.01131453639082752,0.12182754404145078,0.41363636363636364,,,,,,795.0,,,,18.5638,,4.885359631657541e-09,4.7826,0.53,0.2222222222222223,,,0.005275171054588725,,2.171816331129007e-06,0.004590853259456505,,0.1523076923076923,,0.11200000000000004
2001-03-31,,,,,0.0033122531123443827,,42.0,,178.4336,,0.83,,,,0.07015384615384615,1.4,2.0803140096618358,,,,4.5833,716.7,0.0004924137931034483,716.7,,0.1038377925925926,,,0.068,,0.24685714285714289,,2.200483850854221e-06,0.0005411764705882352,0.062483875128998966,,0.44,1.08,0.16666666666666666,,43.6,,,,,,0.7629,,0.01951483870967742,0.9027999999999999,0.13005419339293986,0.003949659656055862,,36.6423,0.04973220884839045,0.0066315789473684215,,,,,,,0.0190909091,,0.23621621621621625,3.5718733371877205,,,,,,,,,0.7,0.015035158112314841,,,,,,,0.23399999999999999,,,,,0.3056496034607067,0.1813967212796772,0.3234003234003234,0.068,,,,,,,,,0.84,,,,0.4157,,,0.004300111982082867,,,,,,0.8115,,,0.09184442341292953,,,601.09,601.09,,,0.6642,,,,17.2917,,,,0.4322,0.35,528.0,,,,,5.914285714285714,30.0,,,,,0.3155844155844156,0.3553033088235294,,,,,,1.04,,,0.20610374858008332,1961.29,1961.29,0.4391923695741476,0.192,0.4197530864197531,0.0756951331496786,0.029288793103448275,,11.75,2.03,,,0.014166106329214894,,,0.27279609038114855,,0.2062,0.2164,,,,,,2.36,0.20205432110982866,,,0.031042519685039367,,1132.65,0.0087,0.00514090909090909,0.6484721065778518,,,,0.00013767850934234927,0.5123456790123456,3.0147,,22.711525257479156,,0.9564,23.754426996504435,288.95522388059703,,,,1132.65,3.1341187550288936,,,,0.038690909090909095,,0.07002117461376722,,,,0.46681818181818185,,,,1.2885952314760118e-07,0.0044,0.0044,,,1.8529411764705883,0.11194783626017722,,,,1.64,,,,0.13999999999999999,,4.485652756593872,,,,3.662604151860351e-09,,46.5,,,,,,,,,,,,,,,534.04,534.04,30.0,,1446.4,,0.13885714285714282,0.04199641176611763,,,,0.48888888888888893,0.00011565729391973085,4.6667,0.0010534979423868311,,0.96,,,,14.6609,,0.022125681754902773,,,0.1985694444444444,,,0.00017503030303030304,584.1584158415842,,,42.2727,,,,,,,,,,,3.968,0.08672086720867209,,0.04188461538461538,,,,0.010285942173479562,0.09475475647668395,0.3372727272727273,,,,,,715.0,,,,18.0428,,3.0854902936784467e-09,3.913,0.475,0.2222222222222223,,,0.0034450096683028403,,1.3835145705483684e-06,0.00397873949152897,,0.14215384615384616,,
2001-04-30,,,,,0.003749437528123594,,36.0,,171.1998,,0.8,,,,0.07384615384615385,1.08,2.0046662274923146,,,,4.5,727.22,,727.22,,0.1038377925925926,,,0.064,,,,2.200483850854221e-06,0.000588235294117647,0.06498323013415892,,0.66,1.1,0.15466666666666667,,42.2,,,,,,0.78,,0.02362322580645162,0.8784,0.12532022075343688,0.00425347962959862,,39.0361,0.05424099124568828,0.007105263157894736,,,,,,,0.0136363636,,0.26729729729729734,3.5147008476616475,,,,,,,,,0.6,0.015035158112314841,,,,,,,0.20400000000000001,,,,,0.3553176640230714,0.1813967212796772,0.30184030184030186,0.072,,,,,,,,,0.8576,,,,0.4157,,,0.004300111982082867,,,,,,0.7628,,,0.10496505532906232,,,593.71,593.71,,,0.6504,,,,18.3333,,,,0.4011,0.35,544.0,,,,,5.432380952380952,29.0,,,,,0.31168831168831174,0.40839460784313725,,,,,,1.14,,,0.20610374858008332,1870.29,1870.29,0.4487400297822812,0.168,0.39506172839506176,0.06911294765840222,0.027336206896551724,,13.0,1.77,,,,,,0.27279609038114855,,0.2096,0.2164,,,,,,1.3,0.1784924310794196,,,,,1138.61,0.0087,0.00514090909090909,0.6124458784346377,,,,0.00011733963864404768,0.49382716049382713,2.8425,,22.386287395782247,,0.9611,22.636561481988473,302.089552238806,,,,1138.61,3.3833772218564846,,,,0.042763636363636365,,0.048710382340011994,,,,,,,,1.3257662477685888e-07,0.004,0.004,,,1.7294117647058822,,,,,1.58,,,,0.13333333333333333,,4.399395021015,,,,3.891516911351623e-09,,43.0,,,,,,,,,,,,,,,554.24,554.24,30.0,,1378.84,,0.11571428571428569,0.04199641176611763,,,,,,,0.0010534979423868311,,0.9,,,,15.3443,,,,,0.17910185185185185,,,0.00016581818181818182,633.6633663366337,,,39.0909,,,,,,,,,,,4.416,0.08672086720867209,,0.04188461538461538,,,,0.008571618477899634,0.09475475647668395,0.2990909090909091,,,,,,690.0,,,,18.8243,,3.342614484818317e-09,3.913,0.455,0.2133333333333334,,,0.0036603227725717684,,1.2226650268064403e-06,0.00489691014342027,,0.14215384615384616,,
2001-05-31,,,,,0.004311853157342132,,38.0,,173.6111,,0.8,,,,0.08861538461538461,1.66,1.966842336407554,,,,4.125,747.12,0.00024620689655172414,747.12,,0.19940531851851853,,,0.064,,0.23862857142857144,,2.017110196616369e-06,0.000588235294117647,0.05248645510835912,,0.66,1.18,0.14666666666666667,,42.8,,,,,,0.8229,,0.01746064516129033,0.8662,0.12532022075343688,0.003645839682513103,,39.2356,0.06780123905711034,0.0066315789473684215,,,,,,,0.0154545455,,0.2610810810810811,3.7434118096195514,,,,,,,,,0.5,,,,,,,,0.174,,,,,0.3820620043258833,0.1813967212796772,0.23716023716023715,0.056,,,,,,,,,0.8753,,,,0.4157,,0.14038021990607027,0.004300111982082867,,,,,,0.8277,,,0.08747087944088529,,,606.16,606.16,,,0.7196,,,,19.7917,,,,0.4011,0.32,548.0,,,,,3.7676190476190476,27.0,,,,,0.30389610389610394,0.4655698529411764,,,,,,2.22,,,0.17666035592578572,1942.5,1942.5,0.4391923695741476,0.18,0.4197530864197531,0.065821854912764,0.026034482758620688,,13.0,1.9,,,,,,,,0.2028,0.2028,,,,,,1.48,0.1616434568878629,,,0.031042519685039367,,1101.61,0.009,0.00514090909090909,0.6484721065778518,,,,0.00012203322418980957,0.4876543209876543,2.4979,,22.76,,0.9659,22.915997119623224,304.4776119402985,,,,1101.61,3.6119047619047615,,,,0.03970909090909091,,0.04566598344376123,,,,0.4488636363636364,,,,1.4001082803537433e-07,0.0042,0.004,,,1.7294117647058822,0.11749480111991571,,,,1.9,,,,0.12666666666666668,,4.313095534354046,,,,3.204778632877808e-09,,51.5,,,,,,,,,,,,,,,521.8,521.8,30.0,,1402.29,,0.10799999999999998,0.04199641176611763,,,,0.8555555555555555,,4.6667,0.0008779149519890262,,0.88,,,,15.4809,,,0.14601398601398596,,0.1985694444444444,,,0.000304,693.0693069306931,0.3,,41.5,,,,,,,,,,,4.096,0.0823848238482385,,0.04188461538461538,,,,0.010285942173479562,0.08798655958549223,0.2990909090909091,,,,,,650.0,,,,18.0428,,5.913856396217024e-09,3.913,0.45,0.2222222222222223,,,0.0032296965640339127,,1.319190197078841e-06,0.004998929104741526,,0.12692307692307692,,
2001-06-30,,,,,0.00518697187640618,,39.5,,168.7886,,0.83,,,,0.096,1.46,1.8533706631532718,,,,4.4167,781.16,0.00028965517241379314,781.16,,0.21601148888888888,,,0.068,,0.18925714285714287,,2.200483850854221e-06,0.0005411764705882352,0.04998710010319917,,0.7919999999999999,1.12,0.14133333333333334,,40.4,,,,,,0.8057,,0.02259612903225807,0.8539999999999999,0.11231480141414289,0.003645839682513103,,38.0387,,0.007105263157894736,,,,,,,0.0127272727,,0.24243243243243248,3.657653075330441,,,,,,,,,0.6,0.013266472904993207,,,,,,,0.18,,,,,0.30182898341744774,0.3843237825221124,0.24578424578424574,0.056,,,,,,,,,0.8311,,,,0.4157,,0.16174207235485047,0.0064501679731243005,,,,,,0.8439,,,0.08309733546884102,,,574.26,574.26,,,0.7818,,,,23.75,,,,0.4011,0.25,556.0,,,,,4.03047619047619,27.0,,,,,0.2922077922077922,0.4900735294117647,,,,,,2.4,,,0.19628928436198415,2007.23,2007.23,0.4296447093660139,0.18,0.5925925925925926,0.08227731864095501,0.023431034482758618,,13.5,1.94,,,,,,0.2851834397934841,,0.2096,0.2164,,,,,,1.64,0.15155185493144244,,,0.04656377952755905,,1408.01,0.009,0.005318181818181817,0.5463977935054121,,,,0.00018774342183047632,0.5061728395061728,2.9286,,21.63,,0.9754,21.239198847849288,329.55223880597015,,,0.002937499999999999,1408.01,4.861428571428571,,,,0.035127272727272736,,0.05023258178813736,,,,0.4488636363636364,,,,1.4744503129388977e-07,0.004,0.0042,,,1.8529411764705883,,,,13.929882352941178,2.24,,,,0.20666666666666667,,4.485652756593872,,,,3.204778632877808e-09,,43.5,,,,,,,,,,,,,,,530.14,530.14,30.0,,1410.0699,,0.12342857142857142,0.09331693661388234,,,,0.7333333333333334,0.02542808219178082,4.6667,0.0008779149519890262,,0.91,,,,15.6176,,0.024200187197071187,0.14601398601398596,,0.1946759259259259,,,0.000304,775.5775577557756,0.3,,41.5,,,,,,,,,,,3.968,0.08672086720867209,,0.044876373626373624,,,,0.010285942173479562,0.11505934715025906,0.3627272727272727,,,,,,725.0,,,,18.5638,,4.62823544051767e-09,4.5217,0.41,0.2222222222222223,,,0.0036603227725717684,,1.2226650268064403e-06,0.003366625723601436,,0.12692307692307692,,
2001-07-31,,,,,0.004374093820308985,,37.5,,147.0872,,0.82,,,,0.059076923076923075,1.54,1.8911945542380324,,,,4.0833,810.58,0.00026068965517241376,810.58,,0.20774122222222222,,,0.064,,0.19337142857142856,,2.017110196616369e-06,0.0005176470588235295,0.05998452012383901,,0.7919999999999999,1.18,0.13333333333333333,,42.0,,,,,,0.9343,,0.02875870967741936,0.8052,0.10641034103410342,0.005063666225712644,,35.8443,0.06780123905711034,0.0066315789473684215,,,,,,,0.0136363636,,0.24243243243243248,3.5718733371877205,,,,,,,,,0.8,,,,,,,,0.144,,,,,0.24069906272530645,0.32898295336988564,0.22422422422422425,0.052,,,,,,,,,0.8134,,,,0.4017,,0.27886378995202776,0.0064501679731243005,,0.06538058551617873,,,,0.7303,,,0.08747087944088529,,,558.61,558.61,,,0.6573,,,,25.0,,,,0.3778,0.22,532.0,,,,,3.592380952380952,28.5,,,,,0.3,0.4900735294117647,,,,,,2.2,,,0.1864748201438849,1936.25,1936.25,0.42009704915788026,0.162,0.5530864197530865,0.09050505050505052,0.022780172413793105,,13.5,1.92,,,0.012733578722889796,,,0.2480213915564775,,0.1994,0.2028,,,,,,1.8,0.1616434568878629,,,0.05432440944881889,,1294.2,0.0079,0.004668181818181818,0.5693945358034971,,,,0.0001846143647999683,0.5,3.3593,,22.38,,0.9469,20.680327572579788,360.5970149253731,,,0.0019933035714285703,1294.2,4.861428571428571,,,,0.036654545454545454,,0.05632137958063886,,,,0.46681818181818185,,,,1.4001082803537433e-07,0.0044,0.0046,,,1.8529411764705883,,,,,1.88,,,,0.16,,4.313095534354046,,,,3.204778632877808e-09,,46.0,,,,,,,,,,,,,,,508.65,508.65,30.0,,1362.89,,0.10414285714285713,0.10264104969552938,,,,0.7455555555555556,0.07063356164383562,4.6667,0.0007901234567901234,,0.86,,,,14.7976,,0.022471036612781898,,,0.17520833333333333,,,0.0003148571428571429,867.986798679868,,,42.5,,,,,,,,,,,4.032,0.09972899728997292,,0.044876373626373624,,,,0.010285942173479562,0.1353639378238342,0.3118181818181818,,,,,,675.0,,,,17.7822,,3.8568628670980585e-09,4.1739,0.375,0.16000000000000003,,,0.003875635876840696,,1.0617768729964037e-06,0.003264606762280181,,0.14723076923076922,,
2001-08-31,,,,,0.004062140617969101,,33.0,,156.7322,,0.79,,,,0.0516923076923077,1.54,1.9290184453227932,,,,3.9167,775.39,0.0003331034482758621,775.39,,0.21187635555555553,,,,,0.1851428571428572,,1.8337365423785182e-06,0.0005176470588235295,0.05248645510835912,,0.7919999999999999,1.1,0.12666666666666668,,40.8,,0.016713792047590142,,,,0.7971,,0.02259612903225807,0.793,0.10641034103410342,0.005063666225712644,,33.4505,0.06780123905711034,0.006157894736842105,,,,,,,0.0172727273,,0.26,3.6862393200934775,,,,,,,,,0.9,0.019361177933729896,,,,,,,0.21599999999999997,,,,,0.19103100216294164,0.30788546462007965,0.18326018326018326,0.052,,,,,,,,,0.8134,,,,0.3878,,0.2732840077267469,,,,,,,0.6979,,,0.08309733546884102,,,525.91,525.91,,,0.6435,,,,24.1667,,,,0.3311,0.21,520.0,,,,,2.584761904761905,26.0,,,,,0.3,0.4900735294117647,,,,,,1.9,,,0.17666035592578572,1790.1801,1790.1801,0.401001728741613,0.18,0.54320987654321,0.07240404040404042,0.022129310344827586,,13.25,1.75,,,,,,0.21082014284664707,,0.196,0.2028,,,,,,1.6,0.15155185493144244,,,0.05432440944881889,,1204.01,0.0078,0.004136363636363636,0.5078497293921731,,,,0.00013142039528133334,0.5,3.187,,21.82,,0.9421,17.60622814865514,360.5970149253731,,,0.0022730654761904754,1204.01,5.186825396825396,,,,0.03360000000000001,,0.05936577847688961,,,,,,,,1.2885952314760118e-07,0.0038,0.0036,,,1.8529411764705883,0.12850993872490782,,,,1.76,,,,0.13999999999999999,,3.53677591414419,,,,,,53.5,,,,,,,,,,,,,,0.049772727272727274,486.3,486.3,29.0,,1265.4399,,0.0964285714285714,0.08164284381247057,,,,0.7944444444444445,0.06639554794520547,4.6533,0.0005267489711934156,,0.8,,,,14.9342,,0.022471036612781898,,,0.17520833333333333,,,0.000304,808.5808580858086,,,40.5,,,,,,,,,,,3.84,0.09972899728997292,,0.05534752747252747,,,,0.010285942173479562,0.1285957409326425,0.3118181818181818,,,,,,485.0,,,,16.61,,,4.087,0.39,0.2222222222222223,,,0.004090948981109624,,9.974138894587669e-07,0.002754511955673903,,0.14723076923076922,,0.13333333333333336
2001-09-30,,,,,0.0038746687415629226,,22.75,,132.6196,,0.78,,,,0.048,1.4,1.8533706631532718,,,,3.5833,656.31,0.00026068965517241376,656.31,,0.18279914814814816,,,0.04,,0.18102857142857146,,8.43518809494118e-05,0.0004,0.039989680082559334,,0.99,0.88,0.11333333333333334,,38.6,,,,,,0.7371,,0.01746064516129033,0.6953999999999999,0.1280825082508251,0.006076399470855172,,28.8624,0.06627571117832536,0.004736842105263158,,,,,,,0.0127272727,,0.29,3.3717486199928546,,,,,,,,,0.7,,,,,,,,0.144,,,,,0.32475270367700076,0.24991546513732993,0.15092015092015093,0.04,,,,,,,,,0.7339,,,,0.36,,0.2677101931829905,0.008062709966405375,,,,,,0.5924,,,0.07653701951077461,,,454.21,454.21,,,0.4912,,,,19.375,,,,0.3,0.22,504.0,,,,,1.4238095238095239,25.0,,,,,0.3,0.4737377450980392,,,,,,1.4,,,0.15703142748958734,1590.96,1590.96,0.2826107421607558,0.18,0.44938271604938274,0.065821854912764,0.016271551724137932,,11.75,1.4,,,,,,0.1735796936639928,,0.2028,0.1994,,,,,,0.98,0.1246112787834653,,,0.04656377952755905,,1172.39,,0.004195454545454546,0.5769,,,,9.387171091523816e-05,0.5,2.8425,,20.77,,0.9135,13.554011770026154,299.7014925373134,,,0.0033221726190476183,1172.39,4.073968253968253,,,,0.03207272727272728,,0.05251588096032542,,,,,,,,1.1027401500131253e-07,0.0036,0.0032,,,1.6058823529411765,0.10117607874214965,,,10.715294117647058,1.36,,,,0.12,,3.7092913853019356,,,,,,50.0,,,,,,,,,,,,,,0.049772727272727274,458.25,458.25,29.0,,1126.63,,0.07328571428571427,0.0863049003532941,,,,0.8555555555555555,0.062157534246575344,4.4,0.0005267489711934156,,0.73,,,,13.9775,,,,,0.14016666666666663,,,0.00028228571428571425,607.2607260726073,,,39.0,,,,,,,,,,,3.84,0.10840108401084012,,,,,,0.0094287803256896,0.10152295336787563,0.2990909090909091,,,,,,480.0,,,,13.4838,,3.0854902936784467e-09,3.6522,0.325,0.16888888888888892,,,0.003875635876840696,,7.07838378641566e-07,0.0026524929943526464,,0.132,,
2001-10-31,,,,,0.002311903179841008,,25.0,,106.0957,,0.78,,,,0.036923076923076927,1.3,1.8911945542380324,,,,3.6667,643.01,0.00017379310344827585,643.01,,0.18693428148148147,,,0.028,,0.1316571428571429,,8.43518809494118e-05,0.0006799999999999999,0.02749290505675954,,0.7919999999999999,1.1,0.09999999999999999,,33.0,,,,,,0.6857,,0.01951483870967742,0.61,0.1260886688668867,0.004557299603141379,,25.0722,0.060286601728280625,0.004736842105263158,,,,,,,0.0136363636,,0.3,3.2859898857037444,,,,,,,,,0.6,,,,,,,,0.15,,,,,,0.22355963572647805,0.14014014014014015,0.03,,,,,,,,,0.725,,,,0.3391,,0.2844435721773085,0.008062709966405375,,,,,,0.495,,,0.061229615608619704,,,387.56,387.56,,,0.3805,,,,18.3333,,,,0.3,0.15,432.0,,,,,0.8542857142857142,23.25,,,,,0.3,0.4574019607843137,,,,,,1.32,,,0.11777357061719047,1409.45,1409.45,0.22914384499520746,0.138,0.2962962962962963,0.05594857667584942,0.015620689655172413,,11.0,1.1,,,,,,0.1487657943664979,,0.196,0.1892,,,,,,0.6,0.10776230459190862,,,0.04656377952755905,,998.12,0.007,0.004136363636363636,0.5449,,,,8.448453982371432e-05,0.77,2.7994,,18.12,,0.8992,12.296397695698582,300.8955223880597,,0.6534,0.003497023809523809,998.12,2.6031746031746033,,,,0.04581818181818183,,0.05708247930470154,,,,,,,,1.0655691337205478e-07,0.0026,0.0028,,,1.3588235294117648,,,,,1.02,,,,0.14,,3.450518178565317,,,,,,48.0,,,,,,,,,,,,,,,439.27,439.27,29.0,,993.35,,0.06557142857142857,0.05598258138858822,,,,0.6966666666666667,0.05509417808219178,4.2667,0.0005267489711934156,,0.79,,,,13.9775,,0.022471036612781898,,,0.13627314814814812,,,0.00028228571428571425,702.970297029703,,,39.5,,,,,,,,,,,3.584,0.10840108401084012,,,,,,,0.10829115025906737,0.2736363636363636,,,,,,380.0,,,,13.6141,,2.571241911398706e-09,3.5652,0.225,0.1644444444444445,,,0.0032296965640339127,,4.5046366462723793e-07,0.0038257110495470864,,0.11676923076923078,,
2001-11-30,,,,,0.0036871968651567425,,25.5,,120.5632,,0.78,,,,0.03323076923076922,1.48,1.966842336407554,,,,4.1667,700.92,0.00023172413793103448,700.92,,0.22848252592592594,,,0.04,,0.15634285714285717,,0.00011002419254271108,0.0006000000000000001,0.03249161506707946,,1.5839999999999999,1.0,0.13333333333333333,,35.2,,,,,,0.8143,,0.02362322580645162,0.61,0.1773,0.004050932980570115,,29.4609,0.05271546336690329,0.018947368421052633,,,,,,,0.0163636364,,0.3,3.257403640940708,,,,,,,,,0.7,0.010757651814384775,,,,,,,0.20999999999999996,,,,,0.3893052631578948,0.22883400791392955,0.11858011858011858,0.042,,,,,,,,,0.7781,,,,0.3739,,0.27886378995202776,0.012900335946248601,,0.06236302003081664,,,,0.7709,,,0.06778993156668608,,,444.24,444.24,,,0.5812,,,,22.5,,,,0.3311,0.18,456.0,,,,,1.139047619047619,24.25,,,,,0.252,0.38797487745098036,,,,,,1.72,,,0.17666035592578572,1574.34,1574.34,0.26351542174448855,0.132,0.345679012345679,0.05594857667584942,0.018224137931034484,,12.75,1.52,,,,,,0.1487657943664979,,0.1892,0.1926,,,,,,0.78,0.12798996490103337,,,0.04190740157480315,,1012.3,0.007,0.004077272727272727,0.641,,,,0.00012046869567455559,,2.6702,,19.16,,0.9421,13.69369884784929,322.3880597014925,,,,1012.3,2.4925396825396824,,,,,,0.05708247930470154,,,,,,,,1.2885952314760118e-07,0.0038,0.0028,,,1.8529411764705883,0.09056890919660171,,,10.715294117647058,1.5,,,,0.18,,3.3469754950050055,,,,,,49.0,,,,,,,,,,,,,,0.049772727272727274,505.97,505.97,29.0,,1128.47,,0.0887142857142857,0.05363260166882351,,,,0.8555555555555555,0.062157534246575344,4.2667,0.0007901234567901234,,0.81,,,,13.8409,,,,,0.16352777777777774,,,,755.7755775577558,,,41.5,,,,,,,,,,,4.032,0.08672086720867209,,0.06881043956043956,,,,,0.12182754404145078,0.2927272727272727,,,,,,427.5,,,,12.8325,,3.342614484818317e-09,3.7391,0.325,0.1644444444444445,,,0.005167514502454261,,7.07838378641566e-07,0.005202967027384037,,0.14215384615384616,,
2001-12-31,,,,,0.0041866219439028055,,24.0,,113.3295,,0.83,,,,0.029538461538461538,1.58,2.0046662274923146,,,,4.0417,682.87,0.00020275862068965518,682.87,,0.20774122222222222,,,0.04,,,,0.00014303145030552437,0.00064,0.03749032507739937,,2.0460000000000003,1.1,0.13999999999999999,,41.0,,,,,,0.9086,,0.01848774193548387,0.6344,0.1773,0.004050932980570115,,31.8547,0.06780123905711034,0.026526315789473686,,,,,,,0.0163636364,,0.31,3.486114602898611,,,,,,,,,0.65,0.00402763305666137,,,,,,,0.186,,,,,0.3544421052631579,0.21302692287798064,0.14014014014014015,0.036,,,,,,,,,0.7869,,,,0.36,,0.27886378995202776,0.010078387458006719,,0.0603513097072419,,,,0.6492,,,0.06997670355270821,,,505.02,505.02,,,0.5743,,,,21.25,,,,0.3156,0.19,544.0,,,,,0.7228571428571428,23.5,,,,,0.192,0.39205882352941174,,,,,,2.1,,,0.13740249905338886,1579.39,1579.39,0.2406010372449678,0.15,0.8,0.05594857667584942,0.016922413793103448,,12.25,1.54,,,,,,0.1735796936639928,,0.1823,0.1892,,,,,,0.6,0.12798996490103337,,,0.04190740157480315,,1011.29,0.0077,0.004431818181818181,0.7692,,,,0.00012203322418980957,,3.0147,,21.91,,0.9564,12.715581893144945,298.5074626865672,,,,1011.29,2.7593650793650792,,,,0.03360000000000001,,0.07991547102658215,,,,0.4009968181818182,,,,1.2514242151834344e-07,0.0055,0.006,,,1.7294117647058822,0.09056890919660171,,,,1.44,,,,0.2,,3.7955491208808088,,,,,,67.5,,,,,,,,,,,,,,,501.3,501.3,30.0,,1168.08,,0.07714285714285712,0.05363260166882351,,,,0.9166666666666667,0.07063356164383562,4.3333,0.0007901234567901234,,0.8,,,,13.5675,,,0.19468531468531464,,0.1284861111111111,,,0.00042342857142857145,693.0693069306931,,,43.0,,,,,,,,,,,4.032,0.09539295392953931,,0.05534752747252747,,,,0.008743050847457627,0.09475475647668395,0.3245454545454546,,,,,,417.5,,,,13.093,,4.1139870582379294e-09,3.8261,0.25,0.16888888888888892,,,0.004736888293916407,,5.791510216344019e-07,0.0050499385854021524,,0.14723076923076922,,0.13333333333333336
2002-01-31,,,,,0.004062140617969101,,34.5,,149.4984,,0.8,,,,0.029538461538461538,1.76,2.0803140096618358,,,,5.3333,727.05,0.00029689655172413795,727.05,,0.23261765925925926,,,0.04,,0.19337142857142856,,0.00020085267489711937,0.0008,0.04998710010319917,,1.782,1.02,0.12666666666666668,,41.0,,0.01393094567166638,,,,0.8314,,,0.793,0.2727,0.006076399470855172,,35.6449,0.07531587638594008,0.02463157894736842,,,,,,,0.0372727273,,0.32,3.400334864755891,,,,,,,,,0.8,0.002578074299553776,,,,,,3.744281524926686,0.294,,,,,0.2556631578947369,0.3342412940309316,0.12720412720412722,0.066,,,,,,,,,0.84,,,,0.4296,,0.2481899069167943,0.012094064949608064,,,,,,0.8602,,,0.07435024752475249,,,549.93,549.93,,,0.8441,,,,25.8333,,,,0.3778,0.31,596.0,,,,,1.0666666666666667,24.0,,,,,0.192,0.5058823529411764,,,,,,3.05,,,0.21591821279818257,1852.13,1852.13,0.34371576749281113,0.3,0.85,0.065821854912764,0.026034482758620688,,13.5,1.73,,,0.015916973403612245,,,0.16123154472448112,,0.2198,0.2267,,,,,,0.83,0.13808156685745387,,,0.04345952755905511,,1306.9399,0.0077,0.004313636363636363,0.8967,,,,0.0001298558667660794,,2.7563,,21.91,,1.0373,15.370497119623227,310.44776119402985,,,0.003497023809523809,1306.9399,2.88952380952381,,,,0.035127272727272736,,0.06050742806298364,,,,,,,,1.3257662477685888e-07,0.006,0.0065,,,2.223529411764706,0.09056890919660171,,,,1.88,,,,0.13,,3.7955491208808088,,,,3.662604151860351e-09,,71.0,,,,,,,,,,,,,,0.051763636363636366,610.75,610.75,28.5,,1361.9399,,0.11185714285714284,0.05132052484776469,,11.06,,0.8555555555555555,0.1144263698630137,4.3067,0.0008779149519890262,,0.8,,,,14.1142,,,,,0.15574074074074074,,,0.000476357142857143,656.7656765676568,,,45.0,,,,,,,,,,,4.416,0.09105691056910568,,0.052355769230769234,,,,0.008571618477899634,0.1353639378238342,0.40090909090909094,,,,,,510.0,,,,13.3536,,6.9288203086112514e-09,3.913,0.305,0.20000000000000007,,,0.004306262085378551,,8.043635489139662e-07,0.006427194563239104,,0.18276923076923077,,0.13333333333333336
2002-02-28,,,,,0.003749437528123594,,32.0,,159.1435,,0.8,,,,0.036923076923076927,2.02,2.042490118577075,,,,5.75,744.67,0.00026068965517241376,744.67,,0.22848252592592594,,,0.068,,0.1398857142857143,,0.00023737134306023194,0.0008399999999999999,0.05248645510835912,,1.914,1.14,0.15333333333333335,,42.4,,,,,,0.8657,,0.024650322580645163,0.8296,0.3546,0.006076399470855172,,36.0438,0.11408643548006606,0.028421052631578944,,,,,,,0.0290909091,,0.4,3.457528358135574,,,,,,,,,0.7,0.002578074299553776,,,,,,3.744281524926686,0.312,,,,,0.23242105263157903,0.31843420899498265,0.19619619619619622,0.064,,,,,,,,,0.8223,,,,0.4157,,0.27886378995202776,0.01652855543113102,,0.05934545454545455,,,,0.8439,,,0.07872379149679674,,,564.77,564.77,,,0.7957,,,,27.5,,,,0.3544,0.42,636.0,,,,,1.0999999999999999,23.75,,,,,0.24,0.4173529411764706,,,,,,2.7,,,0.20610374858008332,1919.11,1919.11,0.3017060625770231,0.36,0.8,0.0756951331496786,0.04556034482758621,,13.5,1.82,,,0.019100368084334688,,,0.16370117451238347,,0.2233,0.2267,,,,,,0.84,0.13470288073988576,,,0.06208503937007873,,1356.28,0.0075,0.004549999999999999,0.8333,,,,0.00012516228122031755,0.73,2.7563,,22.57,,1.0183,18.165160905913122,309.25373134328356,,,0.002797619047619047,1356.28,2.88952380952381,,,,0.035127272727272736,,0.06393237682126574,,,,0.38900318181818183,,,,1.4744503129388977e-07,0.006,0.006,,,1.9764705882352942,0.09056890919660171,,,10.715294117647058,1.9,,,,0.28,,3.623033649723063,,,,4.463798810079803e-08,,67.0,,,,,,,,,,,,,,,623.39,623.39,28.5,,1406.22,,0.11571428571428569,0.06299461764917645,,11.06,,0.9777777777777779,0.103125,4.5333,0.0007901234567901234,,0.86,,,,14.6609,,,0.21902097902097897,,0.14795370370370367,,,0.00042342857142857145,689.7689768976899,,,48.0,,,,,,,,,,,4.352,0.10406504065040652,,,,,,0.007428736014179684,0.1285957409326425,0.3881818181818182,,,,,,505.0,,,,15.5679,,,4.5217,0.28,0.17777777777777784,,,0.004521575189647477,,6.756761919068021e-07,0.006886279889184752,,0.1523076923076923,,
2002-03-31,,,,,0.0031247812359382035,,33.5,,154.321,,0.8,,,,0.036923076923076927,1.98,2.042490118577075,,,,5.75,746.58,0.00026068965517241376,746.58,,0.22848252592592594,,,0.052,,0.16045714285714288,,0.0002130255642848235,0.00076,0.05248645510835912,,1.32,1.14,0.20666666666666667,,44.0,,,,,,0.8914,,0.02054193548387097,0.8174,0.5,0.006076399470855172,,35.6449,0.11408643548006606,0.02463157894736842,,,,,,,0.0272727273,,0.36,3.5432870924246846,,,,,,,,,0.75,0.002578074299553776,,,,,,3.744281524926686,0.294,,,,,0.20336842105263161,0.32898295336988564,0.1617001617001617,0.058,,,,,,,,,0.7869,,,,0.4157,,,0.01652855543113102,,,,,,0.99,,,0.10496505532906232,,,579.71,579.71,,,0.8095,,,,25.4167,,,,0.3311,0.38,640.0,,,,,1.0,23.25,,,,,0.21599999999999997,0.3667647058823529,,,,,,2.5,,,0.1864748201438849,1905.59,1905.59,0.29788699849376965,0.39,0.83,0.0625307621671258,0.03905172413793103,,13.0,1.8,,,,,,,,0.2267,0.2335,,,,,,0.79,0.11789836294461288,,,0.048115905511811025,,1326.05,0.0074,0.004431818181818181,0.7692,,,,0.00011733963864404768,,2.584,,23.33,,1.0373,16.767798271773934,311.64179104477614,,,0.0026227678571428565,1326.05,3.1498412698412697,,,,0.03360000000000001,,0.06621567599345378,,,,0.38900318181818183,,,,1.4744503129388977e-07,0.0042,0.0044,,,1.7294117647058822,0.07446776978387253,,,,1.78,,,,0.24,,3.53677591414419,,,,4.0059732910972596e-08,,68.0,,,,,,,,,,,,,,0.05375454545454546,612.97,612.97,29.0,,1403.62,,0.09257142857142855,0.05833256110835293,,11.06,,0.9166666666666667,0.10877568493150684,4.52,0.0007023319615912209,,0.92,,,,14.6609,,0.022471036612781898,0.46237762237762225,,0.14016666666666663,,,0.0003528571428571429,696.3696369636964,,,47.5,,,,,,,,,,,4.16,0.09539295392953931,,0.059495192307692304,,,,0.011143104021269527,0.11505934715025906,0.3690909090909091,,,,,,535.0,,,,16.2192,,6.9288203086112514e-09,4.1739,0.26,0.17777777777777784,,,0.003875635876840696,,6.756761919068021e-07,0.008263535867021705,,0.17261538461538461,,
2002-04-30,,,,,0.002686846932653368,,29.5,,142.2646,,0.79,,,,0.040615384615384616,2.06,2.042490118577075,,,,5.8333,746.92,0.00020999999999999998,746.92,,0.23681842962962962,,,0.044000000000000004,,0.12342857142857144,,0.00020085267489711937,0.00064,0.05248645510835912,,0.99,1.14,0.18666666666666668,,39.0,,,,,,0.8914,,0.02054193548387097,0.8417999999999999,0.4091,0.006076399470855172,,36.4428,0.1050142958244869,0.018947368421052633,,,,,,,0.0254545455,,0.41,3.5861769614960437,,,,,,,,,0.95,,,,,,,3.744281524926686,0.22799999999999998,,,,,0.20336842105263161,0.3237085811824342,0.1617001617001617,0.05,,,,,,,,,0.7604,,,,0.3878,,0.29559716894634563,0.01652855543113102,,,,,,1.1523,,,0.08747087944088529,,,556.27,556.27,,,0.9341,,,,22.9167,,,,0.3078,0.34,645.0,,,,,0.9,30.5,,,,,0.252,0.41102941176470587,,,,,,2.9,,,0.15703142748958734,1814.92,1814.92,0.267334485827742,0.41999999999999993,0.7,0.05594857667584942,0.027336206896551724,,14.0,1.67,,,0.020692065424695913,,,0.16370117451238347,,0.2301,0.2437,,,,,,0.61,0.10776230459190862,,,0.049668031496063,,1332.0601,0.0071,0.004372727272727272,0.7051,,,,7.666189724744446e-05,,2.4979,,20.96,,1.0135,13.973195967472519,334.32835820895525,,,0.0015736607142857139,1332.0601,3.5468253968253967,,,,0.02749090909090909,,0.07420722309611201,,,,,,,,1.3629372640611662e-07,0.004,0.004,,,1.6058823529411765,0.08587274353455569,,,10.715294117647058,1.66,,,,0.17,,3.381503639885803,,,,3.319235012623443e-08,,53.0,,,,,,,,,,,,,,,596.43,596.43,29.0,,1346.09,,0.06171428571428571,0.06299461764917645,,10.21,,0.9166666666666667,0.09182363013698631,4.5067,0.0007901234567901234,,0.82,,,,14.1142,,0.01872696400636339,0.4137062937062936,,0.13237962962962962,,,0.0002646428571428571,706.2706270627064,,,50.0,,,,,,,,,,,3.776,0.09105691056910568,1.76,,,,,0.008571618477899634,0.10152295336787563,0.3563636363636364,,,,,,460.0,,,,16.2192,,4.434444997511201e-09,4.087,0.24,0.13333333333333336,,,0.0030143834597649855,,6.113132083691657e-07,,,0.132,,
2002-05-31,,,,,0.0022496625168741563,,28.5,,142.2646,,0.8,,,,0.048,2.32,2.0046662274923146,,,,5.8333,757.58,0.00024620689655172414,757.58,,0.23261765925925926,,,0.04,,0.11931428571428572,,0.00019128826180678037,0.00076,,,1.32,1.2,0.18333333333333335,,38.0,,0.02089641850749957,,,27.2592,0.7886,,0.025677419354838717,0.8052,0.4091,0.006076399470855172,,35.7247,0.09585656994574193,0.020842105263157894,,,,,,,0.0272727273,,0.34,3.6004595819507577,,,,,,,,,0.85,,,,,,,3.744281524926686,0.21599999999999997,,,,,,0.3237085811824342,,0.048,,,,,,,,,0.7692,,,,0.3878,,0.27886378995202776,,,,,,,1.1199,,,0.08309733546884102,,,532.37,532.37,,,0.9686,,,,18.75,,,,0.3233,0.22,670.0,,,,,0.8333333333333334,34.0,,,,,0.252,0.44264705882352934,,,,,,2.6,,,0.1472169632714881,1792.4399,1792.4399,0.26351542174448855,0.312,0.82,0.05265748393021121,0.032543103448275865,,13.75,1.69,,,,,,0.16370117451238347,,0.2369,0.2437,,,,,,0.51,0.11789836294461288,,,0.0745020472440945,,1434.29,0.0082,0.004845454545454545,0.609,,,,4.067774139660319e-05,,2.4118,,20.49,,0.9945,12.85533045295656,349.85074626865674,,,0.0015736607142857139,1434.29,3.0196825396825395,,,,0.024436363636363645,,0.06849897516564185,,,,0.38900318181818183,,,,1.3257662477685888e-07,0.0036,0.0032,,,1.4823529411764704,0.059634595099895736,,,8.572235294117649,1.84,,,,0.17,,,,,,2.8614094936408996e-08,,29.5,,,,,,,,,,,,,,,591.33,591.33,26.5,,1315.0,,0.0964285714285714,0.07231873073082351,,10.0,,1.0144444444444445,0.09041095890410959,4.6933,0.0006584362139917696,,0.79,,,,11.7908,,,0.3650349650349649,,0.13627314814814812,,,0.0002646428571428571,742.5742574257426,,,47.5,,,,,,,,,,,3.712,0.09972899728997292,1.66,0.047596153846153844,,,,0.005714412318599757,0.10152295336787563,0.2990909090909091,,,,,,437.5,,,,17.3915,,4.434444997511201e-09,3.8261,0.24,0.1377777777777778,,,0.0036603227725717684,,5.469888348996381e-07,,,0.12692307692307692,,
2002-06-30,,,,,0.002062190640467977,,22.75,,122.9745,,0.8,,,,0.048,2.28,1.9290184453227932,,,,4.6667,700.78,0.00016655172413793104,700.78,,0.22848252592592594,,,,,0.11520000000000002,,,0.0006000000000000001,0.05248645510835912,,1.8,1.14,0.16666666666666666,,33.5,,0.016257413598834668,,,25.8029,0.7029,,0.019971326164874556,0.7686,0.3636,0.006076399470855172,,31.8946,0.10039263977353151,0.018947368421052633,,,,,,,0.0209090909,,0.27,3.6004595819507577,,,,,,,,,0.8,,,,,,,3.744281524926686,0.18,,,,,,0.26572255017327884,0.1455301455301455,0.03,,,,,,,,,0.7162,,,,0.3461,,0.27886378995202776,,,,,,,0.9738,,,0.06997670355270821,,,464.92,464.92,,,0.7888,,,,17.0833,,,,0.3078,0.19,520.0,,,,,0.7000000000000001,33.0,,,,,0.252,0.44264705882352934,,,,,,2.44,,,0.13740249905338886,1600.98,1600.98,0.2329629090784609,0.294,,0.05265748393021121,0.020176724137931035,,13.25,1.52,0.02105751475710562,,0.020055386488551426,,,0.2232074922589826,,0.2233,0.2267,,,,,,0.35,0.07744304232636337,,,0.07683023622047244,,1240.4,0.0074,0.004372727272727272,0.5128,,,,3.911321288134922e-05,,2.4548,,18.36,,0.9611,11.59771637862899,331.94029850746267,,,,1240.4,2.4925396825396824,,,,0.02036363636363637,,0.05708247930470154,,,,0.38900318181818183,,,,1.1770821825982799e-07,0.003,0.003,,,1.3588235294117648,0.059634595099895736,,,,1.7,,,,0.13,,3.450518178565317,,,,2.2891275949127193e-08,,34.0,,,,,,,,,,,,,,,509.53,509.53,28.0,,1156.35,,0.06557142857142857,0.05833256110835293,,8.91,,1.0266666666666666,0.07769691780821918,4.52,0.0005267489711934156,,0.65,,,,11.7908,,,0.2676923076923076,,0.1284861111111111,,,0.0002999285714285715,712.8712871287129,,,48.5,,,,,,,,,,,3.52,0.17344173441734417,1.68,,,,,,0.10152295336787563,0.2863636363636364,,,,,,370.0,,,,15.3074,,6.097361871577901e-09,3.9565,0.18,0.14222222222222228,,,0.0034450096683028403,,4.5046366462723793e-07,,,0.10661538461538461,,
2002-07-31,,,,,0.0028120781460926956,,22.25,,125.3858,,0.8,,,,0.048,2.4,1.9290184453227932,,,,5.1667,646.64,0.00013034482758620688,646.64,,0.22848252592592594,,,,,,,0.00019128826180678037,0.00064,0.04498839009287925,,1.6,1.16,0.164,,33.5,,0.011604477744498095,,,24.3466,0.6686,,0.019971326164874556,0.732,0.3727,0.006076399470855172,,31.4158,0.1540552016985138,0.018947368421052633,,,,,,,0.0181818182,,0.35,3.5147008476616475,,,,,,,,,0.7,,,,,,,3.744281524926686,0.17,,,,,0.20336842105263161,0.24991546513732993,,0.03,,,,,,,,,0.7604,,,,0.3391,,0.26491731822958786,0.010078387458006719,,0.05934545454545455,,,,1.0225,,,0.1574475829935935,,,446.39,446.39,,,0.6711,,,,10.8333,,,,0.2922,0.19,510.0,,,,,0.5,30.5,,,,,,0.43,,,,,,2.42,,,0.11777357061719047,1530.26,1530.26,0.19859133232917978,0.23399999999999999,0.9,0.04936639118457301,0.017573275862068964,,12.25,1.42,0.034147321227738836,,,,,0.23559484167131814,,0.213,0.2198,,,,,,0.33,0.10776230459190862,,,,,1163.42,0.0074,0.004431818181818181,0.4167,,,,4.067774139660319e-05,,2.4118,,18.36,,0.9373,10.899096543547873,298.5074626865672,,,0.004895833333333333,1163.42,2.7593650793650792,,,,0.02036363636363637,,0.05137423137423139,,,,,,,,1.0655691337205478e-07,0.003,0.0028,,,1.4823529411764704,,,,,1.72,,,,0.1,,3.450518178565317,,,,2.0029866455486298e-08,,29.5,,,,,,,,,,,,,,,533.92,533.92,28.0,,1123.24,,0.08485714285714285,0.05598258138858822,,8.91,,0.9533333333333335,0.06145119863013698,4.4,0.010666666666666666,,0.73,,,,11.7908,,,0.24335664335664328,,0.12459259259259257,,,,597.3597359735974,,,46.0,,,,,,,,,,,3.648,0.21680216802168023,1.8,,,,,0.0028572061592998786,0.10152295336787563,0.2990909090909091,,,,,,315.0,,,,14.3956,,6.097361871577901e-09,3.7391,0.185,0.14222222222222228,,,0.0032296965640339127,,4.1826286782436503e-07,,,0.1370769230769231,,
2002-08-31,,,,,0.0022496625168741563,,22.75,,125.3858,,0.79,,,,0.036,2.28,,,,,4.5833,630.98,0.00012310344827586207,630.98,,0.23261765925925926,,,,,0.12754285714285715,,,0.0006000000000000001,0.04498839009287925,,1.58,1.16,0.16666666666666666,,34.0,,0.011604477744498095,,,25.985,0.7714,,,0.6953999999999999,0.3636,0.006076399470855172,,29.7402,0.1540552016985138,0.020842105263157894,,,,,,,0.0172727273,,0.35,3.5718733371877205,,,,,,,,,0.6,,,,,,,3.744281524926686,0.14,,,,,,0.23938275228883257,,0.03,,,,,,,,,0.7339,,,,0.3322,,0.25097681418867246,0.010078387458006719,,0.09726060606060605,,,,1.0387,,,0.10496505532906232,,,435.45,435.45,,,0.7808,,,,13.0,,,,0.2767,0.26,485.0,,,,,0.6333333333333333,31.0,,,,,0.258,0.42367647058823527,,,,,,2.42,,,0.11777357061719047,1519.4399,1519.4399,0.175676947829659,0.23399999999999999,0.72,0.04936639118457301,0.018224137931034484,,13.5,1.29,,,,,,,,0.2096,0.213,,,,,,0.24,0.10104938875305623,,,0.0745020472440945,,1172.8,0.0071,0.004136363636363636,0.4615,,,,3.911321288134922e-05,,2.4979,,18.59,,0.9088,10.200415226478281,281.7910447761194,,,0.0067317708333333335,1172.8,2.023968253968254,,,,0.04072727272727274,,0.05708247930470154,,,,0.3590909090909091,,,,1.0655691337205478e-07,0.0024,0.0026,,,1.3588235294117648,0.058145239704218296,,,,1.64,,,,0.1,,3.450518178565317,,,,2.575268544276809e-08,,32.0,,,,,,,,,,,,,,,508.93,508.93,27.0,,1103.36,,0.06942857142857141,0.07698078727164705,,8.7,,0.8677777777777778,0.05509417808219178,4.3333,0.013333333333333334,,0.73,,,,11.3808,,,0.24335664335664328,,0.12069907407407406,,,0.00021171428571428573,594.059405940594,,,49.0,,,,,,,,,,,3.648,0.3252032520325204,1.78,0.047596153846153844,,,,0.0028572061592998786,0.09475475647668395,0.2990909090909091,,,,,,285.0,,,,14.5259,,4.434444997511201e-09,3.3913,0.15,0.14222222222222228,,,0.003875635876840696,,3.861006810896012e-07,,,0.12692307692307692,,
2002-09-30,,,,,0.0024371343932803363,,22.0,,125.3858,,0.79,,,,0.042,2.34,,,,,4.6667,611.22,7.675862068965518e-05,611.22,,0.21601148888888888,,,0.04,,0.11931428571428572,,0.00019128826180678037,,0.03749032507739937,,1.8,1.2,0.17333333333333334,,33.5,,0.00696547283583319,,,26.349,0.78,,,0.671,0.3636,0.006076399470855172,,30.6977,0.1814,0.04,,,,,,,0.0172727273,,0.3,3.5718733371877205,,,,,,,,,0.6,,,,,,,3.744281524926686,0.14,,,,,,0.24464109294987843,,0.03,,,,,,,,,0.7427,,,,0.3183,,0.27886378995202776,0.008062709966405375,,0.09726060606060605,,,,1.0549,,,0.11546156086196857,,,442.96,442.96,,,0.6784,,,,13.75,,,,0.2767,0.2,465.0,,,,,0.5333333333333333,32.0,,,,,0.36,0.44264705882352934,,,,,,2.42,,,0.09814464218099207,1550.1,1550.1,0.15276256333013827,0.23399999999999999,0.73,0.03620202020202021,0.018875,,14.0,1.25,0.029025223043578012,,0.020055386488551426,,,0.2232074922589826,,0.2028,0.2096,,,,,,0.24,0.1516074327628362,,,0.0931275590551181,,1114.63,0.0069,0.004077272727272727,0.4679,,,,3.911321288134922e-05,,3.3593,,18.36,,0.8945,10.479912346101509,257.910447761194,,,0.007139756944444445,1114.63,2.102063492063492,,,,0.04581818181818183,,0.06050742806298364,,,,0.3590909090909091,,,,1.0283981174279706e-07,0.0026,0.0026,,,1.3588235294117648,0.05515982010477476,,,,1.6,,,,0.09,,3.450518178565317,,,,2.664070907872561e-08,,30.0,,,,,,,,,,,,,,,509.73,509.73,27.0,,1129.34,,0.06557142857142857,0.0699687510110588,,9.35,,0.9777777777777779,0.05862585616438355,4.3467,,,0.71,,,,10.5607,,0.01872696400636339,0.19468531468531464,,0.11680555555555554,,,0.00024700000000000004,554.4554455445544,,,54.0,,,,,,,,,,,3.712,0.22764227642276424,1.78,,,,,0.0028572061592998786,0.09475475647668395,0.2736363636363636,,,,,,280.0,,,,14.6561,,3.8801393728223e-09,3.2174,0.15,0.14222222222222228,,,0.0034450096683028403,,3.5393849435483755e-07,,,0.12692307692307692,,
2002-10-31,,,,,0.002187421853907305,,17.25,,114.5351,,0.79,,,,0.036,2.26,1.8911945542380324,,,,4.1667,612.94,7.241379310344828e-05,612.94,,0.18693428148148147,,,,,0.11520000000000002,,0.00019128826180678037,0.0006000000000000001,0.034990970072239426,,1.6,1.22,0.16533333333333333,,31.5,,,,,25.8029,0.7629,,0.025677419354838717,0.61,0.35,0.006076399470855172,,28.5432,,0.06,,,,,,,0.0127272727,,0.3,3.5575907167330074,,,,,,,,,0.55,,,,,,,3.744281524926686,0.1,,,,,,0.19194546565458026,,0.02,,,,,,,,,0.7692,,,,0.3043,,0.27886378995202776,0.010212765957446808,,,,,,0.99,,,0.13995340710541643,,,409.5,409.5,,,0.5824,,,,13.5,,,,0.2767,0.16,410.0,,,,,0.3666666666666667,32.0,,,,,0.348,0.3794117647058823,,,,,,2.16,,,0.08833017796289286,1451.0,1451.0,0.08325559701492538,0.23399999999999999,0.74,0.03103030303030303,0.015620689655172413,,13.5,1.23,,,,,,0.2232074922589826,,0.2028,0.2233,,,,,,0.19,0.1364,,,,,1121.54,0.007,0.003959090909090909,0.3526,,,,2.1903399213555558e-05,,3.2731,,17.41,,0.923,8.383929876881206,269.85074626865674,,,0.016319444444444442,1121.54,2.102063492063492,,,,0.043272727272727275,,0.06393237682126574,,,,0.3590909090909091,,,,9.912271011353935e-08,0.0022,0.0036,,,1.2352941176470589,,,,,1.56,,,,0.1,,3.450518178565317,,,,2.308861453489553e-08,,28.0,,,,,,,,,,,,,,,466.61,466.61,29.0,,1048.53,,0.06171428571428571,0.06299461764917645,,8.7,,0.9166666666666667,0.05297517123287671,4.3333,0.013333333333333334,,0.73,,,,10.4241,,,,,0.11680555555555554,,,0.0017642857142857143,600.6600660066007,,,57.5,,,,,,,,,,,3.456,0.23414634146341465,1.86,,,,,,0.10152295336787563,0.24181818181818182,,,,,,230.0,,,,14.5259,,,2.7391,0.14,0.14222222222222228,,,0.008207228915662649,,3.2173769755196476e-07,,,0.11169230769230769,,
2002-11-30,,,,,0.0021244313034348285,,15.25,,114.5351,,0.8,,,,0.048,2.32,,,,,4.125,642.84,7.241379310344828e-05,642.84,,0.1786640148148148,,,,,0.1110857142857143,,0.00028693239271017053,0.0006000000000000001,,,1.2,1.3,0.15733333333333333,,31.0,,0.00696547283583319,,,25.4388,0.7457,,0.03994265232974911,0.61,0.3591,0.006236304720088204,,27.5857,0.1814,0.08,,,,,,,0.0127272727,,0.27,3.5575907167330074,,,,,,,,,0.48,,,,,,,3.744281524926686,0.11,,,,,0.2905263157894737,0.19194546565458026,,0.032,,,,,,,,,0.7516,,,,0.2904,,0.2677101931829905,0.009574468085106383,,,,,,0.9576,,,0.12245923121723937,,,392.47,392.47,,,0.5696,,,,10.25,,,,0.2611,0.15,435.0,,,,,0.26666666666666666,34.0,,,,,,0.43,,,,,,2.34,,,0.09323741007194244,1480.9,1480.9,0.03437157674928112,0.22799999999999998,0.6,0.03620202020202021,0.016271551724137932,,14.5,1.29,,,0.014006936595178774,,,0.2232074922589826,,0.2028,0.2028,,,,,,0.14,0.2197,,,0.05587653543307086,,1053.63,0.0069,0.004077272727272727,0.2885,,,,3.7548684366095254e-05,,3.2731,,17.17,,0.8992,8.5455,312.8358208955224,,,0.016319444444444442,1053.63,1.7050793650793652,,,,0.033090909090909094,,0.05822412889079559,,,,,,,,1.0283981174279706e-07,0.0024,0.0022,,,1.3588235294117648,0.052181109313419856,,,6.429176470588235,1.6,,,,0.1,,3.450518178565317,,,,2.131256726298049e-08,,25.0,,,,,,,,,,,,,,,449.9,449.9,27.0,,1047.22,,0.05785714285714284,0.06064463792941176,,8.61,,0.8555555555555555,0.04944349315068493,4.2,0.02,,1.0,,,,10.014,,,,,0.09733796296296295,,,0.0017642857142857143,627.0627062706271,,,58.5,,,,,,,,,,,3.264,0.1951219512195122,1.6,0.047596153846153844,,,,,0.08798655958549223,0.2290909090909091,,,,,,290.0,,,,14.5259,,3.8801393728223e-09,2.6957,0.14,0.13333333333333336,,,,,3.861006810896012e-07,0.008263535867021705,,0.132,,
2002-12-31,,,,,0.0022496625168741563,,16.0,,103.6844,,0.83,,,,,2.26,1.8911945542380324,,,,3.7917,608.78,0.0006206896551724138,608.78,,0.2201466222222222,,,,,0.10285714285714287,,0.00941496913580247,0.0006799999999999999,0.03749032507739937,,1.2,1.36,0.14933333333333335,,31.5,,,,,25.6209,0.7286,,0.03994265232974911,0.8,0.3273,,,24.9525,0.4,0.08,,,,,,,0.0109090909,,0.25,3.5861769614960437,,,,,,,,,0.55,,,,,,,3.941348973607038,0.11,,,,,0.38252631578947366,0.18667109346712876,,0.028,,,,,,,,,0.7162,,,,0.2835,,0.2732840077267469,0.009574468085106383,,0.0989090909090909,,,,0.9089,,,0.11196272568433314,,,371.37,371.37,,,0.5312,,,,8.1,,,,0.2689,0.12,447.5,,,,,0.3333333333333333,35.0,,,,,0.288,0.45,,,,,,2.4,,,0.10795910639909129,1466.83,1466.83,0.036663015199233186,0.18,0.7,0.03620202020202021,0.014318965517241378,,18.25,1.33,,,,,,0.2232074922589826,,0.2198,0.2301,,,,,,0.11,,,,0.04656377952755905,,1204.5699,0.0069,,0.2885,,,,2.6596984759317464e-05,,3.3162,,17.41,,0.8945,7.4545,274.6268656716418,,,0.01427951388888889,1204.5699,1.9719047619047618,,,,0.03818181818181818,,0.06393237682126574,,,,,,,,1.0655691337205478e-07,0.002,0.002,,,1.2352941176470589,,,,8.572235294117649,1.56,,,,,,3.450518178565317,,,,1.9536519991065444e-08,,23.5,,,,,,,,,,,,,,,417.52,417.52,29.0,,1018.41,,0.05785714285714284,0.0653066944702353,,8.7,,0.9166666666666667,0.04803082191780823,4.1333,0.02,,0.9,,,,9.8774,,0.01872696400636339,0.18981818181818177,,0.08176388888888887,,,0.0014702380952380954,594.059405940594,,,60.0,,,,,,,,,,,3.04,0.18211382113821142,,,,,,0.0022857649274399027,0.07445016580310883,0.19090909090909092,,,,,,270.0,,,,14.1351,,3.8801393728223e-09,2.3913,0.14,0.21333333333333337,,,0.006155421686746987,,3.5393849435483755e-07,0.009089889453723873,,0.12692307692307692,,
2003-01-31,,,,,0.002062190640467977,,13.25,,104.89,,0.83,,,,,2.28,1.8911945542380324,,,,4.125,627.98,0.0007241379310344829,627.98,,0.24095356296296294,,,0.02666666666666667,,0.10285714285714287,,,0.0006799999999999999,0.033741292569659444,,1.18,1.56,0.13999999999999999,,31.0,,,,,25.2568,0.6943,,0.03138351254480288,0.77,0.4091,0.006076399470855172,,26.3888,0.32,0.07,,,,,,,0.01,,0.26,3.6004595819507577,,,,,,,,,0.5,,,,,,,3.8756598240469207,0.11,,,,,,0.18667109346712876,0.1617001617001617,0.03,,,,,,,,,0.7162,,,,0.2835,,0.27049710045486874,0.009574468085106383,,,,,,1.0549,,,0.11196272568433314,,,384.64,384.64,,,0.6272,,,,9.4,,,,0.2844,0.14,530.0,,,,,0.3666666666666667,34.0,,,,,,0.42,,,,,,2.4,,,0.09814464218099207,1505.23,1505.23,0.027115354991099544,,0.6,0.03620202020202021,0.016922413793103448,,17.0,1.25,,,,,,,,0.2369,0.2369,,,,,,0.155,0.3409,,,0.04656377952755905,,1305.63,0.007,0.004077272727272727,0.2885,,,,2.5032456244063502e-05,,2.7563,,17.17,,0.8992,8.1818,282.9850746268657,,,0.010199652777777778,1305.63,2.232222222222222,,,,,,0.07078227433782991,,,,0.3590909090909091,,,,1.0655691337205478e-07,0.0024,0.0024,,,0.9882352941176471,,,,10.715294117647058,1.74,,,,,,3.450518178565317,,,,1.7760472719150404e-08,,27.0,,,,,,,,,,,,,,,456.07,456.07,28.0,,1056.6899,,,0.07231873073082351,,8.43,,1.0022222222222223,0.05509417808219178,4.1867,,,0.91,,,,9.7407,,,0.18981818181818177,,0.08955092592592592,,,0.0014114285714285715,617.1617161716172,,,56.5,,,,,,,,,,,3.328,0.14634146341463417,1.6,0.047596153846153844,,,,0.009714500941619585,0.07445016580310883,0.19727272727272727,,,,,,295.0,,,,14.3956,,5.82020905923345e-09,2.6522,0.15,0.2,,,0.004445582329317268,,3.5393849435483755e-07,0.012395303800532552,,0.1523076923076923,,
2003-02-28,,,,,0.002062190640467977,,11.75,,102.4788,,0.83,,,,0.048,2.28,1.8911945542380324,,,,3.875,638.86,0.0007241379310344829,638.86,,0.24928946666666668,,,0.03333333333333333,,0.09000000000000002,,,0.00064,0.033741292569659444,,1.08,1.48,0.13999999999999999,,27.5,,,,,23.9825,0.6857,,,0.74,0.3182,,,24.2344,0.32,0.07,,,,,,,0.0090909091,,0.3,3.6862393200934775,,,,,,,,,0.5,,,,,,,3.8756598240469207,0.13,,,,,,0.1813967212796772,0.1617001617001617,0.026,,,,,,,,,0.725,,,,0.2835,,0.2342434351943545,0.009574468085106383,,,,,,1.0387,,,0.10496505532906232,,,340.63,340.63,,,0.5568,,,,8.2,,,,,0.12,525.0,,,,,0.6,32.0,,,,,0.288,0.42,,,,,,2.34,,,,1488.62,1488.62,0.026733448582774197,0.156,0.65,0.041373737373737375,0.015620689655172413,,15.5,1.04,0.03585468728912578,,,,,,,0.2164,0.2369,,,,,,0.12,0.2803,,,,,1179.89,0.0066,0.004136363636363636,0.2885,,,,2.346792772880954e-05,,2.4979,,15.51,,0.8945,7.7273,309.25373134328356,,,0.009179687499999999,1179.89,2.232222222222222,,,,0.026727272727272728,,0.07991547102658215,,,,0.3590909090909091,,,,1.0283981174279706e-07,0.0022,0.0024,,,0.9882352941176471,,,,10.179529411764706,1.64,,,,0.1,,3.450518178565317,,,,1.7760472719150404e-08,,24.0,,,,,,,,,,,,,,,443.42,443.42,27.0,,1019.33,,0.05785714285714284,0.05833256110835293,,8.26,,0.9166666666666667,0.04944349315068493,4.1333,,,0.76,,,,9.7407,,,0.14601398601398596,,,,,0.0013526190476190476,636.963696369637,,,58.5,,,,,,,,,,,3.392,0.15609756097560976,1.6,,,,,0.008571618477899634,0.08121836269430052,0.19090909090909092,,,,,,292.5,,,,13.3536,,,2.5217,0.15,0.2,,,0.004445582329317268,,3.5393849435483755e-07,0.012808480593883639,,0.18784615384615383,,
2003-03-31,,,,,0.002311903179841008,,10.5,,96.4506,,0.85,,,,0.066,2.34,,,,,3.7917,650.09,0.0008793103448275863,650.09,,0.26589563703703706,,,0.03333333333333333,,0.09000000000000002,,0.00941496913580247,0.0032,0.033741292569659444,,1.04,1.4,0.15066666666666667,,29.0,,,,,23.9825,0.72,,0.03708960573476704,1.0,0.3182,,,24.9525,0.32,0.06,,,,,,,0.0136363636,,0.3,3.700521940548191,,,,,,,,,0.5,0.004835105384446138,,,,,,3.8099706744868036,0.18,,,,,,0.20247817850307762,0.3234003234003234,0.032,,,,,,,,,0.7869,,,,0.3043,,0.17568257639576593,0.009574468085106383,,,,,,0.9089,,,0.10496505532906232,,,352.7,352.7,,,0.576,,,,8.8,,,,0.2922,0.17,565.0,,,,,1.3666666666666665,31.5,,,,,,0.75,,,,,,2.36,,,0.12758803483528972,1520.36,1520.36,0.02826107421607558,0.162,0.6,0.07240404040404042,0.018875,,16.5,1.2,,,0.014006936595178774,,,,,0.2028,0.2233,,,,,,0.31,0.3182,,,,,1101.16,0.0067,0.004077272727272727,0.2885,,,,7.920425608473219e-05,,2.584,,16.22,,0.8945,7.4545,305.67164179104475,,,0.009179687499999999,1101.16,,,,,0.03818181818181818,,0.20093032715254944,,,,0.3590909090909091,,,,1.1027401500131253e-07,0.0026,0.0026,,,1.2352941176470589,0.052181109313419856,,,,1.76,,,,0.09,,3.7955491208808088,,,,2.664070907872561e-08,,23.75,,,,,,,,,,,,,,,430.45,430.45,27.0,,1039.67,,0.0964285714285714,0.06064463792941176,,8.26,,0.9655555555555557,0.05509417808219178,4.1067,,,0.75,,,,9.7407,,,,,0.08955092592592592,,,0.0022935714285714287,660.0660066006601,,,58.0,,,,,,,,,,,3.2,0.13658536585365855,1.56,,,,,0.008571618477899634,0.10152295336787563,0.19090909090909092,,,,,,315.0,,,,13.3536,,4.850174216027876e-09,2.3478,0.19,0.3,,,0.004445582329317268,,4.1826286782436503e-07,0.01528754135399015,,0.16246153846153846,,
2003-04-30,,,,,0.0019999499775011247,,12.25,,96.4506,,0.81,,,,0.084,2.3,,,,,4.1667,672.77,0.0009827586206896553,672.77,,0.2575597333333333,,,0.05333333333333334,,0.1285714285714286,,0.01448456790123457,0.0032,0.034990970072239426,,1.04,1.46,0.15466666666666667,,29.0,,,,,23.9825,0.7971,,0.051354838709677435,1.42,0.4091,,,26.3888,0.2666,0.07,,,,,,,0.0163636364,,0.38,3.6862393200934775,,,,,,,,,0.5,0.00266563153991598,,,,,,3.8099706744868036,0.195,,,,,0.3873684210526316,0.19720380631562612,0.3234003234003234,0.05,,,,,,,,,1.0168,,,,0.3183,,0.17568257639576593,0.008936170212765958,,0.1088,,,,0.8439,,,0.8747087944088527,,,370.27,370.27,,,0.5504,,,,8.0,,,,0.2844,0.16,550.0,,,,,1.0666666666666667,31.0,,,,,0.288,0.68,,,,,,2.46,,,0.12758803483528972,1556.5699,1556.5699,0.02749726139942489,0.15,0.66,0.08274747474747475,0.02082758620689655,,16.5,1.46,0.03983854143236197,,0.019100368084334688,,,0.2232074922589826,,0.2164,0.2164,,,,,,0.215,0.2652,,,0.04656377952755905,,1142.26,0.007,0.004313636363636363,0.3333,,,,7.920425608473219e-05,,2.584,,16.22,,0.8945,6.1818,322.3880597014925,,,,1142.26,1.8352380952380951,,,,0.07636363636363636,,0.22376331887443007,,,,0.3590909090909091,,,,1.4372792966463206e-07,0.0026,0.0026,,,1.111764705882353,0.03795377883381489,,,9.107999999999999,2.06,,,,0.13,,3.450518178565317,,,,3.108082725851321e-08,,24.5,,,,,,,,,,,,,,0.059727272727272726,444.68,444.68,27.0,,1068.15,,0.1414285714285714,0.05833256110835293,,8.91,,0.9533333333333335,0.04944349315068493,4.2133,,,0.78,,,,10.014,,,0.18981818181818177,,0.10901851851851851,,,0.0023523809523809526,679.8679867986799,,,56.5,,,,,,,,,,,3.136,0.1951219512195122,1.56,,,,,0.011143104021269525,0.09475475647668395,0.20363636363636364,,,,,,380.0,,,,14.0048,,8.730313588850176e-09,3.4783,0.195,0.3,,,0.005129518072289155,,4.1826286782436503e-07,0.03305414346808682,,0.19292307692307692,,
2003-05-31,,,,,0.002062190640467977,,13.0,,104.89,,0.8,,,,,2.3,,,,,4.1667,685.42,0.001086206896551724,685.42,,0.24928946666666668,,,0.03333333333333333,,0.1285714285714286,,0.01448456790123457,0.003,0.036240647574819394,,1.0,1.56,0.12533333333333332,,25.5,,,,,23.9825,0.7971,,0.06419354838709679,1.4,0.4045,,,26.6282,0.32,0.07,,,,,,,0.0145454545,,,3.800584299145624,,,,,,,,,0.55,0.0024224169833543022,,,,,,3.8099706744868036,0.12,,,,,0.37768421052631584,0.20247817850307762,0.24255024255024257,0.04,,,,,,,,,0.9018,,,,0.3113,,,0.013404255319148937,,0.10361904761904762,,,,0.8439,,,0.944685497961561,,,354.2,354.2,,,0.5312,,,,7.5,,,,0.2922,0.14,610.0,,,,,0.9666666666666667,26.0,,,,,0.288,0.75,,,,,,2.46,,,0.10795910639909129,1592.27,1592.27,0.024823916541147472,0.132,0.62,0.05688888888888889,0.025383620689655172,,16.25,1.37,0.034147321227738836,,0.019100368084334688,,,0.2232074922589826,,0.2233,0.2233,,,,,,0.28,0.2424,,,,,1190.97,0.0071,0.004313636363636363,0.3077,,,,0.0002673143642859712,,2.3687,,14.56,,0.885,5.4545,339.1044776119403,,,0.007139756944444445,1190.97,2.232222222222222,,,,0.07636363636363636,,0.19864702798036138,,,,0.3590909090909091,,,,1.3257662477685888e-07,0.0026,0.0026,,,1.111764705882353,,,,9.107999999999999,1.8,,,,0.4,,3.1399318789664616,,,,2.308861453489553e-08,,19.0,,,,,,,,,,,,,,,438.61,438.61,28.0,,1073.6899,,0.15428571428571425,0.06064463792941176,,8.91,,0.9655555555555557,0.047324486301369866,4.2,,,0.84,,,,9.604,,0.01440464605381959,,,,,,0.002940476190476191,693.0693069306931,,,55.0,,,,,,,,,,,3.072,0.175609756097561,1.5,,,,,0.011143104021269525,0.09475475647668395,0.20363636363636364,,,,,,432.5,,,,14.1351,,9.700348432055751e-09,3.5652,0.195,0.22,,,0.004445582329317268,,3.5393849435483755e-07,0.02788943355119825,,0.132,,
2003-06-30,,,,,0.002311903179841008,,18.5,,110.9182,,0.82,,,,0.084,2.34,2.0046662274923146,,,,5.0,730.29,0.0012413793103448277,730.29,,0.26589563703703706,,,0.04666666666666667,,0.09000000000000002,,,0.0038,0.057485165118679044,,0.95,1.46,0.10666666666666667,,30.0,,,,,26.167,0.9,,0.08345161290322582,1.36,0.3591,0.005276873224690018,,30.9371,0.3734,0.08,,,,,,,0.0163636364,,0.29,3.8720604129800202,,,,,,,,,0.55,0.00322988931113907,,,,,,3.8099706744868036,0.19,,,,,0.2421052631578948,0.22883400791392955,0.24255024255024257,0.048,,,,,,,,,0.9284,,,,0.3635,,0.15058847558581326,0.01978723404255319,,0.1424761904761905,,,,1.0063,,,1.0496505532906233,,,428.56,428.56,,,0.6528,,,,12.5,,,,0.2922,0.2,605.0,,,,,1.0666666666666667,31.0,,,,,0.288,0.87,,,,,,2.8,,,0.11777357061719047,1750.8199,1750.8199,0.030170606257702313,0.198,0.79,0.06723232323232323,0.029288793103448275,,17.0,1.58,,,0.01719033127590122,,,0.2232074922589826,,0.2164,0.2164,,,,,,0.59,0.3333,,,0.04656377952755905,,1154.91,0.0069,0.004077272727272727,0.3846,,,,0.0004009715464289568,,2.7132,,16.7,,0.9611,9.0909,348.65671641791045,,,0.009179687499999999,1154.91,2.232222222222222,,,,0.09545454545454546,,0.18951383129160912,,,,0.3590909090909091,,,,1.2514242151834344e-07,0.0028,0.003,,,1.2352941176470589,0.04269266460496614,,,10.179529411764706,1.98,,,,0.4,,3.3469754950050055,,,,2.8416756350640648e-08,,23.5,,,,,,,,,,,,,,0.06570000000000001,535.2,535.2,28.0,,1222.8,,0.14785714285714285,0.0653066944702353,,9.78,,0.9533333333333335,0.05368150684931507,4.3067,,,1.0,,,,10.5607,,,0.1318181818181818,,0.11680555555555554,,,0.009115476190476191,706.2706270627064,,,54.5,,,,,,,,,,,3.776,0.18211382113821142,1.5,0.047596153846153844,,,,0.010285942173479562,0.09475475647668395,0.2481818181818182,,,,,,565.0,,,,14.6561,,1.16404181184669e-08,4.6957,0.215,0.18,,,0.005300502008032127,,4.1826286782436503e-07,0.028509198741224883,,0.14723076923076922,,
2003-07-31,,,,,0.002311903179841008,,20.25,,110.9182,,0.81,,,,0.09,2.6,2.0046662274923146,,,,5.3333,769.2,0.0020172413793103448,769.2,,0.3115790148148148,,,0.06666666666666667,,0.09000000000000002,,0.02172685185185185,0.0038,0.047487745098039214,,0.9,1.42,0.124,,29.5,,,,,25.985,0.9257,,0.06419354838709679,1.38,0.6454,0.005116967975456987,,30.9371,0.3734,0.14,,,,,,,0.0163636364,,0.3,3.671935695785154,,,,,,,,,0.7,0.01773520546447748,,,,,,4.007038123167155,0.195,,,,,0.21305263157894738,0.2868040073966792,0.2748902748902749,0.064,,,,,,,,,0.8665,,,,0.367,,0.17568257639576593,0.025531914893617023,,,,,,0.8926,,,1.7844059405940593,,,443.89,443.89,,,0.6784,,,,15.75,,,,0.3156,0.23,665.0,,,,,1.2666666666666666,28.5,,,,,0.3,0.71,,,,,,2.8,,,0.13740249905338886,1778.55,1778.55,0.05957739969875393,0.20400000000000001,0.9,0.08791919191919192,0.035797413793103444,,17.5,1.71,0.034147321227738836,,0.01719033127590122,,,0.23559484167131814,,0.2096,0.213,,,,,,0.68,0.3636,,,0.03259464566929134,,1131.8199,0.0075,0.004372727272727272,0.3333,,,,0.0005346287285719424,,2.7132,,16.46,,0.9754,11.1364,377.3134328358209,,,0.01325954861111111,1131.8199,2.102063492063492,,,,0.1081818181818182,,0.17124743791410466,,,,,,0.24888000000000002,,1.2514242151834344e-07,0.0032,0.0034,,,1.3588235294117648,0.04981166642784424,,,9.107999999999999,2.04,,,,0.38,,3.2434745625267745,,,,2.8416756350640647e-07,,25.0,,,,,,,,,,,,,,0.06968181818181818,550.8,550.8,27.5,,1240.42,,0.13499999999999998,0.05833256110835293,,12.17,,0.9777777777777779,0.0515625,4.6667,,,1.0,,,,13.9775,,0.01613410131277878,0.14236363636363636,,0.12459259259259257,,,0.014114285714285715,755.7755775577558,0.3,,53.0,,,,,,,,,,,3.712,0.18211382113821142,1.62,0.03966346153846154,,,,0.01542891326021934,0.10829115025906737,0.23545454545454544,,,,,,530.0,,,,17.2613,,1.3580487804878051e-08,5.3043,0.21,0.25,,,0.005642469879518072,,4.5046366462723793e-07,0.02788943355119825,,0.17769230769230768,,
2003-08-31,,,,,0.0024371343932803363,,24.0,,102.4788,,0.81,,,,0.10200000000000001,2.4,,,,,4.8333,768.04,0.002379310344827586,768.04,,0.3281851851851852,,,0.04,,0.09000000000000002,,0.02752067901234568,0.0038,0.04498839009287925,,0.9,1.36,0.112,,27.0,,,,,24.8927,0.8829,,0.07703225806451613,1.38,0.6,0.005116967975456987,,28.5432,,0.12,,,,,,,0.0172727273,,0.33,3.6862393200934775,,,,,,,,,0.8,0.0151547424049558,,,,,,4.007038123167155,0.185,,,,,0.1743157894736842,0.365871495629235,0.22638022638022637,0.052,,,,,,,,,0.8576,,,,0.3565,,,0.019148936170212766,,0.1424761904761905,,,,0.8602,,,1.8543826441467675,,,411.61,411.61,,,0.6208,,,,17.0,,,,0.3233,0.2,620.0,,,,,1.1333333333333333,29.5,,,,,0.3,0.7,,,,,,2.65,,,0.12758803483528972,1751.3,1751.3,0.0527030843488977,0.192,0.85,0.09309090909090909,0.031241379310344826,,17.0,1.71,,,0.015916973403612245,,,0.2232074922589826,,0.2164,0.2233,,,,,,0.54,0.3485,,,0.0745020472440945,,1210.08,0.0078,0.004668181818181818,0.3397,,,,0.0004009715464289568,,2.6271,,15.27,,1.0278,11.3636,383.2835820895522,,,0.024479166666666666,1210.08,2.232222222222222,,,,0.09545454545454546,,0.1301480528147195,,,,0.3590909090909091,,,,1.2142531988908573e-07,0.003,0.003,,,1.2352941176470589,0.03795377883381489,,,,1.88,,,,0.3,,3.2434745625267745,,,,2.486466180681057e-07,,24.5,,,,,,,,,,,,,,,511.23,511.23,27.0,,1192.83,,0.12857142857142856,0.06064463792941176,,11.09,,1.0144444444444445,0.0515625,4.6133,,,1.0,,,,14.6609,,,0.13709090909090907,,0.1284861111111111,,,0.011761904761904763,778.8778877887789,,,55.0,,,,,,,,,,,3.456,0.1951219512195122,2.3,0.04362980769230769,,,,0.012857427716849449,0.12182754404145078,0.19090909090909092,,,,,,535.0,,,,18.3033,,1.55205574912892e-08,5.1304,0.2,0.26,,,0.007865261044176706,,4.1826286782436503e-07,0.03098825950133139,,0.19292307692307692,,
2003-09-30,,,,,0.002187421853907305,,24.25,,116.9464,,0.8,,,,0.096,2.95,,,,,5.25,791.49,0.027931034482758625,791.49,,0.34065622222222225,,,0.04,,0.09642857142857143,,0.02172685185185185,0.0038,0.047487745098039214,,,1.42,0.11866666666666666,,29.0,,,,,24.8927,0.9171,,0.06419354838709679,1.26,0.6,0.005116967975456987,,29.5008,0.3734,0.11,,,,,,,0.0136363636,,0.33,3.6862393200934775,,,,,,,,,0.7,0.017667840391707264,,,,,,3.941348973607038,0.175,,,,,0.2421052631578948,0.36059712344178346,0.2748902748902749,0.058,,,,,,,,,0.8665,,,,0.367,,0.1673158868986069,0.014680851063829787,,0.1424761904761905,,,,0.8115,,,1.4695107746068725,,,434.44,434.44,,,0.6656,,,,17.75,,,,0.3,0.19,695.0,,,,,1.3333333333333333,30.5,,,,,0.3,0.75,,,,,,2.8,,,0.12758803483528972,1900.6,1900.6,0.06416027659865808,0.18,1.02,0.08791919191919192,0.031241379310344826,,17.5,1.94,0.034147321227738836,,0.019100368084334688,,,0.2232074922589826,,0.2233,0.2369,,,,,,0.62,0.3485,,,0.05354834645669291,,1285.0,0.0079,0.004845454545454545,0.4808,,,,0.0004009715464289568,,2.4118,,16.22,,1.0611,13.4091,388.05970149253733,,,0.024479166666666666,1285.0,2.232222222222222,,,,,,0.11416495860940308,,,,,,0.24888000000000002,,1.2142531988908573e-07,0.003,0.0032,,,1.2352941176470589,0.0569199950845711,,,9.107999999999999,2.0,,,,0.4,,3.2434745625267745,,,,2.2200590898938008e-07,,25.0,,,,,,,,,,,,,,0.049772727272727274,570.41,570.41,27.0,,1297.42,,0.12857142857142856,0.06765667418999997,,11.09,,1.0144444444444445,0.04873715753424657,4.6667,,,1.02,,,,14.5242,,,0.13709090909090907,,0.1933333333333333,,,0.13,775.5775577557756,,,54.5,,,,,,,,,,,4.032,0.18211382113821142,2.28,0.03966346153846154,,,,0.012857427716849449,0.11505934715025906,0.19090909090909092,,,,,,640.0,,,,20.6479,,1.3580487804878051e-08,4.9565,0.205,0.32,,,0.005129518072289155,,4.5046366462723793e-07,0.025823549584442825,,0.16246153846153846,,
2003-10-31,,,,,0.0021244313034348285,,28.5,,122.9745,,0.8,,,,0.096,3.3,,,,,5.4167,839.31,0.27,839.31,,0.3323203185185185,,,0.04,,0.07714285714285715,,0.03041759259259259,0.0036,0.04998710010319917,,,1.32,0.11466666666666665,,27.5,,,,,25.0748,0.9686,,0.07061290322580646,1.22,0.6091,,,30.6977,0.3466,0.15,,,,,,,0.0163636364,,0.33,3.6862393200934775,,,,,,,,,0.65,,,,,,,3.941348973607038,0.26,,,,,0.2905263157894737,0.3342412940309316,0.24255024255024257,0.054,,,,,,,,,0.8311,,,,0.3704,,0.1673158868986069,0.014042553191489362,,0.12571428571428572,,,,0.8277,,,1.2245923121723938,,,446.24,446.24,,,0.7296,,,,18.0,,,,0.3,0.19,790.0,,,,,1.3,30.5,,,,,0.3,0.96,,,,,,3.15,,,0.11777357061719047,2048.8501,2048.8501,0.0626326509653567,0.162,1.0,0.08791919191919192,0.029288793103448275,,17.5,1.94,0.058050446087156024,,,,,0.2232074922589826,,0.2539,0.3256,,,,,,0.6,0.303,,,0.0745020472440945,,1759.45,0.011,0.006677272727272726,0.3974,,,,0.0004009715464289568,0.81,2.4118,,15.51,,1.1707,12.7273,384.4776119402985,,,0.04569444444444445,1759.45,2.4925396825396824,,,,0.07636363636363636,,0.11302330902330907,,,,0.3590909090909091,,,,1.2514242151834344e-07,0.0032,0.0034,,,1.2352941176470589,0.08301588632435665,,,,2.06,,,,0.33,,3.1744600238472596,,,,2.1397140942595492e-06,,27.5,,,,,,,,,,,,,,0.049772727272727274,622.83,622.83,27.0,,1399.0699,,0.10928571428571428,0.07231873073082351,,11.3,,1.0022222222222223,0.05014982876712328,4.5333,,,0.99,,,,14.3876,,,0.13709090909090907,,0.2062222222222222,,,0.11761904761904764,877.887788778878,,,57.0,,,,,,,,,,,4.608,0.14308943089430895,2.1,,,,,0.05057254901960784,0.11505934715025906,0.17181818181818184,,,,,,765.0,,,,19.8664,,1.3580487804878051e-08,4.8696,0.215,0.27,,,0.006839357429718876,,3.861006810896012e-07,0.046294581618655684,,0.15738461538461537,,
2003-11-30,,,,,0.002062190640467977,,26.0,,114.5351,,0.8,,,,0.096,3.0,,,,,4.5,836.35,0.13,836.35,,0.31571414814814813,,,0.03333333333333333,,,,0.02896913580246914,0.0032,,,,1.24,0.12,,26.0,,,,,24.8927,0.9257,,0.05328064516129033,1.22,0.6,,,29.5008,0.3466,0.11,,,,,,,0.0190909091,,0.33,3.6862393200934775,,,,,,,,,0.6,0.0151547424049558,,,,,,3.941348973607038,0.12,,,,,0.2905263157894737,0.3131598368075312,,0.05,,,,,,,,,0.8046,,,,0.3496,,0.1673158868986069,0.012765957446808512,,0.1340952380952381,,,,0.8115,,,1.2245923121723938,,,416.86,416.86,,,0.6784,,,,18.0,,,,0.2767,0.19,720.0,,,,,1.1666666666666667,30.5,,,,,,0.89,,,,,,3.2,,,0.11777357061719047,1962.11,1962.11,0.05957739969875393,0.174,1.02,0.08791919191919192,0.026685344827586208,,17.0,1.92,0.058050446087156024,,0.017508670743973467,,,0.2480213915564775,,0.2369,0.2983,,,,,,0.45,0.3258,,,0.0745020472440945,,1610.22,0.01,0.006086363636363635,0.3846,,,,0.0004009715464289568,,2.3687,,14.8,,1.104,12.7273,409.55223880597015,,,0.04895833333333333,1610.22,3.1498412698412697,,,,0.057272727272727274,,0.13471465115909567,,,,0.3590909090909091,,,,1.2142531988908573e-07,0.003,0.003,,,1.1735294117647057,0.07352744161590292,,,,2.1,,,,0.23,,,,,,1.6745588563770381e-06,,24.0,,,,,,,,,,,,,,,543.45,543.45,26.5,,1313.87,,0.11571428571428569,0.0839549206335294,,10.87,,0.9411111111111112,0.05014982876712328,4.5467,,,0.98,,,,13.7042,,,0.1318181818181818,,0.1933333333333333,,,0.14,884.4884488448846,0.35,,54.5,,,,,,,,,,,4.16,0.11707317073170732,2.02,,,,,0.05057254901960784,0.11505934715025906,0.1590909090909091,,,,,,755.0,,,,18.3033,,1.3580487804878051e-08,4.8696,0.195,0.26,,,0.009995983935742971,,3.5393849435483755e-07,0.05108367626886145,,0.18276923076923077,,
2003-12-31,,,,,0.0019999499775011247,,25.0,,125.3858,,0.83,,,,0.096,3.05,2.0046662274923146,,,,5.0833,874.78,0.14,874.78,,0.3655982962962963,,,0.03333333333333333,,0.10285714285714287,,0.02172685185185185,0.0034,0.057485165118679044,,0.96,1.34,0.11333333333333334,,27.5,,,,,25.0748,0.9,,0.04493548387096775,1.2,0.6091,,,31.1764,0.3734,0.12,,,,,,,0.0145454545,,0.33,3.7148255648565134,,,,,,,,,0.6,0.0151547424049558,,,,,,4.204105571847507,0.12,,,,,0.2905263157894737,0.31843420899498265,0.291060291060291,0.05,,,,,,,,,0.8046,,,,0.353,,0.1673158868986069,0.011489361702127658,,0.21371428571428575,,,,0.9738,,,1.2245923121723938,,,439.07,439.07,,,0.6528,,,,18.75,,,,0.2689,0.17,860.0,,,,,1.0999999999999999,32.0,,,,,0.3,1.08,,,,,,3.3,,,0.10795910639909129,2185.23,2185.23,0.05499452279884978,0.174,0.97,0.09826262626262626,0.02798706896551724,,18.25,2.0,,,0.017508670743973467,,,0.23316441235623964,,0.2437,0.2778,,,,,,0.48,0.2349,,,,,1623.1801,0.01,0.0063227272727272715,0.3718,,,,0.0006014573196434352,0.77,2.2395,,15.51,,1.1135,13.6364,417.910447761194,,,,1623.1801,,,,,0.07636363636363636,,0.13243135198690756,,,,0.3590909090909091,,,,1.2142531988908573e-07,0.0028,0.003,,,1.111764705882353,0.0640389969074492,,,,2.26,,,,0.28,,3.450518178565317,,,,1.7675899039535405e-06,,24.25,,,,,,,,,,,,,,0.051763636363636366,571.35,571.35,26.5,27.252214448506425,1442.37,,0.10928571428571428,0.09562901343494118,,10.65,,0.9411111111111112,0.046618150684931504,5.0667,,,0.97,,,,13.5675,,0.01728531122561268,0.11072727272727272,,0.18688888888888885,,,0.17,900.9900990099011,0.37,,54.5,,,,,,,,,,,4.16,0.1691056910569106,2.06,,,,,0.05057254901960784,0.14890033160621766,0.16545454545454547,,,0.057181538461538485,,,970.0,,,,18.5638,,1.8430662020905927e-08,4.6957,0.195,0.26,,,0.009206827309236946,,3.5393849435483755e-07,0.06066186556927297,,0.18784615384615383,,
2004-01-31,,,,,0.002062190640467977,,24.0,,147.0872,,0.81,,,,0.096,3.2,,,,,5.25,937.92,0.21,937.92,,0.3780693333333333,,,0.04666666666666667,,0.09642857142857143,,0.02172685185185185,0.0028,0.057485165118679044,,1.12,1.3,0.10666666666666667,,27.0,,,,,25.0748,0.8571,,0.032096774193548394,1.14,0.6,,,32.8521,0.3466,0.1,,,,,,,0.0154545455,,0.34,3.729129189164837,,,,,,,,,0.55,0.012626413521314932,,,,,,4.269794721407625,0.14,,,,,0.2905263157894737,0.3237085811824342,0.343035343035343,0.048,,,,,,,,,0.7958,,,,0.36,,,0.010212765957446808,,0.34780952380952385,,,,0.8439,,,1.259580663948748,,,467.33,467.33,,,0.704,,,,23.75,,,,0.2689,0.19,925.0,,,,,1.2333333333333334,31.5,,,,,0.3,1.04,,,,,,3.3,,,0.09814464218099207,2292.96,2292.96,0.06110502533205532,0.18,1.18,0.08791919191919192,0.03059051724137931,,20.0,1.82,0.05748132406669371,,,,,0.2232074922589826,,0.2335,0.271,,,,,,0.67,0.2045,,,0.09094488188976378,,1557.5601,0.0097,0.005909090909090908,0.3526,,,,0.0020299184537965935,,2.4118,,15.27,,1.1897,18.6364,466.86567164179104,,,0.05548611111111112,1557.5601,2.824444444444444,,,,0.06363636363636364,,0.14841444619222402,,,,0.3590909090909091,,,,1.1770821825982799e-07,0.003,0.003,,,1.05,0.0711579987303273,,,,3.0,,,,0.27,,3.41599003368452,,,,2.3536855036855042e-05,,24.25,,,,,,,,,,,,,,0.049772727272727274,572.79,572.79,26.5,26.5708878305835,1508.3,,0.11571428571428569,0.09562901343494118,,11.3,,0.928888888888889,0.04803082191780823,4.72,,,0.98,,,,13.5675,,,0.14236363636363636,,0.1933333333333333,,,0.18,980.1980198019803,,,57.0,,,,,,,,,,,3.904,0.14308943089430895,2.42,,,,,0.05835294117647059,0.1285957409326425,0.14,,,0.055524102564102576,,,865.0,,,,19.6059,,,5.0435,0.185,0.26,,,0.008943775100401606,,3.861006810896012e-07,0.07183641975308641,,0.12184615384615384,,0.13333333333333336
2004-02-29,,,,,0.001874718764061797,,23.0,,142.2646,,0.81,,,,0.12,3.1,,,,,4.5833,941.58,0.15,941.58,,0.4154168074074074,,,0.04,,0.09642857142857143,,0.02172685185185185,0.003,0.07498065015479874,,1.0,1.26,0.10533333333333333,,25.0,,,,,24.5286,0.8743,,0.032096774193548394,1.08,0.6091,,,30.6977,,0.09,,,,,,,0.0154545455,,0.34,3.657653075330441,,,,,,,,,0.55,0.0113622490794945,,,,,,4.269794721407625,0.125,,,,,0.2905263157894737,0.30262712395903374,0.38981288981288975,0.048,,,,,,,,,0.7869,,,,0.3461,,0.1673158868986069,0.010851063829787235,,0.3017142857142857,,,,0.8277,,,1.1896039603960398,,,432.97,432.97,,,0.6656,,,,23.5,,,,0.2689,0.17,885.0,,,,,,31.5,,,,,0.3,1.34,,,,,,3.2,,,0.09814464218099207,2313.6799,2313.6799,0.053466897165548394,0.168,1.1,,0.028637931034482755,,19.0,1.84,,,0.014325276063251017,,,0.21082014284664707,,0.2301,0.2778,,,,,,0.59,0.2349,,,0.10913385826771653,,1526.13,0.0093,0.005495454545454545,0.3205,,,,0.0020299184537965935,0.77,2.3256,,14.33,,1.104,17.7273,482.3880597014925,,0.9735,0.04895833333333333,1526.13,2.4925396825396824,,,,0.06363636363636364,,0.11644825778159118,,,,0.35309409090909094,,,,1.2885952314760118e-07,0.003,0.0032,,,0.9264705882352942,0.0711579987303273,,,,3.15,,,,0.3,,3.2780027074075715,,,,2.5583538083538086e-05,,23.25,,,,,,,,,,,,,,0.051763636363636366,530.6,530.6,27.0,34.5833,1483.1801,,0.09,0.0886548800730588,,10.87,,0.9777777777777779,0.04591181506849316,4.6667,,,1.0,,,,13.5675,,0.01728531122561268,0.1318181818181818,,0.1933333333333333,,,0.16,986.7986798679868,0.23,,57.5,,,,,,,,,,,3.904,0.13008130081300814,2.2,,,,,0.06224313725490196,0.12182754404145078,0.14636363636363636,,,0.05635282051282053,,,970.0,,,,18.5638,,,4.8696,0.175,0.26,,,0.007628514056224898,,3.5393849435483755e-07,0.08380915637860081,,0.14215384615384616,,
2004-03-31,,,,,0.001874718764061797,,19.5,,147.0872,,0.84,,,,,2.85,,,,,4.4167,936.1,0.12,936.1,,0.4154168074074074,,,0.04,,0.07714285714285715,,0.02172685185185185,0.003,0.05998452012383901,,1.04,1.28,0.09999999999999999,,23.5,,,,,24.8927,0.9086,,0.032096774193548394,1.0,0.6,0.005116967975456987,,29.9795,,0.1,,,,,,,0.0127272727,,0.36,3.700521940548191,,,,,,,,,0.5,0.012383854808133258,,,,,,4.269794721407625,0.125,,,,,0.2905263157894737,0.30262712395903374,0.40020790020790015,0.042,,,,,,,,,0.7692,,,,0.3322,,,0.012765957446808512,,0.37714285714285717,,,,0.8115,,,1.259580663948748,,,417.27,417.27,,,0.64,,,,20.25,,,,0.2689,0.16,820.0,,,,,,28.5,,,,,0.45,1.44,,,,,,3.0,,,0.08833017796289286,2225.5,2225.5,0.048120207448993556,0.144,1.04,,0.024081896551724137,,16.75,1.69,,,0.011141881382528569,,,0.21082014284664707,,0.2301,0.2574,,,,,,0.5,0.2652,,,0.10913385826771653,,1439.39,0.0083,0.005495454545454545,0.3013,,,,0.0030448776806948903,,2.2395,,13.62,,1.104,15.2273,491.94029850746267,,,0.04895833333333333,1439.39,1.8352380952380951,,,,0.05090909090909091,,0.12786475364253147,,,,0.3590909090909091,,,,1.1027401500131253e-07,0.0028,0.0028,,,0.8647058823529411,0.0711579987303273,,,,2.65,,,,0.21,,3.41599003368452,,,,3.07002457002457e-05,,23.0,,,,,,,,,,,,,,,513.38,513.38,27.0,28.125,1424.33,,0.15,0.0863049003532941,,10.65,,1.0022222222222223,0.045205479452054796,4.52,,,0.85,,,,13.1575,,0.025640824457637622,0.11072727272727272,,0.21266666666666664,,,0.16,993.3993399339935,,,56.5,,,,,,,,,,,3.776,0.13008130081300814,2.0,,,,,0.05057254901960784,0.10829115025906737,0.14,,,,,,950.0,,,,17.7822,,1.7460627177700352e-08,5.6522,0.165,0.26,,,0.006839357429718876,,4.1826286782436503e-07,0.08380915637860081,,0.11169230769230769,,
2004-04-30,,,,,0.0018124781010949453,,24.25,,164.9305,,0.82,,,,0.132,3.05,,,,,4.75,971.24,0.165,971.24,,0.3904747333333333,,,0.06,,0.07714285714285715,,,0.0028,0.07997936016511868,,1.2,1.42,0.09999999999999999,,25.0,,,,,24.8927,0.8657,,,1.06,0.6,,,32.134,,0.1,,,,,,,0.0145454545,,0.41,3.6862393200934775,,,,,,,,,0.5,0.0185882408186467,,,,,,4.269794721407625,0.115,,,,,0.43578947368421056,0.30262712395903374,0.4054054054054054,0.052,,,,,,,,,0.7692,,,,0.3565,,,0.01595744680851064,,,,,,0.7872,,,1.2245923121723938,,,443.79,443.79,,,0.6784,,,,28.0,,,,0.2689,0.26,850.0,,,,,,28.5,,,,,,1.66,,,,,,2.95,,,0.08833017796289286,2441.8301,2441.8301,0.04582876899904148,0.156,1.14,,0.027336206896551724,,20.5,1.67,,,,,,0.19839359296148767,,0.2267,0.2642,,,,,,0.56,0.2424,,,0.19401574803149607,,1422.73,0.0083,0.005318181818181817,0.3333,,,,0.0030448776806948903,,2.2826,,14.33,,1.1516,17.5,517.0149253731344,,,0.08486111111111111,1422.73,1.9719047619047618,,,,0.05090909090909091,,0.12329815529815535,,,,,,,,1.1770821825982799e-07,0.0028,0.003,,,,,,,,3.25,,,,0.24,,3.105445485167745,,,,2.456019656019656e-05,,23.5,,,,,,,,,,,,,,,548.7,548.7,26.0,27.0833,1555.01,,0.13,0.07929286409270586,,10.87,,0.9900000000000001,0.040261130136986296,4.56,,,0.84,,,,13.4309,,,0.11599999999999999,,0.21266666666666664,,,0.18,966.996699669967,,,59.5,,,,,,,,,,,3.968,0.1626016260162602,2.16,0.04362980769230769,,,,0.05835294117647059,0.10829115025906737,0.1590909090909091,,,0.057181538461538485,,,1080.0,,,,17.5218,,,6.087,0.16,0.26,,,0.007365461847389559,,3.861006810896012e-07,0.05986368312757201,,0.12692307692307692,,
2004-05-31,,,,,,,21.25,,153.3565,,0.81,,,,0.09,3.0,,,,,4.5,969.47,0.13,969.47,,0.37386856296296295,,,0.05,,,,0.02172685185185185,0.0028,0.10397316821465429,,1.0,1.3,0.104,,25.0,,0.05263575639611282,,,24.5286,0.84,,,1.04,0.6,,,32.7563,0.2666,0.12,,,,,,,0.0118181818,,0.41,3.657653075330441,,,,,,,,,0.5,0.0185882408186467,,,,,,4.269794721407625,0.12,,,,,,0.29735275177158227,0.6324324324324324,0.056,,,,,,,,,0.7692,,,,0.353,,0.17010876185200943,0.013404255319148937,,,,,,0.7872,,,1.294569015725102,,,452.19,452.19,,,0.6656,,,,28.5,,,,0.2611,0.25,825.0,,,,,1.1199999999999999,29.5,,,,,0.41,1.44,,,,,,3.0,,,0.08833017796289286,2350.03,2350.03,0.04353733054908941,,1.42,,0.024732758620689653,,20.25,1.61,,,,,,,,0.2198,0.2505,,,,,,0.57,0.2424,,,0.20614173228346458,,1344.95,0.0083,0.00514090909090909,0.3205,,,,0.0030448776806948903,,2.2395,,14.33,,1.1516,17.5,511.04477611940297,,,0.08486111111111111,1344.95,2.102063492063492,,,,,,0.11416495860940308,,,,,,,,1.1399111663057025e-07,0.0032,0.0032,,,0.8647058823529411,,,,,2.95,,,,0.22,,3.450518178565317,,,,3.07002457002457e-05,,23.5,,,,,,,,,,,,,,,524.31,524.31,27.0,25.8333,1511.36,,0.13,0.07698078727164705,,10.43,,1.0144444444444445,0.045205479452054796,4.52,,,0.85,,,,13.2942,,0.02880929210763918,0.12654545454545452,,0.21266666666666664,,,0.15,986.7986798679868,,,58.0,,,,,,,,,,,3.776,0.14308943089430895,2.22,0.05552884615384616,,,,0.046682352941176466,0.10829115025906737,0.1590909090909091,,,0.05635282051282053,,,1070.0,,,,17.0007,,,5.4783,0.18,0.26,,,0.00789156626506024,,3.861006810896012e-07,,,0.09646153846153846,,
2004-06-30,,,,,0.0024993750562471878,,22.75,,164.9305,,0.81,,,,0.15,3.4,,,,,4.8333,1013.22,0.15,1013.22,,0.37386856296296295,,,0.05,,0.09642857142857143,,0.0434537037037037,0.0034,0.11597007223942206,,3.0,1.3,0.108,,27.0,,0.09131734887777314,,,25.6209,0.8657,,,0.92,0.6,0.005116967975456987,,33.6181,0.2134,0.18,,,,,,,0.0127272727,,0.36,3.657653075330441,,,,,,,,,0.55,0.02890396695660881,,,,,,4.269794721407625,,,,,,0.5084210526315791,0.29207837958413074,0.6081081081081081,0.084,,,,,,,,,0.8046,,,,0.367,,0.1450086933605325,0.013404255319148937,,0.37714285714285717,,,,0.8277,,,1.2245923121723938,,,471.12,471.12,,,0.6528,,,,28.5,,,,0.2689,0.37,820.0,,,,,0.9333333333333332,28.5,,,,,0.4,1.44,,,,,,3.25,,,0.10795910639909129,2453.3301,2453.3301,0.04888402026564426,0.15,1.68,0.08274747474747475,0.02993965517241379,,24.0,1.67,0.05748132406669371,,,,,0.19839359296148767,,0.2267,0.2574,,,,,,0.59,0.2803,,,0.19401574803149607,,1541.63,0.01,0.006086363636363635,0.3974,,,,0.0030448776806948903,1.0,2.1964,,15.27,,1.1611,16.5909,532.5373134328358,,,0.07833333333333332,1541.63,1.0738095238095238,,,,,,0.110740009851121,,,,0.3590909090909091,,,,1.2885952314760118e-07,0.0044,0.0046,,,1.05,0.0711579987303273,,,9.107999999999999,3.05,,,,0.24,,3.450518178565317,,,,2.5583538083538086e-05,,24.0,,,,,,,,,,,,,,0.05375454545454546,550.65,550.65,27.0,25.8333,1579.4,,0.17,0.07929286409270586,,10.87,,1.0266666666666666,0.042380136986301366,4.52,,,0.89,,,,12.8842,,,0.14236363636363636,,0.21266666666666664,,,0.17,1042.904290429043,,,57.5,,,,,,,,,,,3.904,0.1691056910569106,2.14,0.11899038461538461,,,,0.038901960784313724,0.14213213471502592,0.1590909090909091,,,0.05801025641025643,,,1150.0,,,,17.5218,,2.5220905923344952e-08,5.5652,0.18,0.26,,,0.0789156626506024,,3.861006810896012e-07,,,0.10153846153846155,,
2004-07-31,,,,,0.003749437528123594,,20.5,,162.037,,0.83,,,,0.29,3.15,1.9290184453227932,,,,4.6667,1006.83,0.15,1006.83,,0.3904747333333333,,,0.08,,0.09642857142857143,,0.09025,0.0036,0.14796181630546953,,3.05,1.28,0.10666666666666667,,26.5,,0.08667370032055101,,,25.2568,0.9171,,0.06419354838709679,0.96,0.6,0.005116967975456987,,33.0436,0.2666,0.13,,,,,,,0.0163636364,,0.4,3.343162375229818,,,,,,,,,0.55,0.030972095626779956,,,,,,4.269794721407625,,,,,,,0.30788546462007965,0.5513513513513514,0.16,,,,,,,,,0.84,,,,0.3809,,0.1450086933605325,0.022978723404255316,,0.37085714285714283,,,,0.7628,,,,,,466.95,466.95,,,0.64,,,,24.75,,,,0.2767,0.39,855.0,,,,,0.9466666666666667,31.0,,,,,0.5,1.72,,,,,,3.3,,,0.08833017796289286,2495.53,2495.53,0.04430114336574009,0.138,1.54,0.08791919191919192,0.02993965517241379,,24.5,1.65,0.06270689898184767,,,,,0.19839359296148767,,0.2233,0.2539,,,,,,0.53,0.303,,,0.23039370078740157,,1681.29,0.0143,0.008863636363636362,0.8842,,,,0.004567316521042335,1.0,2.2395,,15.04,,1.1516,14.5455,527.7611940298508,,,0.10444444444444445,1681.29,1.0738095238095238,,,,0.07636363636363636,,0.10845671067893295,,,,0.34713318181818187,,,,1.2885952314760118e-07,0.0038,0.0038,,,0.9882352941176471,0.26042525409029343,2.3333,,9.107999999999999,2.8,,,,0.29,,8.194944141895808,,,,3.274692874692875e-05,,23.5,,,,,,,,,,,,,,,539.63,539.63,27.0,22.7083,1584.7,,0.24,0.07929286409270586,,10.0,,1.0266666666666666,0.05650684931506849,4.5867,,,0.84,,,,16.0276,,0.020455099070468406,0.36,,0.2384444444444444,,,0.17,1013.2013201320133,,,58.0,,,,,,,,,,,3.84,0.13658536585365855,2.02,0.13485576923076925,,,,0.046682352941176466,0.1353639378238342,0.19727272727272727,,,0.05635282051282053,,,1250.0,,,,17.7822,,2.1340766550522652e-08,5.6522,0.305,0.29,,,0.0999598393574297,,3.5393849435483755e-07,,,0.10661538461538461,,0.13333333333333336
2004-08-31,,,,,0.0029995500224988753,,20.0,,156.25,,0.85,,,,0.31,3.15,1.8911945542380324,,,,4.4167,1010.2,0.135,1010.2,,0.6064862222222223,,,0.07,,0.07071428571428573,,0.06685185185185186,0.0048,0.11197110423116614,,3.0,1.28,0.104,,25.0,,0.08049764773944557,,,24.3466,1.0371,,0.06419354838709679,0.92,0.6273,,,32.7563,0.24,0.14,,,,,,,0.0263636364,,0.46,3.328879754775105,,,,,,,,,0.65,0.0258142325577989,,,,,,4.269794721407625,,,,,,,0.29735275177158227,0.44594594594594594,0.408,,,,,,,,,0.8488,,,,0.367,,0.1450086933605325,0.021063829787234045,,,,,,0.7303,,,1.2245923121723938,,,459.56,459.56,,,0.6016,,,,24.25,,,,0.2767,0.41,875.0,,,,,1.1866666666666668,29.0,,,,,0.58,2.14,,,,,,4.35,,,0.08342294585384324,2530.3401,2530.3401,0.08478322264822676,0.138,1.42,0.07757575757575758,0.02798706896551724,,25.0,1.73,0.08047385369337119,,0.011141881382528569,,,0.19839359296148767,,0.2301,0.2642,,,,,,0.48,0.447,,,0.3637795275590551,,1757.1,0.0137,0.008863636363636362,0.8583,,,,0.006850974781563503,,2.0845,,14.33,,1.1326,13.1818,537.3134328358209,,1.155,0.10444444444444445,1757.1,1.0217460317460318,,,,0.06363636363636364,,0.1255814544703434,,,,0.3590909090909091,,,,1.3257662477685888e-07,0.004,0.0042,,,0.9882352941176471,0.23694428855756205,2.6667,,,2.6,,2.1923,,0.31,,8.79879004203,,,,3.684029484029484e-05,,22.75,,,,,,,,,,,,,,,512.35,512.35,27.0,21.6667,1579.83,,0.23,0.0886548800730588,,10.22,,1.038888888888889,0.059332191780821913,4.6133,,,0.85,,,,16.0276,,0.020455099070468406,0.36,,0.2577777777777778,,,0.175,993.3993399339935,,,58.5,,,,,,,,,,,3.648,0.13658536585365855,2.12,0.13485576923076925,,,,0.046682352941176466,0.20981410362694303,0.19727272727272727,,,0.05386666666666668,,,1265.0,,,,17.3915,,2.425087108013938e-08,7.3913,0.33,0.29,,,0.0999598393574297,,3.5393849435483755e-07,0.07183641975308641,,0.12184615384615384,,
2004-09-30,,,,,0.002874318809059547,,21.0,,188.0787,,0.86,,,,0.34,3.3,1.966842336407554,,,,5.4167,1092.63,0.155,1092.63,,0.5650036148148148,,,0.07,,0.10285714285714287,,0.06016666666666666,0.0065,0.11996904024767802,,3.0,1.44,0.10933333333333334,,28.0,,0.14842815216091865,,,24.8927,1.0114,,0.060983870967741945,0.93,0.6,0.009381107955004474,,35.0544,,0.13,,,,,,,0.0227272727,,0.5,3.3145761304667807,,,,,,,,,0.6,0.02788236122797005,,,,,,4.269794721407625,0.135,,,,,0.7263157894736844,0.29735275177158227,1.5,0.448,,,,,,,,,0.84,,,,0.4365,,0.11266385949847697,0.02170212765957447,,0.4337142857142857,0.22011328411779105,,,0.7953,,,1.1546156086196855,,,493.54,493.54,,,0.7296,,,,26.5,,,,0.2767,0.44,1090.0,,,,,1.1466666666666667,29.5,,,,,0.65,2.48,,,,,,5.0,,,0.10795910639909129,2808.5601,2808.5601,0.07408984321511707,0.138,1.74,0.09826262626262626,0.032543103448275865,,26.0,1.71,0.09092500352367913,,0.009550184042167344,,,0.21082014284664707,,0.2335,0.271,,,,,,0.56,0.4318,,,0.3637795275590551,0.5867602040816327,1845.27,0.0143,0.00963181818181818,0.7949,,,,0.006850974781563503,0.8,2.0845,,15.75,,1.2088,13.8636,573.1343283582089,,,0.08486111111111111,1845.27,1.0217460317460318,,,,0.06363636363636364,,0.11416495860940308,,,,0.35309409090909094,,,,1.7346474269869388e-07,0.0042,0.0044,,,1.3588235294117648,0.23694428855756205,3.0667,,,2.9,,2.0,,0.34,,8.264507070815712,,,,0.0003563636363636364,,22.75,,,,,,,,,,,,,,,601.35,601.35,28.0,23.75,1761.5699,,0.26,0.0886548800730588,,10.87,,1.038888888888889,0.05226883561643835,4.64,,,0.84,,,,15.6176,,,0.37,,0.24488888888888885,,,0.205,1085.8085808580859,,,57.5,,,,,,,,,,,4.032,0.14308943089430895,2.1,0.09915865384615385,,,,0.046682352941176466,0.1827413160621762,0.2736363636363636,,,0.05801025641025643,,,1395.0,,,,17.5218,,2.5220905923344952e-08,7.8261,0.325,0.32,,,0.08943775100401606,,3.861006810896012e-07,0.07939814814814813,,0.10661538461538461,,
2004-10-31,,,,,0.0026246062696865156,,21.0,,188.0787,,0.84,,,,0.35,3.5,1.966842336407554,,,,6.0833,1134.11,0.155,1134.11,,0.5732738814814814,,,0.06,,0.19928571428571432,,0.09025,0.012,0.11597007223942206,,3.6,1.4,0.11599999999999999,,28.0,,0.15095667649216238,,,27.0772,1.0114,,0.08666129032258066,0.91,0.6182,,,36.7779,0.2666,0.16,,,,,,,0.0218181818,,0.5,3.3145761304667807,,,,,,,,,0.8,0.02890396695660881,,,,,,4.204105571847507,0.145,,,,,,0.29735275177158227,1.5,0.74,,,,,,,,,0.84,,,,0.4504,,,0.01978723404255319,,0.44,0.18866852924382088,,,0.7466,,,1.2245923121723938,,,517.75,517.75,,,0.7168,,,,27.5,,,,0.2767,0.53,1025.0,,,,,1.08,30.0,,,,,0.7,2.44,,,,,,5.4,,,0.12758803483528972,2839.79,2839.79,0.06416027659865808,0.18,1.76,0.09309090909090909,0.03059051724137931,,31.0,1.84,0.16035864257812502,,0.007321807765661631,,,0.19839359296148767,,0.2403,0.2846,,,,,,0.56,0.4621,,,0.3334645669291339,0.5963010204081634,2153.6899,0.017,0.011640909090909089,0.8967,,,,0.010276462172345254,,1.895,,15.75,,1.2373,14.3182,604.179104477612,,,0.09791666666666667,2153.6899,0.9957142857142857,,,,0.1,,0.110740009851121,,,,,,0.24888000000000002,,1.5116213292314753e-07,0.0044,0.0046,,,1.4823529411764704,0.21986722271557557,3.3333,,,3.15,,2.0385,,0.36,,8.264507070815712,,,,0.0036750000000000003,,22.5,,,,,,,,,,,,,,,680.52,680.52,30.0,23.75,1819.03,,0.37,0.10029106997576469,,11.3,,1.051111111111111,0.05085616438356164,4.7067,0.33,,0.87,,,,15.7543,,,0.35,,0.2513333333333333,,,0.19,1102.3102310231025,,,57.5,,,,,,,,,,,4.8,0.13658536585365855,2.1,0.13485576923076925,,,,0.05446274509803922,0.16920492227979275,0.48363636363636364,,,0.05801025641025643,,,1405.0,,,,17.131,,2.910104529616725e-08,8.5217,0.365,0.28,,,0.10785140562248995,,3.5393849435483755e-07,0.08317901234567901,,0.10661538461538461,,
2004-11-30,,,,,0.0024993750562471878,,18.75,,188.0787,,0.84,,,,0.27,3.25,1.8911945542380324,,,,6.0,1164.25,0.17,1164.25,,0.6563703703703704,,,0.06,,0.19928571428571432,,0.06685185185185186,0.011,0.10797213622291021,,3.3,1.46,0.12,,29.0,,0.1635238198101349,,,29.6257,0.9429,,0.08666129032258066,0.81,0.6091,0.010660349948868723,,38.2142,0.272,0.13,,,,,,,0.0236363636,,0.5,3.486114602898611,,,,,,,,,0.75,0.020656369488817848,,,,,,4.4668621700879765,0.13,,,,,,0.2868040073966792,1.4,0.75,,,,,,,,,0.8311,,,,0.4435,,,0.019148936170212766,,0.37714285714285717,,,,0.7628,,,1.2245923121723938,,,543.6,543.6,,,0.6912,,,,27.5,,,,0.2689,0.5,985.0,,,,,1.08,31.0,,,,,0.6,2.14,,,,,,5.8,,,0.10795910639909129,2843.0701,2843.0701,0.05652214843215116,0.23399999999999999,2.95,0.08791919191919192,0.02798706896551724,,28.5,3.57,,,,,,,,0.2437,0.2778,,,,,,0.69,0.5152,,,0.6426771653543307,0.5963010204081634,2139.0601,0.017,0.012409090909090908,0.8583,,,,0.010276462172345254,0.75,2.0328,,16.22,,1.2183,14.3182,610.1492537313433,,,,2139.0601,0.9176190476190476,,,,0.09,,0.1073150610928389,,,,0.3590909090909091,,,,1.4001082803537433e-07,0.0042,0.0044,,,1.2352941176470589,,3.4333,,,3.3,,2.0,,0.31,,8.815509764599478,,,,0.00336,,22.75,,,,,,,,,,,,,,0.04579090909090909,672.45,672.45,28.5,22.9167,1830.96,,0.33,0.09797899315470586,,11.52,,1.0633333333333335,0.04873715753424657,4.9733,0.24,,0.85,,,,18.8978,,,0.33,,0.24488888888888885,,,0.2,1194.7194719471947,,,57.0,,,,,,,,,,,4.8,0.13008130081300814,2.1,0.07932692307692309,,,,0.046682352941176466,0.16108308601036272,0.6490909090909092,,,0.05801025641025643,,,1365.0,,,,17.0007,,2.425087108013938e-08,8.6957,0.4,0.29,,,0.10785140562248995,,3.861006810896012e-07,0.06427469135802469,,0.09138461538461538,,
2004-12-31,,,,,0.0029995500224988753,,18.5,,190.9722,,0.84,,,,0.28,3.2,2.042490118577075,,,,6.0833,1154.39,0.15,1154.39,,0.6563703703703704,,,0.07,,0.19928571428571432,,0.13036111111111112,0.012,0.11597007223942206,,3.85,1.44,0.11466666666666665,,26.5,,0.43400044491496675,,,31.4461,0.9343,,0.06740322580645161,0.95,0.6454,0.01790938791409945,,39.076,,0.14,,,,,,,0.0190909091,,0.54,3.400334864755891,,,,,,,,,0.75,0.021677975217456603,,,,,,4.5982404692082115,0.135,,,,,,0.2868040073966792,3.6,0.76,,,,,,,,,0.84,,,,0.4365,,0.15894919740144792,0.01851063829787234,,0.4714285714285715,,,,0.8277,,,1.1896039603960398,,,538.41,538.41,,,0.7168,,,,30.0,,,,0.2689,0.54,955.0,,,,,1.08,30.5,,,,,0.7,1.98,,,,,,5.9,,,0.09814464218099207,2815.1101,2815.1101,0.05652214843215116,0.168,3.05,0.08791919191919192,0.02798706896551724,,28.5,2.57,,,0.010982711648492446,,,0.2480213915564775,,0.3665,0.3938,,,,,,0.68,0.4167,,,0.7154330708661417,0.8944515306122449,3170.1299,0.0177,0.013177272727272727,1.5,,,,0.01541469325851788,0.7,2.0328,,15.04,,1.2088,14.0909,592.2388059701492,,,,3170.1299,0.8395238095238096,,,,0.13,,0.10617341150674488,,,,0.3351395454545455,,,,1.4744503129388977e-07,0.0044,0.0046,,,1.111764705882353,0.24655013809367943,3.4333,,,3.25,,1.8,,0.27,,8.815509764599478,,,,0.046,,22.5,,,,,,,,,,,,,,0.05574545454545455,683.55,683.55,28.5,22.7083,1822.83,,0.33,0.174921877527647,,12.17,,1.051111111111111,0.04944349315068493,4.9333,0.2,,0.82,,,,19.9911,,,0.35,,0.2384444444444444,,,0.165,1207.920792079208,,,59.0,,,,,,,,,,,4.928,0.20813008130081304,2.1,0.09122596153846155,,,,0.05835294117647059,0.1353639378238342,0.6045454545454545,,,0.05801025641025643,,,1360.0,,,,17.3915,,3.4921254355400705e-08,8.3478,0.325,0.27,,,0.08943775100401606,,3.5393849435483755e-07,0.06805555555555554,,0.09646153846153846,,
2005-01-31,,,,,0.005311453202339883,,18.25,,228.5879,,1.02,,,,0.72,3.8,2.0046662274923146,,,,7.5833,1158.49,0.2,1158.49,,0.7976212740740741,,,0.45,,0.30214285714285716,,0.31754629629629627,0.015,0.12396800825593395,,7.8,1.76,0.11599999999999999,,32.5,,1.1321750736912177,,,34.7228,1.02,,0.1155483870967742,1.0,0.9091,0.043494227791384385,,42.5231,0.32,0.25,,,,,,,0.0227272727,,0.71,3.428942113372537,,,,,,,,,0.95,0.030972095626779956,,,,,,4.5982404692082115,0.155,,,,,0.5447368421052632,0.30262712395903374,4.1,1.1,,,,,,,,,0.9284,,,,0.4922,,0.16174207235485047,0.023617021276595745,,0.3142857142857143,0.1729461518068358,,,0.9738,,,,,,603.74,603.74,,,0.9856,,,,41.5,,,,0.3,0.7,925.0,,,,,1.1199999999999999,30.5,,,,,1.38,4.05,,,,,,7.1,,,0.13740249905338886,3096.3799,3096.3799,0.06034121251540463,0.198,4.5,0.15515151515151515,0.032543103448275865,,27.0,3.09,,,0.026672299717767373,,,0.21082014284664707,,0.3802,0.4143,,,,,,1.08,0.4394,,,0.6669291338582678,0.8348214285714286,3937.1101,0.0203,0.01554090909090909,1.56,,,,0.02312203988777682,0.6,1.9639,,17.88,,1.3326,16.1364,561.1940298507462,,,0.07833333333333332,3937.1101,0.9176190476190476,,,,0.2,,0.10274846274846278,,,,0.35309409090909094,,0.24888000000000002,,1.6417198862554953e-07,0.0075,0.0085,,1.1574074074074076e-08,1.4823529411764704,0.3362047337641083,6.3333,,,4.0,,2.3077,,0.33,,11.70805723923831,,,,0.145,,28.0,,,,,,,,,,,,,,0.059727272727272726,817.51,817.51,31.0,26.875,2019.5601,,,0.28457496348376465,,13.04,,1.051111111111111,0.05509417808219178,5.0667,0.21,,0.87,,,,20.5378,,,0.33,,0.29,,,0.22,1141.914191419142,,,58.0,,,,,,,,,,,5.504,0.3252032520325204,2.2,0.19038461538461537,,,,0.05446274509803922,0.16920492227979275,0.6872727272727274,,,0.057181538461538485,,,1425.0,,,,20.3874,,7.760278745644601e-08,8.6087,0.35,0.28,,,0.22622489959839356,,3.861006810896012e-07,0.07561728395061729,,0.12184615384615384,,
2005-02-28,,,,,0.007498875056247188,,18.0,,231.4814,,0.95,,,,0.6,4.55,1.8911945542380324,,,,7.8333,1197.86,0.39,1197.86,,0.8225633481481482,,,0.5,,0.27642857142857147,,0.3810555555555555,0.013,0.15995872033023736,,6.8,1.96,0.10666666666666667,,37.5,,1.0818687612502045,,,33.9947,1.8857,,0.12196774193548389,1.0,0.9727,0.05116967975456987,,42.2358,0.48,0.25,,,,,,,0.0254545455,,0.95,3.7719980543825877,,,,,,,,,0.8,0.07642109194475794,,,,,,4.5982404692082115,0.36,,,,,0.7263157894736844,0.47655315393368847,3.3,0.82,,,,,,,,,1.0168,,,,0.5756,,0.15894919740144792,0.04021276595744681,,0.34571428571428575,,,,1.2172,,,1.2245923121723938,,,627.12,627.12,,,1.152,,,,57.5,,,,0.3233,0.78,935.0,,,,,1.1733333333333333,38.0,,,,,1.8,4.55,,,,,,8.2,,,0.1668458917076865,3192.3401,3192.3401,0.06721552786526085,0.22799999999999998,4.85,0.15515151515151515,0.03905172413793103,,29.5,3.23,,,0.01856601254864199,,,0.21328977263454943,,0.3665,0.3938,,,,,,1.34,1.1515,,,0.6426771653543307,0.7036352040816328,3674.49,0.019,0.014359090909090906,1.34,,,,0.04624407977555364,0.65,1.8605,,20.25,,1.4278,17.2727,585.0746268656717,,,0.09791666666666667,3674.49,1.3146031746031746,,,,0.25,,0.10845671067893295,,,,0.3878181818181819,,,,2.2922126713755974e-07,0.0075,0.008,,1.1574074074074076e-08,2.223529411764706,0.2839062196230248,7.3333,,,3.95,,2.3077,,0.41,,11.845791245936102,,,,0.24,,32.0,,,,,,,,,,,,,,0.07167272727272728,848.76,848.76,33.0,28.125,2079.99,,,0.28457496348376465,,12.39,,1.038888888888889,0.06568921232876712,5.3,0.3,,1.0,,,3.5637,21.3579,,0.029445258911889347,0.41,,0.3866666666666666,,,0.28,1148.5148514851485,,,56.5,,,,,,,,,,,5.504,0.3772357723577236,2.38,0.19435096153846151,,,,0.08169411764705882,0.1353639378238342,0.7890909090909091,,,0.05635282051282053,,,1380.0,,,,19.8664,,6.402229965156796e-08,8.6957,0.375,0.3,,,0.21044176706827308,,8.36564345716839e-07,0.08695987654320987,,0.19292307692307692,,0.2
2005-03-31,,,,,0.006248812584370782,,15.25,,219.9074,,0.93,,,,0.52,4.55,1.8155467720685112,,,,6.9167,1186.96,0.3,1186.96,,0.8723818592592592,,,0.37,,0.2828571428571429,,0.327574074074074,0.011,0.20394736842105263,,5.1,1.9,0.11333333333333334,,34.5,,1.0566967354451364,,,31.8102,1.6286,,0.10270967741935486,0.98,1.08,0.06396209969321233,,38.2142,0.5066,0.2,,,,,,,0.0218181818,,0.98,3.7577154339278738,,,,,,,,,0.7,0.06814857726407336,,,,,,4.5982404692082115,0.28,,,,,,0.3711458678166865,3.0,0.68,,,,,,,,,1.0521,,,,0.5339,,,0.03191489361702128,,0.34571428571428575,,,,1.2172,,,1.1896039603960398,,,575.22,575.22,,,0.96,,,,51.5,,,,0.3078,0.68,880.0,,,,,1.1066666666666667,35.0,,,,,1.62,3.8,,,,,,7.5,,,0.13740249905338886,3068.6399,3068.6399,0.05804977406545255,0.264,4.55,0.15515151515151515,0.031241379310344826,,28.5,3.33,,,,,,,,0.3256,0.346,,,,,,1.1,1.1061,,,0.6305511811023622,0.6917091836734693,3074.4199,0.0157,0.011227272727272726,1.28,,,,0.03082938651703576,0.58,1.7227,,18.83,,1.2659,16.5909,607.7611940298508,,1.089,0.13055555555555556,3074.4199,1.23,,,,0.2,,0.10503176192065083,4.23982869379015,,,0.37104863636363644,,,,2.0134300491812685e-07,0.006,0.006,,,1.6058823529411765,0.26042525409029343,6.6667,,58.8,3.55,,2.0385,,0.3,,12.3967,,,,0.195,,34.0,,,,,,,,,,,,,,0.07366363636363636,749.82,749.82,33.0,31.25,1954.6899,,,0.26588883442176464,,11.96,,1.038888888888889,0.06710188356164383,6.5667,0.25,,1.0,,,3.0777,18.8978,,,0.35,,0.36088888888888887,,,0.27,1138.6138613861388,,121.6,56.0,,,,,,,,,,,4.992,0.4552845528455285,2.0,0.20625,,,,0.0972549019607843,0.16920492227979275,0.6363636363636364,,,0.05801025641025643,,,1385.0,,,,19.6059,,5.238188153310106e-08,10.8696,0.375,0.29,,,0.17887550200803212,,6.435140051720385e-07,0.14259259259259258,,0.17769230769230768,,0.2
2005-04-30,,,,,0.005311453202339883,,13.5,,199.6528,,0.86,,,,0.36,4.4,1.8155467720685112,,,,6.5,1137.27,0.25,1137.27,,0.8058915407407408,,,0.31,,0.36,,0.25069444444444444,0.0085,0.1907894736842105,,4.8,1.78,0.11333333333333334,,31.5,,1.9091801669121258,,,31.082,1.44,,0.1155483870967742,0.85,1.0,0.0767545196318548,,36.4907,0.48,0.18,,,,,,,0.0209090909,,0.89,3.7148255648565134,,,,,,,,,0.65,0.050606859386959045,,,,,,4.5982404692082115,0.25,,,,,,0.3711458678166865,3.0,0.52,,,,,,,,,0.9991,,,,0.4643,,,0.02872340425531915,,0.3142857142857143,,,,0.9738,,,1.0671447291788003,,,545.08,545.08,,,0.8704,,,,43.0,,,,0.2922,0.61,810.0,,,,,0.9733333333333333,33.5,,,,,1.2,2.75,,,,,,7.3,,,0.11777357061719047,2906.45,2906.45,0.049647833082294944,0.27,3.75,0.12929292929292932,0.026034482758620688,,28.5,3.19,,,,,,,,0.3051,0.3119,,,,,,0.96,1.1515,,,0.6184251968503938,0.8109693877551021,2735.6399,0.0157,0.011227272727272726,1.08,,,,0.02312203988777682,0.59,1.7572,,17.41,,1.2278,15.0,585.0746268656717,,0.99,0.0913888888888889,2735.6399,0.9176190476190476,,,,0.18,,0.10389011233455683,3.918629550321199,,,0.3590909090909091,,0.7808,,1.920502508449825e-07,0.006,0.007,,,1.2352941176470589,0.272186394597597,5.6,,,3.25,,1.8154,,0.31,,8.2645,,,,0.165,,33.0,,,,,,,,,,,,,,,704.18,704.18,34.0,31.25,1854.63,,,0.21926826901352936,,10.87,,1.038888888888889,0.059332191780821913,6.3667,0.22,,0.96,,,2.6728,18.3511,,,0.29,,0.3351111111111111,,,0.21,1085.8085808580859,,133.3333,58.0,,,,,,,,,,,4.736,0.42276422764227645,2.1,0.20625,,,,0.07901960784313726,,0.5536363636363636,,,0.05801025641025643,,,1380.0,,,,18.8243,,4.850174216027876e-08,10.6522,0.325,0.28,,,0.16309236947791164,,6.113132083691657e-07,0.12962962962962962,,0.132,,
2005-05-31,,,,,0.0049995,,11.5,,217.0139,,0.87,,,,0.45,4.95,1.8155467720685112,,,,6.4167,1174.54,0.22,1174.54,,0.8308336148148148,,,0.29,,0.34,,0.25069444444444444,0.007,0.16447368421052633,,4.35,1.78,0.10666666666666667,,29.5,,1.6970702503681887,,,36.1791,1.44,,0.09629032258064517,0.8,1.02,0.0767545196318548,,36.7779,0.4534,0.17,,,,,,,0.0190909091,,0.93,4.029316264957137,,,,,,,,,0.55,0.045424079105084364,,,,,,4.5982404692082115,0.195,,,,,,0.3711458678166865,3.0,0.54,,,,,,,,,1.0521,,,,0.4643,,0.15894919740144792,0.022340425531914895,,,,,,1.0225,,,1.1896039603960398,,,555.49,555.49,,,0.9088,,,,46.0,,,,0.2844,0.55,820.0,,,,,0.8666666666666667,31.0,,,,,1.26,3.4,,,,,,7.5,,,0.11777357061719047,3052.1399,3052.1399,0.049647833082294944,0.20999999999999996,3.45,0.20202020202020202,0.026685344827586208,,30.0,3.0,,,0.01856601254864199,,,0.2157202019496279,,0.3051,0.3188,,,,,,1.0,0.9546,,,0.6426771653543307,0.7036352040816328,2623.54,0.0143,0.010813636363636362,1.15,,,,0.02312203988777682,0.55,1.7055,,16.46,,1.2754,14.3182,585.0746268656717,,,0.0913888888888889,2623.54,0.9176190476190476,,,,0.13,,0.09704021481799262,4.04710920770878,,,,,,,1.8275749677183818e-07,0.0055,0.0055,,,1.2352941176470589,0.272186394597597,5.7333,,51.0,3.3,,1.8923,,0.32,,9.5041,,,,0.15,,35.0,,,,,,,,,,,,,,,711.97,711.97,34.0,31.6667,1929.38,,,0.20524419649235287,,10.0,,1.038888888888889,0.05650684931506849,6.5667,0.18,,0.94,,,2.6728,20.2645,,,0.25,,0.3157777777777777,,,0.2,1118.8118811881188,,133.3333,59.0,,,,,,,,,,,4.864,0.4032520325203252,2.12,0.18749999999999997,,,,0.07901960784313726,0.36783678756476684,0.5090909090909091,,,0.057181538461538485,,,1480.0,,,,19.8664,,3.8801393728223005e-08,11.3043,0.355,0.27,,,0.14204819277108433,,5.791510216344019e-07,0.10370370370370369,,0.11676923076923078,,
2005-06-30,,,,,0.005311453202339883,,10.5,,182.2916,,0.85,,,,0.43,4.85,1.8155467720685112,,,,6.5,1173.99,0.19,1173.99,,0.7976212740740741,,,0.25,,0.53,,0.28412037037037036,0.0065,0.21052631578947367,,5.1,1.54,0.112,,29.0,,,,,35.0869,1.3543,,0.07061290322580646,0.72,1.0,0.0767545196318548,,36.7779,0.4534,0.16,,,,,,,0.0181818182,,0.88,3.972122771577454,,,,,,,,,0.6,0.046470602046616745,,,,,,4.5982404692082115,0.18,,,,,0.7263157894736844,0.36059712344178346,2.8,0.488,,,,,,,,,0.9637,,,,0.4365,,0.11266385949847697,0.025,,,0.17609062729423283,,,0.9413,,,1.1546156086196855,,,551.76,551.76,,,0.896,,,,45.5,,,,0.2767,0.5,800.0,,,,,0.8133333333333334,31.0,,,,,1.0,2.85,,,,,,7.6,,,0.10795910639909129,3035.8,3035.8,0.04506495618239079,0.24,3.9,0.16161616161616163,0.03189224137931034,,29.0,3.42,,,,,,0.2157202019496279,,0.3051,0.3119,,,,,,0.99,0.8182,,,0.6184251968503938,0.6678571428571429,2610.8401,0.0143,0.010045454545454545,1.21,,,,0.02312203988777682,0.6,1.6538,,16.22,,1.2373,13.4091,642.3880597014926,,0.9239999999999999,0.08486111111111111,2610.8401,0.9696825396825397,,,,0.11,,0.07991547102658215,4.04710920770878,,,,,,,1.6417198862554953e-07,0.0055,0.006,,,1.2352941176470589,0.272186394597597,4.7333,,51.0,2.95,,2.1154,,0.25,,8.6777,,,,0.135,,44.0,,,,,,,,,,,,,,0.07167272727272728,706.62,706.62,33.0,31.25,1924.23,,,0.20058213995152938,,9.57,,1.038888888888889,0.05297517123287671,6.1333,0.2,,0.95,,,2.0653,17.2577,,0.03047489618091442,0.24,,0.29,,,0.22,1257.4257425742576,,136.0,60.0,,,,,,,,,,,4.8,0.3772357723577236,1.8,0.25,,,,0.07901960784313726,0.4046204663212436,0.46454545454545454,,,0.05801025641025643,,,1620.0,,,,19.8664,,3.8801393728223005e-08,14.1304,0.3,0.26,,,0.1578313253012048,,4.826258513620017e-07,,,0.10153846153846155,,0.2
2005-07-31,,,,,0.005936859382030897,,13.0,,188.0787,,0.89,,,,0.52,5.1,,,,,6.8333,1201.3199,0.2,1201.3199,,0.8225633481481482,,,0.27,,0.75,,0.39442592592592585,0.0075,0.16447368421052633,,4.95,1.8,0.10666666666666667,,28.0,,1.5909834724267715,,,33.6306,1.2686,,0.08345161290322582,0.8,1.06,,,37.927,0.4266,0.21,,,,,,,0.0172727273,,0.91,4.029316264957137,,,,,,,,,0.75,0.045424079105084364,,,,,,4.5982404692082115,0.21,,,,,,0.365871495629235,2.5,0.55,,,,,,,,,1.0168,,,,0.4504,,,0.03,,0.3142857142857143,0.17609062729423283,,,0.8602,,,1.1546156086196855,,,564.45,564.45,,,0.9216,,,,45.0,,,,0.2767,0.41,840.0,,,,,0.96,30.5,,,,,0.98,3.1,,,,,,8.0,,,0.09814464218099207,3169.24,3169.24,0.04200970491578804,0.23399999999999999,3.1,0.14545454545454545,0.02993965517241379,,31.0,3.14,,,,,,0.2157202019496279,,0.3051,0.3119,,,,,,1.14,1.0758,,,0.6426771653543307,0.715561224489796,2634.75,0.0157,0.010813636363636362,1.15,,,,0.052024589747497844,0.55,1.7744,,15.75,,1.2564,13.1818,671.044776119403,,,0.06527777777777778,2634.75,0.9176190476190476,,,,0.1,,0.08562371895705233,4.304068522483941,,,,,1.22,,1.7346474269869388e-07,0.0065,0.007,,,1.111764705882353,0.32763177127488524,5.1333,,48.0,3.15,,2.7308,,0.27,,8.6777,,,,0.15,,46.0,,,,,,,,,,,,,,,722.0,722.0,33.5,30.2083,2000.25,,,0.18659597032905878,,11.09,,1.038888888888889,0.05368150684931507,6.1667,0.19,,1.0,,,2.3488,19.7178,,,0.23,,0.3028888888888888,,,0.2,1333.3333333333335,,116.8,70.0,,,,,,,,,,,4.736,0.4357723577235773,1.7,0.25,,,,0.07294117647058823,0.6069306994818654,0.5409090909090909,,,0.05801025641025643,,,1625.0,,,,20.1269,,4.65616724738676e-08,13.913,0.285,0.25,,,0.18939759036144577,,5.469888348996381e-07,0.09074074074074073,,0.10153846153846155,,
2005-08-31,,,,,0.0049995,,13.25,,170.7176,,0.91,,,,0.52,4.95,1.7398989898989898,,,,6.75,1174.65,0.225,1174.65,,0.8723818592592592,,,0.25,,0.71,,0.3108611111111111,0.008,0.1513157894736842,,6.8,1.7,0.09599999999999999,,28.0,,1.8243489281623302,,,35.0869,1.2086,,0.0898709677419355,0.75,1.02,,,39.6505,0.3734,0.26,,,,,,,0.0181818182,,0.92,4.143661244009284,,,,,,,,,0.75,0.059900979796282394,,,,,,4.5982404692082115,0.25,,,,,,0.3843237825221124,2.08,0.59,,,,,,,,,1.0698,,,,0.4365,,0.11712171759717725,0.029,,0.308,,,,0.9089,,,1.1546156086196855,,,579.75,579.75,,,0.8576,,,,42.0,,,,0.2767,0.4,720.0,,,,,0.9333333333333332,31.5,,,,,0.9,2.95,,,,,,8.1,,,0.09323741007194244,3044.22,3044.22,0.04048207928248665,0.156,2.9,0.16161616161616163,0.02993965517241379,,33.0,3.28,,,,,,0.18600624354915216,,0.3256,0.3256,,,,,,1.06,1.1667,,,0.6669291338582678,0.8467474489795919,2974.55,0.0163,0.011995454545454544,1.12,,,,0.11705532693187014,0.6,1.5504,,15.75,,1.2659,12.7273,659.1044776119403,,,0.06527777777777778,2974.55,0.9176190476190476,,,,0.11,,0.07877382144048813,3.9828693790149896,,,,,0.9881999999999997,,1.7346474269869388e-07,0.0075,0.008,,,1.2352941176470589,0.30074916440104854,6.0,,,3.25,,2.6539,,0.31,,8.0992,,,,0.135,,38.0,,,,,,,,,,,,,,,703.2,703.2,33.0,30.2083,1936.9,,,0.20058213995152938,,12.83,,1.038888888888889,0.04803082191780823,6.0,0.16,,1.1,,,2.2273,20.8112,,,0.26,,0.3415555555555555,,,0.18,1349.8349834983499,,109.8667,66.5,,,,,,,,,,,4.544,0.48780487804878053,,0.45,,,,0.07294117647058823,,0.44545454545454544,,,0.05801025641025643,,,1590.0,,,,20.6479,,6.790243902439026e-08,13.913,0.315,0.26,,,0.22622489959839356,,5.469888348996381e-07,0.11018518518518518,,0.10661538461538461,,
2005-09-30,,,,,0.004374093820308985,,14.0,,166.3773,,0.91,,,,0.5,4.85,1.7398989898989898,,,,6.6667,1182.49,0.205,1182.49,,0.8641115925925926,,,0.23,,0.7,,0.32423148148148145,0.007,0.23026315789473684,,5.8,1.76,0.10666666666666667,,27.5,,1.6970702503681887,,,34.3587,1.2086,,0.08345161290322582,,1.0,,,38.7887,0.4214,0.21,,,,,,,0.0163636364,,0.92,4.288755864746284,,,,,,,,,0.75,0.04956033644542665,,,,,,4.5982404692082115,0.22,,,,,,0.365871495629235,1.8,0.64,,,,,,,,,0.9637,,,,0.4574,,,0.029,,,0.17609062729423283,,,0.9089,,,1.1546156086196855,,,560.95,560.95,,,0.8064,,,,41.5,,,,0.2767,0.46,745.0,,,,,0.84,30.5,,,,,0.89,2.8,,,,,,9.0,,,0.11777357061719047,3088.29,3088.29,0.04048207928248665,0.15,2.7,0.1858585858585859,0.031241379310344826,,36.0,3.38,,,0.01856601254864199,,,,,0.2574,0.2846,,,,,,1.0,1.1212,,,0.7154330708661417,0.7513392857142858,2622.3501,0.0157,0.012409090909090908,1.15,,,,0.1755829903978052,0.7,1.4471,,15.51,,1.2564,12.5,697.3134328358209,,0.7062,,2622.3501,0.8915873015873016,,,,0.13,,0.08904866771533441,4.04710920770878,,,,,1.0248000000000002,,1.6417198862554953e-07,0.0075,0.008,,1.1574074074074076e-08,1.111764705882353,0.27554672045682654,5.2,,48.0,3.1,,3.4231,,0.31,,7.9339,,,,0.135,,32.0,,,,,,,,,,,,,,,699.87,699.87,34.0,30.2083,1942.0699,,,0.20990625303317642,,13.04,,1.038888888888889,0.04803082191780823,6.7333,0.16,,1.1,,,2.1058,21.0845,,0.044937157591818266,0.2,,0.2964444444444444,,,0.2,1353.1353135313532,,116.2667,65.5,,,,,,,,,,,4.608,0.42276422764227645,1.7,0.5,,,,0.09117647058823529,0.806217616580311,0.44545454545454544,,,0.05801025641025643,,,1685.0,,,,20.1269,,5.238188153310106e-08,14.7826,0.29,0.28,,,0.1946586345381526,,5.147880380967653e-07,0.0972222222222222,,0.14215384615384616,,
2005-10-31,,,,,0.004374093820308985,,13.5,,167.8241,,0.9,,,,0.46,4.95,1.7398989898989898,,,,7.4167,1191.02,0.215,1191.02,,0.880717762962963,,,0.2,,0.79,,0.30083333333333334,0.0065,,,5.5,1.72,0.104,,26.0,,1.6970702503681887,,,34.7228,1.2,,0.0738225806451613,0.72,1.0,,,38.7887,0.496,0.2,,,,,,,0.0154545455,,0.92,4.153659078327584,,,,,,,,,0.65,0.04749220777525551,,,,,,4.5325513196480935,0.215,,,,,,0.365871495629235,1.5,0.61,,,,,,,,,0.9991,,,,0.4643,,0.20635645943099934,0.024,,0.308,0.17609062729423283,,,0.8602,,,,,,551.19,551.19,,,0.832,,,,42.5,,,,0.2689,0.44,705.0,,,,,0.7466666666666667,28.5,,,,,0.78,3.55,,,,,,9.4,,,0.10795910639909129,3081.05,3081.05,0.04277351773243872,0.174,2.65,0.16161616161616163,0.029288793103448275,,36.5,3.8,,,0.02118094389352115,,,0.18600624354915216,,0.2335,0.2471,,,,,,0.97,1.0909,,,0.7396850393700787,0.7751913265306123,2443.01,0.015,0.011995454545454544,1.11,,,,0.1755829903978052,1.3,1.4298,,14.8,,1.285,12.0455,674.6268656716418,,0.6930000000000001,,2443.01,0.8395238095238096,,,,0.1,,0.08448206937095828,4.1113490364025695,,,0.3590909090909091,,1.0248000000000002,,1.548792345524052e-07,0.0075,0.0085,,,1.1735294117647057,,5.0,,,3.4,,3.0,,0.3,,7.7686,,,,0.12,,30.0,,,,,,,,,,,,,,,767.22,767.22,33.0,30.2083,1960.22,,,0.23791649517682348,,12.61,,1.038888888888889,0.05014982876712328,7.2667,0.13,,1.22,,,2.0653,21.0845,,,0.25,,0.3157777777777777,,,0.21,1326.7326732673268,,121.0667,65.0,,,,,,,,,,,5.056,0.42276422764227645,1.74,0.35,,,,0.07294117647058823,0.9473056994818653,0.4772727272727273,,,0.05801025641025643,,,1675.0,,,,20.3874,,4.65616724738676e-08,13.6957,0.285,0.3,,,0.17887550200803212,,5.147880380967653e-07,0.08425925925925924,,0.11676923076923078,,
2005-11-30,,,,,0.004686796910154493,,14.0,,202.5463,,0.89,,,,0.46,4.85,1.7398989898989898,,,,7.9167,1271.35,0.195,1271.35,,0.8723818592592592,,,0.25,,0.9,,0.33091666666666664,0.007,0.17763157894736842,,6.3,1.86,0.104,,31.0,,1.6970702503681887,,,36.9073,1.3714,,0.10270967741935486,0.75,1.04,0.07249037965230731,,42.5231,0.528,0.2,,,,,,,0.0163636364,,1.1,4.153659078327584,,,,,,,,,0.7,0.04749220777525551,,,,,,4.4668621700879765,0.215,,,,,,0.3711458678166865,1.52,0.68,,,,,,,,,1.1494,,,,0.5061,,0.2203029311534391,0.031,,,0.17609062729423283,,,0.99,,,1.2245923121723938,,,618.02,618.02,,,0.896,,,,51.5,,,,0.2767,0.44,770.0,,,,,0.7866666666666666,26.0,,,,,1.0,3.7,,,,,,9.5,,,0.09814464218099207,3283.05,3283.05,0.04277351773243872,0.15,3.4,0.15353535353535355,0.032543103448275865,,39.5,3.52,,,,,,0.18600624354915216,,0.2403,0.2642,,,,,,1.1,1.0909,,,0.7275590551181103,0.8109693877551021,2883.6599,0.0177,0.014359090909090906,1.06,,,,0.2633744855967078,1.825,1.3782,,17.17,,1.3726,14.0909,745.0746268656717,,0.825,,2883.6599,0.8785714285714286,,,,0.11,,0.11302330902330907,4.23982869379015,,,,,1.0248000000000002,,1.6417198862554953e-07,0.0075,0.008,,,1.1735294117647057,0.2671459058087526,6.3,,,4.25,,3.0385,,0.33,,7.7686,,,,0.145,,30.0,,,,,,,,,,,,,,,814.68,814.68,34.5,30.2083,2099.74,,,0.31720935926952937,,12.61,,1.038888888888889,0.05297517123287671,7.3333,0.15,,1.32,,,2.2678,22.4512,,,0.22,,0.3222222222222222,,,0.205,1422.4422442244224,,129.0667,65.0,,,,,,,,,,,5.248,0.42276422764227645,1.6,0.38,,,,0.09117647058823529,,0.4709090909090909,,,0.05801025641025643,,,1735.0,,,,20.6479,,5.4321951219512204e-08,15.2174,0.29,0.3,,,0.21044176706827308,,5.469888348996381e-07,0.08425925925925924,,0.15738461538461537,,
2005-12-31,,,,,0.004374093820308985,,12.75,,179.3981,,0.9,,,,0.43,4.8,1.8911945542380324,,,,8.25,1273.14,0.2,1273.14,,0.8641115925925926,,,0.21,,0.85,,0.3108611111111111,0.0065,0.17763157894736842,,5.8,1.72,0.144,,32.0,,1.4848966944853543,,,36.9073,1.3029,,0.0898709677419355,0.77,1.02,,,40.225,0.5174,0.19,,,,,,,0.0163636364,,1.1,4.192264161262528,,,,,,,,,0.7,0.04338086764780684,,,,,,4.992375366568915,0.2,,,,,0.9684210526315792,0.355322751254332,1.5,0.63,,,,,,,,,1.2113,,,,0.4922,,0.2035695521591211,0.024,,0.4714285714285715,,,,0.9738,,,1.294569015725102,,,613.58,613.58,,,0.8832,,,,49.0,,,,0.2689,0.48,735.0,,,,,0.7333333333333334,23.75,,,,,0.92,4.4,,,,,,9.3,,,0.10795910639909129,3292.1799,3292.1799,0.04200970491578804,0.132,2.9,0.1373737373737374,0.029288793103448275,,40.5,3.28,,,0.02091945075903323,,,0.18600624354915216,,0.2335,0.2574,,,,,,1.08,1.1212,,,0.8245669291338583,0.7751913265306123,2771.77,0.017,0.014004545454545452,0.9225,,,,0.2633744855967078,1.95,1.3092,,17.64,,1.304,12.9545,754.6268656716418,,0.825,,2771.77,0.8785714285714286,,,,0.1,,0.08562371895705233,3.9828693790149896,,,,,,,1.6417198862554953e-07,0.0065,0.0075,,,1.111764705882353,0.263785579949523,6.4,,,4.5,,2.8846,,0.32,,7.438,,,,0.125,,31.5,,,,,,,,,,,,,,,839.86,839.86,35.0,31.25,2096.04,,,0.3032231896470588,,11.74,,1.0266666666666666,0.05014982876712328,7.1333,0.11,,1.32,,,2.3488,22.9979,,,0.22,,0.3157777777777777,,,0.19,1405.940594059406,,128.0,65.0,,,,,,,,,,,5.056,0.3902439024390244,1.68,0.39,,,,,1.158937823834197,0.4327272727272728,,,0.05801025641025643,,,1835.0,,,,21.6899,,4.850174216027876e-08,16.9565,0.3,0.29,,,0.1736144578313253,,4.826258513620017e-07,0.07777777777777777,,0.1523076923076923,,
2006-01-31,,,,,0.005311453202339883,,12.25,,195.3125,,0.9,,,,0.54,4.8,1.8911945542380324,,,,8.9583,1308.87,0.27,1308.87,,0.9139301037037038,,,0.22,,0.88,,0.361,0.007,0.21710526315789475,,5.8,2.0,0.194,,29.0,,1.4848966944853543,,,39.0918,1.3543,,0.12838709677419358,0.72,1.02,0.07334320764821682,,42.8103,0.5066,0.22,,,,,,,0.0172727273,,1.52,4.153659078327584,,,,,,,,,0.75,0.0516284651155978,,,,,,4.992375366568915,0.22,,,,,,0.4106635804065587,1.56,0.63,,,,,,,,,1.6179,,,,0.5409,,0.21472314892815833,0.026,,,,,,1.0063,,,,,,634.41,634.41,,,0.9856,,,,49.0,,,,0.2767,0.48,750.0,,,,,0.7733333333333333,23.5,,,,1048.88,1.24,4.45,1048.88,,,,,12.0,,,0.10795910639909129,3256.3,3256.3,0.04582876899904148,0.15,3.15,0.1858585858585859,0.029288793103448275,,38.0,4.23,,,,,,0.18600624354915216,,0.2403,0.2778,,,,,,1.08,1.2576,,,0.8488188976377953,0.7751913265306123,2940.6499,0.0163,0.012409090909090908,0.8583,,,,0.3950617283950617,1.85,1.3437,,16.22,,1.4526,12.7273,742.6865671641791,,,0.06527777777777778,2940.6499,0.9176190476190476,,,,0.15,,0.0810571206126762,4.04710920770878,,,,,0.9759999999999999,,1.7346474269869388e-07,0.008,0.0095,,,1.3588235294117648,0.3578747040079516,7.9,,39.0,4.8,,3.4231,,0.3,,7.2727,,,,0.135,,31.5,,,,,,,,,,,,,,,887.5,887.5,35.0,30.2083,2145.3899,,,0.3265334723511764,,12.17,,1.038888888888889,0.05085616438356164,7.3333,0.15,,1.78,,,2.1463,25.1847,,,0.21,,0.3351111111111111,,,0.21,1399.3399339933994,,128.0,63.0,,,,,,,,,,,4.992,0.5983739837398375,1.72,0.45,,,,0.08509803921568627,0.8566062176165804,0.4581818181818182,,,0.05801025641025643,,,1855.0,,,,22.9925,,4.850174216027876e-08,19.0,0.325,0.29,,,0.1999196787148594,,1.2226650268064403e-06,0.07777777777777777,,0.14215384615384616,,
2006-02-28,,,,,0.005311453202339883,,11.25,,188.0787,,0.88,,,,0.5,4.85,1.966842336407554,,,,9.375,1300.04,0.24,1300.04,,0.9638142518518518,,,0.22,,0.89,,0.33425925925925926,0.0065,0.21052631578947367,,6.6,1.96,0.162,,35.0,,1.400065455735559,,,36.9073,1.2771,,0.10270967741935486,0.84,1.02,0.0716375516563978,,42.8103,0.5066,0.24,,,,,,,0.0218181818,,1.72,4.32733994382762,,,,,,,,,0.65,0.045424079105084364,,,,,,4.992375366568915,0.22,,,,,,2.3973,1.44,0.62,,,,,,,,,1.671,,,,0.513,,0.2203029311534391,0.023,,0.4085714285714286,,,,1.4769,,,1.259580663948748,9.74311111111111,,653.9,653.9,,,0.976,,,,41.5,,,,0.2767,0.43,880.0,,,,,0.8533333333333334,19.75,,,,1012.79,1.1,4.2,1012.79,,,,,11.5,,,0.12758803483528972,3087.6699,3087.6699,0.047356394632342876,0.132,3.15,0.16161616161616163,0.029288793103448275,,36.0,4.42,,,0.028764244793670693,,,,,0.2301,0.2642,,,,,,0.96,1.303,,,0.7881889763779528,0.715561224489796,2899.8701,0.0157,0.012409090909090908,0.8717,,,,0.5925925925925926,1.775,1.2231,,19.07,,1.4069,11.3636,778.5074626865671,,0.825,0.07833333333333332,2899.8701,0.9306349206349206,,,,0.3,,0.08562371895705233,4.04710920770878,,,0.3351395454545455,,,,1.7346474269869388e-07,0.007,0.008,,1.1574074074074076e-08,1.3588235294117648,0.3427532376414184,7.8,,39.0,4.55,,2.9615,,0.29,,7.1075,,,,0.135,,31.0,,,,,,,,,,,,,,0.07167272727272728,905.06,905.06,35.0,31.0417,2122.96,,,0.3871781102805882,,11.3,,0.9166666666666667,0.05226883561643835,7.6667,0.21,,1.7,,,2.2273,24.638,,,0.19,,0.2964444444444444,,,0.21,1462.046204620462,,120.0,62.0,,,,,,,,,,,5.12,0.4813008130081301,1.78,0.37,,,,0.21274509803921565,1.2093264248704663,0.4327272727272728,,,0.05883897435897437,,,1785.0,,,,22.4715,,5.0441811846689904e-08,18.25,0.405,0.28,,,0.1578313253012048,,9.008887191863667e-07,0.08425925925925924,,0.2030769230769231,,
2006-03-31,,,,,0.004374093820308985,,12.25,,205.4398,,0.88,,,,0.54,5.1,1.966842336407554,,,,9.375,1352.53,0.245,1352.53,,1.0593161407407405,,,0.22,,0.87,,0.42116666666666663,0.0065,0.21710526315789475,,6.8,2.55,0.16,,39.0,,1.612175372279496,,,36.9073,1.4057,,0.12196774193548389,0.89,1.02,,,44.8211,0.5014,0.26,,,,,,,0.0263636364,,1.92,4.443134188778848,,,,,,,,,0.65,0.044402473376445595,,,,,,4.992375366568915,0.21,,,,,,2.3151,1.2,0.69,,,,,,,,,1.8124,,,,0.6452,,0.2375799611268269,0.029,,0.34571428571428575,,,,2.3533,,,1.259580663948748,9.74311111111111,,700.74,700.74,,,1.024,,,,46.5,,,,0.2767,0.56,880.0,,,,,0.7466666666666667,18.5,,,,1091.4301,1.24,4.0,1091.4301,,,,,11.25,,,0.10795910639909129,3058.6599,3058.6599,0.051939271532247026,0.162,3.15,0.19393939393939397,0.03059051724137931,,36.0,5.61,,,0.026149313448791536,,,0.1884758733370545,,0.2437,0.271,,,,,,1.0,1.3485,,,0.7639370078740157,0.6917091836734693,3566.49,0.0183,0.014004545454545452,1.28,,,,0.5925925925925926,2.05,1.1714,,20.96,,1.4869,12.0455,766.5671641791045,,,0.1175,3566.49,0.9176190476190476,,,,0.29,,0.08334041978486426,4.23982869379015,,,0.35190909090909095,,1.464,,1.6417198862554953e-07,0.008,0.0085,,1.1574074074074076e-08,1.2352941176470589,0.29066818682335976,9.0,,33.0,4.4,,2.8846,,0.3,,7.6033,,,,0.14,,34.0,,,,,,,,,,,,,,,913.43,913.43,40.0,35.4167,2195.95,,,0.6297566619982351,,11.52,,0.9166666666666667,0.05226883561643835,8.6,0.28,,2.55,,,2.1058,27.9181,,0.0645653577145548,0.19,,0.3286666666666666,,,0.225,1442.2442244224424,,122.1333,60.5,,,,,,,,,,,5.056,0.46178861788617886,1.8,0.46,,,,0.26745098039215687,0.9069948186528498,0.4327272727272728,,,,,,1925.0,,,,24.0345,,6.014216027874566e-08,17.75,0.485,0.29,,,0.16835341365461845,,8.043635489139662e-07,0.08425925925925924,,0.22338461538461538,,
2006-04-30,1.6,,,,0.004686796910154493,,13.5,13.75,208.3333,,0.9,,,,0.51,5.5,3.4797979797979797,,,,9.7917,1408.43,0.225,1408.43,,1.7722,,,0.21,,0.94,,0.9359259259259258,0.0085,0.23684210526315788,,7.4,2.95,0.15,,39.0,,2.5455735558828345,0.455762670753938,,37.9995,1.22,,0.1476451612903226,0.78,,0.0759016916359453,,43.9593,0.62,0.28,,0.21750041594938488,,0.0003844680449262897,0.8207819092787402,,0.0272727273,3.413793103448276,2.04,4.829079998860258,,,,,,,,,0.8,0.045424079105084364,,,0.3593466424682396,0.96,,5.320821114369502,0.205,,,,,,2.3151,1.9,0.82,,,,,,,,,1.48,,,,0.66,,0.23109991938720958,0.026,,0.3142857142857143,0.18237957826902684,,,3.3,,660.0,1.294569015725102,9.819936507936509,,714.42,714.42,0.1356249046892871,0.037019905572495466,1.12,,0.6079999999999999,,44.5,,,,,0.56,900.0,,,,,0.84,20.75,,,,1133.54,1.42,5.0,1133.54,,,,,12.25,,,0.12758803483528972,3110.31,3110.31,0.10235091743119265,0.156,3.25,0.22222222222222227,0.03059051724137931,3.0,35.5,6.38,,0.07136127744510978,0.026149313448791536,,,,,0.4,0.45,0.03384134987111842,,,,,0.95,1.74,,,0.7881889763779528,0.8109693877551021,5094.96,0.025,0.017136363636363634,1.29,,0.36,,,2.075,1.3,,26.54,0.03378260869565219,1.4411,13.0,1600.0,,,0.0913888888888889,5094.96,0.9176190476190476,,,,0.27,,0.07991547102658215,4.17558886509636,,,,,,,2.238708935802948e-07,0.011,0.012,,9.259259259259259e-07,1.3588235294117648,,9.8,,36.0,4.2,0.07,8.1,,0.3,0.07826086956521738,,,,,0.145,3.7800000000000002,33.5,2.9,,,,,,,3.0,,,,,0.18648018648018647,,934.89,934.89,40.0,43.75,2270.53,13.722222222222221,,1.516115948235294,,13.5,,0.928888888888889,0.103125,9.9,0.32,,3.45,,,2.2273,30.9249,1134.57,,0.19,,0.35444444444444445,,,,1438.943894389439,,122.6667,64.0,,,,,,,,,,,4.992,0.5528455284552846,1.8,0.66,,,,0.322156862745098,,,1134.57,,0.057181538461538485,,,2045.0,,,,23.0303,0.043875,3.395121951219513e-06,22.75,0.61,0.26,,,0.23148594377510037,,8.365380908705248e-07,0.07777777777777777,,0.2741538461538462,,
2006-05-31,,,,,0.004374093820308985,,14.25,,235.8217,,0.88,,,,0.52,5.8,3.5467171717171717,,,,11.0417,1434.77,0.18,1434.77,,2.2468,,,0.23,,0.9,,1.0027777777777778,0.0085,0.29605263157894735,,7.0,2.8,0.17,,36.0,,2.28038843069874,,,38.7277,1.4229,,0.12196774193548389,0.7,1.0,0.07249037965230731,,45.1084,0.48,0.28,,,,,,,0.0254545455,,2.16,5.253630891876613,,,,,,,,,0.8,0.04338086764780684,,,,,,5.320821114369502,0.19,,,,,,2.3151,1.82,0.77,,,,,,,,,1.7063,,,,0.6174,,0.24621385411513302,0.039,,0.3142857142857143,,,,2.6373,,,,9.97352380952381,,747.74,747.74,,,1.12,,,,47.0,,,,0.3,0.55,900.0,,,,,0.9333333333333332,23.5,,,,1197.5601,1.32,4.65,1197.5601,,,,,13.75,,,0.12758803483528972,3046.8101,3046.8101,0.1354644495412844,0.174,3.05,0.2828282828282828,0.02798706896551724,,35.5,6.19,,,0.034865751265055395,,,0.1934151329128592,,0.2846,0.3188,,,,,,1.1,1.1515,,,0.8003149606299212,0.8109693877551021,4483.25,0.0203,0.012409090909090908,1.32,,,,0.8888888888888888,1.85,1.1198,,19.54,,1.5097,12.9545,1900.0,,0.825,0.07833333333333332,4483.25,0.8915873015873016,,,,0.23,,0.07763217185439411,4.432548179871521,,,,,1.464,,2.649138907366822e-05,0.011,0.011,,9.259259259259259e-07,1.2352941176470589,0.5594942555617272,12.0,,36.0,4.25,,13.0769,,0.27,,7.8513,,,,0.135,,34.0,,,,,,,,,,,,,,0.219,1008.74,1008.74,39.5,43.75,2296.1101,,,1.4430944658823528,,13.04,,0.9411111111111112,0.09487499999999999,10.6667,0.29,,2.85,,,2.2678,31.1983,,,0.25,,0.3286666666666666,,,0.205,1405.940594059406,,120.0,64.0,,,,,,,,,,,5.248,0.5983739837398375,1.8,0.84,,,,0.31,0.8566062176165804,0.37545454545454543,,,0.062153846153846164,,,1975.0,,,,29.5053,,2.680359435173299e-06,18.75,0.62,0.2,,,0.2893574297188755,,8.043635489139663e-05,0.07129629629629629,,0.28938461538461535,,0.15
2006-06-30,,,,,0.004374093820308985,,14.75,,214.1203,,0.88,,,,0.54,5.2,3.5467171717171717,,,,9.5833,1369.89,0.195,1369.89,,1.86,,,0.2,,1.04,,,0.008,0.24342105263157895,,7.9,2.6,0.16,,34.0,,,,,34.7228,1.3371,,0.11875806451612904,0.78,1.0,0.059697959713664844,,43.3848,0.4534,0.26,,,,,,,0.0236363636,,1.96,5.157160192246468,,,,,,,,,0.75,0.04956033644542665,,,,,,5.386510263929619,0.165,,,,,,2.3151,1.8,0.75,,,,,,,,,1.7594,,,,0.5965,,,0.035,,0.34571428571428575,0.18866852924382088,,,2.2316,,,1.36454571927781,9.435936507936507,,709.84,709.84,,,1.056,,,,45.0,,,,0.2767,0.43,930.0,,,,,0.7999999999999999,23.0,,,,1091.4,1.16,4.6,1091.4,,,,,13.5,,,0.10795910639909129,3020.1299,3020.1299,0.16105217889908255,0.15,3.1,0.22222222222222227,0.02798706896551724,,31.0,5.71,,,0.041403079627253266,,,0.21082014284664707,,0.2846,0.3188,,,,,,1.02,1.0758,,,0.8003149606299212,,4710.4102,0.0197,0.012409090909090908,1.26,,,,1.3333333333333333,2.35,1.0164,,18.59,,1.464,13.1818,1690.0,,0.66,,4710.4102,0.8655555555555556,,,,0.2,,0.07078227433782991,4.817987152034261,,,,,,,2.537203460576675e-05,0.0095,0.01,,9.259259259259259e-07,1.111764705882353,0.5225306711102017,12.0,,32.4,3.9,,13.6538,,0.26,,8.0992,,,,0.125,,34.0,,,,,,,,,,,,,,0.22204166666666666,913.29,913.29,39.0,43.75,2178.79,,,1.5526860564705882,,15.65,,0.9411111111111112,,10.1667,0.26,,2.6,,,2.3083,28.7382,,0.13988996474430426,,,0.3415555555555555,,,0.205,1392.7392739273928,,114.1333,65.5,,,,,,,,,,,4.992,0.5528455284552846,1.76,0.75,,,,0.25,1.2597150259067358,0.3563636363636364,,,0.08452923076923079,,,1830.0,,,,28.4633,,3.305776636713736e-06,18.0,0.63,0.21,,,0.2893574297188755,,8.311649423637796e-05,0.06481481481481481,,0.2843076923076923,,
2006-07-31,,,,,0.004686796910154493,,16.5,,245.949,,0.89,,,,0.56,5.3,3.0782828282828283,,,,11.4583,1471.4399,0.2,1471.4399,,1.84,,,0.23,,0.97,,1.4206018518518517,0.0085,0.21710526315789475,,7.9,2.8,0.152,,39.0,,,,,36.5432,1.3543,,0.12196774193548389,0.75,1.02,0.059697959713664844,,46.1425,0.48,0.27,,,,,,,0.0372727273,,2.14,5.195744271327804,,,,,,,,0.18,0.75,0.057832851126111244,,,,,,5.386510263929619,0.28,,,,,,2.4795,1.76,0.87,,,,,,,,,1.9716,,,,0.592,,0.19006581770081657,0.039,,0.4714285714285715,,,,2.3939,,,1.36454571927781,9.74311111111111,,736.27,736.27,,,1.152,,,,46.0,,,,0.5022,0.41,980.0,,,,,0.84,23.25,,,,1195.38,1.3,5.1,1195.38,,,,,14.5,,,0.11777357061719047,3188.3401,3188.3401,0.14901089449541283,,3.05,0.2828282828282828,0.026034482758620688,,33.5,6.0,0.16845756392045455,,0.04358218908131924,,,0.31619101379714676,,0.2846,0.3051,,,,,,1.12,1.0909,,,0.7396850393700787,0.7751913265306123,4767.6299,0.0243,0.01554090909090909,1.55,,,,3.0,2.325,1.1025,,20.96,,1.464,14.3182,1640.0,,0.66,0.06527777777777778,4767.6299,0.9176190476190476,,,,0.26,,0.07420722309611201,5.524625267665953,,,0.35190909090909095,,,,2.873009800947117e-05,0.011,0.012,,9.259259259259259e-07,1.3588235294117648,1.4550210970464135,11.0,,33.0,4.45,,12.6923,,0.22,,8.6777,,,,0.13,,35.0,,,,,,,,,,,,,,0.22204166666666666,1026.15,1026.15,42.5,44.7917,2390.8401,,,1.516115948235294,,16.3,,0.9166666666666667,,11.0,0.37,,3.7,,,2.1868,30.9249,,,,,0.3737777777777777,,,0.215,1313.5313531353136,,121.0667,66.0,,,,,,,,,,,5.248,0.5983739837398375,1.76,0.8,,,,0.26,1.0077720207253886,0.38181818181818183,,,0.0857723076923077,,,2070.0,,,,28.7238,,5.003337612323492e-06,19.0,0.67,0.2,,,0.3156626506024096,,8.847999038053629e-05,0.07129629629629629,,0.2589230769230769,,
2006-08-31,1.22,,,,0.0049995,,16.25,17.5,254.6296,,0.89,,,,0.49,4.95,3.1452020202020203,,,,11.25,1445.8101,0.185,1445.8101,,1.82,,,0.26,,1.02,,1.805,0.011,0.23684210526315788,,8.8,3.05,0.15,,38.5,,,,,39.0918,1.3029,,0.1315967741935484,0.6,1.02,0.0767545196318548,,45.4531,0.448,0.26,,,,0.001296758138709719,0.7302544928141732,,0.0309090909,3.2241379310344827,2.32,5.176441729860331,,,,,,,,0.226,0.8,0.059900979796282394,,,,,,5.386510263929619,0.26,,,,,0.8473684210526317,2.5616,2.18,0.81,,,,,,,,0.1395109232529396,1.9892,,,,0.592,,0.19006581770081657,0.075,,,,,,2.2722,,1000.0,1.3995340710541644,9.97352380952381,,735.18,735.18,,,1.088,,0.5509999999999999,,42.0,,,,0.72,0.45,985.0,,,,,0.7733333333333333,23.0,,,,1188.28,1.18,4.95,1188.28,,,,,14.75,,,0.1864748201438849,3100.6399,3100.6399,0.32187499999999997,0.8519999999999999,2.85,0.2828282828282828,0.035797413793103444,,32.0,5.71,0.16197842684659092,0.08563353293413174,0.056656845805715,,,,,0.2539,0.277,,,,,,1.08,1.2727,,,0.7760629921259843,0.7871173469387753,4293.7202,0.018,0.012409090909090908,1.43,,0.3,0.38,3.0,2.35,0.9475,,20.73,0.03056521739130436,1.5783,15.4545,1650.0,,,0.15666666666666665,4293.7202,0.8395238095238096,,,,0.29,,0.07534887268220604,5.717344753747324,,,0.37823045454545456,,,,0.003431650595575724,0.011,0.012,,0.0001,1.6058823529411765,1.4550210970464135,10.25,,33.0,4.0,0.08,12.0,,0.37,0.11413043478260868,6.8595,,,,0.135,,34.5,3.1,,,,,,,3.0,,,,,0.13364413364413366,0.73,1018.11,1018.11,41.5,46.4583,2312.23,14.263888888888888,,2.4308,,15.0,,0.9166666666666667,0.22549999999999998,12.1667,0.41,,3.85,,,1.7211,31.4716,1149.62,0.14203984224266575,0.22,,0.3737777777777777,,,0.27,1353.1353135313532,,118.4,65.5,,,,,,,,,,,5.056,0.559349593495935,1.7,1.12,,,0.2657632077973663,,,0.42000000000000004,1149.62,,0.07955692307692308,,,1910.0,3.163083900226757,,,28.2027,0.091,0.00025463414634146336,18.0,0.7,0.21,,,0.3209236947791164,0.11865805714285715,0.006703029574283053,0.09074074074074073,,0.2386153846153846,,
2006-09-30,1.14,,0.0008463367504166538,,0.004374093820308985,,16.5,16.5,274.8842,,0.91,,,,0.51,5.2,5.487373737373737,,,,11.875,1552.59,0.19,1552.59,,2.04,,,0.24,,0.93,,2.0055555555555555,0.011,0.2236842105263158,,8.2,3.6,0.142,0.04531427218934911,41.0,,2.121290083456063,0.3728967306168584,,41.2762,1.02,,0.12517741935483873,0.64,,0.0750488636400358,,49.2449,0.68,0.3,,,,0.0014988503161709734,0.7302544928141732,,0.0290909091,3.3,2.8,13.614568195214273,,,,,,,,0.38,0.8,0.053696593785768944,,,0.49509981851179674,1.3,,5.386510263929619,0.26,,,,,,2.5616,2.0,0.75,,,,,,,,0.143496949631595,1.82,,,,0.54,,0.2033679290607444,0.0575,,0.3268571428571429,,,,2.65,,850.0,1.8543826441467675,10.357460317460317,,761.31,761.31,,,1.312,,0.5509999999999999,,50.0,,,,,0.7,1080.0,,,,,0.7999999999999999,22.75,,,,1277.62,1.32,4.9,1277.62,,,,,16.75,,,0.1668458917076865,3254.25,3254.25,0.6187499999999999,1.22,2.8,0.24242424242424243,0.029288793103448275,,35.5,5.71,0.16197842684659092,0.09175021385799831,0.04358218908131924,,,,,0.245,0.27,,,,,,1.28,2.0,,,0.8488188976377953,0.7632653061224491,4279.01,0.022,0.015954545454545454,1.32,,0.55,0.5,,2.65,1.0,,27.91,0.03700000000000001,1.7154,19.25,1610.0,,,0.13055555555555556,4279.01,0.8655555555555556,,,,0.29,,0.06964062475173588,5.781584582441114,,,,,,,0.003774815655133296,0.01,0.011,,0.0088,1.3588235294117648,,10.75,,27.599999999999998,4.15,0.145,10.0,,0.32,0.10108695652173913,,,,,0.13,4.0200000000000005,33.0,5.7,,,,,,,2.8,,,,,0.12898212898212896,,1091.88,1091.88,43.0,47.9167,2556.71,14.98611111111111,,3.7,,18.25,,0.8555555555555555,0.4895,13.0,0.41,,3.6,,,1.6603,32.2917,1303.03,,0.24,,0.38022222222222213,,,,1376.2376237623764,,133.3333,65.0,,,,,,,,,,,5.376,0.6373983739837399,1.7,1.44,,,0.2657632077973663,,,0.37545454545454543,1303.03,,0.0857723076923077,,,2270.0,,,,27.2727,0.06824999999999999,0.009878048780487805,18.0,0.7,0.22,,,0.31040160642570275,0.10911085714285715,0.006934168525120398,0.07453703703703703,,0.22846153846153847,,0.3
2006-10-31,1.14,,0.0014810893132291435,,0.416625,,21.0,21.25,283.5648,,0.91,,,,0.61,5.7,5.487373737373737,,,,12.7083,1664.01,0.195,1664.01,,2.7,,,0.245,,0.9,,2.206111111111111,0.01,0.23026315789473684,,8.0,4.2,0.152,,47.0,,1.9303720667648505,,,43.4607,1.12,,0.1155483870967742,0.76,,0.08528279959094978,2.190144942392461,51.6578,1.1734,0.29,,,,0.0015830553901131628,0.7242193317165354,,0.0381818182,3.451724137931034,3.0,13.48587781533054,,,,,,,,0.44,0.8,0.0516284651155978,,,0.7985480943738658,2.1,,5.386510263929619,0.27,,,,,1.8157894736842106,2.8904,1.94,0.98,,,,,,,,0.11958079135966251,2.7,,,,0.56,,0.21261192583623276,0.06,,0.35200000000000004,,,,2.65,,800.0,1.644452533488643,11.125396825396827,,787.65,787.65,0.1066712733511247,,1.376,,1.007,,52.5,,,,,0.78,1120.0,,,,7.828088119590874,0.84,22.0,,,,1414.6,1.8,6.0,1414.6,,,,,19.75,,,0.19628928436198415,3487.12,3487.12,0.5874999999999999,1.58,2.9,0.2828282828282828,0.032543103448275865,,39.5,7.61,,0.13252808668377533,0.07408972143824268,0.5301374381528312,,0.36425079347918277,,0.24,0.27,,,,,,1.44,2.24,,,0.6426771653543307,1.1448979591836737,4283.98,0.02,0.01359090909090909,1.35,,0.41,0.54,,3.1,1.0,,31.99,0.037804347826086965,1.9554,27.0,1580.0,,,0.22847222222222222,4283.98,0.8395238095238096,,,,0.35,,0.07763217185439411,5.910064239828693,,,,,1.4822999999999997,,0.0032600680657969374,0.01,0.01,,0.0084,2.1,,14.25,,33.0,4.15,0.18,10.75,,0.35,0.12717391304347825,,,,,0.135,4.08,35.5,5.0,,,,,,,3.05,,,,,0.1476301476301476,,1188.64,1188.64,46.0,51.0417,2708.5,15.527777777777777,,4.0,,20.25,,0.8555555555555555,0.583,14.5,0.43,,3.7,,,1.5591,37.4852,1372.21,0.23907032254715707,0.33,,0.4897777777777777,,,,1353.1353135313532,,149.3333,66.5,,,,,,,,,,,5.824,0.5983739837398375,1.86,1.42,,,,,,0.3627272727272727,1372.21,,0.08452923076923079,,,2360.0,3.242160997732426,,,28.1818,0.08124999999999999,0.010756097560975609,21.5,0.76,,,,0.363012048192771,0.11320251428571426,0.007165307475957743,0.08425925925925924,,0.264,,0.33
2006-11-30,1.16,,0.002031208200999968,0.6231468071099407,0.47215278000000005,,19.0,19.25,287.9051,,0.93,,,,0.65,6.0,,,,,12.0833,1744.28,0.2,1744.28,,2.8,,,0.34,,0.92,,2.1392592592592594,0.012,0.3355263157894737,,7.9,4.2,0.208,0.07960615384615384,49.0,,1.9303720667648505,0.31765415162447425,,44.1888,1.16,,0.12196774193548389,0.71,,,,51.6578,1.28,0.28,,,,0.002290378011227555,0.7725006204976378,,0.0363636364,3.717241379310345,3.05,13.743258575098011,,,,,,,,0.495,0.95,0.059900979796282394,,,0.7186932849364792,1.9,,4.992375366568915,0.34,,,,,2.3,2.6438,2.2,1.02,,,,,,,,0.11958079135966251,3.05,,,,0.53,,0.2033679290607444,0.0675,,0.4085714285714286,,,,3.2,,800.0,1.7144292370413514,11.355746031746033,,809.79,809.79,0.12191002668699964,,1.296,,1.8429999999999997,,52.5,,,,0.75,0.65,1250.0,,,,7.353658536585367,0.84,20.0,,,,1500.34,1.82,7.9,1500.34,,,,,19.75,,,0.17666035592578572,3598.91,3598.91,0.6375,1.7,2.95,0.2828282828282828,0.034170258620689654,,40.0,8.76,,0.12233361847733105,0.05229862689758307,0.49700384826827926,,0.535674461137864,,0.26,0.28,,,,,,1.72,2.08,,,0.6911811023622046,1.450204081632653,4599.29,0.022,0.01536363636363636,1.46,,0.42,0.4,,3.0,1.0,,33.35,0.040217391304347844,1.864,32.0,1630.0,,,0.2088888888888889,4599.29,0.8655555555555556,,,,0.37,,0.07192392392392395,7.0663811563169165,,,,,1.3907999999999998,,0.003774815655133296,0.011,0.011,,0.0088,2.5941176470588236,,18.5,,58.0,4.0,0.205,10.5,,0.38,0.09130434782608696,,,,,0.15,3.9000000000000004,42.0,5.8,,,,,,,2.8,,,,,0.14607614607614602,,1168.29,1168.29,48.0,54.1667,2788.46,18.055555555555557,,4.3,,24.0,,0.8555555555555555,0.572,16.0,0.76,,3.15,,,1.7008,39.1253,1440.61,0.23907032254715707,0.37,,0.4382222222222222,,,,1399.3399339933994,,162.6667,66.0,,,,,,,,,,,6.272,0.5853658536585367,1.84,1.66,,,,,,0.38181818181818183,1440.61,,0.29523076923076924,,,2460.0,,,,29.697,0.12025,0.01273170731707317,19.5,0.75,,,,0.46297188755020074,,0.007396446426795091,0.08425925925925924,,0.29953846153846153,,0.33
2006-12-31,1.3,,0.0021158418760416336,0.9001009436032475,0.44442222,,20.25,20.25,341.4352,,0.96,,,,0.65,7.0,4.55050505050505,,,,12.7083,1860.34,0.19,1860.34,,2.85,,,0.37,,1.12,,2.0055555555555555,0.012,0.3223684210526316,,9.7,4.1,0.152,0.061235502958579886,51.5,,1.9728195058091966,0.3418220030654535,,45.6451,1.12,,0.12196774193548389,0.8,,,4.2586151657631195,52.6919,1.0534,0.28,,,,,0.8207819092787402,,0.0381818182,3.5275862068965522,3.2,13.550194992564553,,,,,,,,0.56,1.0,0.059900979796282394,,,0.7186932849364792,1.9,,4.992375366568915,0.31,,,,,,2.5616,3.0,1.22,,,,,,,,0.11958079135966251,3.15,,,,0.54,,,0.0625,,0.4965714285714286,,,,3.65,,810.0,1.7144292370413514,11.509333333333332,,822.85,822.85,0.15238753335874955,0.041043808352114554,1.712,,1.8809999999999998,,63.0,,0.11555555555555559,,0.71,0.64,1235.0,,,,7.353658536585367,0.8666666666666667,21.0,,,,1731.27,1.9,7.8,1731.27,,,,,20.75,,,0.1864748201438849,3940.47,3940.47,0.675,1.54,3.1,0.3434343434343434,0.035797413793103444,,42.0,10.47,,0.13252808668377533,0.056656845805715,0.49700384826827926,,0.5571171197725081,,0.26,0.27,,,,,,2.16,1.9,,,0.7639370078740157,1.450204081632653,4527.68,0.024,0.01536363636363636,1.34,,0.49,0.36,,3.15,1.04,,35.05,0.041826086956521756,2.136,54.0,1650.0,,,0.2088888888888889,4527.68,0.8655555555555556,,,5.0,0.38,,0.073065573510018,6.038543897216274,,,,,1.464,,0.00446114577424844,0.011,0.012,,0.0092,2.4705882352941178,,19.75,,69.0,4.1,0.2,9.8,,0.35,0.10434782608695652,,,,,0.16,3.96,44.0,6.3,,,,,,,3.25,,,,,0.1476301476301476,,1261.67,1261.67,48.0,58.3333,2982.54,18.055555555555557,,4.05,,24.0,,1.038888888888889,0.5609999999999999,16.25,0.66,,2.7,,,1.4781,39.9453,1491.03,0.23907032254715707,0.33,,0.41888888888888887,,,,1349.8349834983499,,173.3333,67.5,,,,,,,,,,,6.88,0.6308943089430895,1.8,1.54,,,0.26991575791920014,,,0.37545454545454543,1491.03,,0.11684923076923077,,,2550.0,,,,29.697,0.18849999999999997,0.015804878048780488,19.25,0.83,,,,0.7365461847389557,,0.007165307475957743,0.08425925925925924,,0.3046153846153846,,
2007-01-31,1.58,,0.0016926735008333076,0.9001009436032475,0.49995,,22.0,22.25,364.5833,,0.98,,,,0.71,8.2,4.818181818181818,,,,14.5833,2012.55,0.195,2012.55,,3.05,,,0.38,,1.26,,1.771574074074074,0.011,0.30921052631578944,,9.1,4.1,0.168,0.05511195266272189,59.0,,2.28038843069874,0.40742282457497264,,48.9218,1.2,,0.21183870967741938,0.67,,0.10660349948868723,,58.552,1.36,0.28,,,,,0.8690631980598424,,0.0427272727,3.1862068965517243,3.4,13.807575752332024,,,,,,,,0.485,1.2,0.059900979796282394,,,0.7027223230490018,1.82,,5.189442815249268,0.31,,,,,2.5,2.5616,2.65,1.44,,,,,,,,0.143496949631595,4.45,,,,0.71,,0.23109991938720958,0.0625,,0.5028571428571429,,,,5.4,,860.0,1.7144292370413514,11.355746031746033,,892.67,892.67,0.15238753335874955,,1.62,,2.4319999999999995,,75.5,,0.1377777777777778,,0.8,0.78,1440.0,,,,,0.9199999999999999,20.5,,,,1942.12,3.05,8.1,1942.12,,,,,24.0,,,0.20610374858008332,4179.36,4179.36,0.890625,2.0,3.1,0.36363636363636365,0.035797413793103444,,42.5,11.66,,0.16311149130310812,0.08716437816263849,0.6427916437603078,,,,0.26,0.29,0.05076202480667763,,,,,3.1,2.0,,,0.7760629921259843,1.431122448979592,4542.75,0.024,0.016545454545454544,1.32,,,0.36,,3.15,0.98,,40.16,0.05791304347826089,2.32,70.5,1625.0,,,0.24805555555555556,4542.75,1.151904761904762,,,4.7,0.36,,0.07649052226830007,5.845824411134903,,,,,1.2077999999999998,,0.00446114577424844,0.013,0.013,,0.0106,2.4705882352941178,,24.0,,50.0,4.25,0.27,10.5,,0.35,0.12065217391304346,,,,,0.155,,48.0,5.7,,,,,,,3.3,,,,,0.15073815073815072,,1416.14,1416.14,50.0,92.7083,3239.27,,,3.9,,39.5,,0.9777777777777779,0.737,16.25,0.65,,2.75,,,1.4579,46.2323,1567.5,0.20918899768460925,0.39,,0.451111111111111,,,,1353.1353135313532,,197.3333,63.5,,,,,,,,,,,7.52,0.6764227642276424,1.7,1.64,,,,,,0.3690909090909091,1567.5,,0.14544,,,2630.0,,,,36.3636,0.16249999999999998,0.01624390243902439,19.0,0.8,,,,0.7996787148594376,0.12684137142857144,0.008321002230144477,0.09074074074074073,,0.30969230769230766,,0.26
2007-02-28,1.56,,0.0025390102512499605,0.9001009436032475,0.6666,,22.75,23.0,324.074,,1.03,,,,0.77,8.2,4.0,,,,12.7083,1983.3,0.28,1983.3,,3.1,,,0.36,,1.26,,2.0055555555555555,0.012,0.29605263157894735,,8.7,4.5,0.166,0.05756137278106509,61.5,,2.4925619865815745,0.48338603189863355,,52.5626,1.38,,0.179741935483871,0.68,,0.11939591942732969,,51.6578,0.8134,0.32,,,,0.0036557956717670577,1.17685641403937,,0.0418181818,3.1103448275862067,3.8,16.252636944707312,,,,,,,,0.64,1.4,0.06196910846645354,,,0.7586206896551724,1.9,,5.255131964809384,0.3,,,,,3.25,2.5616,2.6,1.3,,,,,,,,0.21125939806873711,4.4,,,,0.84,,0.23109991938720958,0.0725,,,,,,5.2,,810.0,2.1342894583576006,10.664634920634922,,895.02,895.02,0.17981728936332447,,1.68,,3.1159999999999997,,75.5,,0.1377777777777778,,1.7,0.87,1295.0,,,,,1.0,25.0,,,,1833.02,2.8,8.2,1833.02,,,,,29.0,,,0.19628928436198415,4236.45,4236.45,0.7499999999999999,1.92,3.5,0.44444444444444453,0.035797413793103444,,50.0,11.66,0.15683625456574674,0.18146153407470778,0.10862022509498026,0.662671797691039,,0.8999252546170466,,0.28,0.33,0.04653185607278783,,,,,3.5,2.85,,,0.7518110236220472,1.4883673469387757,4892.6,0.028,0.0195,1.76,,0.85,0.75,,3.25,1.14,,41.86,0.06113043478260872,2.64,71.5,1650.0,,,0.5222222222222223,4892.6,1.0998412698412698,,,4.6,0.55,,0.05822412889079559,5.974304068522485,,,,,1.3725,,0.006520136131593875,0.014,0.014,,0.0106,2.3470588235294114,,27.0,,55.0,4.4,0.35,9.7,,0.36,0.12391304347826086,,,,,0.2,3.9000000000000004,50.0,4.7,,,,,,,3.05,,,,,0.1554001554001554,0.73,1360.79,1360.79,59.5,156.25,3067.45,,,4.1,,39.0,,1.038888888888889,0.8029999999999999,18.5,0.65,,2.6,,,1.4376,46.779,1424.22,0.20918899768460925,0.4,,0.5155555555555555,,,,1359.7359735973598,,188.0,64.0,,,,,,,,,,,7.04,0.7414634146341463,1.84,1.6,,,,,,0.4772727272727273,1424.22,,0.14668307692307692,,,2320.0,3.163083900226757,,,36.6667,,0.015585365853658535,17.25,0.8,,,,0.6208032128514055,0.13638857142857141,0.010632391738517941,0.12962962962962962,,0.4772307692307692,,0.4
2007-03-31,1.46,,0.0019465745259583036,,0.77772222,,25.0,26.0,324.074,,1.06,,,,0.88,8.3,6.8,,,,13.75,2046.76,0.3,2046.76,,3.55,,,0.4,,1.66,,1.6712962962962963,0.012,0.29605263157894735,,13.5,4.25,0.152,0.04653898224852071,62.5,,2.386475208640157,0.3728967306168584,,55.8393,1.42,,0.15727419354838712,0.71,,0.12792419938642466,,54.0708,0.92,0.48,,,,0.004360527367529384,1.12253996416063,,0.0427272727,3.0344827586206895,4.1,15.995256184939839,,,,,,,,0.68,1.3,0.0660804485939022,,,0.6787658802177858,1.72,,5.255131964809384,0.39,,,,,4.55,2.726,2.7,1.44,,,,,,,,0.19930131893277087,4.75,,,,0.75,,,0.125,,0.5028571428571429,,,,5.0,,810.0,2.0993011065812466,11.432571428571428,,918.95,918.95,0.1981037933663744,,1.68,,3.3819999999999992,,71.0,,0.13333333333333336,,1.88,0.79,1230.0,,,,10.785365853658538,1.0666666666666667,25.0,,,,1856.96,2.8,8.9,1856.96,,,,,27.5,,,0.28461946232487695,4249.08,4249.08,0.6875,2.44,3.25,0.44444444444444453,0.03905172413793103,,54.5,12.14,0.4113737824675325,,0.13544003376040745,0.7289389774601429,,0.6428093533654367,,0.3,0.34,0.052877109173622525,,,,,3.4,3.55,,,0.7639370078740157,1.5646938775510204,5562.32,0.03,0.02009090909090909,2.17,,0.73,0.72,,3.3,1.02,,42.54,0.05469565217391306,2.88,69.0,1640.0,,,0.4177777777777778,5562.32,1.0738095238095238,,,4.4,0.76,,0.09361526605971054,6.2312633832976445,,,,,0.9149999999999999,,0.006520136131593875,0.015,0.016,,0.0115,1.9764705882352942,,28.5,,50.0,4.7,0.32,10.25,,0.39,0.13695652173913042,,,,,0.36,3.9000000000000004,46.0,5.9,,,,,,,3.0,,,,,0.1445221445221445,,1453.92,1453.92,62.0,135.4167,3203.55,,,4.55,,29.0,,0.9166666666666667,0.693,19.5,0.59,,2.44,,,2.2273,46.5056,1517.69,,0.38,,0.4639999999999999,,,,1425.7425742574258,,189.3333,64.5,,,,,,,,,,,7.36,0.7804878048780488,2.1,1.52,,,,,,0.4390909090909091,1517.69,,0.13052307692307694,,,2525.0,,,,35.7576,0.182,0.0175609756097561,17.25,0.77,,,,0.6628915662650602,0.1445718857142857,0.010401252787680594,0.13611111111111107,,0.49753846153846154,,0.3
2007-04-30,1.52,,0.0019888913634791357,0.9001009436032475,0.6666,,28.0,30.5,347.2222,,1.05,,,,0.78,9.1,6.2,,,,14.5833,2078.72,0.43,2078.72,,3.75,,,0.56,,2.08,,1.9387037037037036,0.013,0.29605263157894735,,17.5,5.4,0.192,0.06613434319526627,62.5,,2.386475208640157,0.3728967306168584,,55.4752,1.32,,0.16690322580645164,0.69,,0.13645247934551963,,53.3814,0.96,0.41,,0.3107148799276927,,,1.2794541526992127,,0.0427272727,3.0344827586206895,4.4,15.802248627822088,,,,,,,,0.71,1.3,0.06401231992373106,,,0.6787658802177858,,,5.12375366568915,0.47,,,,,6.1,2.8082,2.5,1.42,,,,,,,,0.19930131893277087,4.6,,,,0.76,,0.23109991938720958,0.14,,0.4714285714285715,,,,5.3,,810.0,1.9243593476994758,11.586158730158731,,919.72,919.72,0.16153078536027454,,1.78,,3.3439999999999994,,76.5,,0.12000000000000005,,1.84,0.74,1230.0,,,,,1.0266666666666666,26.5,,,,1939.2,2.9,8.9,1939.2,,,,,28.0,,,0.24536160545248017,4371.28,4371.28,0.7499999999999999,3.2,3.2,0.44444444444444453,0.03905172413793103,,49.5,11.66,0.8066152597402597,0.17330595950955235,0.16762380415892014,0.8283397471137988,,0.8999252546170466,,0.31,0.35,,,,,3.2883099618809086,3.7,3.8,,,0.7154330708661417,1.4883673469387757,6120.73,0.033,0.02186363636363636,2.59,,0.84,0.7,,3.25,1.06,,42.54,0.06434782608695655,2.8,72.0,1670.0,,,0.33944444444444444,6120.73,1.561904761904762,,,4.55,0.69,,0.07192392392392395,7.7087794432548185,,,,,1.2444,4.3,0.006863301191151448,0.016,0.017,,0.0124,,,29.0,,51.0,5.4,0.28,10.0,,0.38,0.13043478260869565,,,,,0.38,3.9000000000000004,45.5,5.9,,,,,,,4.2,,,,,0.15073815073815072,,1472.09,1472.09,63.0,111.4583,3270.73,18.055555555555557,,5.1,,28.0,,0.9166666666666667,0.7699999999999999,18.25,0.6,,2.36,,,2.1058,46.779,1529.54,,0.38,,0.4704444444444444,,,,1445.5445544554457,,190.6667,64.5,,,,,,,,,,,7.36,0.767479674796748,1.82,1.66,,,0.24233096068130391,,,0.4072727272727273,1529.54,,0.14295384615384618,,,2540.0,,,,38.7879,0.18849999999999997,0.017121951219512196,16.0,0.86,,,,0.7049799196787149,0.1636662857142857,0.010863530689355288,0.10370370370370369,,0.44169230769230766,,0.4
2007-05-31,1.74,,0.0021158418760416336,1.1078165459732277,0.72212778,,32.0,32.5,368.0555,,1.07,,,,0.85,9.1,6.4,,,,15.5,2222.59,0.61,2222.59,,3.85,,,1.04,,2.28,,2.1392592592592594,0.013,0.3618421052631579,,18.5,5.9,0.174,0.06735905325443788,66.0,,2.7576834724267716,0.3798036067272841,,60.9364,1.62,,0.18616129032258064,0.6,,,,56.4837,1.2934,0.42,,,,0.0058140364900391775,1.3518760858708663,,0.0581818182,3.1103448275862067,4.45,16.381327324591048,,,,,,,,0.72,1.5,0.06196910846645354,,,0.7027223230490018,1.76,,5.12375366568915,0.58,,,,,8.7,3.0548,2.9,1.88,,,,,,,,0.24314760909798044,5.7,,,,0.8,,,0.28,,0.5028571428571429,,,,6.0,,805.0,2.1342894583576006,12.12368253968254,,965.52,965.52,0.16762628669462454,0.04023902779619073,1.92,,3.571999999999999,,78.5,,0.12444444444444448,,2.4,0.95,1360.0,,,,,1.0,26.0,,,,2103.8,2.8,8.5,2103.8,,,,,27.5,,,0.28461946232487695,4698.44,4698.44,0.68125,4.55,3.2,0.48484848484848486,0.04556034482758621,,55.5,11.42,1.0889306006493509,0.17330595950955235,0.16225984242583466,0.7952061572292467,,0.9642140300481552,,0.28,0.32,0.04653185607278783,,,,3.6784234934702136,4.7,3.85,,,0.7154330708661417,1.5265306122448983,6736.17,0.035,0.022454545454545453,3.2,,0.7,0.84,,3.45,1.02,0.32408395588758443,44.92,0.05791304347826089,3.4,94.0,1690.0,,,0.4047222222222222,6736.17,1.3406349206349206,,,4.4,0.75,,0.07877382144048813,8.029978586723768,,,,,1.7568,4.35,0.006520136131593875,0.02,0.021,,0.0194,,,26.0,,50.0,5.2,0.34,10.25,,0.82,0.15,,,,,0.68,3.96,54.0,5.8,,,,,,,3.4,,,,,0.14607614607614602,,1619.73,1619.73,64.0,122.9167,3474.67,,,6.1,,31.0,,1.038888888888889,0.7699999999999999,20.0,0.62,,2.34,,,2.1058,49.2391,1559.08,,0.38,,0.43177777777777776,,,,1386.1386138613861,,217.3333,66.0,,,,,,,,,,,7.84,0.910569105691057,2.0,1.62,,,0.637713054424484,,,0.46454545454545454,1559.08,,0.13052307692307694,,,2555.0,3.242160997732426,,,38.7879,0.19499999999999998,0.02326829268292683,16.0,0.84,,,,0.7786345381526104,0.2182217142857143,0.013290489673147431,0.13611111111111107,,0.48738461538461536,,0.4
2007-06-30,1.7,,0.004316317427124933,1.2878367346938773,0.72212778,,31.0,32.0,378.4722,,1.09,,,,1.06,8.4,5.9,,,,17.5,2361.15,0.57,2361.15,,3.65,,,1.14,,2.42,,1.9052777777777776,0.015,0.5592105263157895,,16.25,5.9,0.2,0.061235502958579886,71.5,,2.386475208640157,0.3728967306168584,,62.7568,1.7,,0.19258064516129034,1.26,,,,56.139,1.1466,0.45,,,,0.009214699342703603,1.4363683412377952,,0.0754545455,3.0344827586206895,4.6,29.6985,,,,,,,,1.225,1.7,,,,0.7107078039927405,1.76,,5.255131964809384,0.56,,,,,11.0,3.4986,4.05,1.88,,,,,,,,0.3049310179671394,5.8,,,,0.86,,0.32353988714209336,0.28,,0.8171428571428572,,,,7.2,,850.0,2.8690448456610365,13.275555555555556,,992.06,992.06,0.3047750667174991,0.05955376113836229,2.16,,3.3819999999999992,,90.0,,,,2.65,1.12,1355.0,,,,,1.1466666666666667,26.5,,,,2194.41,3.0,8.0,2194.41,,,,,28.5,,,0.41220749716016664,5148.42,5148.42,0.7187499999999999,9.1,3.3,0.5252525252525253,0.08786637931034483,,52.5,11.9,1.068765219155844,0.22427830054177364,0.24095921847844767,0.7952061572292467,,0.942771371413511,,0.28,0.31,0.04653185607278783,,,,3.4555110297659186,5.3,3.7,,,1.0307086614173229,1.4883673469387757,6503.23,0.033,0.02068181818181818,3.1,,,,,3.65,1.08,,48.67,0.08043478260869569,3.4,113.0,1685.0,,,0.5091666666666667,6503.23,1.444761904761905,,,4.45,0.95,,0.1438478478478479,8.029978586723768,,,,,1.464,4.35,0.006520136131593875,0.022,0.022,,0.0203,3.9529411764705884,,24.75,,51.0,5.4,0.35,10.0,,0.75,0.358695652173913,,,,,0.58,4.2,60.5,,,,,,,,4.0,,,,,0.1585081585081585,,1788.37,1788.37,66.5,179.1667,3665.23,18.777777777777775,,5.4,,35.5,,1.1733333333333333,0.891,19.5,0.66,,2.7,,,2.3488,50.0591,1601.78,0.29885081762407206,0.48,,0.5348888888888887,,,,1425.7425742574258,,226.6667,75.0,,,,,,,,,,,9.4,0.9756097560975611,2.18,1.64,,,0.6504673155129737,,,0.6363636363636364,1601.78,,0.202,,,2650.0,3.242160997732426,,,37.5758,,0.022390243902439023,18.75,0.89,0.49,7.2,,0.7049799196787149,0.22094948571428571,0.014446184427334162,0.35,,0.48738461538461536,,0.7
2007-07-31,1.66,,0.004231683752083267,,0.6666,,34.5,35.0,368.0555,,1.03,,,,0.9,7.0,5.8,,,,17.0,2268.96,0.52,2268.96,,3.5,5.1,,0.93,,2.34,,1.7381481481481482,0.012,0.4605263157894737,,15.5,4.8,0.23,0.07960615384615384,61.5,,2.333463639338897,0.3867063395407026,,60.5723,1.42,,0.16690322580645164,1.2,,,,54.0708,0.9866,0.44,,,,,1.2251377028204722,,0.0663636364,2.996551724137931,4.35,28.0906,,,,,,,,1.225,1.6,0.08260056074237776,,,0.7107078039927405,1.78,,5.320821114369502,0.53,,,,,10.25,3.1699,3.95,1.8,,,,,,,,0.37070045321495376,4.8,,,,0.81,,0.33894654843457406,0.28,,0.5971428571428572,,,,7.2,,860.0,3.008998252766453,12.584444444444443,,930.16,930.16,0.2742975600457492,,1.92,,2.6599999999999997,,84.5,,,,2.55,1.3,1315.0,,10.75,10.75,,0.9466666666666667,26.5,,,,2051.24,2.5,7.5,2051.24,,,,,31.5,,,0.3925785687239683,4831.32,4831.32,0.625,7.8,3.05,,0.13342672413793102,,49.0,9.52,0.9276075487012987,0.2487450242372398,,0.7952061572292467,,0.9871250070008402,1.6311330318153463,0.26,0.31,,,,,2.7867067582258795,5.0,3.6,,,0.7639370078740157,1.4883673469387757,6501.09,0.028,0.017727272727272723,3.17,,,,,3.25,1.06,,41.86,0.08043478260869569,3.28,99.5,1695.0,,,0.43083333333333335,6501.09,1.5749206349206348,,,4.05,0.82,,0.11644825778159118,9.154175588865096,,,6.732954545454546,,0.9149999999999999,4.0,0.005490640952921158,0.024,0.026,,0.0203,21.0,10.19170182841069,17.75,,52.0,6.0,0.48,9.8,,0.62,0.3,,,,,0.41,4.44,65.0,,3.3979721883001774,,,,,,4.0,,,,,0.14607614607614602,,1710.09,1710.09,64.0,172.9167,3501.2,19.680555555555557,,5.7,,30.5,,1.2344444444444445,0.968,18.75,0.65,,2.44,,,2.8347,48.6924,1571.37,,0.52,,0.5606666666666665,,,,1356.4356435643565,,217.3333,71.5,,,,,,,,,,,9.2,0.910569105691057,2.18,1.48,,,0.561187487893546,,,0.5281818181818182,1571.37,9.9,0.248,,,2595.0,,,,36.6667,,0.02195121951219512,16.25,0.83,0.4,6.3,,0.7155020080321285,0.39552685714285707,0.012134794918960697,0.45,,0.4366153846153846,,0.61
2007-08-31,1.9,,0.006406118172384514,1.2878367346938773,0.52774722,,32.0,31.0,342.0139,,0.98,,,,0.72,6.5,5.6,,,0.7955779743885278,14.5,2145.62,0.43,2145.62,,3.1,5.4,,0.62,,2.2,,1.6044444444444443,0.01,0.47368421052631576,,14.0,4.0,0.325,0.1025694674556213,55.0,,2.057650744558992,0.3728967306168584,,53.2908,1.16,8.517585931254995,0.12196774193548389,2.14,,0.17056559918189956,,50.6237,0.96,0.34,,,,0.009214699342703603,1.0199422255007873,,0.0554545455,2.8827586206896547,3.9,27.4015,,,,,,,,1.1,1.3,0.0557647224559401,,,0.6787658802177858,1.72,,6.043401759530791,0.47,,,,,9.7,2.3151,2.9,1.66,,,,,,,,0.37070045321495376,4.7,,,,0.7,,0.34510921295156627,0.23,,0.6222857142857143,,,,5.9,,870.0,2.2742428654630173,12.738031746031746,,866.02,866.02,0.24382005337399928,0.07243025003314332,1.58,,2.3939999999999997,,79.5,,,,1.56,1.2,1375.0,,10.0,10.5,,0.8533333333333334,24.0,,,,1887.13,1.86,8.0,1887.13,,,,,32.5,,,0.28461946232487695,4768.36,4768.36,0.5187499999999999,4.9,2.6,,0.12040948275862068,,54.5,9.33,0.6856229707792207,0.16311149130310812,0.2095297551986501,0.6295382078064871,,0.9871250070008402,0.8573904398003742,0.23,0.26,,,,,2.6752170861601554,4.4,2.95,,,0.9094488188976378,1.4120408163265308,5674.49,0.021,0.01418181818181818,2.75,,,,,4.4,0.95,,37.44,0.05147826086956524,3.0,103.0,1730.0,0.00581161298767347,,0.48305555555555557,5674.49,1.3796825396825396,,,4.0,0.6,,0.11416495860940308,9.314775160599572,,,4.0397727272727275,,0.8417999999999999,3.35,0.004117980714690868,0.021,0.023,,0.0194,,9.903319268635723,14.75,,,5.7,0.36,9.5,,0.53,0.2217391304347826,,,,,0.34,4.26,48.0,,2.486291156194603,,,,,,3.55,,,,,0.14607614607614602,,1538.62,1538.62,63.5,158.3333,3365.29,,,5.7,,24.5,,1.038888888888889,0.9129999999999999,18.0,0.44,,2.24,,,2.4703,43.4988,1599.26,,0.52,,0.4575555555555555,,,2.7,1475.2475247524753,,197.3333,63.5,,,,,,,,,,,9.6,0.910569105691057,2.1,1.08,,,0.7397471431324014,,,0.40090909090909094,1599.26,19.25,0.25,,,2655.0,,,,32.7273,,0.020195121951219513,16.25,0.75,0.38,5.0,,0.6313253012048192,0.28641599999999995,0.01155694754186733,0.33,,0.4010769230769231,,0.65
2007-09-30,1.4,,0.006939961353416559,,0.6110722199999999,,32.0,32.0,381.9444,,0.99,,,,0.95,7.0,5.2,,,0.8864758435802572,16.25,2226.71,0.45,2226.71,,3.3,5.4,,0.84,,2.32,,1.9052777777777776,0.012,0.4934210526315789,,16.0,3.9,0.305,0.1010385798816568,56.0,,2.5455735558828345,0.3728967306168584,,55.1112,1.2,,0.12517741935483873,1.92,,0.15990524923303082,,54.7602,1.0134,0.35,,0.3107148799276927,,0.013189667686614961,0.9656257756220472,,0.0572727273,2.996551724137931,4.1,28.7797,,,,,,,,1.125,1.5,0.06196910846645354,,,0.7266787658802178,1.82,,6.109090909090909,0.5,,,,,9.6,3.4986,3.1,1.82,,,,,,,,0.37070045321495376,4.4,,,,0.71,,0.3481905452100623,0.28,,0.5531428571428572,,,,5.4,,880.0,2.4841729761211413,12.584444444444443,,908.52,908.52,0.24382005337399928,,1.74,,2.356,,77.5,,,,2.36,1.22,1470.0,,9.5,9.4,,0.8533333333333334,24.5,,,,2033.04,1.88,8.2,2033.04,,,,,36.5,,,0.333691783415373,4572.74,4572.74,0.5625,6.2,3.0,,0.12366379310344827,,53.0,10.23,0.7662844967532467,0.15291702309666383,,,,,0.71100670617592,0.36,0.36,0.05076202480667763,,,,2.9539078261108895,4.15,2.95,,,0.7760629921259843,1.5265306122448983,7372.1,0.028,0.018318181818181817,2.94,,,,,4.5,0.92,,38.12,0.0949130434782609,2.96,83.0,1780.0,,,0.35902777777777783,7372.1,1.4317460317460318,,,3.9,0.58,,0.11873155695377922,8.993576017130621,,,7.1818181818181825,,1.0979999999999999,3.65,0.00446114577424844,0.025,0.026,,0.023,38.0,10.047510548523206,12.75,,55.0,5.7,0.41,9.9,,0.68,0.24130434782608692,,,,,0.42,4.140000000000001,48.5,,2.3868679535158557,,,,,,3.45,,,,,0.1320901320901321,,1612.71,1612.71,62.0,160.4167,3572.9,,,7.7,,23.25,,1.0144444444444445,0.82,16.5,0.51,,2.5,,,2.7942,45.6856,1740.49,0.42835503014525034,0.49,,0.4639999999999999,,,2.36,1511.5511551155116,,198.6667,62.0,,,,,,,,,,,9.6,0.910569105691057,2.1,1.4,,,1.2470023269946195,,,0.41363636363636364,1740.49,18.0,0.255,,,2910.0,3.163083900226757,,,33.3333,,0.022390243902439023,16.25,0.77,0.39,5.1,,0.6628915662650602,0.27277714285714283,0.012134794918960697,0.4,,0.42646153846153845,,0.72
2007-10-31,1.5,,0.007260267262035784,2.4424489795918367,0.55547778,,34.0,37.0,430.5555,,1.24,,,,0.83,7.3,5.4,,,0.8751221337374793,15.0,2349.83,0.48,2349.83,,3.4,5.7,,0.72,,2.44,,1.8718518518518517,0.011,0.4276315789473684,,15.75,4.15,0.29,0.14976923076923077,62.0,,2.7576834724267716,0.3728967306168584,,57.6597,1.36,,0.13801612903225807,2.0,,,,54.0708,1.0,0.35,,0.40392934390600055,,0.013542962356792147,1.0199422255007873,,0.0554545455,3.0344827586206895,4.2,28.952,,,,,,,,1.475,1.6,0.08260056074237776,,,0.7266787658802178,1.82,,6.109090909090909,0.44,,,,,9.4,3.1041,11.0,2.4,,,,,,,,0.37070045321495376,5.7,,,,0.79,,0.33894654843457406,0.26,,0.6662857142857144,,,,6.8,,825.0,2.8340564938846824,12.046920634920635,,951.58,951.58,0.22858130003812432,0.06035854169428609,1.88,,2.1659999999999995,,86.0,,,,2.6,1.12,1700.0,,8.8,8.6,,0.8533333333333334,27.0,,,,2225.59,2.0,8.2,2225.59,,,,5.5,41.5,,,0.3435062476334722,4695.68,4695.68,0.5187499999999999,7.0,3.2,,0.12366379310344827,,51.0,10.71,0.7340198863636364,0.18350042771599662,0.2095297551986501,0.662671797691039,,0.8226041725007002,1.0874220212102306,0.34,0.37,0.05710727790751233,,,,2.6752170861601554,4.55,2.9,,,0.7518110236220472,2.251632653061225,8539.86,0.026,0.017136363636363634,3.39,,,,,4.5,1.0,,42.2,0.09652173913043481,3.72,82.5,1950.0,,,0.3720833333333333,8539.86,1.3146031746031746,,,4.9,0.6,,0.11416495860940308,10.920770877944326,,,8.977272727272728,,1.5372,3.5,0.004804310833806013,0.027,0.027,,0.0274,43.0,9.32,11.0,,55.0,7.0,0.39,12.0,,0.74,0.22826086956521735,,,,,0.41,4.140000000000001,48.5,,2.6520395903092377,,,,,,3.4,,,,,0.11655011655011654,,1682.34,1682.34,61.0,270.8333,3758.97,20.402777777777775,,10.5,,29.0,,0.9777777777777779,0.75,20.75,0.49,,2.7,,,3.6447,47.0523,1833.98,,0.44,,0.5284444444444444,,,2.36,1630.3630363036305,,202.6667,59.5,,,,,,,,,,,9.6,0.9886178861788619,2.4,1.36,,,1.0779172657072136,,,0.38181818181818183,1833.98,16.75,0.32,,,3005.0,3.321238095238095,,,30.303,,0.01953658536585366,14.75,0.78,0.39,5.5,,0.6734136546184738,,0.012712642296054063,0.37,,0.41123076923076923,,0.68
2007-11-30,1.28,,,,0.52774722,,34.0,34.0,388.8889,,1.07,,,,0.72,6.8,5.7,,,0.8410269089843925,15.25,2172.57,0.47,2172.57,,3.3,5.1,,0.59,,2.42,,2.172685185185185,0.01,0.4144736842105263,,12.75,3.85,0.25,0.14976923076923077,54.0,,2.7576834724267716,,,52.9267,1.12,,0.1155483870967742,1.9,,,,52.0025,0.9734,0.3,,,,0.020314443535188218,0.9656257756220472,,0.0527272727,2.9586206896551723,3.7,27.8035,,,,,,,,1.1,1.5,0.09297065916387848,,,0.7186932849364792,1.82,,10.036363636363637,0.34,,,,,13.25,2.8411,8.7,1.96,,,,,,,,,4.6,,,,0.73,,0.33894654843457406,0.225,,0.5720000000000001,0.18866852924382088,,,6.5,,810.0,2.8690448456610365,11.509333333333332,,862.98,862.98,0.24077230270682431,0.06438244447390518,1.48,,1.8429999999999997,,64.0,,,,1.82,1.0,1520.0,,7.8,7.8,,0.8933333333333334,22.5,,,,1982.42,1.9,7.9,1982.42,,,,4.8,47.0,,,0.2944339265429762,4152.69,4152.69,0.46875,6.1,3.15,,0.11064655172413794,,49.5,9.33,1.0580357142857142,0.15291702309666383,0.1990532674387176,0.6295382078064871,,0.6252152898347803,0.8364784778540236,0.48,0.53,0.05499219354056743,1.025,,1.025,2.4523046224558605,3.9,2.42,,,0.7275590551181103,1.9844897959183676,8286.26,0.028,0.018909090909090907,2.91,,,,,4.25,0.94,,36.75,0.211304347826087,3.32,72.5,1710.0,,,0.3198611111111111,8286.26,1.3146031746031746,,,3.75,0.46,,0.09818186440408663,10.76017130620985,,,6.9125000000000005,,1.1712,2.9,0.004804310833806013,0.022,0.025,,0.023,46.0,8.00917018284107,6.8,,,5.7,0.35,9.9,,0.97,0.21521739130434783,,,,,0.34,4.0200000000000005,44.5,,2.2211195194012214,,,,,,,,,,,0.101010101010101,,1570.76,1570.76,61.0,216.6667,3578.55,,,9.8,,24.25,,1.038888888888889,0.69,18.25,0.43,,2.7,,,3.7257,42.4054,1864.57,,0.43,,0.393111111111111,,,2.22,1468.6468646864687,1.92,174.6667,50.0,,,,,,,,,,,9.2,0.910569105691057,2.12,1.12,,,,,,0.3181818181818182,1864.57,8.8,0.255,,,3100.0,,,,26.3636,,0.01426829268292683,14.0,0.74,0.31,4.9,,0.5681927710843373,,0.010863530689355288,0.29,,0.42646153846153845,,0.51
2007-12-31,1.26,,0.007437346951353731,1.9983673469387755,0.6110722199999999,,32.5,33.0,392.3611,,1.02,,,,0.69,6.9,5.6,,,0.7728364594782189,14.25,2216.75,0.51,2216.75,,3.3,5.3,,0.59,,2.24,,2.1392592592592594,0.01,0.40789473684210525,,14.0,4.0,0.248,0.14215384615384616,54.5,,4.45475372279496,0.35908712169301416,,56.2034,1.2,,0.12196774193548389,1.8,,0.15990524923303082,,51.3131,1.4,0.31,,1.1185735677396937,,0.020314443535188218,0.8207819092787402,,0.0545454545,3.3,3.6,27.5164,,,,,,,,1.1,1.4,0.12392349623170774,,,0.7266787658802178,1.82,,10.909090909090908,0.35,,,,,14.5,2.7753,8.0,1.92,,,,,,,,,4.0,,,,0.8,,0.30813322584961267,0.22,,0.6285714285714286,,,,4.9,,805.0,2.72909143855562,11.97009523809524,,864.37,864.37,0.22248579870377438,,1.36,,1.8999999999999997,,72.5,,,,1.8,0.91,1570.0,,7.7,7.4,,1.36,26.0,,,,2036.59,2.0,7.7,2036.59,,,,4.7,45.5,,,0.333691783415373,4422.22,4422.22,0.44375,6.1,3.15,,0.11064655172413794,,52.0,10.95,1.2053571428571428,0.16311149130310812,0.18857677967878514,0.6096580538757559,,0.7238194343321199,0.8783024017467247,0.53,0.52,,1.6,,1.6,2.340814950390136,4.6,2.22,,,1.0185826771653543,2.213469387755102,8375.1,0.029,0.018318181818181817,3.2,,,,,5.0,0.86,,37.1,0.211304347826087,3.2,82.5,1620.0,0.018547701024489795,,0.2611111111111111,8375.1,1.3146031746031746,,,4.4,0.46,,0.09818186440408663,11.884368308351178,,,6.732954545454546,,1.1528999999999998,3.3,0.004804310833806013,0.024,0.025,2.145,0.0274,41.0,9.169254571026723,5.9,,,5.7,0.32,9.8,,1.2,0.20217391304347826,,,,,0.33,4.0200000000000005,50.0,,2.353705337797912,,,,,,3.55,,,,,0.101010101010101,,1470.57,1470.57,58.5,212.5,3621.6,20.944444444444443,,9.5,,24.0,,1.1,0.69,16.5,0.47,,2.8,,,3.5637,47.0523,1901.4,,0.44,,0.4833333333333333,,,2.22,1491.749174917492,1.6,181.3333,59.0,,,,,,,,,,,8.2,0.9756097560975611,2.4,1.2,,,1.8428908091123326,,,0.3627272727272727,1901.4,9.0,0.236,,,3175.0,,,,26.0606,,0.016463414634146342,14.0,0.88,0.38,6.0,,0.5366265060240963,1.5912,0.010401252787680594,0.3,,0.4061538461538462,,0.5
2008-01-31,1.18,,0.0077915063299896226,2.0427755102040814,0.47215278000000005,,29.0,27.5,324.6527,,0.91,,,,0.59,6.6,4.3,,,0.7500949445679099,14.0,1973.96,0.45,1973.96,,3.2,4.65,,0.42,,2.06,,1.704722222222222,0.0085,0.32894736842105265,,9.7,3.35,0.222,0.1259076923076923,40.0,,5.727540500736377,0.42813930960924257,,50.3782,1.0,,0.10591935483870969,1.28,,,,48.5554,2.7334,0.25,,1.0875020797469246,,0.020314443535188218,0.7725006204976378,,0.0636363636,6.0,2.95,26.0808,,,,,,,,0.81,1.3,0.09603603674789056,,,0.7107078039927405,1.74,,10.909090909090908,0.235,,,,,10.0,2.1178,5.1,1.66,,,,,,,,,2.4,,0.20166666666666666,0.33,0.61,,0.30813322584961267,0.165,,0.45257142857142857,,,,4.5,,900.0,2.55414967967385,9.819936507936509,,743.77,743.77,0.2133425467022494,,1.14,,1.3299999999999998,,51.0,,,,1.18,0.84,1555.0,,6.0,6.0,,1.8666666666666665,19.75,,,,1713.39,1.84,6.9,1713.39,,,,3.7,38.0,,,0.32387731919727375,3970.94,3970.94,0.3125,4.3,3.1,,0.07159482758620689,,49.0,9.33,0.6830357142857143,0.18553932135728546,0.1592426139509741,0.6494183617372182,,0.5264907495566136,0.6106292888334371,0.4,0.41,0.06345253100834702,1.375,,1.375,2.028750877289554,2.65,2.2,,,0.7639370078740157,1.450204081632653,7092.56,0.022,0.01359090909090909,2.59,,,,,5.0,0.75,,27.22,0.18000000000000005,2.4,80.0,1460.0,0.010664928089081632,,0.19583333333333333,7092.56,1.1779365079365078,,,3.8,0.43,,0.08448206937095828,11.563169164882227,,,4.668181818181819,,0.7686,2.7,0.004117980714690868,0.02,0.021,1.6575,0.0221,23.0,7.281659634317862,3.6,,,5.4,0.225,9.4,,0.97,0.14021739130434782,,,,,0.23,4.26,38.5,3.9,1.8232974197360647,,,,,,3.0,,,,,0.0777000777000777,,1314.29,1314.29,56.0,162.5,3266.0,22.027777777777775,,8.9,,17.5,,1.1366666666666667,0.6,13.75,0.46,,2.75,,,3.8333,55.8333,1778.2,0.49807921716325243,0.33,,0.3866666666666666,,,1.9,1277.2277227722773,1.0,160.0,53.5,,,,,,,,,,,7.76,0.910569105691057,,1.18,,,0.9214454045561663,,,0.2927272727272727,1778.2,6.5,0.184,,,3005.0,,,,20.9091,0.091,0.014487804878048781,13.0,0.77,0.34,4.6,,0.5103212851405622,1.4775428571428568,0.009014419082656516,0.225,,0.41123076923076923,,0.33
2008-02-29,1.2,,0.007614426640671676,1.8651428571428572,0.44442222,,30.0,28.0,302.0833,,1.02,,,,0.6,7.0,4.35,,,0.7500949445679099,11.75,1921.16,0.44,1921.16,,3.1,4.8,,0.43,,2.14,,1.838425925925926,0.0085,0.3618421052631579,,11.25,3.5,0.305,0.165,42.5,,4.3486669448535435,0.3867063395407026,,50.7422,1.0,,0.0995,1.34,,0.191886299079637,4.623639322828529,47.1766,2.4666,0.25,,1.0875020797469246,,0.044630216857610476,,,0.0681818182,7.0,3.0,26.655,,,,,,,,0.8,1.4,0.1208207359942321,,,,1.74,,10.909090909090908,0.23,,,,,9.7,2.1836,4.8,1.6,,,,,,,,,3.5,,0.21388888888888885,0.43,0.64,,,0.16,,0.4714285714285715,,,,3.9,,920.0,2.624126383226558,9.052,,754.77,754.77,,0.048286833355428875,1.06,,1.8239999999999996,,46.5,,,,1.26,0.8,1480.0,,7.3,7.4,,1.6333333333333335,20.0,,,,1651.18,1.74,6.4,1651.18,,,,3.75,33.5,,,,3947.79,3947.79,0.33125,4.25,3.2,,0.06508620689655173,,49.0,9.23,0.9508928571428571,0.18350042771599662,,0.5632710280373832,,0.6580833380005601,0.5938997192763568,0.36,0.36,,0.93,,0.93,2.184782913839845,2.9,2.5,,,0.6790551181102363,2.137142857142857,7406.44,0.02,0.012999999999999998,2.56,,,,,5.0,0.74,,28.93,0.1330434782608696,2.184,79.0,1600.0,0.019938778601326528,,0.21541666666666667,7406.44,1.23,,,3.7,0.47,,0.08904866771533441,11.884368308351178,,,5.206818181818182,,0.73932,2.8,0.003431650595575724,0.023,0.024,1.3,0.0256,22.0,6.547594936708861,4.35,,,6.2,0.215,9.3,,1.34,0.14021739130434782,,,2.95,,0.31,4.26,31.5,5.0,1.922720622414812,,,,,,3.0,,,,,0.0777000777000777,0.74,1177.91,1177.91,53.5,170.8334,3129.99,22.38888888888889,,9.3,,19.25,,,0.45,11.5,0.42,,3.5,,,4.7917,55.0,1710.32,,0.32,,0.3866666666666666,,,2.08,1224.4224422442246,1.18,153.3333,48.0,,,,,,,,,,,7.44,1.2357723577235773,2.16,1.2,,,0.8012568735271014,,,0.28,1710.32,5.8,0.218,,,2900.0,,,,22.1212,0.10074999999999999,0.01426829268292683,14.25,0.7,0.33,4.3,,0.5208433734939758,1.43208,0.00947669698433121,0.205,,0.36553846153846153,,0.37
2008-03-31,1.2,,0.005489470368856325,1.7920000000000003,0.416625,,23.25,25.0,274.3055,,0.98,,,,0.53,6.4,3.9,,,0.6819044950617362,10.75,1827.11,0.36,1827.11,,3.1,4.8,,0.37,,2.2,,1.6044444444444443,0.0075,0.32894736842105265,,9.9,3.7,0.45,0.22846153846153847,40.0,,4.2426438062510226,0.3936132156511283,,50.0141,0.96,,0.09629032258064517,1.44,,,,45.4531,2.2334,0.23,,,,0.0654063522913257,0.7423248150094488,,0.0727272727,6.5,2.16,25.9373,,,,,,,,0.75,1.3,0.10844707769779312,,,,1.7,,10.909090909090908,0.21,,,,,9.1,2.1178,4.1,1.58,,,,,,,,,3.4,,0.18333333333333332,0.34,0.62,,,0.15,,0.5028571428571429,,,,3.5,,900.0,,8.975174603174603,,718.61,718.61,,,1.04,,1.8429999999999997,,41.0,,,,1.22,0.66,1505.0,,7.2,7.6,,1.6666666666666667,19.75,,,,1543.58,1.78,5.6,1543.58,,,,3.55,31.5,,,,3755.33,3755.33,0.325,4.05,3.3,,0.06345905172413793,,48.0,9.14,1.0044642857142856,0.16311149130310812,0.1466708286390551,0.44399010445299614,,0.6580833380005601,0.6691827822832188,0.36,0.38,,0.81,,0.81,2.285103554570851,2.65,2.4,,,0.7275590551181103,2.137142857142857,7062.62,0.019,0.012999999999999998,2.4,,,,,,0.65,,27.22,0.12913043478260872,2.168,80.0,1450.0,0.012056005665918367,,0.24152777777777779,7062.62,1.1779365079365078,,,4.0,0.37,,0.06849897516564185,11.402569593147751,,,5.386363636363637,,0.732,3.05,0.0032600680657969374,0.022,0.023,1.1700000000000002,0.0256,20.0,6.547594936708861,3.4,,40.0,5.7,0.2,9.0,,1.16,0.16956521739130434,,,2.65,,0.28,4.140000000000001,28.5,5.0,1.8232974197360647,,,,,,2.9,,,,,0.06993006993006992,0.72,1094.06,1094.06,53.5,154.1667,2984.67,,,6.7,,17.0,,,0.5,10.25,0.41,,3.5,,,4.3333,55.4167,1657.74,0.49807921716325243,0.41,,0.3866666666666666,,,1.84,1224.4224422442246,1.06,149.3333,46.5,,,,,,,,,,,6.8,0.9756097560975611,2.18,1.2,,,1.2052238805970148,,,0.2545454545454546,1657.74,5.0,0.25,,,2815.0,,,,21.2121,0.09749999999999999,0.01426829268292683,14.0,0.65,0.32,3.0,,0.5103212851405622,1.0683771428571427,0.008552141180981822,0.205,,0.31476923076923075,,0.28
2008-04-30,1.2,,0.004781151611584541,,0.44442222,,22.5,26.0,247.9167,,0.94,,,,0.52,6.6,3.9,,,0.7159997198148231,9.8,1715.57,0.35,1715.57,,3.1,5.1,,0.33,,2.18,,1.303611111111111,0.007,0.32894736842105265,,12.0,3.3,0.52,0.2690769230769231,35.0,,3.8713719031255116,,,46.3733,0.95,,0.0898709677419355,1.4,,,,43.3848,1.9,0.245,,,,,0.7181841706188976,,0.0568181818,6.6,2.3,26.2244,,,,,,,,0.7,1.3,0.10534431746031746,,,0.6388384754990927,1.7,,10.909090909090908,0.26,,,,,8.2,2.1178,4.0,1.22,,,,,,,,0.3243628965630846,3.0,,0.165,0.31,0.59,,0.30813322584961267,0.125,,0.46514285714285714,0.25941922771025366,,,2.85,,920.0,2.2742428654630173,8.284063492063492,,693.09,693.09,,,1.0,,1.6149999999999995,,40.5,,,,1.08,0.56,1360.0,,7.5,7.3,16.080000000000002,1.3666666666666665,18.75,,,,1413.55,1.64,5.5,1413.55,,,,3.1,30.5,,,0.333691783415373,3581.11,3581.11,0.34375,3.45,3.15,0.40404040404040403,0.05532327586206897,,44.0,8.76,0.7366071428571429,0.14476144853150846,0.18857677967878514,0.6096580538757559,,0.7238194343321199,0.460063162819713,0.3,0.29,0.05710727790751233,0.55,,0.55,2.0956313044435575,2.46,2.28,,,0.7154330708661417,2.105714285714286,6697.82,0.015,0.008863636363636362,2.24,,,,,5.0,0.63,,23.82,0.12913043478260872,1.848,81.0,1600.0,0.01715662344765306,,0.27416666666666667,6697.82,1.3926984126984128,,,4.5,0.25,,0.07420722309611201,11.402569593147751,,,3.95,,0.732,2.38,0.003088485536018151,0.022,0.022,1.209,0.0256,16.0,6.0429254571026725,3.0,,40.0,5.7,0.185,9.0,,0.99,0.14347826086956522,,,3.0,,0.25,4.32,30.5,4.9,1.7569721883001774,,,,,,3.0,,,,,0.06993006993006992,0.73,990.51,990.51,50.0,133.3334,2749.77,22.569444444444443,,6.5,,16.25,,1.038888888888889,0.46,10.75,0.35,,3.5,,,4.0833,50.0,1520.5,0.49807921716325243,0.27,,0.3866666666666666,,,1.64,1323.4323432343235,1.0,133.3333,45.0,,,,,,,,,,,5.76,0.910569105691057,2.5,1.2,,,1.4462686567164176,,,0.24181818181818182,1520.5,3.7,0.275,,,2565.0,,,,20.6061,0.10074999999999999,0.011634146341463415,14.0,0.62,0.32,3.1,,0.4997991967871485,1.1365714285714286,0.008321002230144477,0.18,,0.3046153846153846,,0.23
2008-05-31,1.16,,0.004781151611584541,,0.416625,,18.75,25.0,293.75,,1.0,,,,0.59,7.2,3.4,,,0.7273875248823541,10.75,1741.79,0.36,1741.79,,3.05,5.6,,0.4,,2.3,,1.387175925925926,0.007,0.28289473684210525,,15.75,3.55,0.66,0.35030769230769226,39.0,,4.030470250368189,0.48338603189863355,,48.9218,0.86,,0.09629032258064517,1.44,,,,45.4531,2.0666,0.245,,1.0875020797469246,,0.07694864975450082,0.9656257756220472,,0.0590909091,5.9,2.34,25.6501,,,,,,,,0.68,1.4,,,,0.6867513611615246,1.74,,10.909090909090908,0.27,,,,,8.4,2.1178,4.4,1.32,,,,,,,,0.3243628965630846,2.8,,,0.3,0.58,,0.3050518935911166,0.145,,0.4085714285714286,,,,2.9,,1000.0,2.029324403028538,8.207301587301588,,723.33,723.33,0.21639029736942436,,0.94,,1.7859999999999996,,33.0,,,,1.12,0.57,1290.0,,7.5,7.3,,1.4000000000000001,19.25,,,,1546.79,1.82,5.4,1546.79,,,,3.3,33.5,,,,3359.23,3359.23,0.36874999999999997,3.65,3.2,0.36363636363636365,0.05532327586206897,,43.5,8.57,0.8705357142857143,0.17330595950955235,0.1990532674387176,0.7289389774601429,,0.5133074115560534,,0.32,0.3,,0.63,,0.63,2.1401736689281243,2.22,2.1,,,0.7639370078740157,,7379.81,0.016,0.010045454545454545,2.75,,,,,5.0,0.65,,26.54,0.16043478260869565,1.768,61.5,1660.0,0.013910775768367347,,0.235,7379.81,1.3146031746031746,,,3.9,0.26,,0.07991547102658215,11.241970021413277,,,3.95,,0.72468,2.44,0.002745320476460579,0.025,0.026,1.066,0.0283,18.5,5.97082981715893,4.2,,38.0,5.1,0.19,9.8,,0.95,0.13369565217391302,,,2.8,,0.27,3.9000000000000004,35.5,,1.7569721883001774,,,,,,3.2,,,,,,0.74,1034.97,1034.97,42.5,126.0417,2827.44,22.569444444444443,,7.1,,18.25,,1.038888888888889,0.44,10.5,0.36,,3.5,,,4.1667,50.8333,1542.57,0.7546647258849019,0.27,,0.3866666666666666,,,1.78,1320.1320132013202,1.0,133.3333,39.5,,,,,,,,,,,6.4,0.9626016260162602,2.48,1.2,,,1.5858208955223878,,,0.23545454545454544,1542.57,4.95,0.335,,,2605.0,3.163083900226757,,,21.2121,0.091,0.011195121951219512,13.25,0.65,0.32,3.2,,0.5050602409638554,1.3638857142857141,0.008552141180981822,0.205,,0.31476923076923075,,0.22
2008-06-30,1.08,,0.0035415937863589194,1.28,0.38882778,,18.5,19.0,214.5833,,0.93,,,,0.56,6.9,3.0,,,0.6819044950617362,9.6,1571.68,0.33,1571.68,,2.65,5.2,,0.3,,2.18,,1.0863425925925925,0.006,0.2631578947368421,,12.75,3.1,0.71,0.36553846153846153,33.0,,2.7576834724267716,,,43.4607,0.62,,0.08345161290322582,1.38,,,,38.5589,1.7,0.22,,2.268218623472157,,,0.9173444868409448,,0.05,5.9,2.22,24.7888,,,,,,,,0.43,1.4,0.12289161904761906,,,0.6947368421052632,1.72,,10.909090909090908,0.25,,,,,7.6,2.0521,3.6,1.2,,,,,,,,0.3243628965630846,1.94,,,,0.43,,0.30813322584961267,0.11,,0.4085714285714286,,,,2.5,,1000.0,2.0643127548048925,7.132190476190477,,631.92,631.92,,,0.7,,1.6909999999999996,,22.25,,,,0.75,0.38,1180.0,,7.3,7.0,,1.5,18.75,,,,1293.72,1.52,5.5,1293.72,,,,3.0,29.5,,,0.3140628549791747,2987.85,2987.85,0.34375,2.32,3.05,0.2828282828282828,0.04230603448275862,,34.5,8.38,0.84375,0.14272255489021957,,,,0.5922870437785869,,0.25,0.25,0.05710727790751233,1.05,,1.05,1.8503807780698256,1.04,2.34,,,0.7275590551181103,1.917142857142857,6916.13,0.013,0.00768181818181818,2.56,,,,,4.5,0.55,,22.46,0.14869565217391306,1.176,38.5,1510.0,0.02735785901112245,,0.16972222222222222,6916.13,1.73,,,3.0,0.21,,0.06735732557954784,11.723768736616703,,,2.6931818181818183,,0.74664,2.1,0.00223057288712422,0.028,0.028,1.0010000000000001,0.0292,11.5,5.236765119549929,3.5,,32.5,6.5,0.205,9.9,,0.79,0.12717391304347825,,,2.5,,0.225,,29.5,,1.641,,,,,,3.8,,,,,0.06993006993006992,0.74,857.61,857.61,49.0,135.4167,2459.98,,,7.1,,14.75,,1.0266666666666666,0.46,7.4,0.34,,2.75,,,5.1667,48.3333,1415.07,0.7546647258849019,0.22,,0.2642222222222222,,,1.54,1188.118811881188,0.88,130.6667,40.0,,,,,,,,,,,5.6,0.9495934959349595,2.28,1.2,,,1.9029850746268655,,,0.22272727272727272,1415.07,4.35,0.265,,,2395.0,,,,19.697,0.07799999999999999,0.010097560975609756,10.5,0.63,0.29,3.0,,0.4840160642570281,1.1365714285714286,0.00808986327930713,0.17,,0.2741538461538462,,0.18
2008-07-31,1.0,,,1.28,0.55547778,,16.75,16.75,245.8333,,0.85,,,,0.6,6.7,3.35,,,0.7387412347251321,9.8,1619.43,0.28,1619.43,,2.7,5.5,,0.38,,2.04,,1.1030555555555555,0.008,0.2763157894736842,,13.0,3.1,0.475,0.2513076923076923,37.5,,3.234978514154803,0.48338603189863355,,42.0044,0.7,,0.08345161290322582,1.38,1.32,,,42.4197,1.9666,0.205,,1.5535743996384634,,,0.7664654594,,0.0613636364,6.0,2.18,24.5017,,,,,,,,0.465,1.4,0.11532812698412698,,,0.5989110707803993,1.5,,10.909090909090908,0.28,,,,,8.8,3.4329,3.1,1.04,,,,,,,,0.3243628965630846,2.12,,,,0.43,,0.2465065806796902,0.135,,0.396,,,,1.94,,980.0,2.029324403028538,7.285777777777778,,656.16,656.16,,,0.8,,1.6529999999999996,,30.0,,,,0.84,0.43,1130.0,,6.5,6.4,,2.0,23.5,,,,1379.64,1.4,5.6,1379.64,,,,2.85,30.0,,,0.2748049981067777,3133.94,3133.94,0.290625,2.28,2.8,0.32323232323232326,0.04556034482758621,,37.0,7.33,1.0044642857142856,0.16311149130310812,0.17810029191885263,,,,,0.25,0.26,,1.1,,1.1,2.028750877289554,1.24,2.4,,,0.7154330708661417,,6873.74,0.016,0.010045454545454545,2.56,,,,,4.95,0.62,,25.52,0.15260869565217397,1.368,59.5,1525.0,0.03245847679285715,,0.19583333333333333,6873.74,1.89,,,3.4,0.22,,0.06393237682126574,10.920770877944326,,,3.375454545454546,,0.6588,2.22,0.003431650595575724,0.027,0.027,0.741,0.0274,24.0,5.092573839662447,3.5,,28.0,6.1,,9.2,,0.74,0.12391304347826086,,,2.28,,0.23,3.7800000000000002,30.0,,1.8461,,,,,,3.5,,,,,0.18181818181818182,0.73,879.72,879.72,48.0,137.5,2577.1,,,7.0,,16.75,,0.9777777777777779,0.41,7.4,0.34,,3.3,,,4.7083,48.3333,1459.03,,0.22,,0.38022222222222213,,,1.36,1135.3135313531354,0.92,144.0,42.5,,,,,,,,,,,5.84,0.9235772357723577,2.3,1.2,,,1.9029850746268655,,,0.22272727272727272,1459.03,4.4,0.32,,,2500.0,,,,19.3939,0.091,0.00878048780487805,10.75,0.64,0.29,2.12,,0.5050602409638554,1.3638857142857141,0.00808986327930713,0.175,,0.24876923076923077,,0.27
2008-08-31,1.16,,0.0035415937863589194,,0.52774722,,18.0,17.75,250.0,,0.91,,,,0.67,7.3,4.65,,,0.7955779743885278,10.25,1668.75,0.3,1668.75,,2.9,5.6,,0.38,,1.88,,1.1030555555555555,0.0065,0.2631578947368421,,13.0,3.45,0.48,0.2589230769230769,38.0,,3.181966944853543,0.564148669568554,,42.3684,0.74,,0.08024193548387097,1.3,1.44,,,47.3834,2.4334,0.21,,,,,1.0199422255007873,,0.0704545455,6.0,2.3,24.5017,,,,,,,,0.5,1.3,0.10032215873015873,,,0.6947368421052632,1.62,,10.909090909090908,0.29,,,,,7.5,3.1699,3.05,1.0,,,,,,,,0.3243628965630846,2.24,,,,0.43,,0.27731990326465145,0.135,,0.3268571428571429,,,,1.96,,1290.0,2.029324403028538,6.671428571428572,,677.87,677.87,,,0.79,,1.5579999999999998,,27.5,,,,0.89,0.43,1100.0,,6.3,6.2,,2.066666666666667,19.25,,,,1454.62,1.58,5.6,1454.62,,,,3.95,28.5,,,,3097.2,3097.2,0.25,3.0,3.0,0.32323232323232326,0.05044181034482759,,43.5,6.76,1.0580357142857142,0.16107259766181922,0.1571473163989876,,,0.6580833380005601,,0.25,0.25,,1.075,,1.075,2.0956313044435575,1.28,2.22,,,0.7154330708661417,1.9485714285714286,6994.47,0.015,0.008863636363636362,2.59,,,,,4.95,0.55,,25.86,0.1682608695652174,1.368,56.0,1430.0,0.031210073839285715,,0.16319444444444445,6994.47,1.89,,,3.85,0.24,,0.06849897516564185,11.402569593147751,,,3.6806818181818186,,1.037,2.14,0.003774815655133296,0.023,0.024,0.7280000000000001,0.0256,24.0,5.1646694796061885,3.2,,28.0,6.1,,9.5,,0.92,0.13043478260869565,,,2.14,,0.225,,32.0,,1.9231,,,,,,3.55,,,,,,0.78,928.07,928.07,,152.0834,2688.09,,,7.6,,17.0,,0.7333333333333334,0.43,7.6,0.36,,3.0,,,4.5833,49.5833,1549.46,0.7546647258849019,0.23,,0.3222222222222222,,,1.7,1066.0066006600662,0.8,150.6667,44.0,,,,,,,,,,,6.48,0.8715447154471546,2.5,1.06,,,1.4589552238805967,,,0.2290909090909091,1549.46,4.45,0.305,,,2720.0,,,,19.0909,0.07799999999999999,0.012,10.5,0.67,0.3,2.2,,0.4840160642570281,,0.010170113836843247,0.19,,0.25384615384615383,,0.25
2008-09-30,1.7,,0.0035415937863589194,,0.36109722,,15.75,15.5,241.6667,,0.89,,,,0.59,7.0,3.45,,,0.7500949445679099,9.2,1622.25,0.3,1622.25,,2.85,4.95,,0.38,,1.7,,0.8690740740740741,0.006,0.25,,10.5,3.0,0.445,0.24623076923076923,33.0,,2.4925619865815745,0.5554625693521829,,39.8199,0.78,,0.07061290322580646,1.26,1.44,,,46.1425,2.3,0.19,,,,0.08079608224222586,0.8207819092787402,,0.0568181818,6.1,2.08,23.425,,,,,,,,0.425,1.1,0.0953,,,0.6388384754990927,1.6,,10.581818181818182,0.31,,,,,7.0,2.8411,2.5,0.74,,,,,,,,0.3243628965630846,2.12,,,,0.33,,0.2372625839042018,0.12,,0.3205714285714286,,,,1.9,,800.0,1.9243593476994758,5.634730158730159,,641.33,641.33,0.24382005337399928,,0.63,,1.3679999999999999,,19.5,,,,0.71,0.35,1025.0,,5.6,5.5,,1.9333333333333333,19.0,,,,1339.27,1.4,5.9,1339.27,,,,4.3,25.5,,,0.32714880726997353,3034.24,3034.24,,3.0,2.85,0.4363636363636364,0.03742456896551724,,50.0,6.57,0.75,0.11417804391217568,0.2095297551986501,0.662671797691039,,0.6580833380005601,0.3345913911416094,0.175,0.18,0.05710727790751233,0.79,,0.79,2.028750877289554,1.42,1.88,,,0.8124409448818898,2.2,6034.38,0.011,0.00709090909090909,2.33,,,,,,0.51,0.32408395588758443,22.46,0.16434782608695653,1.32,59.0,1580.0,0.02496805907142857,,0.13055555555555556,6034.38,1.73,,,3.45,0.22,,0.07363639830306498,10.599571734475376,,,2.5136363636363637,,0.9027999999999999,1.92,0.00446114577424844,0.021,0.022,0.663,0.0239,19.0,4.948382559774965,2.38,,33.0,5.9,,8.9,,0.88,0.14021739130434782,,,2.0,,0.205,4.5,28.5,,2.0257,,,,,,3.5,,,,,0.18181818181818182,0.72,863.98,863.98,47.0,148.9584,2569.65,21.666666666666664,,7.2,,15.75,,0.8555555555555555,0.38,7.6,0.3,,2.3,,,3.75,45.4167,1502.51,,0.21,,0.3286666666666666,,,1.5,990.0990099009902,0.8,137.3333,58.5,,,,,,,,,,,6.64,0.8065040650406504,2.2,1.0,,,1.2686567164179103,,,0.19727272727272727,1502.51,3.85,0.305,,,2685.0,,,,15.7576,0.0715,0.009,9.5,0.67,0.3,1.82,,0.394578313253012,1.3638857142857141,0.009245558033493863,0.175,,0.24369230769230768,,0.2
2008-10-31,1.64,,0.0026561953397691894,,0.3333,,15.0,15.0,194.1667,,0.71,,,,0.4,5.5,2.0,,,0.6591970753761804,5.9,1272.57,0.25,1272.57,,2.2,3.4,,0.24,,1.34,,0.6016666666666667,0.0042,0.23,,4.8,2.95,0.425,0.24876923076923077,25.5,,1.5273441335297004,0.46867447210635504,,31.8102,0.6,,0.05937903225806452,1.3,1.0,,,42.006,1.64,0.18,,,,,0.7181841706188976,,0.0309090909,6.4,1.6,22.1043,,,,,,,,0.34,0.6,0.06516704761904762,,,,,,10.909090909090908,0.23,,,,,5.3,2.6438,1.9,0.53,,,,,,,,,1.06,,0.17,0.18,0.21,,0.18487993550976764,0.08,,0.28285714285714286,,,,1.1,,575.0,1.8543826441467675,4.943619047619047,,505.53,505.53,,,0.42,,0.7599999999999999,,18.0,,,,0.48,0.24,905.0,,4.35,4.2,,1.8,13.75,,,,974.95,1.36,3.55,974.95,,,,3.6,14.25,,,0.32714880726997353,2426.26,2426.26,0.18,2.3,2.95,0.41212121212121217,0.026034482758620688,,46.0,2.38,0.6696428571428571,0.08665297975477618,0.1592426139509741,0.662671797691039,,,0.25930832813474736,0.0875,0.0875,0.05710727790751233,0.5,,0.5,1.8949900229815462,1.14,1.5,,,0.6426771653543307,2.3,3861.27,0.008,0.004727272727272727,1.92,,,,,4.95,0.5,,17.35,0.14304347826086955,0.824,58.5,1100.0,0.02496805907142857,,0.05875,3861.27,1.17,,,2.6,0.155,,0.07192392392392392,7.869379014989294,,,1.6697727272727276,,0.61,1.46,0.002573737946681793,0.012,0.012,0.5,0.013,15.5,5.092573839662447,1.2,,33.0,4.9,,6.0,,0.76,0.10434782608695652,,,0.81,,0.135,4.5,21.0,,1.7179,,,,,,3.0,,,,,0.18181818181818182,0.77,631.75,631.75,45.5,88.75,1951.09,,,5.1,,10.25,,0.7944444444444445,0.24,5.6,0.175,,2.85,,,2.875,32.5,1124.59,,0.18,,0.3222222222222222,,,0.97,693.0693069306931,0.61,105.6,48.0,,,,,,,,,,,6.72,0.6504065040650407,2.1,1.0,,,1.2052238805970148,,,0.1272727272727273,1124.59,2.5,0.255,,,1995.0,,,,14.5455,0.07799999999999999,0.004,5.2,0.59,0.27,1.1,,0.34196787148594376,,0.007165307475957743,0.15,,0.132,,0.08
2008-11-30,1.42,,,,0.30550278,,14.25,14.25,160.8333,,0.68,,510.0,,0.3,5.5,1.78,,,0.6705507852189584,6.2,1242.08,,1242.08,,2.3,3.6,,0.23,,0.7,,0.43453703703703705,0.0034,,,3.25,2.7,0.37,0.23353846153846156,24.5,,1.230339338897071,0.5340830638660036,,29.2617,0.54,8.517585931254995,0.05937903225806452,1.32,1.0,,4.501964603806725,43.6606,2.0,0.16,,1.4914314236529251,,0.07566617225859247,,,0.03,6.1,1.32,20.9486,,,,,,,,0.35,0.6,0.06516704761904762,,,0.5030852994555355,1.4,,10.909090909090908,0.21,,,,,4.8,2.5781,1.3,0.492,,,,,,,,,0.85,,0.15,0.14,0.21,,,0.075,,0.3142857142857143,,,,0.93,,635.0,,4.636444444444444,,475.96,475.96,,0.048286833355428875,0.42,,0.5319999999999999,,16.5,,0.11555555555555559,,0.46,0.23,825.0,,4.0,3.95,,1.6,13.25,,,,860.94,0.98,2.34,860.94,,,,4.15,15.5,,,0.3435062476334722,2224.48,2224.48,0.2,2.04,2.95,0.33333333333333337,0.02798706896551724,,38.5,1.69,,0.09175021385799831,,,,0.6580833380005601,0.2091196194635059,0.0825,0.0925,0.05922236227445722,0.415,,0.415,1.6943487415195344,1.02,0.88,,,0.6305511811023622,2.02,3679.18,0.0065,0.00384090909090909,2.4,,,,,4.5,0.44,,16.67,0.11260869565217392,0.696,58.0,850.0,0.03433108122321429,,0.10118055555555555,3679.18,1.41,,,2.28,0.14,,0.06507402640735975,8.67237687366167,,,1.5261363636363638,,0.61,1.28,0.0024021554169030065,0.0085,0.009,0.67,0.01,16.5,4.66,0.93,,,4.4,,4.85,,0.62,0.09782608695652173,,,0.64,,0.13,4.2,16.25,,1.6923,,,,,,2.5,,,,,,0.84,601.29,601.29,44.0,54.1667,1971.57,30.694444444444443,,5.5,,9.9,,0.9777777777777779,0.22,5.8,0.195,,2.3,,,2.8333,24.1667,1266.0,,0.16,,0.2384444444444444,,,0.95,607.2607260726073,0.45,97.6,42.0,,,,,,,,,,,5.76,0.5853658536585367,2.14,,,,0.85,,,0.14,1266.0,2.65,0.3,,,2340.0,3.163083900226757,,,13.3333,0.075,0.004,5.0,0.5,0.185,1.06,,0.3472289156626506,,0.006934168525120398,0.155,,0.12692307692307692,,
2008-12-31,1.64,,,,0.349965,,12.25,12.5,174.1667,,0.62,,497.5,,0.25,5.6,1.74,,,0.6705507852189584,6.4,1196.99,0.17,1196.99,,2.2,3.8,,0.195,,0.58,,0.3676851851851852,0.003,0.26,,2.75,2.9,0.47,0.2386153846153846,23.0,,1.400065455735559,0.5127248685600491,,29.6257,0.71,,0.056169354838709676,1.28,1.04,,,40.7651,2.1666,0.13,,1.398216959674617,,,,,0.0263636364,6.0,1.56,21.609,,,,,,,,0.45,0.55,0.0953,,,,,,11.781818181818183,0.2,,,,,4.8,2.6438,1.2,0.53,,,,,,,,,0.76,,0.15,0.15,0.33,,0.27115723874765923,0.08,,0.35828571428571426,0.38677048494983274,,,0.77,,620.0,1.7494175888177055,4.336952380952381,,456.89,456.89,0.29162790697674423,,0.39,,0.5509999999999999,,15.25,,,,0.4,0.245,760.0,,3.45,3.3,22.333333333333336,1.15,13.25,,,,897.45,0.94,1.9,897.45,,,,4.95,12.75,,,0.3762211283604695,2145.65,2145.65,0.2,1.7,,0.41818181818181815,0.026685344827586208,,41.5,1.61,0.6696428571428571,0.09175021385799831,0.1592426139509741,,,0.6449,,0.06,0.07,,0.31,,0.31,1.672010678850097,0.97,0.72,,,0.6426771653543307,2.02,3221.55,0.0065,0.00384090909090909,2.24,,,,,,0.48,,15.65,0.09130434782608696,0.728,59.5,750.0,0.02496805907142857,,0.13055555555555556,3221.55,1.41,,,2.7,0.1,,0.06849897516564185,8.511777301927195,,,1.3286363636363638,,1.4,1.26,0.0024021554169030065,0.008,0.008,0.44,0.0085,12.5,6.66,0.6,,,5.1,,4.5,,0.72,0.09782608695652173,,,0.85,,0.12,,14.0,,1.8975,,,,,,2.6,,,,,,,623.77,623.77,41.0,56.25,1872.85,28.166666666666664,,4.9,,9.8,,0.7333333333333334,0.25,4.9,0.205,,2.7,,,2.4583,20.8333,1143.59,,0.15,,0.24488888888888885,,,0.92,580.8580858085809,0.45,102.4,40.5,,,,,,,,,,,6.0,,2.1,1.0,,,0.9,,,0.15,1143.59,2.7,0.28,,,2115.0,,,,13.0303,0.08,0.0032,5.8,0.55,0.165,1.02,,0.3261847389558233,,0.006471890623445703,0.145,,0.1193076923076923,,0.15
2009-01-31,1.54,,,,0.3333,,12.25,12.5,162.5,,0.66,,505.0,,0.25,5.7,1.64,0.13,,0.9092173584905661,6.3,1194.84,0.165,1194.84,,2.3,3.95,,0.215,,0.69,,0.7286851851851852,0.0032,0.27,,3.15,2.6,0.49,0.2386153846153846,,,1.4425128947799053,0.6275592164653574,,22.75,0.57,,0.054564516129032264,1.26,1.2,0.17909387914099453,,34.5,2.3,0.11,,1.398216959674617,,,,,0.0290909091,6.5,1.46,21.4058,,,,,,,,0.42,0.6,0.09027784126984127,,,,,,11.781818181818183,0.195,,,,,3.8,2.5,1.6,0.56,,,,,,,,0.3243628965630846,0.83,,0.14,0.15,0.26,,0.27731990326465145,0.075,,0.3142857142857143,0.42974498327759186,,,1.02,,630.0,1.7844059405940593,8.412698412698413,,429.07,429.07,,0.05130476044014318,0.42,,0.5319999999999999,,19.5,,0.060000000000000026,,0.44,0.215,835.0,,3.35,3.25,,1.15,13.25,,,,891.5,0.95,2.0,891.5,,,,4.5,10.75,,,,2158.5,2158.5,,1.96,2.5,0.38181818181818183,0.026034482758620688,,39.5,2.34,0.6696428571428571,0.08155574565155406,,,,,0.5186166562694947,0.07,0.08,,0.246,,0.246,1.7612291686735382,1.08,0.73,,,0.6305511811023622,2.2,3324.95,0.008,0.005318181818181817,2.17,,,,,,0.45,,15.65,0.0973913043478261,0.58,59.5,755.0,0.02496805907142857,,0.1175,3324.95,1.41,,,2.65,0.125,,0.10617341150674484,6.584582441113491,,,1.2568181818181818,,1.0,1.3,0.0024021554169030065,0.0085,0.009,0.42,0.0095,15.0,6.66,0.59,,28.0,5.0,,5.1,,0.71,0.09782608695652173,,,0.91,,0.13,4.2,14.0,,2.1539,,,,,,2.9,,,,,0.18181818181818182,0.84,599.5,599.5,38.0,55.4167,1825.09,,,4.55,,9.3,,,0.25,4.65,0.2,,2.4,,,2.875,19.5833,1129.46,,0.14,,0.1933333333333333,,,0.95,554.4554455445544,0.44,127.3333,40.0,,,,,,,,,,,7.2,0.5723577235772358,2.5,,,,,,,0.22,1129.46,2.4,0.27,,,2080.0,,,,12.1212,0.08,0.0034,7.1,0.56,0.17,0.99,,0.30514056224899594,1.3638857142857141,0.006934168525120398,0.15,,0.12184615384615384,,0.225
2009-02-28,1.42,,,,0.7,,13.0,12.75,160.0,,0.67,,510.0,,0.28,5.5,1.5,0.16,,1.049056603773585,5.6,1211.02,0.16,1211.02,,2.3,4.2,,0.205,,0.75,,1.2200462962962961,0.0034,0.26,,3.45,2.8,0.41,0.22338461538461538,,,1.4848966944853543,,,20.5,0.58,,0.054564516129032264,1.1,1.0,,3.6502415706541016,34.5,1.7,0.115,,1.398216959674617,,,0.706113848423622,,0.0281818182,6.7,1.4,18.2239,,,,,,,,0.355,0.6,,,,0.5989110707803993,,,11.781818181818183,0.215,,,,,4.7,1.7,1.8,0.58,,,,,,,,0.2872928512415892,0.89,,0.21,0.225,0.23,,0.27115723874765923,0.0825,,0.34571428571428575,,,,0.99,,620.0,1.9243593476994758,9.841269841269842,,407.6,407.6,,,0.38,,0.5129999999999999,,21.75,,0.04000000000000001,,0.44,0.185,785.0,,3.65,3.55,,0.93,12.75,,,,883.89,,1.9,883.89,,,,4.3,10.5,,,,2473.23,2473.23,0.18,1.92,2.7,0.4,0.022129310344827586,,40.5,2.47,0.6696428571428571,,,,,0.6778,0.8030193387398626,0.075,0.0775,,0.202,,0.202,1.8726519603121086,1.26,0.74,,,0.6305511811023622,2.5,3600.08,0.0075,0.004727272727272727,2.11,,,,,4.5,0.4,,14.12,0.10652173913043478,0.54,90.0,700.0,0.025384193389285714,,,3600.08,1.41,,,2.9,0.135,,,6.905781584582441,,,1.4722727272727272,,,1.3,0.002745320476460579,0.0095,0.01,0.4,0.01,14.0,6.66,0.5,,,5.6,,5.5,,0.7,0.08804347826086957,,,0.86,,0.125,7.0,11.75,,2.3077,,,,,,2.85,,,,,,,564.68,564.68,38.0,56.6667,1872.22,,,5.3,,9.3,,,0.24,4.4,0.185,,,,,2.375,22.0833,1158.87,,,,0.29,,,0.9,521.4521452145215,0.5,128.0,47.0,,,,,,,,,,,7.3,0.5333333333333333,2.55,,,,,,,0.205,1158.87,2.28,0.305,,,2165.0,3.163083900226757,,,12.7273,0.08,0.004,7.4,0.44,0.11,0.83,,0.24200803212851404,,0.00808986327930713,0.16,,0.11676923076923078,,0.24
2009-03-31,1.62,,,,0.75,,17.5,17.0,171.6667,,0.78,,530.0,,0.31,5.6,1.56,0.17,,1.0141230188679247,5.7,1283.9,0.15,1283.9,,2.4,4.6,,0.21,,1.06,,1.0362037037037037,0.0036,0.175,,4.3,2.7,0.39,0.19292307692307692,,,1.3152342169857634,0.5607928249875536,,25.5,0.7,,0.0577741935483871,1.0,0.93,,,34.0,1.6666,0.12,,,,,0.7664654594,,0.03,5.8,1.38,18.8024,,,,,,,,0.37,0.6,,,,,,,11.781818181818183,0.21,,,,,4.7,1.9,1.5,0.8,,,,,,,,0.2594903172504676,1.24,,0.2,0.2,0.24,,0.27115723874765923,0.075,,,,,,1.08,,785.0,,14.603174603174603,,441.67,441.67,0.29162790697674423,,0.36,,0.57,,26.5,,0.04444444444444446,,0.41,0.225,835.0,,4.3,4.15,22.333333333333336,0.85,12.5,,,,939.24,1.2,2.2,939.24,,,,4.45,12.0,,,0.40075728890571755,2814.74,2814.74,0.26,1.94,2.6,0.68,0.026034482758620688,,43.5,2.8,,0.07136127744510978,,,,0.9183,0.9828622114784776,0.075,0.0725,,0.218,,0.218,2.028750877289554,1.14,0.84,,,0.6062992125984252,3.2,3800.25,0.008,0.005318181818181817,1.85,,,,,4.5,0.44,,17.69,0.11565217391304349,0.56,87.0,550.0,,,0.1436111111111111,3800.25,1.45,,,2.9,0.145,,0.10274846274846276,7.0663811563169165,,,1.292727272727273,,1.0,1.26,0.002745320476460579,0.01,0.011,0.42,0.011,13.0,6.44,0.93,,25.0,5.8,,5.7,,0.62,0.09782608695652173,,,0.92,,0.12,7.0,11.75,,2.6667,,,,,,2.8,,,,,0.2,,573.72,573.72,38.0,72.5,1986.22,,,5.6,,10.5,,0.7333333333333334,0.29,4.5,0.19,,2.4,,,2.7917,27.9167,1202.47,,0.15,,0.29,,,0.9,534.6534653465347,0.7,132.6667,51.0,,,,,,,,,,,7.3,0.8455284552845529,2.7,1.0,,,,,,0.25,1202.47,2.7,0.27,,,2195.0,3.242160997732426,,,14.0909,0.055,0.0044,6.5,0.45,0.125,0.78,,0.3367068273092369,1.3638857142857141,0.010401252787680594,0.14,,0.12438461538461539,,
2009-04-30,1.6,,0.003187434407723027,,0.7917,,16.5,17.0,184.1667,,0.77,,530.0,,0.35,5.7,1.88,0.17,,1.0315898113207547,6.4,1359.78,0.23,1359.78,,2.38,5.3,,0.24,,1.28,,0.9860648148148148,0.0036,0.25,,5.0,3.2,0.41,0.22084615384615383,,,1.6546228113238424,1.1616508640176328,,30.0,0.7,,0.07061290322580646,1.0,0.93,,,39.5,1.8,0.13,,1.5535743996384634,,,,,0.0290909091,5.7,1.48,21.1166,,,,,,,,0.55,0.7,0.1782,,,0.6787658802177858,,,11.781818181818183,0.26,,,,,6.5,2.0,2.04,0.88,,,,,,,,0.24558905025490685,1.44,,0.21,0.215,0.29,,0.3050518935911166,0.09,,,,,,1.6,,750.0,,11.904761904761905,,514.88,514.88,0.39906976744186057,,0.57,,0.7599999999999999,,24.75,,0.048888888888888905,,0.43,0.25,820.0,,4.45,4.3,22.333333333333336,0.83,12.75,,,,1053.29,1.4,2.8,1053.29,,,,4.2,12.75,,,0.4089360090874669,2885.22,2885.22,0.71,1.94,2.7,0.7,0.028637931034482755,,46.0,3.23,,,0.20114856499070413,,,,0.8783024017467247,0.0825,0.085,,0.255,,0.255,2.0732932417741203,1.38,1.1,,,0.7275590551181103,,3811.5,0.009,0.005613636363636363,1.89,,,,,,0.46,,20.42,0.0791304347826087,0.7,91.5,680.0,0.03578755133571429,,0.1175,3811.5,1.61,,,3.25,0.175,,0.10274846274846276,8.67237687366167,,,1.5800000000000003,,1.0,1.32,0.002745320476460579,0.011,0.011,0.5,0.011,13.0,5.66,0.8,,,5.5,,5.7,,0.47,0.10434782608695652,,,1.08,,0.13,5.8,16.0,,2.8205,,,,,,2.3,,,,,0.2,0.82,664.42,664.42,38.0,112.5,2103.5,25.277777777777775,,5.4,,14.0,,,0.35,5.5,0.2,,3.0,,,2.2917,29.1667,1199.6,,0.15,,0.32,,,1.34,633.6633663366337,0.65,162.0,50.0,,,,,,,,,,,8.4,0.7154471544715448,3.0,1.0,,,1.5,,,0.26,1199.6,2.6,0.33,,,2185.0,,,,14.3939,0.07,0.005,7.2,0.475,0.13,1.06,,0.44718875502008026,2.0458285714285713,0.010401252787680594,0.13,,0.10153846153846155,,0.24
2009-05-31,1.24,,0.0028332750290871347,1.28,0.8,,21.25,21.5,239.5833,,0.93,,505.0,,0.57,6.0,3.0,0.23,,1.1714815094339623,8.7,1567.87,0.34,1567.87,11.95925540765391,2.38,5.3,,0.38,,1.14,,1.0863425925925925,0.0055,0.38,,6.2,3.5,0.415,0.21069230769230768,,,1.9303720667648505,1.468767318308088,,33.0,0.82,,0.07061290322580646,1.06,1.3,,,44.0,1.9,0.17,,,,0.07566617225859247,0.8207819092787402,,0.0381818182,5.9,1.9,20.9719,,,,,,,,0.76,0.9,0.2569,,,0.7346642468239566,1.92,,11.781818181818183,0.3,,,,,8.0,2.6,3.8,1.46,,,,,,,,0.3008465865622609,1.84,,0.26,0.26,0.42,,0.2465065806796902,0.115,,,,,,1.8,,750.0,2.0993011065812466,12.6984126984127,,571.19,571.19,0.39906976744186057,0.06277288336205754,0.73,,1.577,,27.5,,0.06666666666666668,,0.68,0.3,910.0,,7.2,7.1,,1.15,15.25,,,,1409.69,1.74,3.95,1409.69,,,,4.5,15.0,,,0.4089360090874669,3163.2,3163.2,0.65,3.15,2.7,0.74,0.05044181034482759,,48.0,5.04,0.8035714285714285,,0.20114856499070413,0.6361649257833975,,1.0932,,0.195,0.19,0.05922236227445722,0.82,,0.82,2.285103554570851,1.92,1.36,,,,3.25,5493.9,0.015,0.008863636363636362,1.79,,,,,5.0,0.45,,23.14,0.14,0.95,115.0,800.0,0.04161343178571429,,0.16972222222222222,5493.9,1.49,,,6.2,0.215,,0.280994708994709,8.993576017130621,,,2.872727272727273,,1.3,1.76,0.003088485536018151,0.015,0.016,0.55,0.016,14.5,6.66,2.55,,38.0,6.0,,6.9,,0.63,0.16304347826086957,,,1.36,,0.205,6.0,21.25,,3.0257,,,,,,2.3,,,,,,0.81,829.74,829.74,40.0,121.875,2389.31,23.47222222222222,,7.3,,15.25,,0.9166666666666667,0.35,7.3,0.34,,2.8,,,3.375,35.0,1261.42,,0.21,,0.48,,,1.4,653.4653465346535,0.85,223.3333,52.0,,,,,,,,,,,8.7,0.8455284552845529,2.55,1.0,,,2.0,,,0.49,1261.42,3.3,0.36,,,2210.0,,,,15.0,0.125,0.009,8.2,0.57,0.13,1.74,,0.44192771084337346,2.0458285714285713,0.011325808591029983,0.14,,0.17261538461538461,,0.3
2009-06-30,1.2,,0.003187434407723027,,0.8,,21.75,21.75,220.8333,,0.85,,510.0,,0.5,6.0,2.75,0.14,,1.119028679245283,8.1,1566.47,0.27,1566.47,7.279554908485857,2.36,5.7,,0.31,,1.16,,0.919212962962963,0.0042,0.38,,5.8,3.2,0.405,0.22338461538461538,,,1.9303720667648505,1.2684826865809098,,31.5,0.77,,0.07703225806451613,1.02,1.24,0.2686408187114918,,42.0,2.0,0.14,,1.70893183960231,,0.07566617225859247,0.8569928758645668,,0.0327272727,6.3,1.76,19.0917,,,,,,,,0.72,0.75,0.2155,,,0.7027223230490018,1.76,,12.0,0.32,,,,,7.8,2.0,3.4,1.3,,,,,,,,0.24558905025490685,1.56,,,,0.37,,0.2619132419721708,0.105,,0.37714285714285717,,,,1.82,,775.0,1.9243593476994758,12.6984126984127,,538.9,538.9,0.3837209302325582,0.09053781254142913,0.69,,1.5579999999999998,,29.5,,,,0.62,0.28,950.0,,6.4,6.4,,1.15,16.0,,,,1298.14,1.88,3.1,1298.14,,,,4.1,15.5,,,0.4600530102234003,3397.68,3397.68,0.69,2.8,2.7,0.79,0.04230603448275862,,49.0,4.09,0.8035714285714285,,0.1990532674387176,0.6295382078064871,,0.8198,0.8783024017467247,0.185,0.18,0.05922236227445722,0.79,,0.79,2.184782913839845,1.98,0.96,,,0.6305511811023622,3.5,5730.23,0.013,0.00768181818181818,1.82,,,,,5.0,0.45,,21.44,0.14,0.98,139.0,830.0,0.037452088607142865,,0.32,5730.23,1.55,,,5.1,0.21,,0.2892592592592592,9.314775160599572,,,2.405909090909091,,1.28,1.64,0.0029169030062393656,0.013,0.013,0.42,0.014,13.5,6.66,2.42,,,5.4,,6.2,,0.69,0.15652173913043477,,,1.36,,0.185,6.0,19.75,,3.3846,,,,,,2.5,,,,,0.28,1.02,802.46,802.46,40.0,112.5,2437.99,,,7.0,,14.0,,,0.3,6.8,0.27,,3.0,,,2.9583,35.0,1341.11,0.9433776030532163,0.16,,0.65,,,1.36,726.0726072607262,0.8,203.3333,61.5,,,,,,,,,,,8.9,0.9756097560975611,3.0,1.1,,,1.62,,,0.42,1341.11,3.05,0.3,,,2395.0,3.242160997732426,,,14.3939,0.1,0.0065,7.0,0.5,0.12,1.6,,0.34196787148594376,1.875342857142857,0.012134794918960697,0.13,,0.1523076923076923,,0.32
2009-07-31,1.28,,,,0.7667,,24.25,25.0,250.0,,0.89,,520.0,,0.6,6.9,4.1,0.21,,1.1364954716981133,9.1,1768.16,0.58,1768.16,7.149521630615641,2.34,5.6,,0.4,,1.22,,0.9526388888888888,0.0048,0.48,,6.9,3.7,0.425,0.24623076923076923,,,1.6970702503681887,1.2017077903630686,,35.0,1.18,,0.08666129032258066,1.06,1.24,,,45.5,2.2,0.16,,1.5846458876312326,,0.12055288461538462,0.7302544928141732,,0.0390909091,7.0,1.84,19.9595,,,,,,,,0.93,0.8,0.2818,,,0.6947368421052632,1.76,,12.0,0.8,,,,,7.7,2.8,3.8,1.48,,,,,,,,0.3530342597414286,2.3,,,,0.47,,0.27731990326465145,0.11,,0.34571428571428575,,,,2.26,,750.0,1.9943360512521842,14.285714285714286,,600.83,600.83,0.6906976744186047,0.12071708338857218,0.98,,1.6719999999999997,,39.5,,,,0.71,0.38,1050.0,,6.7,6.9,,1.3,17.0,,,,1513.36,2.22,3.5,1513.36,,,,4.0,18.0,,,0.638962514199167,4176.58,4176.58,0.7,3.2,2.75,0.78,0.043933189655172414,,50.5,5.14,0.9374999999999999,0.10194468206444257,,0.6295382078064871,,0.6997,0.6900947442295696,0.26,0.26,,1.0,,1.0,2.340814950390136,3.1,1.36,,,0.6062992125984252,,6675.52,0.017,0.010636363636363635,1.79,,,,,4.5,0.48,,26.54,0.185,1.38,229.0,1010.0,,,0.33,6675.52,1.39,,,5.5,0.26,,0.4338888888888889,10.278372591006423,,,3.5909090909090913,,1.12,1.8,0.0032600680657969374,0.013,0.013,0.72,0.014,15.0,6.33,2.75,,,5.5,,5.8,,0.71,0.215,,,1.76,,0.27,6.6,23.25,,2.9231,,,,,,2.4,,,,,0.8,0.88,967.54,967.54,40.5,119.7917,2798.33,,,7.8,,16.75,0.04821799324957511,0.9044444444444445,0.5,9.1,0.32,,3.0,,,3.2917,35.4167,1441.11,0.9811077263009887,0.205,,0.72,,,1.38,904.2904290429043,0.8,220.0,63.5,,,,,,,,,,,9.7,1.1577235772357726,3.1,1.0,,,1.64,,,0.49,1441.11,3.2,0.335,,,2545.0,,,,16.3636,0.13,0.008,8.9,0.55,0.135,2.5,,0.3998393574297188,1.3979828571428567,0.012712642296054063,0.125,,0.15738461538461537,,0.29
2009-08-31,1.28,,,,0.7583,,30.5,31.0,256.25,,0.93,,525.0,,0.59,7.5,5.1,0.18,,1.1889483018867926,10.75,1830.18,0.51,1830.18,7.149521630615641,2.36,6.2,,0.4,,1.36,,1.0362037037037037,0.005,0.43,,8.2,3.8,0.405,0.23607692307692307,,,1.6970702503681887,1.1483119075446029,,35.5,1.26,,0.08345161290322582,1.26,1.22,,,45.0,2.3334,0.185,,1.5846458876312326,,0.1798076923076923,0.7543951372047244,,0.0427272727,8.0,2.02,23.2861,,,,,,,,1.05,0.95,0.2404,,,,1.74,,12.0,0.7,,,,,9.0,4.2,3.95,1.78,,,,,,,,0.34075480722868323,2.42,,,,0.51,,0.2619132419721708,0.13,,0.34571428571428575,,,,2.28,,770.0,1.9243593476994758,13.650793650793652,,623.26,623.26,,0.11873811480843165,1.04,,2.2419999999999995,,42.0,,,,0.81,0.35,1010.0,,7.7,7.8,,1.25,18.0,,,,1620.31,2.16,4.65,1620.31,,,,4.15,21.5,,,0.638962514199167,4118.29,4118.29,0.6,3.45,3.4,0.75,0.04556034482758621,,51.5,5.9,1.3392857142857142,,,0.6759252336448598,,0.9292,0.6900947442295696,0.28,0.28,,0.97,,0.97,2.4523046224558605,3.7,1.56,,,0.6426771653543307,3.2,8180.69,0.026,0.01536363636363636,1.89,,,,,4.5,0.46,,26.54,0.2,1.62,201.0,920.0,,,0.36,8180.69,1.41,,,5.9,0.26,,0.3878703703703703,9.957173447537473,,,5.206818181818182,,1.0,2.1,0.0032600680657969374,0.016,0.016,0.82,0.016,17.0,6.55,3.5,,33.0,5.7,,7.2,,0.62,0.135,,,2.14,,0.25,6.2,24.75,,2.5641,,,,,,2.6,,,,,0.75,0.95,1101.41,1101.41,42.5,142.7084,2884.18,,,10.0,,17.25,0.05207543270954112,0.9166666666666667,0.48,11.0,0.42,,2.9,,,3.375,42.9167,1462.71,0.9433776030532163,0.16,,0.64,,,1.64,940.5940594059407,0.8,221.6667,65.0,,,,,,,,,,,10.5,1.261788617886179,3.1,1.0,,,1.68,,,0.54,1462.71,3.8,0.325,,,2520.0,,,,18.4848,0.125,0.009,10.5,0.55,0.17,2.8,,0.37879518072289153,1.159302857142857,0.02311389508373466,0.12,,0.1523076923076923,,0.25
2009-09-30,1.22,,,1.92,0.7583,,30.0,30.0,252.0833,,0.98,,525.0,,0.6,7.2,4.8,0.155,,1.4162264150943398,11.5,1787.09,0.39,1787.09,8.70942179700499,2.32,6.4,,0.39,,1.3,,0.9693518518518518,0.0048,0.36,,8.7,3.65,0.395,0.21069230769230768,,,2.17436529209622,1.7357867893267618,,34.5,1.46,,0.06740322580645161,1.06,1.18,0.3262067084353829,3.6502415706541016,45.0,2.5334,0.16,,,,,0.7181841706188976,,0.0381818182,9.0,2.0,21.4058,,,,,,,,1.0,0.8,0.2321,,,0.6947368421052632,1.74,,12.0,0.53,,,,,8.9,3.9,3.8,1.74,,,,0.22588875735399627,,,,0.337684944100497,2.32,,,,0.46,,0.2619132419721708,0.115,,0.4085714285714286,,,,2.1,,760.0,1.889370995923122,10.158730158730158,,618.11,618.11,0.6523255813953489,,0.94,,2.0899999999999994,,38.0,,,,0.85,0.32,980.0,,8.2,8.4,,1.25,18.25,,,,1584.46,2.12,4.7,1584.46,,,,4.0,22.0,,,0.4089360090874669,3967.71,3967.71,0.65,4.25,3.1,0.72,0.052068965517241377,,49.5,6.28,1.5,0.10194468206444257,0.1990532674387176,0.6295382078064871,,0.7762,0.7277362757330005,0.25,0.26,0.06345253100834702,1.05,,1.05,3.734201769716653,3.45,1.64,,,0.6426771653543307,2.5,7594.11,0.027,0.015954545454545454,1.82,,,,,,0.46,,26.2,0.22,1.5,170.0,900.0,0.029961670885714286,,0.29,7594.11,1.41,,,3.3,0.225,,0.3944444444444444,9.957173447537473,,,4.8477272727272736,,1.0,1.9,0.0029169030062393656,0.016,0.017,0.85,0.016,16.5,6.22,2.9,,32.0,5.1,,6.5,,0.54,0.11,,,2.46,,0.28,6.5,23.5,,2.7692,,,,,,2.3,,,,,0.6,0.84,1095.44,1095.44,42.5,136.4584,2800.82,22.027777777777775,,8.7,,17.5,0.04580709358709635,1.5,0.5,10.5,0.4,,3.5,,,3.25,45.4167,1420.63,,0.155,,0.64,,,1.74,864.6864686468648,0.82,216.6667,66.0,,,,,,,,,,,10.5,1.261788617886179,3.0,,,,1.48,,,0.43,1420.63,3.7,0.35,,,2410.0,3.163083900226757,,,18.1818,0.11,0.008,11.0,0.54,0.135,2.32,,0.363012048192771,1.1933999999999998,3.409299524850862,0.1,,0.1370769230769231,,0.215
2009-10-31,1.16,,0.01097894073771265,41.5,0.7,,30.0,30.0,243.75,,1.02,,525.0,,0.89,8.3,4.3,0.2,,1.538651320754717,10.5,1828.37,0.38,1828.37,17.418905990016636,2.18,7.5,,0.37,,1.26,,0.9860648148148148,0.0046,0.46,,8.9,3.7,0.53,0.48230769230769227,,,2.439486777941417,2.002846317271781,,35.0,1.4,12.776378896882495,0.07061290322580646,1.14,1.18,0.4797157476990926,3.6502415706541016,47.0,2.5666,0.165,,0.9942876157686166,,0.8336538461538461,0.796641264888189,,0.0418181818,8.5,1.9,20.9719,,,,,,,,1.075,0.8,0.2238,,4.2,1.2,1.72,,12.218181818181819,0.52,,,,,8.0,3.8,3.8,1.94,,,,0.1694165680154972,,,,0.3468945334850559,2.38,,,,0.45,,0.25575057745517854,0.13,,0.47771428571428576,,,,2.16,,750.0,2.1692778101339547,10.158730158730158,,638.9,638.9,0.6395348837209303,,0.92,,1.7479999999999996,,47.5,,,,0.84,0.33,925.0,,8.0,7.8,,1.25,22.5,,,,1571.28,2.2,4.85,1571.28,,,,3.85,20.5,,,,4293.27,4293.27,0.89,4.0,3.1,0.83,0.052068965517241377,,51.0,6.09,1.52,0.12233361847733105,,,,0.8418,1.129245945102932,0.245,0.245,0.06345253100834702,1.05,,1.05,3.6784234934702136,3.55,1.48,,,0.6548031496062993,3.25,8857.55,0.026,0.01536363636363636,1.82,,,,,,0.51,,27.91,0.62,1.54,188.0,850.0,,,0.45,8857.55,1.57,0.11567885167464113,,3.4,0.34,,0.6179629629629628,10.4389721627409,,,5.2,,0.94,1.62,0.002745320476460579,0.015,0.015,0.83,0.016,16.5,6.33,2.9,,40.0,5.0,,6.4,,0.54,0.12,,,2.1,,0.27,6.5,23.5,,2.8205,,,,,,2.7,,,,,2.16,0.66,1051.65,1051.65,50.0,136.4584,2908.5,18.777777777777775,,11.5,,16.5,0.04580709358709635,1.7,0.53,12.25,0.55,,3.35,,,3.3333,46.6667,1486.19,1.0942980960443063,0.165,,0.71,,,1.74,825.0825082508252,0.79,210.0,65.5,,,,,,,,,,,10.0,1.196747967479675,3.2,0.92,,,1.28,,,0.53,1486.19,3.6,0.345,,,2595.0,,,,20.9091,0.135,0.008,12.5,0.6,0.3,1.98,,0.3314457831325301,1.2104485714285713,3.813792688816219,0.115,,0.16753846153846155,,0.22
2009-11-30,1.16,,0.01411851576994434,59.0,0.7333,,30.0,29.0,250.0,,1.03,,520.0,,1.24,8.8,4.25,0.17,,1.4686792452830189,11.75,1891.51,0.4,1891.51,14.299105657237936,2.18,8.0,,0.36,,1.22,,0.9693518518518518,0.0046,0.5,,8.9,3.9,0.52,0.5838461538461538,,,2.333463639338897,3.8096988367109534,,40.0,1.38,13.060298427924328,0.06740322580645161,1.1,1.34,0.5628664773002686,,47.5,2.5334,0.16,,2.516790527414311,,0.6538461538461537,0.7664654594,,0.0409090909,9.0,1.78,20.8273,,,,,,,,1.125,0.8,0.2238,,6.6,1.1494736842105264,1.82,,12.218181818181819,0.56,,,,,6.4,6.25,3.9,1.86,,,,0.20329988161859663,,,,0.337684944100497,2.44,,,,0.45,,,0.12,,0.5594285714285715,,,,2.04,,750.0,2.0643127548048925,10.476190476190476,,670.36,670.36,0.6267441860465117,,0.89,,1.634,,51.0,,,,0.83,0.32,950.0,,7.8,7.9,,1.3,22.0,,,,1582.0,2.2,4.85,1582.0,,,,6.3,23.5,,,0.3373722074971602,4506.18,4506.18,0.78,3.95,3.4,0.65,0.052068965517241377,,54.5,5.9,2.5,0.12233361847733105,0.1990532674387176,,,,1.5056612601372426,0.25,0.26,0.06345253100834702,1.025,,1.025,3.6784234934702136,3.4,1.4,,,0.7275590551181103,2.6,11679.24,0.022,0.01359090909090909,1.76,,,,,4.5,0.51,,30.97,0.49,1.42,209.0,770.0,,,0.41,11679.24,1.37,0.08464306220095694,,2.7,0.3,,0.6245370370370369,10.278372591006423,,,5.9,,1.0,1.6,0.002745320476460579,0.015,0.015,0.86,0.015,15.5,6.44,3.05,,41.0,5.3,,7.3,,0.5,0.12,,,2.18,,0.26,6.5,23.75,,3.1795,,,,,,2.8,,,,,1.9,0.61,1099.45,1099.45,54.0,129.1667,3044.97,19.861111111111107,,18.0,,18.0,0.0433961939246176,1.32,0.58,13.5,0.57,,3.35,,,4.1667,45.4167,1498.06,2.830070548230197,0.155,,0.86,,,1.76,792.0792079207921,0.74,210.0,69.0,,,,,,,,,,,9.8,1.11869918699187,3.0,1.0,,,1.26,,,0.51,1498.06,4.0,0.315,,,2575.0,3.321238095238095,,,22.1212,0.115,0.008,14.75,0.65,0.38,2.02,,0.3209236947791164,1.3638857142857141,4.160501115072238,0.105,,0.1523076923076923,,0.21
2009-12-31,1.18,,0.011294812615955474,101.0,0.7417,,28.5,29.0,252.0833,,1.03,,525.0,,1.22,9.0,4.15,0.16,,1.4512124528301888,11.25,1918.64,0.41,1918.64,12.869176372712147,2.06,8.6,,0.34,,1.2,,0.9526388888888888,0.0044,0.42,,9.1,4.0,0.5,0.5711538461538461,,,3.075880166912126,4.027440696748913,,39.0,1.44,,0.0577741935483871,1.2,1.32,0.767545196318548,3.893591008697709,48.0,2.5,0.155,,,,0.7192307692307692,0.7845709426929134,,0.0381818182,8.6,2.5,21.4058,,,,,,,,1.1,0.8,0.1989,,6.5,1.1494736842105264,1.82,,12.218181818181819,0.51,,,,,8.3,6.5,3.95,1.94,,,,0.21459431948629643,,,,,2.44,,,,0.43,,0.2619132419721708,0.1,,0.5342857142857143,,,,2.08,,775.0,2.0643127548048925,9.7,,669.97,669.97,0.6906976744186047,0.1385278006098369,0.9,,1.634,,48.0,,,,0.8,0.3,915.0,,7.8,8.1,,1.2,21.75,,,,1611.52,2.16,4.8,1611.52,,,,6.1,22.5,,,0.4600530102234003,4628.69,4628.69,0.65,3.85,3.25,0.8,0.04718749999999999,,55.0,6.28,1.86,0.12233361847733105,,,,0.7653,1.3801894884591392,0.26,0.25,,0.95,,0.95,3.622712097650928,3.5,1.44,,,0.6062992125984252,2.7,10762.84,0.026,0.01536363636363636,1.92,,,,,4.25,0.59,,30.63,0.37,1.48,205.0,770.0,0.029961670885714286,,0.4,10762.84,1.41,0.08464306220095694,,2.6,0.36,,0.6442592592592592,10.117773019271949,,,4.25,,0.9,1.58,0.002745320476460579,0.014,0.014,0.85,0.015,15.5,6.33,2.8,,,5.3,,7.4,,0.36,0.105,,,2.34,,0.24,6.5,24.25,,3.5897,,,,,,2.7,,,,,1.5,0.65,1076.32,1076.32,57.5,130.2084,3052.68,28.166666666666664,,16.0,,17.25,,1.6,0.56,13.0,0.74,,2.9,,,4.5833,45.0,1508.92,2.6413576710618827,0.145,,0.88,,,1.76,805.2805280528054,0.82,216.6667,68.5,,,,,,,,,,,9.8,1.417886178861789,3.3,1.0,,,1.36,,,0.49,1508.92,3.7,0.32,,,2620.0,,,,22.4242,0.11,0.0075,16.25,0.65,0.35,1.88,,0.3261847389558233,2.0117314285714287,4.276070590490911,0.1,,0.14723076923076922,,0.205
2010-01-31,1.12,,0.013836145454545453,97.0,0.84,,28.5,28.5,241.6667,,1.1,,525.0,,0.97,9.9,4.7,0.27,,1.538651320754717,10.5,1885.49,0.5,1885.49,12.60917221297837,2.12,9.5,,0.33,,1.06,,0.9025,0.0042,0.39,,11.0,3.95,0.435,0.5026153846153846,,,2.7576834724267716,3.0477982550664295,,36.0,1.64,17.03517186250999,0.054564516129032264,1.04,1.4,0.5116967975456986,12.16747190218034,45.5,2.4334,0.14,,,,0.5230769230769231,0.7664654594,,0.0336363636,8.8,2.02,20.3934,,,,,,,,1.05,0.75,0.2072,,4.9,1.2,1.9,,12.218181818181819,0.75,,,,,9.6,5.75,3.8,1.82,,,,0.17224017748242212,,,,,2.55,,,,0.38,,0.2588319097136747,0.12,,0.38971428571428574,,,,1.86,,750.0,1.8193942923704138,9.7,,633.63,633.63,0.6523255813953489,0.19789685801405277,0.89,,1.634,,48.5,,,,0.71,0.31,915.0,,7.4,7.3,,1.15,20.5,,,,1585.23,2.28,4.8,1585.23,,,,5.3,20.75,,36.0,0.4089360090874669,4397.27,4397.27,0.72,2.95,3.45,0.8,0.04881465517241379,,52.5,5.61,1.94,0.1243725121186199,0.18857677967878514,,,0.7106,1.129245945102932,0.25,0.25,,0.76,,0.76,3.3997996339466336,3.0,1.34,,,0.6911811023622046,,9910.06,0.025,0.014772727272727272,1.76,,,,,4.5,0.55,0.32408395588758443,28.59,0.47,1.2,162.0,750.0,0.028713267932142857,,0.4,9910.06,1.39,0.12226220095693781,,2.6,0.74,,0.5587962962962962,9.957173447537473,,,4.05,,1.0,1.54,0.002573737946681793,0.014,0.014,0.75,0.014,14.0,6.44,2.42,,,5.1,,7.2,,0.32,0.12,,,2.28,,0.26,6.5,23.5,,3.5897,,,,,,2.4,,,,,1.68,0.55,1002.8,1002.8,57.5,114.5834,2953.19,,,14.0,,16.75,0.0433961939246176,1.6,0.57,12.0,0.66,,3.1,,,4.0833,45.0,1515.18,2.7168179175574276,0.14,,0.81,,,1.72,844.884488448845,0.77,211.6667,71.5,,,,,,,,,,,9.4,1.6130081300813008,3.1,0.82,,,1.22,,,0.47,1515.18,3.7,0.33,,,2670.0,3.4793922902494328,,,23.0303,0.1,0.0075,17.0,0.63,0.35,1.84,,0.31040160642570275,1.3638857142857141,3.7560079511068816,0.11,,0.1523076923076923,,0.2
2010-02-28,1.08,,,95.0,0.83,,27.0,28.0,243.75,,1.27,,515.0,,1.04,11.0,4.8,0.19,,1.5735849056603775,11.25,1928.34,0.44,1928.34,9.229430116472546,2.08,11.0,,0.56,,1.38,,0.8022222222222222,0.0042,0.38,,10.0,3.95,0.51,0.47215384615384615,,,2.651660333824251,3.700893216188085,,38.0,1.48,,0.04493548387096775,1.12,1.46,0.5756588972389111,8.395555612504433,47.0,2.6,0.16,,2.4913684008747725,,,1.37,,0.0345454545,8.7,1.98,20.8273,,,,,,,,1.05,0.7,0.3067,,3.5,1.0863157894736843,,,12.218181818181819,0.66,,,,,8.9,4.8,3.8,2.15,,,,0.24000680468862104,,,,,2.8,0.10902138046843848,,,0.37,,0.2619132419721708,0.125,,0.38971428571428574,,,,1.8,,785.0,,9.5,,654.78,654.78,0.6395348837209303,0.26716075831897124,0.81,,1.4819999999999998,,49.5,,,,0.66,0.32,970.0,,7.3,7.5,,1.05,20.0,,,,1697.48,2.1,4.5,1697.48,,,,4.9,21.0,,16.0,,4645.02,4645.02,0.59,3.0,3.55,0.86,0.03905172413793103,,57.5,6.19,1.88,,,0.6361649257833975,,0.7653,1.0037741734248284,0.23,0.235,0.06345253100834702,0.63,,0.63,3.622712097650928,2.95,1.44,,,0.6426771653543307,3.15,9520.24,0.023,0.01359090909090909,1.73,,,,,5.0,0.57,,30.29,0.4,1.18,180.0,750.0,,,0.41,9520.24,1.23,0.13735629984051034,,2.65,0.92,,0.6442592592592592,9.475374732334048,,,3.9,,0.83,1.5,0.002573737946681793,0.013,0.013,1.84,0.013,12.5,5.99,2.2,,,5.5,,7.5,,0.29,0.1,,,2.2,,0.31,,22.25,,3.4872,,,,,,2.04,,,,,1.64,0.67,1042.34,1042.34,55.0,120.8334,3043.75,27.083333333333332,,13.75,,17.25,0.0433961939246176,1.6,0.54,13.25,0.62,,2.8,,,4.4583,44.1667,1505.22,4.150749383761138,0.16,,0.76,,,1.84,795.3795379537954,0.74,241.6667,70.5,,,,,,,,,,,9.5,1.6260162601626018,3.15,0.91,,,1.5,,,0.45,1505.22,3.6,0.345,,,2600.0,,,,22.7273,0.11,0.0075,21.75,0.72,0.34,1.94,,0.273574297188755,1.5343714285714285,3.9871469019442287,0.105,,0.14215384615384616,,0.21
2010-03-31,1.18,,0.014282472727272726,50.0,0.62,,30.0,30.0,277.0833,,1.16,,525.0,,0.9,13.5,5.5,0.195,,1.5211320754716982,13.0,1979.42,0.45,1979.42,8.96942595673877,2.1,12.25,,0.54,,1.18,,0.7888518518518517,0.004,0.38,,10.25,4.1,0.48,0.47215384615384615,,,2.5455735558828345,3.4831513561501257,,41.5,1.76,,0.04654032258064516,1.16,1.48,0.5692626872695897,12.410821340223945,45.0,2.5666,0.16,,1.7795488577676943,,0.5557692307692307,1.2,,0.0336363636,9.0,2.1,21.2612,,,,,,,,1.1,0.8,0.2404,,3.35,1.0736842105263158,1.7,,12.218181818181819,0.69,,,,,8.6,5.25,3.85,2.95,,,,0.2484776330893959,,,,,3.3,0.09579063041158915,,,0.41,,0.2033679290607444,0.13,,0.38342857142857145,,,,2.0,,770.0,2.029324403028538,11.0,,679.77,679.77,0.6395348837209303,0.26716075831897124,0.89,,1.4629999999999999,,56.5,,,,0.7,0.43,1000.0,,7.6,7.5,,0.98,23.25,,,,1971.54,2.22,4.8,1971.54,,,,4.85,23.25,,11.0,0.4089360090874669,4900.0,4900.0,0.45,2.9,3.5,0.76,0.03905172413793103,,59.0,9.76,1.86,0.10806136298830912,0.2493404086863936,0.7952061572292467,,0.7762,1.0037741734248284,0.22,0.22,0.07614303721001645,0.7,,0.7,3.567000701831643,3.4,2.02,,,0.6548031496062993,2.85,9331.52,0.02,0.011227272727272726,1.76,,,,,,0.54,,34.03,0.37,1.28,176.0,825.0,,,0.34,9331.52,1.29,0.16603508771929823,,3.1,1.0,,0.6376851851851851,10.117773019271949,,,4.05,,1.0,1.52,0.002573737946681793,0.013,0.013,1.58,0.013,13.5,6.66,2.16,,28.5,6.1,,7.5,,0.32,0.1,,,2.6,,0.28,6.5,27.0,,3.5385,,,,,,2.1,,,,,1.64,0.6,1152.14,1152.14,53.5,131.25,3161.8,23.47222222222222,,13.5,,18.25,,1.78,0.62,14.5,0.62,,2.75,,,5.0,44.1667,1448.52,5.188390034004334,0.155,,0.82,,,1.88,910.8910891089109,0.88,246.6667,74.0,,,,,,,,,,,9.8,1.7235772357723578,3.45,0.96,,,1.5,,,0.5,1448.52,3.65,0.35,,,2420.0,,,,24.8485,0.16,0.0075,25.0,0.73,0.35,2.08,,0.273574297188755,1.5343714285714285,3.9293621642348917,0.0925,,0.1370769230769231,,0.195
2010-04-30,1.14,,0.013836145454545453,50.0,0.6,,33.0,33.0,283.3333,,1.19,,520.0,,0.94,16.75,5.6,0.2,,1.5211320754716982,13.75,2043.97,0.45,2043.97,7.149521630615641,2.26,15.25,,0.57,,1.18,,0.7554259259259257,0.0042,0.38,,9.7,5.5,0.415,0.4366153846153846,,,2.651660333824251,3.3198776158697116,,42.0,1.92,17.03517186250999,0.04172580645161291,1.16,1.56,1.473983743823045,18.565781517082975,45.5,2.2666,0.15,,1.9320816170049258,,0.5557692307692307,1.52,,0.0327272727,9.0,2.16,21.4058,,,,,,,,1.1,1.1,0.2487,,3.25,1.0863157894736843,1.7,,,0.69,,,,,7.9,5.5,3.9,3.4,,,,0.22588875735399627,,,,,3.3,0.053981460231945264,,,0.42,,0.2619132419721708,0.13,,0.37085714285714283,,,,2.14,,775.0,2.0643127548048925,10.25,,703.38,703.38,0.6395348837209303,,0.97,,1.7669999999999997,,55.5,,,,0.66,0.44,960.0,,6.9,6.8,,0.9,32.0,,,,2112.58,2.3,5.1,2112.58,,,,4.7,28.5,,14.5,0.4089360090874669,5072.08,5072.08,0.66,3.2,3.5,0.76,0.03742456896551724,,58.5,9.42,1.94,0.15291702309666383,,,,0.8964,1.129245945102932,0.22,0.225,0.07191286847612664,0.8,,0.8,3.567000701831643,3.45,1.88,,,0.6184251968503938,3.0,8785.19,0.019,0.011227272727272726,1.82,,,,,,0.54,,36.07,0.41,1.34,176.0,840.0,,,0.44,8785.19,1.33,0.15094098883572565,,3.15,0.84,,0.6442592592592592,9.796573875802999,,,3.95,,0.94,1.52,0.0032600680657969374,0.014,0.014,1.92,0.014,14.0,6.22,2.02,,,6.7,,7.1,,0.31,0.1,,,2.95,,0.29,,31.0,,3.641,,,,,,2.12,,,,,1.68,0.59,1208.91,1208.91,52.0,122.9167,3290.09,,,12.25,,20.5,0.06348702444527388,1.6,0.86,15.25,0.65,,2.7,,,6.4583,49.5833,1494.21,4.528050616238864,0.165,,0.8,,,1.84,858.0858085808582,0.74,265.0,74.0,,,,,,,,,,,10.25,1.75609756097561,3.4,1.0,,,1.5,,,0.51,1494.21,3.7,0.33,,,2490.0,3.4793922902494328,,,27.5758,0.14,0.009,25.5,0.76,0.3,1.9,,0.41562248995983936,2.0458285714285713,3.813792688816219,0.0925,,0.1370769230769231,,0.19
2010-05-31,1.08,,0.008926545454545453,47.5,0.47,,37.5,38.0,275.0,,1.07,,525.0,,0.86,18.0,5.5,0.185,,1.486198490566038,13.5,2065.03,0.41,2065.03,6.8895798668885195,2.16,16.75,,0.5,,1.18,,0.7487407407407408,0.004,0.38,,9.3,5.1,0.47,0.47215384615384615,,,2.4925619865815745,3.156603875589298,,43.5,1.8,17.03517186250999,0.03851612903225807,1.06,1.58,0.9657134873323399,,44.5,2.0666,0.14,,1.9320816170049258,,1.1,1.42,,0.0345454545,8.6,2.1,25.7448,,,,,,,,1.05,1.0,0.2321,,3.05,1.0105263157894737,,,12.218181818181819,0.62,,,,,7.3,5.25,3.9,3.2,,,,0.2315359762878461,,,,,3.65,0.04763070020465759,,,0.41,,0.42004953901197206,0.125,,0.34571428571428575,,,,2.1,,775.0,1.9593476994758299,11.0,,720.54,720.54,,0.27239920456051975,0.92,,1.7669999999999997,,58.5,,,,0.65,0.39,900.0,,6.4,6.4,,0.73,32.0,,,,2167.66,2.36,5.3,2167.66,,,,4.3,28.0,,12.75,,5092.02,5092.02,0.63,2.85,3.6,0.89,0.035797413793103444,,60.0,13.09,2.0,0.12641140575990878,,,,0.9292,,0.23,0.235,,0.78,,0.78,3.511222425585204,3.8,1.6,,,0.6305511811023622,2.75,8512.06,0.02,0.012409090909090908,1.82,,,,,,0.54,,39.14,0.34,1.26,179.0,700.0,0.02413579043571429,,0.58,8512.06,1.29,0.13735629984051034,,2.95,0.78,,,9.796573875802999,,,3.5,,0.89,1.5,0.004117980714690868,0.013,0.012,2.24,0.013,12.5,6.66,1.84,,,6.7,,6.8,,0.3,0.1,,,2.8,,0.27,7.0,28.5,,3.5897,,,,,,2.12,,,,,1.6,0.61,1180.2,1180.2,51.5,112.5,3272.73,22.38888888888889,,11.75,,18.75,0.06348702444527388,1.6,0.92,14.5,0.62,,2.6,,,6.0833,51.25,1460.93,4.528050616238864,0.17,,0.74,,,1.76,792.0792079207921,0.74,265.0,74.0,,,,,,,,,,,10.5,1.469918699186992,3.2,0.99,,,1.4,,,0.47,1460.93,3.65,0.325,,,2430.0,,,,24.8485,0.135,0.011,26.0,0.72,0.33,1.66,,0.4945381526104417,,3.5826537379788723,0.09,,0.1370769230769231,,0.175
2010-06-30,1.16,,0.023209018181818183,44.0,0.63,,36.5,40.5,275.0,,1.07,,530.0,,0.78,19.75,5.5,0.19,,1.5561181132075472,13.5,2145.51,0.4,2145.51,8.319446755407654,2.32,18.5,,0.49,,1.22,,0.7955370370370369,0.0042,0.36,,9.8,5.5,0.415,0.41630769230769227,,,2.386475208640157,3.4287485458886917,,48.0,1.86,17.03517186250999,0.03851612903225807,1.08,1.6,1.0165405129814105,,46.0,2.2666,0.145,,,,1.0,1.34,,0.0363636364,10.0,2.2,26.3233,,,,,,,,1.075,1.0,0.2404,,3.15,1.0736842105263158,,,12.218181818181819,0.66,0.39980769230769236,,,,7.2,4.8,3.85,3.55,,,,0.23435958575477114,,,,0.3653137122541739,3.9,0.04657224020010965,,,0.44,,0.43487481685945345,0.12,,0.38971428571428574,2.3440635451505014,,,3.6,,780.0,2.0643127548048925,10.5,,764.67,764.67,,0.4085988068407796,0.96,,2.014,,56.0,,,,0.66,0.4,895.0,,6.3,6.1,,0.75,32.0,,,,2278.3,2.7,5.2,2278.3,,,,4.4,31.5,,11.75,,5228.69,5228.69,0.69,2.8,3.3,0.8,0.03905172413793103,,70.5,15.47,2.02,,0.5419924743651159,0.9443073117097306,,0.7215,1.3174536026200874,0.25,0.25,0.07191286847612664,0.76,,0.76,3.4555110297659186,3.7,1.6,,,0.6669291338582678,2.36,9184.8,0.021,0.012409090909090908,1.82,,,,,,0.5,,42.88,0.37,1.42,186.0,720.0,,,0.48,9184.8,1.59,0.1358468899521531,,2.8,0.78,,0.6442592592592592,10.599571734475376,,,3.4,,0.71,1.84,0.003774815655133296,0.013,0.013,2.65,0.013,13.0,6.66,1.84,,,6.6,,5.1,,0.35,0.09,9.0909,,2.75,,0.27,6.3,30.5,,3.6923,,,,,,2.1,,,,,2.12,0.62,1221.26,1221.26,54.0,109.375,3372.71,20.944444444444443,,12.75,,19.5,0.06027249156196888,1.52,1.16,14.75,0.61,,2.55,,,7.0833,56.25,1460.59,5.282715342123765,0.24,,0.81,,,1.8,792.0792079207921,0.75,280.0,70.0,,,,,,,,,,,11.0,1.75609756097561,3.7,0.99,,,1.42,,,0.48,1460.59,3.7,0.405,,,2400.0,,,,25.7576,0.13,0.012,31.0,0.72,0.28,1.88,,0.4734939759036144,1.9435371428571429,3.4670842625601987,0.095,,0.132,,0.18
2010-07-31,1.12,,0.02231636363636363,41.9,0.66,,41.5,42.0,264.1667,,1.05,,525.0,,0.71,23.25,5.75,0.186,,1.4686792452830189,14.62,2182.79,0.42,2182.79,7.965910981697172,2.32,20.15,,0.45,,1.26,,1.1699074074074074,0.0038,0.34,,9.6,5.5,0.345,0.44169230769230766,,,2.4946620847651775,3.700893216188085,,46.7,1.85,14.763815614175329,0.0398,1.06,1.56,1.270675641226763,,47.4,2.24,0.145,,,,1.1,1.36,,0.0345454545,9.0,2.14,24.0093,,,,,,,,1.07,1.0,0.1989,,2.6,1.1368421052631579,1.7,,12.218181818181819,0.6,,,,,7.14,4.2,3.9,3.744,,,,0.22588875735399627,,,,,3.66,0.08092927980719297,,,0.44,,0.43487481685945345,0.125,,0.33942857142857147,2.6956730769230766,,,3.35,,755.0,2.0643127548048925,9.48,,770.17,770.17,0.6395348837209303,,1.01,,1.8999999999999997,,55.3,,,,0.61,0.39,880.0,,5.8,5.7,,0.68,31.0,,,,2370.47,2.95,6.85,2370.47,,,,3.94,31.55,,11.68,,5378.07,5378.07,0.65,2.7,3.25,0.8,0.035797413793103444,,77.5,15.92,2.21,0.1345669803250642,0.5339030344492185,1.0602748763056624,,0.7762,1.0037741734248284,0.249,0.26,0.07191286847612664,0.61,1.0683870967741935,0.61,3.4555110297659186,3.75,1.6,,,0.6184251968503938,2.4,8840.16,0.019,0.011227272727272726,1.82,,,,1.8,4.75,0.53,,40.84,0.45,1.5,185.7,670.0,,,0.51,8840.16,1.41,0.11320574162679424,,2.77,0.68,,0.6574074074074073,10.817987152034261,,,3.4,,0.84,1.92,0.0032257515598411806,0.013,0.013,2.65,0.013,12.0,9.66,1.93,,24.0,6.5,,5.08,,0.3,0.11,8.6364,,2.77,,0.27,6.5,37.8,,3.9231,,,,,,2.1,,,,,1.92,,1258.8,1258.8,51.5,107.5,3426.95,,,10.54,,22.3,,1.5,1.4,13.3,0.71,,2.6,,,8.7333,58.0833,1467.65,5.660078835530942,0.229,,0.76,,,1.8,825.0825082508252,1.36,290.0,73.3,,,,,,,,,,,10.6,1.8536585365853662,3.8,0.98,,,1.38,,,0.46,1467.65,3.55,0.37,,,2420.0,,,,27.8182,0.125,0.011,32.85,0.7,0.31,2.41,,0.426144578313253,,3.120375836304179,0.084,,0.132,,0.184
2010-08-31,1.14,,0.05688484848484847,43.7,0.57,,53.0,53.9,287.5,,0.99,,536.0,,0.89,21.5,6.38,0.183,,1.538651320754717,16.4,2257.48,0.39,2257.48,7.383506655574043,2.97,18.9,,0.5,,1.28,,1.0696296296296297,0.0037,0.35,,10.58,6.8,0.322,0.36046153846153844,,,2.163737522500409,3.1348558133839464,3.1111111111111107,51.95,2.12,,0.0398,1.1,1.63,1.5248107694721156,,48.0,1.9934,0.155,,,,,1.27,,0.0345454545,9.6,2.17,22.7365,,,,,,,,1.06,1.0,0.2006,,2.04,1.0736842105263158,1.85,,12.218181818181819,0.56,0.39980769230769236,,,,7.24,4.0,3.8,4.27,,,,0.23435958575477114,,,,0.337684944100497,3.84,0.11125532922496596,,,0.47,,0.43981657614194725,0.119,,0.34571428571428575,2.4221989966555184,,,3.78,,780.0,2.17277664531159,9.84,,811.29,811.29,1.0,,1.15,,2.7169999999999996,1.49,59.5,,,,0.59,0.54,800.0,,6.3,6.35,,0.69,28.6,,,,2539.22,2.82,7.22,2539.22,,,,3.8,32.0,,10.6,0.4089360090874669,5420.35,5420.35,0.65,2.93,3.5,0.85,0.03644827586206897,,78.0,17.33,2.08,0.14272255489021957,0.6390657533558829,1.308776800439802,,0.8198,,0.25,0.25,0.07191286847612664,0.604,,0.604,3.433239847523635,5.2,1.7,,,0.6184251968503938,2.4,9442.02,0.018,0.011227272727272726,1.69,,,,1.9,4.75,0.6,,43.7,0.47,1.86,179.0,554.0,,,0.5,9442.02,1.41,0.09207400318979267,,3.37,0.74,,0.7231481481481481,11.267665952890791,,,3.03,,0.6,1.8,0.0030541690300623942,0.013,0.012,2.64,0.013,11.0,6.99,1.71,,,6.34,,4.9,,0.275,0.08,8.6364,,2.68,,0.285,6.5,41.25,,3.9743,,,,,,2.1,,,,,1.95,,1391.5,1391.5,52.5,117.0834,3566.23,28.88888888888889,,11.24,,25.0,,1.5,1.82,14.1,0.69,,3.08,,,10.5,62.5,1490.05,5.660078835530942,0.235,,0.75,,,1.8,706.2706270627064,1.61,315.3333,67.05,,,,,,,,,,,10.92,1.26,3.9,1.0,,,1.89,,,0.48,1490.05,3.55,0.36,,,2442.0,,,,27.4545,0.144,0.01,34.55,0.69,0.25,2.7,,0.36827309236947786,1.5343714285714285,3.5225576107611625,0.077,,0.12692307692307692,,0.17
2010-09-30,1.15,,0.052509090909090894,42.0,0.62,,55.4,55.6,340.5,,1.02,,545.0,,1.24,24.05,9.0,0.205,,1.7659294339622642,17.6,2575.38,0.44,2575.38,7.487520798668885,3.12,20.9,,0.71,,1.62,,1.2367592592592591,0.0042,0.4,,15.1,7.2,0.304,0.41123076923076923,,,2.3122081001472754,3.4831513561501257,1.9444444444444444,60.3,2.26,,0.04686129032258065,1.15,1.69,2.0127502157031927,,54.5,1.9934,0.175,,2.2879913885584644,,1.2,1.27,,0.04,9.0,2.4,25.5713,,,,,,,,1.29,1.0,0.2155,,2.68,1.168421052631579,,,12.218181818181819,0.59,0.35942307692307696,,,,6.97,3.98,4.0,5.5,,,,0.2484776330893959,,,,0.31312603907500625,4.25,0.1506433046521918,,,0.56,,0.4274621779357127,0.12,,0.4085714285714286,2.5003344481605345,,,5.25,,790.0,2.291737041351194,13.24,,931.06,931.06,1.1,,1.32,,3.5909999999999993,1.54,68.9,,,,0.7,0.67,890.0,,7.1,7.16,,0.77,29.7,,,,3112.11,3.25,11.0,3112.11,,,,4.0,38.4,,10.9,0.5111700113593336,6486.52,6486.52,0.62,3.55,3.9,0.84,0.03905172413793103,,92.0,24.04,2.21,0.14272255489021957,0.7373835615644801,,,0.8308,1.3550951341235182,0.5,0.54,0.07191286847612664,0.62,,0.62,3.567000701831643,6.3,1.9,,,0.6305511811023622,2.6,12355.84,0.023,0.01418181818181818,1.87,,,,2.4,6.0,0.64,,47.61,,2.22,225.0,590.0,0.04161343178571429,,0.44,12355.84,1.41,0.10565869218500798,,3.76,0.65,,0.5719444444444444,12.192719486081371,,,3.85,,0.61,2.24,0.003431650595575724,0.014,0.014,3.03,0.014,12.0,9.99,1.75,,24.5,6.85,,5.04,,0.295,0.087,11.8182,,2.76,,0.295,6.5,65.0,,3.7436,,,,,,2.0,,,,,2.34,0.666,1564.17,1564.17,53.1,170.0,4100.07,25.277777777777775,,14.22,,27.5,,2.0,1.64,16.06,0.75,,2.95,,,10.85,68.3333,1618.21,4.875217558861932,0.221,,0.91,,,1.81,735.973597359736,2.0,380.0,73.9,,,,,,,,,,,12.62,1.3,4.0,1.0,,,2.0,,,0.52,1618.21,3.52,0.38,,,2616.0,3.555306303854875,,,32.0,0.128,0.012,41.5,0.71,0.3,3.21,,0.394578313253012,1.5343714285714285,3.5133120527276676,0.08,,0.14723076923076922,,0.202
2010-10-31,1.16,,0.04725818181818182,64.45,0.58,,56.0,55.95,335.0,,1.02,,526.0,,1.41,33.5,11.34,0.178,,1.888301886792453,16.7,2725.89,0.435,2725.89,7.997108985024959,3.08,27.45,,0.73,,2.14,,1.5710185185185186,0.0041,0.38,,17.94,6.95,0.306,0.42138461538461536,,,3.2031588447062673,3.4831513561501257,1.9444444444444444,61.0,2.35,,0.04493548387096775,1.07,1.48,1.463818338693231,18.162177571059434,58.65,1.9666,0.163,,2.2879913885584644,,1.1,1.2,77.31263383297645,0.0381818182,9.4,2.4,25.8721,,,,,,,,1.312,1.1,0.2196,,2.2,1.231578947368421,1.81,,12.218181818181819,0.6,0.31903846153846155,,,,6.25,4.0,5.49,7.64,,,,0.22475931356722628,,,,0.3254054915877516,4.21,0.11834337036107266,,,0.57,,0.3953407425995031,0.108,,0.4274285714285715,2.5003344481605345,,,5.11,,778.0,2.221760337798486,13.62,,989.56,989.56,1.0,,1.38,,3.704999999999999,1.48,66.95,,,,0.68,0.61,900.0,,7.36,7.35,,0.72,28.25,,,,3428.78,3.25,10.3,3428.78,,,,3.83,43.0,,9.95,0.4685725104127225,6671.49,6671.49,0.63,3.4,3.75,0.83,0.033844827586206896,,88.5,24.42,2.65,0.14068366124893072,0.7005143834862562,1.0602748763056624,,0.8198,1.4052838427947598,0.36,0.37,0.07191286847612664,0.6,,0.6,3.5714148100238075,5.6,2.18,,,0.6305511811023622,2.8,12567.03,0.022,0.012999999999999998,2.11,,,,2.2,5.75,0.6,,53.33,,2.56,221.0,553.0,,,0.42,12567.03,1.61,0.1569786283891547,,4.29,0.67,,0.6048148148148148,11.987152034261243,,,3.7,,0.6,2.05,0.003431650595575724,0.013,0.014,3.7,0.015,11.8,11.11,1.75,,25.25,7.01,,5.1,,0.28,0.081,10.0,,2.61,,0.285,6.5,71.0,,3.5897,,,,,,4.8,,,,,2.06,,1548.4,1548.4,63.0,163.75,4268.74,25.277777777777775,,13.96,,28.0,0.10404935385434626,1.8,1.9,16.92,0.76,,3.6,,,14.3167,70.0,1668.49,7.546771780707923,0.217,,0.97,,,1.77,742.5742574257426,2.03,363.3333,81.95,,,,,,,,,,,11.96,1.28,4.0,0.98,,,1.91,,,0.49,1668.49,3.52,0.384,,,2678.0,,,,36.9091,0.125,0.017,43.45,0.715,0.3,3.3,,0.5050602409638554,,3.448593146493211,0.08,,0.15738461538461537,,0.189
2010-11-30,1.81,,,42.0,0.58,,46.5,53.95,308.3333,,0.96,,530.0,,1.42,37.0,11.34,0.17,,1.895330566037736,15.52,2742.53,0.425,2742.53,6.437208818635608,3.08,32.8,,0.72,,1.8,,1.270185185185185,0.004,0.35,,15.48,7.1,0.34,0.4010769230769231,,,2.7576834724267716,3.2654748056082776,1.9444444444444444,54.0,3.35,18.170849986677325,0.04557741935483871,1.08,1.6,1.463818338693231,,54.15,1.8934,0.159,,3.0506551847446195,,1.18,1.17,77.93361884368308,0.0363636364,9.0,2.36,24.8769,,,,,,,,1.298,1.1,0.1658,,2.01,1.256842105263158,2.0,,12.218181818181819,0.57,0.2826923076923077,,,,6.0,3.6,4.15,6.64,,,,0.23605375143492605,,,,0.2732178184085839,3.83,0.12471363517959895,,,0.52,,0.3953407425995031,0.095,,0.36457142857142855,6.094565217391303,,,4.45,,777.0,2.214762667443215,11.9,,912.24,912.24,1.0,,1.33,,3.9139999999999993,1.44,60.4,,,,0.61,0.7,780.5,,7.0,6.92,,0.96,30.0,,,,3197.77,3.04,13.32,3197.77,,,,3.3,41.25,,8.84,0.4685725104127225,6659.52,6659.52,0.63,3.1,4.0,0.75,0.033193965517241374,,78.0,20.47,2.5,0.150878129455375,0.7005143834862562,0.8946069268829028,,0.8198,1.4052838427947598,0.345,0.39,0.07191286847612664,0.6,,0.6,3.5446626391622056,4.5,2.72,,,0.6366141732283465,3.09,12072.64,0.021,0.012409090909090908,1.95,,,,2.0,4.5,0.59,,47.24,,2.4,178.7,590.0,,,0.51,12072.64,1.43,0.11773397129186604,,3.5,0.67,,0.6574074074074073,12.167023554603855,,,3.08,1.57,0.61,1.86,0.0032600680657969374,0.012,0.012,3.6,0.012,10.8,9.33,1.4,,60.0,12.46,,5.0,,0.265,0.081,9.6364,,2.65,,0.29,,60.5,,4.1025,,,,,,4.0,,,,,1.95,,1456.32,1456.32,63.0,150.0,3953.7,,,13.94,,27.0,0.09516709193995086,1.84,1.8,16.04,0.69,,3.2,,,13.6667,77.5417,1506.37,,0.192,,0.84,,,1.84,759.0759075907591,1.9,323.3333,119.9,,,,,,,,,,,10.0,1.4,4.0,1.12,,,1.79,,,0.45,1506.37,3.05,0.479,,,2402.0,3.795700680272108,,,34.9697,0.115,0.016,36.7,0.71,0.26,2.98,,0.46297188755020074,1.7014474285714285,3.3931197982922474,0.077,,0.14723076923076922,,0.192
2010-12-31,1.83,,0.04725818181818182,42.9,0.97,,45.0,45.0,328.3333,,1.02,,535.0,,1.41,37.1,12.5,0.178,,2.09811320754717,16.46,3006.42,0.45,3006.42,5.376476705490848,3.09,31.1,,0.67,,2.11,,1.337037037037037,0.0039,0.39,,17.48,7.27,0.295,0.429,,,2.5455735558828345,3.4396552317394233,3.759259259259259,58.5,4.6,19.306528110844656,0.04493548387096775,1.1,1.54,1.7443835202761002,,59.0,1.8,0.165,,3.304876450140004,,,1.11,70.41970021413276,0.0454545455,9.29,2.7,25.1084,,,,,,,,1.318,1.2,0.2735,,2.34,1.2631578947368423,2.0,,12.218181818181819,0.67,,,,,5.8,3.9,4.7,7.2,,,,0.23605375143492605,,,,0.2640082290240249,3.93,0.17537865353037768,,,0.53,,0.37063194618703416,0.1,,0.5468571428571429,6.250836120401337,,,5.05,,778.0,2.43169044845661,12.18,,961.47,961.47,1.25,,1.31,,3.837999999999999,1.43,62.6,,,,0.62,1.46,800.0,,7.2,7.2,,0.88,33.0,,,,3388.74,3.35,15.5,3388.74,,,,3.34,45.0,,8.2,0.5963650132525559,7220.61,7220.61,0.625,2.99,4.0,0.83,0.03059051724137931,,88.9,18.66,2.85,0.14883923581408615,0.6267760273298081,0.8780401319406267,,0.8144,,0.46,0.455,0.07720057939348887,0.77,,0.77,3.575895798643126,5.31,3.8,,,0.6184251968503938,3.0,13947.58,0.023,0.01359090909090909,1.92,,,,1.95,4.68,0.61,,49.01,,2.48,228.0,710.0,0.05201678973214286,,0.4,13947.58,1.41,0.10867751196172247,,3.89,0.71,,0.6705555555555555,12.32119914346895,,,3.15,1.6,0.6,1.76,0.003328701077708452,0.014,0.013,3.78,0.015,9.8,10.11,1.38,,54.0,18.82,,6.05,,0.255,0.076,10.6364,,2.58,,0.31,,63.5,,6.3385,,,,,,4.0,,,,,1.96,,1582.47,1582.47,64.0,152.0834,4201.14,28.166666666666664,,16.1,,28.4,0.09516709193995086,1.8,1.74,16.3,0.73,,3.18,,,15.4167,71.4583,1590.4,8.6788,0.174,,0.8,,,2.11,825.7425742574258,1.73,362.0,163.8,,,,,,,,,,90.0,11.38,1.48,4.15,1.0,,,1.8,,,0.45,1590.4,2.5,0.445,,,2554.0,5.6935510204081625,,,36.303,0.139,0.016,34.95,0.715,0.29,3.17,,0.426144578313253,2.3867999999999996,3.7352054455315207,0.071,,0.1523076923076923,,0.193
2011-01-31,1.83,,0.09976727272727272,42.0,0.85,,45.0,47.9,283.3333,,1.1,,541.0,,1.37,36.75,11.48,0.165,,1.923287924528302,14.7,3033.13,0.6,3033.13,4.6380823627287855,3.1,27.75,,0.73,,1.78,,1.2601574074074073,0.0038,0.35,,15.7,7.4,0.304,0.43153846153846154,,,2.8637702503681886,3.2654748056082776,2.7222222222222223,50.8,5.71,19.874367172928324,0.04750322580645162,1.02,1.67,1.741035375323555,14.529742056847548,51.5,1.76,0.172,,3.0506551847446195,,,1.28,60.856531049250535,0.0609090909,8.65,2.55,24.8769,,,,,,,,1.304,1.7,0.2652,,2.06,1.0105263157894737,2.1,,12.130909090909093,1.15,0.2423076923076923,,,,7.76,3.42,4.2,6.75,,,,0.23605375143492605,,,,0.2762876815367702,3.41,0.10818813042458363,,,0.61,,0.43240393721820647,0.121,,0.4714285714285715,23.440635451505017,,,4.6,,777.0,2.3757090856144436,11.5,,870.86,870.86,1.0,,1.08,,3.305999999999999,1.74,62.0,,,,0.6,2.09,771.0,,7.0,6.92,,0.68,32.1,,,,3126.45,3.5,13.3,3126.45,,,,3.38,42.4,,8.0,,6764.31,6764.31,0.65,3.03,3.95,0.88,0.038400862068965515,,75.0,18.09,2.95,0.20898659823210722,0.6144863013037335,0.8449065420560747,,0.7653,1.7064160948222082,0.45,0.465,0.09517879651252055,0.74,,0.74,4.017306617859552,4.88,7.99,,,0.6305511811023622,3.3,13826.7,0.029,0.017136363636363634,2.08,,,,2.21,4.0,0.68,,44.17,,2.1,215.0,770.0,0.05201678973214286,,0.42,13826.7,1.81,0.12377161084529503,,3.68,0.81,,0.6771296296296295,11.67880085653105,,,3.5,1.92,0.61,1.76,0.0031228020419739088,0.013,0.014,2.82,0.014,13.2,12.22,1.89,,54.5,14.0,,5.98,,0.28,0.095,10.9091,,2.15,,0.345,,49.4,,7.0564,,,,,,4.01,,,,,2.32,,1464.21,1464.21,64.5,149.5834,3881.47,,,15.24,,27.65,0.08882261914395413,1.8,1.65,14.02,0.67,,2.71,,,16.575,71.3333,1536.06,10.0606,0.184,,1.2,,,1.72,877.887788778878,1.29,313.3333,168.8,,,,,,,,,,82.0,10.36,1.46,4.8,1.0,,,1.66,,,0.53,1536.06,3.25,0.374,,,2460.0,,,,35.7879,0.135,0.014,34.9,0.75,0.48,2.72,,0.42088353413654617,2.5601999999999996,3.8091699097994716,0.088,,0.18784615384615383,,0.2
2011-02-28,1.77,,0.20727272727272725,40.0,0.94,,40.8,47.0,275.8333,,1.13,,525.0,,1.33,47.0,11.4,0.158,,2.0107267924528305,14.3,2853.74,0.52,2853.74,5.085274542429285,3.05,28.8,,0.71,,1.71,,1.1197685185185184,0.0036,0.3,,15.1,7.22,0.318,0.2634923076923077,,,2.8637702503681886,3.0477982550664295,2.138888888888889,46.9,4.74,,0.04365161290322581,1.0,1.75,1.720946505608283,13.520732191788687,55.65,1.6334,0.177,,3.045570759436712,,,1.1,50.85867237687366,0.0690909091,9.0,2.55,24.2985,,,,,,,,1.308,1.7,0.2569,,1.9,1.2,,,12.218181818181819,1.07,0.2988461538461539,,,,9.2,3.36,4.46,6.78,,,,,,,,,3.33,0.07994533427163969,,,0.74,,0.4225204186532189,0.104,,0.44,21.309668592277283,,,4.39,,780.0,2.396702096680256,10.82,,839.97,839.97,1.05,,1.05,,2.4699999999999998,1.79,51.0,,,,0.56,1.71,710.0,,6.65,6.52,,0.68,31.5,,,,3283.37,3.17,10.52,3283.37,,,,3.29,36.4,,6.65,0.4685725104127225,6560.45,6560.45,0.575,2.8,4.05,0.8,0.03189224137931034,,68.05,18.66,2.9,0.18350042771599662,0.6144863013037335,0.8283397471137988,,0.7653,1.4052838427947598,0.445,0.45,0.22419894289615952,0.86,,0.86,3.7676419832936547,4.79,7.0,,,0.5456692913385827,3.2,13503.55,0.034,0.02009090909090909,2.01,,,,2.01,4.0,0.62,,39.07,,2.06,231.0,810.0,0.08839454464285716,,0.39,13503.55,1.61,0.14263923444976073,,3.43,0.74,,0.71,10.329764453961456,4.4207,,2.84,2.05,0.5,1.67,0.002882586500283608,0.014,0.014,2.67,0.015,13.8,11.77,1.59,,,15.4,,6.55,,0.28,0.085,11.3636,,2.15,,0.345,6.0,44.5,,6.6359,,,,,,6.9,,,,,2.01,,1377.04,1377.04,63.0,141.6667,3766.73,27.083333333333332,,13.74,,25.95,0.07296143715396232,1.8,1.59,11.66,0.66,,2.55,,,17.05,64.75,1360.61,13.7576,0.165,,1.18,,,1.85,924.0924092409241,1.18,307.3333,175.0,,,,,,,,,,79.45,10.1,1.4,5.0,1.0,,,1.97,,,0.54,1360.61,3.15,0.332,,,2160.0,,,,35.0909,0.112,0.013,33.4,0.76,0.44,2.3,,0.394578313253012,2.3867999999999996,3.6288815281463416,0.08,,0.18276923076923077,,0.21
2011-03-31,1.77,,0.37309090909090903,35.0,0.93,,42.5,44.0,320.6667,,1.14,,530.0,,1.33,41.1,11.92,0.152,,2.115632452830189,15.5,3005.85,0.58,3005.85,4.778473377703826,3.33,30.0,,0.73,,1.85,,1.1699074074074074,0.0037,0.31,,15.62,7.2,0.306,0.19495384615384614,,,3.903191572574047,4.136246317271781,2.5925925925925926,51.9,5.69,15.89949373834266,0.04365161290322581,1.0,1.9,,,57.25,1.6,0.158,,4.5683561391550676,,,1.06,49.36830835117773,0.0709090909,9.0,2.25,24.1828,,,,,,,,1.3,1.5,0.2404,,1.9,1.2631578947368423,2.0,,12.218181818181819,1.09,0.21807692307692308,,,,7.35,3.08,4.35,7.47,,,,,,,,0.2609383658958385,3.6,0.08825873797794981,,,0.69,,0.41757865937072514,0.115,,0.5028571428571429,28.006993006993003,1000.0,,4.42,,770.0,2.7990681421083288,12.78,,901.66,901.66,1.25,0.4085988068407796,1.15,,3.0209999999999995,1.7,57.4,,,,0.57,1.98,891.0,,7.01,6.99,,0.77,31.2,,,,3436.99,3.07,11.3,3436.99,,,,3.1,41.7,,6.18,0.4259750094661114,7038.17,7038.17,0.635,2.8,3.85,0.78,0.031241379310344826,,87.2,23.33,3.01,0.20388936412888514,0.6095704108933037,0.8084595931830676,,0.809,1.22861958827199,0.5,0.54,0.3518802408755224,0.7,,0.7,3.879064774932225,5.43,10.26,,,0.5638582677165355,3.1,14547.23,0.032,0.0195,2.05,,,,1.88,3.5,0.59,,43.7,,2.11,258.0,706.5,,,0.39,14547.23,1.25,0.12377161084529503,,3.26,0.8,,1.2,11.665952890792292,4.5582,,2.29,2.0,0.49,1.59,0.0028139534883720933,0.013,0.013,2.9,0.014,13.0,10.02,1.79,,,14.36,,6.89,,0.275,0.077,11.2727,,2.24,,0.345,6.0,56.0,,7.6308,,,,,,5.4,,,,,2.03,,1506.37,1506.37,63.5,158.3334,4055.14,27.083333333333332,,14.98,,27.1,0.07042364803556364,1.8,1.48,11.52,0.65,,2.41,,,18.9,71.0833,1486.52,11.0303,0.17,,1.4,,,1.98,864.6864686468648,1.09,346.0,161.3,,,,,,,,,,76.0,11.2,1.45,4.0,0.99,,,1.88,,,0.53,1486.52,3.96,0.32,,,2324.0,4.048747392290249,,,37.3636,0.115,0.013,33.8,0.865,0.36,2.79,,0.394578313253012,2.397,3.776810456682243,0.078,,0.17769230769230768,,0.201
2011-04-30,1.92,,0.3368181818181818,29.0,0.89,,41.1,42.0,325.8333,,1.18,,535.0,,1.39,39.65,11.86,0.2,,2.133099245283019,16.44,3057.64,0.55,3057.64,4.461314475873544,3.42,31.55,,0.76,,1.76,,1.337037037037037,0.0038,0.33,,16.0,7.75,0.305,0.21018461538461536,,,3.28805372279496,3.5920222861691053,2.5925925925925926,54.3,5.5,15.89949373834266,0.050712903225806454,0.9,1.75,2.0423684210526316,12.108118380706289,58.8,1.5666,0.16,,,,,1.19,52.1627408993576,0.0718181818,8.9,2.3,24.5299,,,,,,,,1.278,1.7,0.2528,,2.21,1.3578947368421053,2.1,,,1.08,0.2423076923076923,,,,6.55,3.07,4.4,8.81,,,,,,,,,3.77,0.08541168191414497,,,0.7,,0.6207250341997265,0.108,,0.4902857142857143,28.006993006993003,1000.0,,5.14,,780.0,2.64511939429237,14.6,,955.89,955.89,1.1,0.31430677449290734,1.27,,3.0399999999999996,1.71,66.1,,,,0.57,2.15,900.0,,6.75,6.9,,0.71,29.3,,,,3604.59,3.44,12.76,3604.59,,,,3.24,49.05,,6.2,0.4259750094661114,7414.04,7414.04,0.595,2.61,4.5,0.78,0.02993965517241379,,94.5,24.09,3.0,0.17840319361277449,0.5702432876098646,0.7620725673446948,,0.9292,1.2306271366188397,0.65,0.77,0.32733045662839294,0.83,,0.83,3.99055444699795,6.4,10.86,,,0.5699212598425196,3.49,16385.29,0.038,0.023045454545454543,1.95,,,,1.9,4.415,0.63,,46.73,,2.33,245.0,740.0,,,0.4,16385.29,1.21,0.12829984051036683,,3.67,0.77,,1.25,11.563169164882227,4.7538,,2.31,2.25,0.49,1.64,0.002848269994327851,0.013,0.013,2.68,0.014,13.4,11.66,1.81,,40.5,13.84,,6.5,,0.26,0.086,11.3636,,2.45,,0.415,,64.0,,7.4359,,,,,,5.18,,,,,1.95,0.664,1611.56,1611.56,62.5,212.9167,4319.51,28.88888888888889,,17.8,,28.0,,1.9,1.48,13.3,0.64,,2.6,,,18.1667,82.9167,1586.02,10.7515,0.159,,1.3,,,1.82,877.887788778878,1.06,386.0,153.0,,,,,,,,,,76.0,12.0,1.36,4.2,0.91,,,1.62,,,0.52,1586.02,3.46,0.307,,,2486.0,4.048747392290249,,,36.9697,0.105,0.015,37.3,0.9,0.38,3.16,,0.37353413654618467,,3.8276610258664596,0.07,,0.17769230769230768,,0.2
2011-05-31,1.61,,0.2746363636363636,27.0,0.88,,38.9,41.8,321.6667,,0.98,,530.0,,1.36,41.3,10.5,0.18,,2.377896603773585,15.2,2971.72,0.48,2971.72,4.3781405990016635,3.51,30.15,,0.71,,1.77,,1.196648148148148,0.0046,0.32,,17.7,7.62,0.272,0.21069230769230768,,,4.030470250368189,4.245117247290761,,58.5,5.65,15.89949373834266,0.04429354838709678,0.75,1.61,2.0423684210526316,29.0646511627907,55.65,1.5334,0.156,,5.583546392300637,,,1.25,55.0813704496788,0.0690909091,9.03,2.34,24.3564,,,,,,,,1.36,1.7,0.2901,,1.98,1.5473684210526317,2.45,,,0.99,0.33115384615384613,,,,5.59,3.4,5.12,8.06,,,,0.23605375143492605,,,,0.2609383658958385,3.51,0.08450062397372743,,,0.7,,0.6244870041039672,0.1,,0.48400000000000004,27.992989510489508,995.0,,5.02,,770.0,2.8340564938846824,14.68,,945.17,945.17,1.1,0.3012106588890362,1.23,,2.8689999999999998,1.48,62.75,,0.13333333333333336,,0.62,2.0,890.0,,6.72,6.77,,0.7,29.0,,,,3516.72,3.6,11.0,3516.72,,,,3.0,50.1,,6.35,0.4259750094661114,7124.13,7124.13,0.555,2.77,4.43,0.75,0.029288793103448275,,85.05,25.47,2.9,0.18146153407470778,0.6390657533558829,0.7620725673446948,,0.9839,1.22861958827199,0.89,0.98,0.24549784247129466,0.88,,0.88,4.235804973371682,6.53,10.5,,,0.6426771653543307,4.39,18559.33,0.043,0.025409090909090905,1.93,,,,1.82,5.0,0.6,,46.97,,2.11,240.2,735.0,0.11899265625000004,,0.37,18559.33,0.9515,0.14339393939393938,,3.39,0.73,,1.25,11.640256959314776,4.6269,,2.21,2.09,0.5,1.6,0.003191435053885423,0.015,0.016,2.5,0.022,12.0,10.11,1.6,,52.0,13.4,,7.0,,0.25,0.072,12.0545,,2.35,,0.375,4.5,61.0,,6.3282,,,,,,5.26,,,,,1.88,0.43,1546.04,1546.04,62.6,214.0,4244.64,28.88888888888889,,20.35,,27.0,0.07042364803556364,1.9,1.26,12.5,0.62,,2.6,,,17.75,77.75,1517.87,10.7879,0.153,,1.23,13.822723197183558,,1.82,848.1848184818482,0.93,361.3333,110.8,,,,,,,,,,75.0,11.96,1.35,4.1,1.04,,,1.68,,,0.51,1517.87,2.95,0.308,,,2328.0,,,,36.3636,0.101,0.015,43.95,0.875,0.3,3.19,,0.42088353413654617,2.3358,3.8553976999669413,0.058,,0.17261538461538461,,0.2
2011-06-30,1.61,,0.3316363636363636,30.0,0.9,16.0,40.5,41.5,319.0,,1.04,,533.0,,1.38,42.0,10.94,0.182,,3.217141886792453,15.6,3002.64,0.47,3002.64,4.471734608985025,3.42,31.3,,0.69,,2.61,,1.253472222222222,0.004,0.315,,20.7,8.0,0.222,0.1969846153846154,,,4.026270054000982,3.918569766729933,2.2037037037037037,54.65,4.79,14.763815614175329,0.06162580645161291,0.69,1.6,2.5657894736842106,25.96442170542636,58.5,1.6666,0.15,,5.583546392300637,,,1.23,56.50963597430407,0.0690909091,8.8,2.28,23.1183,,,,,,,,1.336,1.6,0.6299,,1.8,1.4526315789473683,2.4,,12.218181818181819,0.96,,,,,5.5,3.75,5.98,8.51,,,,0.2456540236224709,,,,,3.4,0.08825873797794981,,,0.73,,0.677154582763338,0.11,,0.4274285714285715,25.206293706293703,999.0,,4.87,,900.0,2.8410541642399534,14.18,,952.45,952.45,1.3,0.32740289009677853,1.17,,2.945,1.24,59.2,,0.12133333333333335,,0.6,1.95,894.0,,6.78,6.8,,0.71,29.2,,,,3542.2,3.1,11.9,3542.2,,,,3.0,50.2,,6.1,0.4259750094661114,7227.59,7227.59,0.545,2.65,4.8,0.68,0.02993965517241379,,88.5,25.23,2.94,0.1753448531508412,0.6882246574601815,0.8283397471137988,,1.1151,,0.92,1.05,0.26303340264781566,0.88,,0.88,4.382941913110491,5.74,10.16,,,0.5941732283464567,4.8,19992.43,0.047,0.02777272727272727,1.93,,,,1.8,4.75,0.59,,47.65,,1.99,274.2,685.0,,,0.38,19992.43,0.8363,0.11320574162679424,,3.58,0.41,,1.26,11.974304068522484,5.161,,2.16,1.89,0.48,1.52,0.0030198525241066374,0.013,0.015,2.82,0.02,13.4,10.88,1.51,,70.0,13.5,,6.69,,0.24,0.094,11.3636,,2.4,,0.375,,57.95,,5.8975,,,,,,5.5,,,,,1.94,0.558,1509.48,1509.48,64.0,189.1667,4291.21,28.166666666666664,,23.25,,26.4,0.07042364803556364,1.8,1.14,12.0,0.62,,2.46,,,17.7833,83.3333,1514.02,10.9697,0.15,,1.17,36.82195981294259,,1.98,805.2805280528054,0.94,356.3333,115.2,,,,,,,,,,75.05,11.8,1.27,4.2,1.01,,,1.7,,,0.56,1514.02,2.77,0.3,,,2312.0,4.112009070294784,,,36.2121,0.102,0.016,40.8,0.855,0.32,3.16,,0.4366666666666666,,3.836906583899954,0.06,,0.14215384615384616,,0.197
2011-07-31,1.89,,0.31090909090909086,27.0,0.9,28.8,39.0,44.0,326.0,,0.99,,550.0,,1.52,41.9,11.58,0.201,,3.234608679245283,16.82,3123.06,0.51,3123.06,4.783714642262895,3.45,32.5,,0.72,,2.66,,1.2634999999999998,0.0047,0.4,,23.6,8.22,0.207,0.19292307692307692,,,5.8336272786777945,5.8778546500949,2.7222222222222223,63.95,4.71,22.713562483346657,0.1258193548387097,0.9,1.82,1.5497368421052633,25.189364341085273,59.7,1.56,0.33,,6.344939082159815,,,1.04,52.28693790149893,0.0745454545,8.81,2.44,23.8356,,,,,,,,1.38,1.8,2.3208,,1.85,1.5789473684210527,2.3,,,0.95,0.3715384615384616,,,,7.0,4.94,8.38,9.0,,,,0.242830414155546,,,,,3.44,0.11274342012667136,,,0.82,,0.677154582763338,0.12,,0.4274285714285715,,1010.0,,4.97,,955.5,3.1909376820034945,14.96,,1024.45,1024.45,1.5,0.43479103804852187,1.3,,3.002,1.2,61.8,,0.22,,0.7,2.9,959.0,,6.88,6.89,,1.0,30.0,,,,3598.42,3.22,10.92,3598.42,,,,3.14,54.5,,6.07,0.4259750094661114,7561.88,7561.88,0.58,3.0,4.45,0.85,0.03709913793103448,,86.95,24.76,3.55,0.1753448531508412,0.6144863013037335,0.7653859263331501,,0.9128,2.734333333333333,1.13,1.22,0.26303340264781566,1.01,,1.01,4.249181058802483,5.8,10.08,,,0.6184251968503938,5.0,22673.63,0.06,0.03604545454545454,2.15,,,,2.19,4.5,0.65,,52.38,,2.19,279.0,660.0,0.12465897321428573,,0.4,22673.63,0.7879,0.12980925039872404,,3.61,0.36,,1.3,12.693790149892935,5.6475,,2.17,2.03,0.49,1.61,0.3774815655133296,0.016,0.017,3.98,0.02,14.0,13.51,1.53,,120.0,16.2,,6.75,,0.27,0.11,12.2182,,2.37,,0.42,,59.05,,6.0923,,,,,,5.3,,,,,1.9,0.48,1600.69,1600.69,67.5,208.3333,4503.63,28.166666666666664,,25.65,,28.55,,1.8,1.38,13.3,0.65,,2.94,,,18.8333,90.4167,1578.38,13.9091,0.215,0.24671113437523362,1.45,35.16989604221523,,1.92,785.4785478547856,0.95,362.0,127.5,,,,,,,,,,75.4,11.54,1.31,3.8,1.1,,,2.38,,,0.62,1578.38,2.9,0.28,,,2400.0,4.902780045351474,,,38.1818,0.195,0.018,47.3,0.88,0.61,3.45,,0.45771084337349394,,3.7074687714310395,0.087,,0.2030769230769231,,0.81
2011-08-31,1.35,,0.3057272727272727,25.4,0.88,40.05,33.75,35.5,304.6,0.9543,0.92,,550.0,,1.33,40.7,10.3,0.179,,3.2870615094339626,15.94,3041.67,0.72,3041.67,4.471734608985025,3.25,29.9,,0.65,,2.24,,1.320324074074074,0.0044,0.49,,19.6,8.1,0.19,0.19241538461538463,,,5.897266617574865,6.030221704524582,,58.75,4.7,15.331654676258992,0.2952903225806452,1.06,1.75,2.288684210526316,21.89537054263566,57.65,1.3934,0.305,,6.344939082159815,,,0.9714285714,50.54817987152035,0.0727272727,8.8,2.4,23.1415,,,,,,,,2.04,1.7,2.2627,,1.77,1.5789473684210527,2.5,,,0.83,0.42000000000000004,,,,6.51,3.7,8.05,8.05,,,,0.242830414155546,,,,0.27014795528039753,3.38,0.16911513019000707,,,0.71,,0.564295485636115,0.26,,0.4714285714285715,28.14702797202797,1025.0,,4.62,,1100.0,3.187438846825859,14.16,,987.09,987.09,1.7,0.6495673339520085,1.14,,2.7739999999999996,1.13,57.35,,0.28,,0.64,2.56,900.0,,6.76,6.75,,1.1,26.0,,,,3397.93,3.0,9.94,3397.93,,,,2.65,50.7,,5.83,0.4259750094661114,7063.82,7063.82,0.595,5.85,4.36,0.79,0.03709913793103448,,87.0,22.85,3.75,0.1753448531508412,0.8111219177209282,1.292210005497526,,0.8746,3.6057142857142854,1.61,1.71,0.39747269733447704,0.99,,0.99,4.414108192164256,5.0,8.6,,,0.6426771653543307,4.6,25927.68,0.074,0.044909090909090905,2.14,,,,2.37,4.5,0.61,,49.69,,1.87,262.0,555.0,0.14732424107142858,,0.4,25927.68,0.8485,0.1358468899521531,,3.3,0.335,,1.28,12.372591006423985,5.4465,,3.78,1.97,0.415,1.6,0.29512195121951224,0.018,0.017,5.09,0.021,13.2,13.55,1.36,,90.0,15.34,,6.05,,0.355,0.138,10.2,,2.24,,0.38,5.6,53.9,,5.7333,,,,,,5.5,,,,,1.7,0.608,1529.59,1529.59,69.0,208.3333,4348.5,32.5,,27.7,,31.1,0.07042364803556364,1.96,1.17,12.36,0.6,,2.46,,,18.6333,76.1667,1533.44,14.5455,0.18,0.19896059223809165,1.3,60.09102385998048,,1.92,725.4125412541255,0.81,360.0,124.8,,,,,,,,,,77.0,11.7,1.3,3.6,1.2,,,2.15,,,0.55,1533.44,2.6,0.27,,,2390.0,4.459948299319727,,,36.1212,0.23,0.019,39.7,0.79,0.51,3.2,,0.4103614457831325,,3.531803168794655,0.138,,0.25384615384615383,,0.87
2011-09-30,1.33,,0.285,24.0,0.84,28.85,30.9,34.5,290.0,0.5657,0.85,,536.0,,1.11,38.0,9.35,0.153,,3.4968728301886793,14.58,2859.23,0.5,2859.23,4.419696339434276,3.2,28.5,,0.54,,1.98,,1.1364814814814814,0.0077,0.45,,15.94,7.5,0.175,0.17616923076923074,,,4.688119178530519,4.963521704524582,,51.0,3.35,22.997482014388492,0.21504838709677424,0.94,1.42,2.524736842105263,17.43879069767442,55.8,1.2334,0.24,,5.329748829014245,,,0.9619047619,44.524625267665954,0.0636363636,8.95,2.29,22.2853,,,,,,,,1.6,1.6,1.5334,,1.8,1.4842105263157896,2.5,,12.436363636363637,0.72,,,,,5.7,3.14,8.9,6.94,,,,0.242830414155546,,,,0.2486589133830932,3.03,0.14747750410509033,,,0.59,,0.6395348837209303,0.161,,0.4714285714285715,39.40583916083916,1011.0,,3.85,,1350.0,2.904033197437391,14.0,,917.78,917.78,1.45,0.6495673339520085,1.1,,2.7359999999999998,1.0,54.0,,0.238,,0.56,2.05,888.0,,6.5,6.47,17.866666666666667,1.2,24.0,,,,3131.67,2.95,8.51,3131.67,,,,2.25,46.8,,5.2,0.5537675123059448,6679.35,6679.35,0.48,3.7,4.36,0.78,0.031241379310344826,,84.4,20.38,3.2,0.1794226404334189,0.7988321916948535,1.2590764156129741,,0.8636,3.7257142857142855,1.25,1.31,0.812138420273659,0.77,,0.77,4.012825629240233,4.4,6.5,,,0.6366141732283465,4.02,20525.99,0.048,0.02836363636363636,1.91,,,,2.0,5.36,0.61,0.3597331910352187,44.92,,1.69,234.0,499.0,,,0.33,20525.99,0.8363,0.09282870813397129,,2.75,0.25,,1.12,12.192719486081371,5.5523,,3.37,1.78,0.37,1.4,0.25394214407260357,0.016,0.017,3.3,0.019,11.4,14.51,1.21,,89.9,15.3,,6.2,,0.265,0.11,9.5455,,2.12,,0.315,5.75,46.6,,5.641,,,,,,5.3,,,,,1.52,0.56,1398.43,1398.43,69.5,187.5,3999.65,29.791666666666664,,22.05,5.7,32.0,0.06978920075596398,3.14,1.08,11.3,0.5,,2.73,,,15.5417,72.7083,1414.62,14.0606,0.13,0.19896059223809165,1.15,50.98332337378904,,1.9,693.0693069306931,0.72,348.0,116.6,,,,,,,,,,78.5,12.2,1.21,3.9,1.02,,,2.3,,,0.51,1414.62,2.34,0.251,,,2198.0,4.586471655328797,,,35.7576,0.17,0.023,41.45,0.73,0.41,3.05,,0.4366666666666666,,3.49482093666068,0.1,,0.19038461538461537,,0.62
2011-10-31,1.42,,0.285,25.25,1.11,26.95,32.2,33.5,306.4,0.5743,0.94,,550.0,,1.25,40.95,10.6,0.163,,3.2870615094339626,16.16,3004.91,0.55,3004.91,5.184047420965058,3.3,29.65,,0.57,,2.15,,1.3336944444444445,0.0071,0.495,,19.6,8.01,0.167,0.18276923076923077,,,5.62145372279496,5.768983720075919,2.7222222222222223,56.3,3.81,22.997482014388492,0.216,0.86,1.76,2.668421052631579,23.639249612403102,58.5,1.3866,0.218,,8.629117151737349,,,1.0,47.7847965738758,0.0654545455,8.5,2.53,22.8638,,,,,,,,1.57,1.6,1.8981,,1.97,1.6736842105263159,2.6,,12.436363636363637,0.82,,,,,6.15,3.36,7.62,7.8,,,,0.2541248520232458,,,,0.2517287765112795,3.05,0.15231749941355854,,,0.61,,1.1,0.136,,0.4714285714285715,,1018.0,,3.88,,1160.0,2.8690448456610365,13.92,,972.51,972.51,1.5,0.64432888771046,1.15,,2.7549999999999994,1.23,52.1,,0.18,,0.56,2.15,909.0,,6.55,6.37,19.653333333333336,1.2,24.6,,,,3443.69,2.94,9.0,3443.69,,,,2.19,55.55,,5.3,0.43619840969329804,6918.33,6918.33,0.495,3.6,4.51,0.75,0.032543103448275865,,90.6,24.42,3.44,0.15291702309666383,0.8111219177209282,1.0934084661902144,,0.8198,3.314285714285714,1.32,1.39,0.9258377991119713,0.73,,0.73,4.191195728459961,4.71,7.7,,,,4.5,22941.36,0.064,0.03781818181818181,2.01,,,,1.93,4.86,0.58,,48.63,,1.88,242.0,520.0,0.24931794642857147,,0.3,22941.36,0.8061,0.09282870813397129,,3.27,0.31,,1.15,12.462526766595289,4.3889,,3.77,1.9,0.4,1.49,0.2573737946681793,0.016,0.017,3.99,0.019,11.8,14.93,1.27,,84.95,13.76,,6.1,12.38,0.3,0.107,10.5455,,2.05,,0.32,6.48,54.85,,5.6923,,,,,,5.0,,,,,1.7,0.5,1514.68,1514.68,70.0,190.8333,4333.72,,,24.5,6.38,31.5,0.1015115647359476,1.8,1.2,12.46,0.54,,2.88,,,17.9,73.125,1547.42,12.1212,0.13,0.1459044343079339,1.13,49.597368951977295,,1.9,686.4686468646865,0.73,371.3333,114.8,,,,,,,,,,75.0,13.0,1.27,3.95,1.01,,,2.8,,,0.52,1547.42,2.79,0.288,,,2400.0,4.478926802721088,,,36.9091,0.163,0.023,47.0,0.81,0.415,3.0,,0.4892771084337349,,3.508689273710921,0.112,,0.23607692307692307,,0.83
2011-11-30,1.48,,2.1,22.1,1.08,27.55,30.85,31.0,291.4,0.9429,0.94,,549.0,,1.21,39.0,10.14,0.165,,3.234608679245283,15.6,2952.17,0.52,2952.17,5.116472545757071,3.1,29.0,,0.59,,2.0,,1.4540277777777775,0.0066,0.47,,17.2,7.55,0.235,0.12692307692307692,,,5.801807609229259,5.954070832057797,2.7870370370370368,55.05,4.11,76.65827338129496,0.198,0.87,1.54,39.75,29.0646511627907,52.4,1.46,0.208,,11.167092784601275,,1.5,1.05,43.46895074946467,0.0627272727,9.0,2.52,23.1415,,,,,,,,1.8,1.6,1.7571,,2.14,1.642105263157895,2.65,,12.436363636363637,0.78,0.6663461538461538,,,,5.8,3.49,8.3,7.4,,,,0.26880762125125557,,,,0.5467587803043452,3.28,0.13836692470091486,,,0.61,,,0.14,,0.4462857142857143,,1015.0,,3.53,,1100.0,4.303411764705882,13.5,,930.44,930.44,1.65,,1.09,,2.5269999999999997,1.36,55.65,,0.215,,0.55,2.19,943.0,,6.4,6.15,,1.1,23.5,,,,3293.7,3.01,7.8,3293.7,,,,2.25,54.0,,5.06,0.7071185157137448,6949.35,6949.35,0.525,4.48,5.0,0.7,0.03449568965517241,,88.0,24.0,4.0,0.16311149130310812,0.8037480821052834,1.1928092358438702,,0.8746,5.394285714285714,1.52,1.71,0.9737539659081172,0.78,,0.78,4.1332103981174395,4.56,9.65,,,0.7093700787401575,5.1,23715.71,0.063,0.03722727272727272,1.85,,,,2.1,5.0,0.59,0.4115866239772323,44.99,,1.8,235.0,500.0,0.3739769196428571,,0.66,23715.71,0.7697,0.21150315789473684,,3.36,0.315,,1.2,12.334047109207708,4.3625,,4.31,1.98,0.44,1.5,0.260805445263755,0.017,0.018,3.81,0.021,11.6,13.11,1.4,,84.95,12.9,,5.92,15.3,0.31,0.139,10.8182,1.2444666666666666,2.14,,0.33,6.5,52.5,,5.7949,,,,,,5.75,,,,,1.52,,1474.53,1474.53,70.0,188.0,4211.04,,,23.15,7.1,30.5,0.12688945591993447,1.81,1.2,11.62,0.53,,2.42,,,17.25,80.1667,1542.48,13.3333,0.127,0.1313139908771405,1.17,50.488339651713424,,1.88,662.046204620462,0.74,345.3333,122.8,,,,,,,,,,77.5,12.66,1.18,3.5,1.14,,,2.68,,,0.56,1542.48,2.53,0.322,,7.6,2400.0,4.4283174603174595,,,37.8485,0.186,0.023,50.0,0.815,0.46,2.9,,0.5208433734939758,2.55,3.4393475884597176,0.154,,0.2690769230769231,,0.8
2011-12-31,1.33,,3.06,24.0,0.91,27.3,29.7,29.9,311.0,0.8343,1.01,,550.0,,1.25,40.15,10.34,0.16,,3.1996226415094338,15.16,3045.04,0.44,3045.04,5.449230449251248,3.32,29.9,,0.71,,1.92,,1.337037037037037,0.0058,0.425,,16.84,8.25,0.224,0.13656923076923078,,,5.62145372279496,5.616616665646237,3.2407407407407405,59.0,5.08,76.65827338129496,0.167,0.85,1.61,28.7,34.723255813953486,55.2,1.8,0.188,,11.843886286698323,,1.308,1.0,40.23982869379015,0.0718181818,9.1,2.5,23.0257,,,0.44848733276900543,,,,,1.91,1.5,1.608,,1.82,2.8,2.65,,12.436363636363637,0.77,2.1,,,,5.9,3.34,11.38,8.26,,,,0.2484776330893959,,,,0.8026884221489323,3.44,0.1326728125733052,,,0.59,2.740166666666666,1.51,0.15,,0.5028571428571429,,1020.0,,3.35,,1000.0,4.345294117647059,14.62,,968.91,968.91,1.96,0.6128982102611693,0.99,,3.0399999999999996,1.42,61.5,,0.2,,0.53,2.12,1133.0,,6.6,6.5,,1.2,23.3,,,,3503.61,3.08,9.4,3503.61,,,,2.45,53.0,,4.99,0.6815600151457782,7074.65,7074.65,0.48,4.5,4.4,0.72,0.03644827586206897,,90.45,23.95,2.42,0.16515038494439693,0.8160378081313581,1.1099752611324902,,0.8198,5.085714285714286,1.55,1.79,0.8933522623010252,0.74,0.7025806451612903,0.74,4.142172375356076,5.1,9.09,,,0.6244881889763779,4.4,23504.75,0.06,0.03486363636363636,1.92,,,,1.98,5.0,0.6,0.9852152258982567,46.25,,1.7,247.2,487.0,,,0.42,23504.75,0.8727,0.17472,,3.66,0.28,,1.23,12.462526766595289,4.9178,,4.51,2.02,0.395,1.86,0.2470788428814521,0.016,0.018,3.99,0.022,12.0,15.53,1.36,,84.8,12.6,,5.25,17.88,0.26,0.233,10.8182,1.0978,2.06,,0.34,,56.4,,5.7846,,,,5.537942666666666,,7.0,,,,,1.45,0.42,1481.25,1481.25,85.0,190.0,4371.96,31.416666666666664,,20.85,7.02,30.1,0.16928664714397607,2.0,1.19,11.3,0.51,,2.34,,,18.45,81.2083,1616.32,15.697,0.118,0.1525364540492036,1.16,50.488339651713424,,2.19,660.0660066006601,0.72,388.3333,116.8,,,,,,,,,,79.3,13.3,1.14,3.8,1.05,,,2.59,,,0.51,1616.32,2.18,0.31,,8.2,2542.0,5.060934240362811,,,40.0,0.205,0.022,48.0,0.85,0.44,2.84,,0.46297188755020074,3.81,3.5502942848616437,0.265,,0.25384615384615383,,0.75
2012-01-31,1.48,,5.61,24.0,0.79,36.6,33.0,36.0,351.2,1.4857,1.14,,548.0,,1.27,41.8,11.0,0.181,,3.2520754716981135,17.66,3175.47,0.55,3175.47,6.562000831946755,3.5,30.2,,0.71,,2.1,,1.8484537037037039,0.0065,0.45,,18.98,7.68,0.231,0.13910769230769232,,,5.769987939780724,5.98672558011388,2.9166666666666665,59.95,4.79,73.25123900879296,0.165,0.86,1.62,47.0,42.43953488372093,60.65,1.6866,0.24,,16.778838906155958,,1.34,0.9523809524,41.66809421841541,0.0727272727,10.0,3.06,23.9514,,,,,,,,1.938,1.6,1.8649,,1.83,2.95,2.8,,12.436363636363637,0.92,4.05,,,,7.2,3.1,15.02,9.2,,,,0.2710665088247955,,,,0.6543655615344559,4.91,0.10924489795918368,,,0.61,2.66665,,0.214,,0.4714285714285715,40.05,1029.0,,3.82,,998.0,4.470941176470588,12.96,,1052.57,1052.57,2.81,0.8119591674400106,1.16,,3.305999999999999,1.42,59.55,,0.32,,0.65,2.24,1165.0,,8.0,8.22,17.866666666666667,1.2,23.7,,,,3739.7,3.7,11.1,3739.7,,,,2.16,56.05,,5.0,0.7667550170390004,7247.37,7247.37,0.525,5.58,5.35,0.85,0.04295689655172414,,97.8,26.47,2.52,0.16311149130310812,0.8848602738773762,1.3319703133589882,,0.9238,5.28,1.68,1.84,0.8771094938955517,0.92,3.832258064516129,0.92,4.191195728459961,5.19,9.19,,,0.6972440944881889,4.18,25967.07,0.071,0.043136363636363625,1.78,,,,2.21,5.0,0.65,,51.63,,1.71,279.8,482.0,,,0.51,25967.07,0.8485,0.16092631578947367,,3.5,0.26,,1.26,13.490364025695932,5.2456,,8.02,2.34,0.54,1.75,0.27796369824163364,0.022,0.022,4.95,0.029,12.6,16.99,2.03,,86.0,11.56,,6.1,19.62,0.295,0.5,10.7273,1.0444666666666667,2.28,,0.365,6.0,62.95,,5.6718,,,,4.899640833333333,,9.0,,,,,1.72,0.6,1692.89,1692.89,74.05,204.3333,4682.44,,,23.3,10.0,30.4,0.19096359586363157,1.76,1.42,14.06,0.53,,2.59,,,18.7833,94.9167,1724.59,15.4545,0.125,0.1459044343079339,1.16,62.86293270360396,,2.0,660.0660066006601,0.75,414.0,117.5,,,,,,,,,,77.25,16.4,1.22,3.5,1.21,,,2.75,,,0.55,1724.59,2.19,0.295,,7.86,2736.0,4.902780045351474,,,46.1818,0.295,0.025,53.65,0.895,0.48,3.05,,0.5313654618473895,6.15,3.5780309589621253,0.5,,0.2792307692307692,,0.8
2012-02-29,1.35,,5.76,26.8,0.66,51.5,34.0,35.0,401.0,2.1429,1.13,,559.0,,1.31,47.7,11.44,0.186,,4.720754716981133,20.5,3306.36,0.5,3306.36,6.499604825291182,3.5,32.0,,0.7,,2.08,,1.8150277777777775,0.0063,0.64,,18.9,8.4,0.262,0.14316923076923074,,,5.5154305841924405,5.616616665646237,2.5925925925925926,65.5,4.54,,0.176,0.8,1.69,26.2,37.68116279069768,66.7,1.7534,0.25,,13.817867334481377,,1.34,0.980952381,41.07815845824412,0.0718181818,9.75,5.2,25.5135,,,0.999069342916321,,,,,2.26,1.7,1.409,,1.88,4.0,4.0,,11.781818181818183,0.96,4.65,,,,8.35,3.15,38.1,9.66,,,,0.2541248520232458,,,,0.5816582769195163,5.33,0.09464285714285714,,,0.61,2.3391666666666664,1.4,0.238,,0.4902857142857143,50.5,1028.0,,4.29,,997.0,4.6960588235294125,13.4,,1179.43,1179.43,3.0,0.8905358610632375,1.23,,3.287,1.57,61.55,,0.255,,0.89,2.08,1160.0,,9.6,9.9,,1.3,23.0,,,,3956.72,3.72,11.0,3956.72,,,,2.24,59.0,,5.03,1.1927300265051117,7244.13,7244.13,0.545,5.5,5.0,1.7,0.04230603448275862,,98.0,24.66,2.73,0.20388936412888514,0.9217294519556002,1.2292561847168775,,1.0549,4.942857142857143,1.53,1.63,0.8771094938955517,1.03,3.5129032258064514,1.03,4.16444355759836,5.05,7.52,,,0.7275590551181103,4.1,25573.13,0.08,0.04845454545454545,1.78,,,,2.5,5.5,0.7,0.8912308786908573,55.13,,1.76,263.6,500.0,0.27198321428571437,,0.72,25573.13,0.8485,0.21380210526315788,,3.51,0.235,,1.32,14.325481798715204,6.5464,,10.3,2.31,0.53,2.85,0.27796369824163364,0.026,0.028,5.24,0.051,12.0,17.44,2.38,,83.0,10.22,,6.4,21.35,0.335,0.455,11.0727,1.0533333333333335,2.4,,0.375,5.8,68.3,,6.5128,,,,3.3982829999999993,,9.2,,,,,1.67,0.43,1827.59,1827.59,76.9,328.3333,4897.65,,,22.2,12.8,38.3,0.21676948719655476,2.3,1.51,15.8,0.54,,2.42,,,18.4167,107.5,1791.56,16.9697,0.13,0.13927241456666417,1.18,49.597368951977295,,2.2,630.3630363036305,0.75,425.0,113.0,,,,,,,,,,77.0,16.36,1.3,3.2,1.42,,,2.42,,,0.56,1791.56,2.1,0.29,,8.0,2858.0,5.370916462585034,,,67.3333,0.28,0.024,53.0,0.925,0.49,3.84,,0.5997590361445783,5.0,3.712091550447785,0.345,,0.2792307692307692,,0.7
2012-03-31,2.99,,5.57,23.8,0.76,47.0,37.75,38.3,406.6,4.0,1.13,,548.0,,1.4,50.1,12.6,0.19,,5.769811320754717,20.75,3458.73,0.51,3458.73,6.010794509151414,4.3,33.9,,0.7,,2.06,,1.8551388888888887,0.0058,0.58,,17.94,8.9,0.207,0.1386,,,5.462355375552282,6.313273060674708,3.2407407407407405,66.2,5.13,102.21103117505996,0.184,0.79,1.65,33.45,54.656976744186046,74.0,1.7,0.3,,14.804857858372902,,1.85,0.9714285714,41.66809421841541,0.0736363636,9.9,8.38,27.3647,,,1.8231192388983963,,,,,2.26,1.6,1.3096,,1.78,5.6,5.0,,,0.9,4.61,,,,7.7,3.12,45.85,10.8,,,,0.28236094669249534,,,,1.1633165538390327,6.07,0.08004081632653061,,,0.64,2.3926333333333334,2.65,0.2,,0.5028571428571429,,1035.0,,4.69,,960.0,5.507529411764706,13.52,,1263.83,1263.83,2.87,0.7229055813336869,1.29,,3.3819999999999992,1.55,64.85,,0.27,,0.87,2.0,1134.0,,9.11,8.77,26.8,1.8,23.5,,,,4243.85,4.7,11.86,4243.85,,,,2.6,65.5,,4.92,0.734380916319576,7815.83,7815.83,0.845,5.0,5.4,1.87,0.03970258620689655,,117.0,29.04,2.51,0.20898659823210722,1.044626712216347,1.2756432105552502,,1.0386,6.251428571428571,1.49,1.61,0.8689881096928151,1.19,2.067096774193548,1.19,4.222428887940881,5.48,7.91,,,1.158031496062992,3.85,25978.59,0.076,0.044909090909090905,1.79,16.50568181818182,,,3.13,5.5,0.66,0.8102098897189611,59.46,,1.96,262.0,570.0,,,0.66,25978.59,0.9091,0.4076147816349384,,4.14,0.222,,1.5,14.903640256959315,7.8155,,11.1,3.25,0.5,2.48,0.27110039705048217,0.022,0.023,8.05,0.052,12.2,18.08,3.15,,85.0,10.22,,6.48,20.4,0.35,0.86,10.5455,1.04,2.74,,0.355,6.5,75.0,,7.3077,,,,3.5960666666666667,,9.4,,,,,1.66,0.578,1881.71,1881.71,81.0,316.6667,5107.73,,,21.15,11.7,41.9,0.33031540906141676,2.28,2.0,16.5,0.53,,3.4,,,20.4,119.1667,1751.93,29.697,0.146,0.1591684737904733,1.31,51.47830709586465,,2.5,652.1452145214522,0.76,440.0,113.7,,,,,,,,,,77.0,16.9,1.3,4.8,1.57,,,2.49,,,0.57,1751.93,2.49,0.3,,8.11,2700.0,4.4283174603174595,,,63.2121,0.31,0.022,63.0,0.94,0.5,3.85,,0.515582329317269,14.52,3.8553976999669413,0.405,,0.29446153846153844,,0.67
2012-04-30,2.08,,4.8,34.6,0.74,48.05,40.0,41.8,428.0,3.12,1.11,,560.0,,1.41,50.15,12.28,0.187,,6.119514339622642,21.0,3456.35,0.5,3456.35,6.281218801996673,4.9,34.4,,0.7,,2.1,,1.698037037037037,0.0056,0.69,,19.3,9.05,0.183,0.12895384615384614,,,5.5154305841924405,5.638364727851589,,66.45,4.72,,0.193,0.78,1.75,12.0,39.22441860465116,72.5,1.88,0.29,,13.225673020146463,,1.398,1.08,43.437901498929335,0.0763636364,10.48,7.5,30.3731,,,2.1148183171221393,,,,,2.28,1.6,1.4007,,1.72,4.71,4.95,,,0.9,4.45,,,,7.25,3.16,57.2,12.1,,,,0.2541248520232458,,,,1.1633165538390327,6.08,0.05408163265306123,,,0.8,2.3391666666666664,1.86,0.2,,0.5028571428571429,,1030.0,,4.92,,923.0,5.9682352941176475,13.98,,1283.15,1283.15,2.68,0.6809980114012993,1.37,,3.3439999999999994,1.54,62.5,,0.28,,0.92,1.93,1120.0,,10.18,10.2,26.8,1.7,23.45,465.2778,,,4429.45,4.53,12.0,4429.45,,,,2.37,67.5,,4.8,0.7284172661870504,7813.8,7813.8,0.79,4.95,6.6,1.28,0.03709913793103448,,108.5,31.42,2.3,0.1875782149985743,0.9831780820859736,1.5208317757009344,,1.2844,5.177142857142857,1.44,1.56,0.8657395560117205,1.26,1.8580645161290323,1.26,4.81539075508828,5.7,7.15,,,1.1459055118110235,3.82,27012.21,0.075,0.044909090909090905,1.93,16.93655303030303,,,3.63,5.43,0.72,0.8815083600142297,62.62,,2.15,257.0,525.0,0.4079748214285715,,0.62,27012.21,0.9273,0.4076147816349384,,4.39,0.21,,1.5,15.931477516059958,8.1751,,12.38,3.45,0.48,2.17,0.26766874645490646,0.023,0.023,7.93,0.058,11.6,16.55,2.8,,77.0,10.62,,6.55,23.8,0.375,0.74,11.0,0.9422,2.84,,0.36,5.4,75.0,,7.3077,,,,3.9556733333333334,,9.2,,,,,1.58,0.6,1910.01,1910.01,81.05,291.6667,5169.05,31.416666666666664,,25.0,28.5,43.7,0.2941871611953243,2.26,2.75,17.02,0.53,,2.95,,,20.5667,119.1667,1715.79,26.6667,0.139,0.15651566589396543,1.29,48.50840476341093,,2.5,661.3861386138615,0.76,465.3333,112.5,,,,,,,,,,76.2,16.7,1.3,3.9,1.48,,,2.4,,,0.58,1715.79,2.49,0.285,,8.2,2584.0,4.459948299319727,,,63.9394,0.255,0.02,65.0,0.94,0.58,4.38,,0.54714859437751,12.3,4.072668313754047,0.365,,0.2792307692307692,,0.63
2012-05-31,1.8,,4.5,30.0,0.72,26.3,35.6,38.0,442.0,4.6743,1.1,,545.0,,1.31,52.0,12.46,0.164,,6.644042641509435,19.64,3377.15,0.46,3377.15,6.010794509151414,4.4,35.35,,0.66,,2.0,,1.7882870370370367,0.0043,0.69,,17.8,8.75,0.195,0.11473846153846154,,,5.303257028309606,5.050579262842098,3.2407407407407405,70.5,4.75,71.54772182254196,0.158,0.7,1.75,8.98,43.72558139534883,67.0,1.9,0.265,,15.79184838226443,,1.304,1.0390342052,42.78586723768737,0.0718181818,10.1,6.16,31.8773,,,2.03460107061061,,,,,2.34,1.5,1.2101,,1.48,4.9,5.1,,,0.81,2.99,,,,5.97,2.74,35.0,11.59,,,,,,,,0.9451946999942139,6.37,0.02433673469387755,,,0.68,2.372583333333333,2.27,0.166,12.41,0.528,,1022.0,,4.07,,960.0,4.973529411764706,16.44,100.8,1255.03,1255.03,2.62,0.6574250033143312,1.26,,3.4579999999999993,1.47,71.7,,0.22,,0.71,1.82,1130.0,,10.4,10.2,33.0,1.3,20.5,462.963,,,4471.06,4.6,11.5,4471.06,,,,2.22,77.0,,4.2,0.875804619462325,7839.19,7839.19,0.8,4.65,5.7,1.14,0.035797413793103444,,105.6,31.42,2.76,0.20388936412888514,0.934019177981675,,,1.3501,5.714285714285714,1.24,1.32,0.8592424486495313,1.03,1.0741935483870968,1.03,4.458717437075976,5.89,6.8,,,1.1216535433070867,3.9,23686.67,0.062,0.03722727272727272,1.85,24.990530303030308,,,2.65,4.53,0.69,,61.19,,2.03,225.0,476.0,,,0.46,23686.67,1.28,1.019036954087346,,4.3,0.196,,1.54,15.867237687366167,9.5076,,9.2,2.83,0.42,2.0,0.24021554169030065,0.017,0.019,5.28,0.043,10.4,16.11,2.93,,72.0,10.16,,6.1,22.95,0.33,0.64,9.2727,1.0266666666666666,2.78,,0.315,6.45,72.0,,6.6692,,,,5.573903333333333,,9.21,,,,,1.39,0.48,1822.77,1822.77,82.0,294.1667,5091.23,,,24.0,41.0,43.1,0.15793205495748985,2.07,2.8,17.9,0.48,3.02,2.6,,,19.1667,109.1667,1640.36,26.0606,0.125,0.13661960667015627,1.37,44.05355126473033,,2.52,587.4587458745875,0.69,469.3333,117.0,,,,,,,,,,75.0,12.74,1.23,4.05,1.74,,,2.46,,,0.53,1640.36,2.38,0.256,,8.16,2340.0,4.592797823129251,,,57.5758,0.23,0.018,65.0,0.9,0.69,4.13,1.2,0.4840160642570281,10.02,3.5826537379788723,0.365,,0.22846153846153847,,0.48
2012-06-30,1.94,,5.15,29.8,0.72,25.2,34.8,37.0,469.2,4.08,1.09,,541.0,,1.35,48.95,11.54,0.171,,7.69309924528302,21.6,3452.84,0.46,3452.84,5.590682196339435,4.49,34.15,,0.7,,2.0,,1.721435185185185,0.0041,0.67,,17.98,9.0,0.244,0.13555384615384616,,,5.409343806251023,5.431594863160473,3.5,63.4,5.25,107.32158273381295,0.139,0.7,1.78,9.51,39.22441860465116,74.6,1.8866,0.265,,15.693149329875276,,1.75,1.0095238095,42.78586723768737,0.07,10.4,5.55,31.2468,,,,,,,,2.32,1.6,1.2018,,1.35,5.0,4.9,,13.52727272727273,0.83,2.63,,,,6.04,3.07,33.0,11.38,,,,,,,,0.9306532430712261,6.38,0.022173469387755104,,,0.76,2.5196166666666664,2.09,0.175,12.6,0.47771428571428576,,1019.0,,3.9,,975.0,5.497058823529412,17.66,101.0,1304.42,1304.42,2.74,,1.28,,3.3439999999999994,1.43,75.6,,0.2,,0.7,1.8,1115.0,,10.58,10.5,33.0,1.4,20.9,467.5926,,,4488.8,4.5,11.9,4488.8,,,,2.77,73.5,,4.0,0.7241575160923893,7839.57,7839.57,0.78,5.31,6.0,1.16,0.03449568965517241,,104.2,33.23,2.95,0.19573378956372972,0.934019177981675,,,1.3118,6.045714285714285,1.39,1.48,0.852745341287342,1.28,0.9348387096774193,1.28,4.86,5.95,8.26,,,1.1459055118110235,4.5,24629.48,0.07,0.041954545454545446,1.82,25.42140151515152,,,2.56,5.0,0.68,1.0046602632515118,62.96,,2.19,253.4,491.8,,,0.45,24629.48,1.48,1.283986562150056,,4.17,0.195,,1.47,15.770877944325482,9.2538,,9.09,2.95,0.415,2.0,0.24021554169030065,0.018,0.019,5.45,0.048,11.4,16.37,2.94,,67.0,10.0,,6.0,27.15,0.315,0.69,9.3636,1.0666666666666667,2.77,,0.345,4.55,72.3,,6.2692,,,,3.9556733333333334,,9.5,,,,,1.5,0.6,1927.48,1927.48,83.8,300.0,5246.41,33.041666666666664,,23.85,46.15,43.9,0.23225302199630862,2.2,3.58,17.42,0.45,3.1,2.5,,,18.1833,118.6667,1759.02,29.5758,0.128,0.13927241456666417,1.4,42.073616376427836,,2.54,595.3795379537954,0.7,486.6667,114.0,,,,,,,,,,74.5,13.02,1.2,6.51,1.33,,,2.65,,,0.55,1759.02,2.16,0.269,,9.28,2650.0,4.750952018140588,,,60.6061,0.215,0.02,62.95,0.915,0.63,4.2,1.41,0.4892771084337349,12.1,2.9354646756343015,0.345,,0.22338461538461538,,0.51
2012-07-31,1.8,,5.0,29.15,0.94,27.4,34.45,31.9,435.2,1.53,1.07,,552.0,,1.42,49.2,11.68,0.184,,7.290943396226416,21.85,3503.3,0.46,3503.3,5.459650582362729,4.69,34.55,,0.65,,2.0,,1.6913518518518516,0.0041,0.6,,17.46,9.0,0.275,0.17413846153846155,,,5.292692898052692,5.050579262842098,3.5,64.45,5.02,,0.122,0.71,2.0,10.2,33.43720930232558,72.6,1.6666,0.26,,17.371033220490876,,1.65,1.0,42.84796573875803,0.07,10.0,5.75,30.4194,,,1.5937708386449776,,,,,2.295,1.7,1.2018,,1.28,4.91,5.05,,12.218181818181819,0.8,3.43,,,,5.94,2.94,31.0,11.72,,,,,,,,0.7270728461493953,6.96,0.022173469387755104,,,0.89,2.3592166666666663,1.68,0.202,12.57,0.5028571428571429,47.5,1023.0,,4.3,,970.0,5.360941176470589,19.2,102.8,1320.32,1320.32,2.66,0.6600442264351055,1.36,,3.9139999999999993,1.42,77.5,,0.26,,0.6,2.05,1147.0,,10.2,10.28,40.0,1.4,20.0,505.5556,,,4477.78,5.0,11.92,4477.78,,,,2.44,72.75,,4.13,0.7241575160923893,7905.82,7905.82,0.64,5.38,6.6,1.25,0.03189224137931034,,103.1,32.19,3.61,0.26505617336755066,1.0323369861902723,1.391610775151182,,1.3665,5.542857142857143,1.29,1.38,0.633467967813454,1.09,1.1787096774193546,1.09,4.64,5.82,8.87,,,,5.1,23679.09,0.068,0.041954545454545446,1.79,24.493371212121215,,,2.4,5.44,0.76,1.0694770544290286,68.14,,2.26,265.2,435.0,0.4079748214285715,,0.43,23679.09,1.42,1.2024636058230682,,4.18,0.161,,1.46,16.76659528907923,8.4712,,9.88,2.76,0.425,1.99,0.24021554169030065,0.018,0.019,5.08,0.052,11.4,16.24,3.0,,70.0,10.26,,6.0,26.55,0.325,0.67,9.3636,1.0444666666666667,3.28,,0.34,,75.0,,6.7308,,,,5.214296666666667,,9.5,,,,,1.46,0.758,1998.5,1998.5,86.0,301.6667,5307.66,,,22.4,39.5,44.5,0.23225302199630862,2.1,3.35,19.5,0.465,3.1,2.4,,,18.7333,117.9167,1798.21,36.3636,0.134,0.1405988185149181,1.58,44.548534986805954,,2.6,594.059405940594,0.71,500.0,111.5,,,,,,,,,,75.0,13.98,1.16,5.3,1.55,,,2.55,,2.0911269430051815,0.52,1798.21,2.07,0.302,,9.74,2734.0,4.611776326530611,,,60.7879,0.255,0.017,58.8,0.865,0.57,4.4,1.24,0.515582329317269,9.21,3.5826537379788723,0.32,,0.23607692307692307,,0.44
2012-08-31,1.96,,4.95,26.9,0.76,23.8,25.5,25.45,411.0,1.31,1.03,,541.0,,1.38,48.5,11.78,0.17,,7.1161181132075475,22.4,3448.27,0.47,3448.27,5.241264559068219,4.72,34.0,,0.6,,1.98,,1.5543055555555554,0.0051,0.55,,16.96,9.2,0.164,0.12184615384615384,,,5.091147111765669,4.865557460356334,3.5,61.05,4.72,107.32158273381295,0.165,0.7,1.93,9.62,32.47267441860465,75.0,1.9934,0.25,,16.778838906155958,,1.29,0.9708920188,36.51391862955032,0.0681818182,10.2,5.5,30.3431,,,2.292317206221287,,,,,2.07,1.8,1.2184,,1.06,5.0,,,12.218181818181819,0.83,2.61,,,,5.67,3.05,24.0,11.58,,,,0.2541248520232458,,,,0.6310992304576751,7.4,0.017846938775510204,,,0.83,2.3659,1.79,0.201,13.04,0.48400000000000004,,1013.0,,3.97,,1000.0,5.601764705882353,18.62,103.0,1290.03,1290.03,2.65,0.7543362587829777,1.28,,4.693,1.44,76.15,,0.25,,0.56,1.88,1145.0,,9.75,9.6,45.0,1.6,18.8,497.2222,,,4333.35,4.81,12.48,4333.35,,,,2.63,68.5,,4.0,0.6815600151457782,7904.24,7904.24,0.64,5.12,7.3,1.24,0.029288793103448275,,100.0,31.61,2.99,0.2151032791559738,1.1306547943988696,1.35847718526663,,1.5305,5.548571428571429,1.1,1.15,0.6172251994079808,1.05,1.2832258064516129,1.05,4.6,5.09,7.95,,,0.7881889763779528,11.92,20960.73,0.061,0.03545454545454545,1.85,18.560606060606062,,,2.35,3.865,0.74,1.0694770544290286,61.98,,2.18,247.6,450.0,,,0.425,20960.73,1.69,1.2636058230683092,,4.17,0.174,,1.55,17.376873661670235,8.9895,,7.3,2.45,0.41,1.91,0.2299205899035735,0.017,0.018,4.65,0.046,10.2,16.91,2.85,,76.0,9.95,,5.95,28.5,0.315,0.67,10.0,1.1333333333333333,3.58,,0.325,4.85,69.15,,6.3077,,,,4.4051816666666666,,9.5,,,,,1.4,0.72,1989.01,1989.01,87.0,308.1667,5196.19,31.416666666666664,,18.88,34.6,43.8,0.1754800610638776,2.07,4.15,18.6,0.45,3.57,2.57,,,18.6667,120.8333,1761.55,42.4242,0.141,0.1591684737904733,2.17,47.32044383042944,,2.8,610.5610561056106,0.68,472.6667,112.0,,,,,,,,,,77.5,14.0,1.12,5.65,1.46,,,1.65,,2.0155440414507773,0.51,1761.55,2.03,0.265,,9.68,2740.0,5.6935510204081625,,,62.2424,0.238,0.015,60.9,0.895,0.59,4.35,1.38,0.4840160642570281,10.0,3.9154938271846516,0.325,,0.23353846153846156,,0.4
2012-09-30,1.7,,5.1,27.0,0.69,22.0,32.65,33.05,426.2,1.4,1.06,,539.0,,1.44,48.85,14.7,0.17,,6.22442,23.85,3549.65,0.49,3549.65,5.303660565723794,4.75,33.55,,0.65,,2.0,,1.5944166666666664,0.0044,0.52,,17.4,9.27,0.155,0.08376923076923078,,,5.197233889707086,5.0288312006367475,3.5,64.9,4.99,109.35611510791367,0.154,0.72,2.03,11.2,33.43720930232558,79.8,1.9534,0.26,,13.817867334481377,,1.402,0.9619047619,33.71948608137045,0.0672727273,10.5,5.16,34.0469,,,1.9102643385177391,,,,,2.1,1.8,1.2184,,1.08,5.0,5.0,,,0.8,2.9,,,,5.92,2.99,23.4,11.61,,,,0.2541248520232458,,,,0.6165577735346873,8.65,0.011357142857142857,,,0.82,2.6733333333333333,2.05,0.196,15.26,0.48400000000000004,45.0,1005.0,,4.17,,1060.0,5.381882352941176,19.98,103.5,1370.6,1370.6,2.55,0.7857669362322683,1.36,,4.826,1.68,79.0,,0.23,,0.58,1.86,1157.0,,9.7,9.58,,1.6,18.0,504.6296,,,4492.12,5.82,13.0,4492.12,,,,2.92,70.4,,4.03,0.6184210526315789,8138.57,8138.57,0.62,5.1,7.0,1.17,0.029288793103448275,,101.0,30.95,3.9,0.2151032791559738,0.9807201368807587,1.325343595382078,,1.8693,6.285714285714286,1.15,1.17,0.6497107362189274,1.08,1.1670967741935483,1.08,4.6667,5.55,8.1,,,0.8488188976377953,12.3,19838.99,0.054,0.031318181818181814,1.85,16.903409090909093,,,2.17,3.975,0.68,,62.96,,2.23,255.0,500.0,,,0.42,19838.99,1.74,1.1617021276595745,,4.19,0.157,,1.51,17.34475374732334,8.9895,,7.78,2.59,0.41,1.94,0.21276233692569488,0.018,0.019,4.46,0.047,9.6,16.66,2.8,,78.0,10.44,,6.0,29.7,0.315,0.71,9.8182,1.2444666666666666,4.04,,0.315,6.0,73.25,,6.2231,,,,3.77587,,9.5,,,,,1.35,0.682,2073.88,2073.88,86.0,312.5,5346.1,,,14.28,24.5,45.55,0.1754800610638776,2.99,4.09,19.04,0.49,3.29,2.6,,,18.5,136.6667,1799.85,44.2424,0.139,0.16049487773872725,1.97,49.49837220756218,,2.76,628.0528052805281,0.67,486.6667,110.3,75.0,80.0,75.0,,,,,,,73.0,14.2,1.16,5.5,1.45,,,2.22,,1.9046891191709845,0.51,1799.85,2.1,0.259,,11.8,2784.0,7.116938775510204,,,63.6364,0.249,0.015,69.6,0.945,0.85,4.78,1.25,0.4840160642570281,8.1,3.9247393852181447,0.325,,0.22846153846153847,,0.39
2012-10-31,2.85,,5.19,25.25,0.71,18.6,30.3,29.7,443.0,1.32,1.03,,520.0,,1.41,48.25,14.88,0.18,,5.944636603773585,23.55,3580.59,0.55,3580.59,5.016638935108152,4.96,33.1,,0.61,0.02,2.04,,1.5543055555555554,0.0062,0.6,,17.78,9.2,0.132,0.06853846153846155,,,4.8790371952217315,4.789341278393437,3.5,64.0,5.38,109.35611510791367,0.158,0.74,1.95,14.1,37.2953488372093,81.0,2.16,0.27,,14.212663544037987,,1.51,0.9112452492,35.520342612419704,0.0672727273,10.98,4.9,33.6014,,,1.8997578846558922,,,,1.35,1.858,14.7,1.1852,,1.06,5.1,5.1,,10.909090909090908,0.85,3.0,,,,5.49,2.7,17.4,10.8,,,,0.28236094669249534,,,,1.0324434415321413,8.9,0.022173469387755104,,,0.99,2.6733333333333333,1.7,0.35,15.86,0.5028571428571429,,1013.0,,4.48,,1050.0,5.465647058823529,22.35,104.9,1374.73,1374.73,3.09,0.7857669362322683,1.46,,4.882999999999999,2.03,86.4,,0.219,,0.57,1.9,1140.0,,8.39,8.4,45.0,1.9,18.0,490.7407,,,4625.22,5.82,13.4,4625.22,,,,2.74,71.0,,3.9,0.6592105263157895,8536.6,8536.6,0.63,4.9,7.5,1.2,0.02993965517241379,,105.7,31.42,8.15,0.22427830054177364,,1.325343595382078,,1.5413,5.68,1.14,1.19,0.6253465836107174,1.1,1.207741935483871,1.1,4.6667,5.45,9.6,,,0.8124409448818898,11.5,19912.88,0.062,0.03604545454545454,1.75,13.920454545454547,,,2.13,3.95,0.68,1.0694770544290286,64.66,,2.45,279.0,475.0,,,0.415,19912.88,1.82,1.2513773796192609,,4.14,0.177,,1.52,18.629550321199144,8.6405,,6.25,2.53,0.44,1.89,0.21962563811684632,0.018,0.019,4.03,0.042,9.6,11.91,2.84,,74.5,10.86,,5.9,29.95,0.335,0.62,9.5455,1.7778,5.4,,0.325,5.05,72.0,,6.2385,,,,2.930794333333333,,9.5,,,,,1.3,0.694,2107.37,2107.37,86.5,308.3333,5424.51,,,15.0,25.5,45.9,0.227091843729724,2.6,4.05,19.0,0.48,3.09,2.54,,,18.25,134.9167,1754.28,44.5455,0.171,0.18039093696253647,1.92,47.51843731925968,,2.75,627.0627062706271,0.68,535.3333,109.1,75.0,75.25,75.25,,,,,,,74.0,14.5,1.15,5.0,1.76,,,1.23,,1.8643782383419691,0.56,1754.28,2.0,0.243,,11.94,2650.0,7.907709750566893,,,64.8485,0.275,0.016,71.9,1.075,1.45,4.8,1.2,0.4892771084337349,10.8,3.2359453117228516,0.295,,0.2183076923076923,,0.405
2012-11-30,1.95,,4.19,25.0,0.68,19.0,31.25,30.45,481.2,1.26,1.0,,522.0,,1.31,49.3,16.3,0.177,,5.944636603773585,24.0,3639.42,0.55,3639.42,4.3614808652246255,5.1,35.45,,0.63,0.0126,2.06,,1.5208796296296294,0.0058,0.69,,17.32,9.2,0.106,0.060415384615384614,,,4.285027605956472,4.136246317271781,3.6296296296296293,71.45,5.09,,0.158,0.7,2.0,13.46,37.2953488372093,89.0,2.0534,0.27,,9.869905238915267,,1.306,0.9283255086,39.1220556745182,0.0554545455,11.0,4.45,35.1923,,,1.7192379046659652,,,,1.1,2.015,14.0,1.1438,,0.94,5.1,5.1,,7.854545454545455,0.81,3.2,,,,5.3,2.45,16.3,10.96,,,,0.23774791711508106,,,,0.6107411907654922,9.35,0.013520408163265307,,,0.97,4.01,1.8,0.34,17.93,0.5154285714285715,24.3,1008.0,,4.6,,1080.0,5.360941176470589,23.0,105.0,1488.3,1488.3,2.8,0.6967133501259448,1.51,,3.0589999999999997,2.18,92.0,,0.25,,0.51,1.83,1125.0,,8.6,8.58,,2.4,17.5,551.8519,,,4956.22,6.2,13.48,4956.22,,,,2.78,71.0,,3.93,0.8552631578947368,8803.31,8803.31,0.64,6.35,9.7,1.11,0.031241379310344826,,104.5,34.19,6.95,0.26505617336755066,1.150318356040589,1.5241451346893895,,1.5021,5.6000000000000005,0.89,1.0,0.7471673466517662,1.01,1.109032258064516,1.01,4.6534,6.25,8.68,,,1.0185826771653543,13.06,18043.13,0.06,0.03545454545454545,1.69,14.152462121212123,,,1.84,4.1,0.68,,67.93,,2.51,262.0,485.0,0.3399790178571429,,0.4,18043.13,1.65,1.1535498320268756,,4.38,0.158,,1.61,21.038543897216275,8.5135,,5.0,2.36,0.395,1.7,0.19903573454339196,0.019,0.02,3.09,0.039,9.2,11.11,3.14,,72.0,10.6,,5.82,32.2,0.31,0.74,9.7273,1.8133333333333335,5.37,,0.31,6.0,88.5,,6.9308,,,,3.416263333333333,,9.5,,,,,1.2,0.58,2153.37,2153.37,88.9,324.1667,5640.45,,,13.0,27.0,55.4,,2.4,4.12,19.0,0.455,2.92,2.5,,,18.3333,136.5833,1734.58,49.0909,0.155,0.1856965527555522,1.88,42.56860009850347,,2.9,656.7656765676568,0.66,584.6667,109.0,74.95,75.5,75.5,,,,,,,,15.56,1.09,4.78,1.78,,,1.07,,1.8341450777202075,0.54,1734.58,1.85,0.21,,15.28,2586.0,7.907709750566893,,,67.8182,0.255,0.018,77.0,1.115,1.1,5.0,1.25,0.87859437751004,8.1,3.2128314166391174,0.3,,0.2183076923076923,,0.34
2012-12-31,1.62,,4.8,19.9,0.67,19.4,33.85,34.0,517.0,1.2,1.03,,520.0,,1.29,52.95,16.76,0.178,,5.944636603773585,26.45,3698.98,0.55,3698.98,5.241264559068219,5.17,36.95,,0.82,0.0125,2.16,,1.4874537037037037,0.0055,0.81,,18.7,9.65,0.099,0.04924615384615385,,,4.030470250368189,4.35398817730974,3.6296296296296293,72.8,4.86,109.35611510791367,0.132,0.7,2.0,13.2,53.0,95.0,2.0066,0.27,,12.633478705811545,,,0.980952381,38.40792291220557,0.0627272727,11.92,4.0,34.7469,,,1.965662004334754,,,,1.02,1.948,14.5,1.2267,,0.84,5.0,,,12.218181818181819,0.81,5.85,,,,4.52,2.59,15.1,10.79,,,,0.4800136093772421,2.2,,,0.7561557599953712,10.1,0.013520408163265307,,,0.99,7.51,1.8,0.4,19.33,0.5091428571428572,24.4,1018.0,,4.94,,1080.0,5.863529411764706,22.3,101.5,1525.95,1525.95,2.99,1.0162585708604004,1.49,,4.56,1.97,90.0,,0.2,,0.5,1.96,1092.0,,9.18,9.32,,2.2,17.8,574.0741,,,5150.76,6.29,14.0,5150.76,,,,2.79,74.0,,3.98,1.0,8877.29,8877.29,0.63,5.97,9.3,1.24,0.031241379310344826,,102.0,37.61,5.7,0.26505617336755066,1.376449314920363,1.6566794942275975,,1.5479,5.828571428571428,1.0,1.1,0.7309245782462931,0.96,1.0625806451612902,0.96,4.6934,6.28,8.3,,,0.8791338582677165,13.38,19408.38,0.06,0.036636363636363634,1.72,16.306818181818183,,,1.85,3.89,0.73,,69.43,,2.77,260.6,505.0,0.4533053571428572,,0.35,19408.38,1.66,1.1698544232922732,,4.45,0.152,,1.61,20.556745182012847,9.7298,,4.99,2.38,0.405,1.7,0.19560408394781623,0.019,0.02,3.1,0.039,10.0,10.88,2.96,,72.0,10.46,,6.1,33.0,0.33,0.65,10.6364,1.9511333333333332,6.52,,0.315,,91.0,,6.9462,,,,3.416263333333333,,9.5,,,,,1.28,0.72,2304.63,2304.63,100.0,346.6667,5812.73,35.20833333333333,,14.98,29.95,60.0,0.23225302199630862,2.5,5.0,20.75,0.44,2.43,2.95,,,19.45,130.0,1724.65,55.7576,0.141,0.19232857249682192,1.98,37.123779155671635,,3.04,656.7656765676568,0.66,588.0,105.4,75.0,75.0,74.5,,,,,,,,16.5,1.04,4.5,1.74,,,1.02,,2.0054663212435235,0.54,1724.65,1.75,0.26,,25.8,2530.0,5.38356879818594,,,68.303,0.275,0.017,83.85,1.21,0.94,4.86,1.39,0.7365461847389557,9.01,2.903105222517073,0.3,,0.20815384615384613,,0.34
2013-01-31,1.9,,5.0,23.0,0.68,18.8,41.2,44.8,568.0,1.3,1.5,,529.5,,1.27,55.55,18.92,0.196,,6.014608679245283,29.0,3937.54,0.67,3937.54,4.8668885191347755,5.7,38.1,,0.89,0.0135,2.34,,1.5041666666666667,0.0055,1.08,,22.0,12.0,0.095,0.0462,,,3.9880864506627396,4.136246317271781,4.018518518518518,76.9,5.07,,0.125,0.83,2.0,13.04,58.0,100.0,1.9466,0.28,,12.83087681058985,,,1.0,38.50107066381156,0.0590909091,11.94,4.26,35.8923,,,3.374625878017091,,,,0.92,1.9,15.4,1.6826,,1.03,4.9,4.81,,12.0,0.8,5.15,,,,4.63,2.25,15.2,11.0,,,,0.5308385797818913,2.9,,,0.7968718393797374,11.5,0.012438775510204081,,,1.03,8.74,1.9,0.38,20.7,0.5154285714285715,24.0,1042.0,,5.05,,1072.0,6.1148235294117645,26.45,105.0,1616.6,1616.6,3.05,0.8119591674400106,1.74,,,2.0,102.7,,0.229,,0.53,2.14,1074.0,,9.6,10.0,,2.0,16.98,637.5,,,5555.78,6.5,13.5,5555.78,,,,2.85,76.05,,4.05,1.318,9504.39,9504.39,0.65,7.34,9.5,1.15,0.033193965517241374,,109.7,38.09,7.0,0.2905423438836613,1.302710958763915,1.6599928532160528,,1.5413,6.8,1.12,1.22,0.7877742676654493,0.97,1.4632258064516128,0.97,4.66,7.3,9.0,,,0.7881889763779528,13.9,21550.13,0.063,0.04077272727272727,1.69,15.90909090909091,,,2.03,4.0,0.77,,71.74,,3.37,290.2,540.0,0.443450892857143,,0.48,21550.13,1.69,1.3247480403135496,,5.2,0.108,,1.61,23.062098501070665,9.7192,,3.88,2.93,0.43,1.74,0.21276233692569488,0.021,0.022,3.33,0.042,10.0,,2.78,,75.0,10.98,,6.34,34.95,0.33,0.62,10.9273,1.8266666666666669,6.39,,0.33,4.5,99.0,,8.2923,,,,,,10.58,,,,,2.16,0.678,2514.12,2514.12,107.0,383.3333,6242.74,36.83333333333333,,17.54,33.5,68.0,0.2332852576496255,2.6,4.82,21.4,0.49,3.12,3.15,,,20.5,144.75,1850.32,60.6061,0.148,0.19498138039332982,2.32,48.50840476341093,,3.11,719.4719471947195,0.74,634.6667,112.0,74.95,75.1,76.2,,,,,,,,17.54,1.14,4.75,2.1,,,0.99,,1.8996502590673576,0.58,1850.32,1.7,0.23,,27.95,2786.0,6.326167800453514,,,73.0909,0.265,0.018,87.4,1.22,0.94,5.18,1.51,0.8102008032128514,9.0,3.277550322873574,0.295,,0.21069230769230768,,0.6
2013-02-28,1.7,,4.63,22.0,0.65,19.88,38.6,41.0,579.5,1.33,1.88,,522.0,,1.32,58.6,20.0,0.216,,7.308410188679245,32.0,4195.74,0.68,4195.74,4.367720465890183,6.82,38.5,,0.82,0.0132,2.36,,1.470740740740741,0.005,1.9,,21.5,13.04,0.098,0.047723076923076924,,,4.030470250368189,4.027440696748913,3.2407407407407405,99.0,5.9,,0.136,0.93,2.03,14.78,50.4,106.0,1.9734,0.285,,12.238682496254935,,1.598,0.9619047619,40.985010706638114,0.0618181818,11.48,5.1,42.0654,,,,,,,1.01,1.948,16.6,1.9478,,0.96,4.81,4.85,,,0.77,5.28,,,,4.92,2.12,12.0,10.7,,,,0.5082497040464916,3.25,,,0.8724874153792744,12.64,0.012979591836734694,,,1.04,14.2,1.81,0.34,23.4,0.4965714285714286,30.0,1040.0,,5.73,,1175.0,6.2823529411764705,26.3,109.7,1787.1,1787.1,3.0,0.7857669362322683,1.97,,,1.91,113.7,,0.221,,0.52,2.01,1125.0,,9.99,10.02,,1.9,16.0,694.4444,,,5813.06,7.9,13.4,5813.06,,,,2.86,82.0,,4.0,1.022,10171.52,10171.52,0.74,6.4,10.5,1.21,0.032543103448275865,,126.9,37.61,5.75,0.30583404619332766,1.3272904108160644,1.6235459043430458,,1.5742,5.457142857142857,1.19,1.28,0.7958956518681857,0.87,1.590967741935484,0.87,4.6667,7.5,8.93,,,0.8488188976377953,15.56,22186.09,0.065,0.039,1.73,17.5,,,1.8,3.97,0.86,,77.6,,3.93,314.0,535.0,0.7489392857142859,,0.59,22186.09,1.7,1.222844344904815,,5.2,0.119,,1.71,23.319057815845824,9.5711,,3.56,3.14,0.43,1.97,0.19560408394781623,0.021,0.022,3.39,0.043,10.0,,2.69,20.6133,73.0,13.9,,6.95,41.4,0.35,0.62,11.9273,1.8666666666666665,6.5,,0.335,5.0,103.8,,8.3538,,,,,,10.5,,,,,1.95,0.658,2784.07,2784.07,119.5,387.3333,6721.45,39.0,,19.6,33.6,63.0,0.24670432114274563,2.9,4.9,22.75,0.495,3.06,3.3,,,19.85,147.25,1959.5,57.5758,0.14,0.17243251327301276,2.19,48.50840476341093,,3.64,706.2706270627064,0.83,696.0,123.9,75.0,76.0,78.0,,,,,,,,19.0,1.15,4.65,2.19,,,0.99,,2.0155440414507773,0.61,1959.5,1.62,0.217,,25.0,2920.0,7.907709750566893,,,75.4545,0.26,0.017,94.8,1.275,0.95,5.48,1.5,0.852289156626506,9.8,3.3468920081247786,0.285,,0.20815384615384613,,0.55
2013-03-31,1.67,,4.41,19.0,0.65,19.8,39.2,41.5,566.0,1.32,2.04,,521.0,,1.38,55.15,21.15,0.21,,7.325929433962264,32.7,4234.31,0.7,4234.31,4.367720465890183,6.95,37.0,,0.77,0.013,2.3,,1.4339722222222222,0.005,1.84,,22.45,13.02,0.114,0.0594,,,3.754720994927181,3.8968217045245823,3.3185185185185184,89.75,5.7,,0.133,1.23,2.01,14.24,55.0,110.0,1.92,0.275,,12.732177758200699,,1.596,0.9523809524,42.226980728051394,0.0590909091,10.58,4.62,40.7289,,,2.758107688763969,,,,1.04,2.045,15.9,1.7571,,0.92,4.7,4.75,,12.0,0.72,4.85,,,,4.6,2.1,10.28,11.0,,,,0.4529069584947624,3.495,,,0.8143215876873227,13.1,0.012438775510204081,,,1.07,19.2,1.72,0.29,22.26,0.5405714285714286,27.46,1042.0,,5.8,,1220.0,12.276764705882352,24.75,110.7,1780.95,1780.95,3.01,,1.98,,,2.07,105.0,,0.235,,0.52,2.32,1200.0,,9.84,9.94,,1.9,16.48,678.7037,,,5959.38,7.7,13.72,5959.38,,,,2.9,92.1,,3.85,1.014,10274.29,10274.29,0.67,6.59,11.0,1.25,0.035797413793103444,,126.0,40.47,5.72,0.30583404619332766,1.2412623286335418,1.852167674546454,,1.5742,5.074285714285715,1.06,1.15,0.8608667254900785,0.91,1.3993548387096775,0.91,5.16,7.22,8.3,,,1.0003937007874015,17.84,21504.34,0.058,0.03486363636363636,1.63,19.455492424242426,,,1.75,4.0,0.79,,79.64,0.6,3.89,326.6,550.0,0.6898125000000002,0.61,0.59,21504.34,1.45,1.1596640537513998,,5.58,0.115,,2.15,25.695931477516062,9.5711,,3.51,3.55,0.4,1.88,0.19217243335224055,0.02,0.022,3.29,0.042,10.0,,2.87,18.2933,73.0,14.3,,7.0,40.05,0.33,0.59,11.7273,2.0,6.28,,0.31,6.5,101.0,,7.3462,,,,3.5960666666666667,,9.92,,,,,1.86,0.646,2831.61,2831.61,137.0,385.8333,6847.47,,,17.82,31.35,70.0,0.2332852576496255,2.8,4.72,25.5,0.53,2.96,3.0,,,22.2833,151.6667,2014.38,56.9697,0.139,0.1618212816869812,2.03,36.23280845593551,,3.44,693.0693069306931,1.11,743.3333,115.5,75.0,76.25,78.1,,,,,,,,19.1,1.1,4.82,2.1,,,1.0,,2.0155440414507773,0.59,2014.38,1.76,0.199,,18.5,2988.0,7.907709750566893,,,75.7576,0.255,0.016,113.0,1.35,0.96,5.42,1.5,0.8102008032128514,9.01,3.3931197982922474,0.265,,0.20815384615384613,,0.45
2013-04-30,1.85,,4.34,20.0,0.66,19.96,42.5,43.7,641.0,1.31,2.51,,530.0,,1.41,57.0,23.7,0.217,,7.325929433962264,32.45,4409.73,0.69,4409.73,4.305324459234609,6.9,37.3,,0.86,0.0141,2.33,,1.387175925925926,0.0049,1.83,,20.75,13.1,0.145,0.08072307692307693,,,3.181966944853543,3.291598604053144,3.227777777777778,91.7,6.48,,0.173,1.3,2.34,12.0,61.0,102.8,1.9066,0.29,,12.83087681058985,,1.252,0.9714285714,50.57922912205568,0.0645454545,10.88,6.32,43.9745,,,,,,,1.05,2.045,15.9,1.7737,,1.15,4.91,5.15,,12.0,0.71,3.61,,,,4.35,2.1,9.4,11.41,,,,0.4687191715095423,3.795,,,0.7997801307643349,14.48,0.011897959183673468,,,1.12,19.1,1.82,0.34,23.8,0.5154285714285715,29.34,1056.0,,6.38,,1300.0,9.894705882352941,22.55,113.0,1825.68,1825.68,3.09,0.7857669362322683,2.04,,,2.05,107.0,,0.219,,0.52,2.55,1430.0,,9.95,9.98,,1.8,15.3,732.4074,,,6368.0,7.75,13.94,6368.0,,,,2.84,92.0,,3.72,1.012,10750.32,10750.32,0.66,6.5,11.0,1.27,0.033193965517241374,,128.5,45.23,6.38,0.3160285143997719,1.2240567121970372,1.7560802638812534,,1.6922,4.577142857142857,0.87,0.96,0.812138420273659,0.89,1.5038709677419353,0.89,5.1934,6.99,8.6,,,0.8730708661417322,24.3,20322.98,0.06,0.03486363636363636,1.73,19.886363636363637,,,1.7,6.35,0.78,,84.75,0.445,4.15,374.0,521.0,0.9460285714285717,0.56,0.6,20322.98,1.45,1.222844344904815,,6.09,0.121,,2.07,25.663811563169165,11.5276,,3.38,3.45,0.41,1.9,0.21276233692569488,0.021,0.022,3.0,0.042,9.2,,2.65,18.1333,70.0,15.4,,6.89,39.9,0.335,0.58,13.6364,2.3555333333333333,6.23,,0.37,5.41,115.0,,7.4769,,,,5.196711111111111,,10.34,,,,,1.99,0.676,2920.49,2920.49,143.0,400.0,7070.99,,,16.5,26.9,74.0,0.2343174933029425,2.48,5.69,25.7,0.57,2.92,2.99,,,25.0,164.3333,2048.34,56.8182,0.148,0.18304374485904432,2.14,39.59869776604974,,3.84,686.4686468646865,0.98,763.3333,121.0,80.1,81.1,82.0,,,,,,,,20.0,1.14,5.0,2.14,,,1.03,,1.9903497409326427,0.85,2048.34,2.63,0.242,,15.4,3046.0,8.224018140589568,,,88.2424,0.25,0.017,118.9,1.41,0.93,6.57,1.77,1.0574698795180721,9.6,3.2821731018903213,0.265,,0.21069230769230768,,0.44
2013-05-31,1.76,,4.39,20.4,0.64,17.8,43.5,45.7,630.0,1.26,2.13,,518.0,,1.37,54.0,24.0,0.207,,8.916981132075472,33.75,4292.03,0.67,4292.03,4.0245424292845255,6.8,35.75,,0.81,0.0133,2.2,,1.253472222222222,0.0044,1.64,,18.32,12.8,0.13,0.061430769230769226,61.9,,2.7576834724267716,2.9824887589542644,2.9166666666666665,93.1,6.59,152.58992805755398,0.171,1.33,2.1,12.1,58.0,102.5,1.54,0.26,,9.869905238915267,,1.252,0.9619047619,49.399357601713064,0.0736363636,11.68,6.4,47.1565,,,2.3768398611995383,,,,0.98,2.0,10.2,1.6411,,1.0,5.5,5.5,,11.98,0.57,1.7,,,,4.01,2.3,7.3,11.29,,,,0.42918863897259285,4.15,,,0.8317713359949083,15.3,0.010275510204081632,,,1.04,18.8,1.8,0.29,23.33,0.5468571428571429,28.44,1052.0,,6.1,,1275.0,10.967941176470587,21.0,115.5,1797.01,1797.01,3.2,0.9822086702903354,2.1,,,1.79,99.75,,0.225,,0.485,2.14,1550.0,,9.26,9.8,,1.7,16.02,694.4444,,,6218.63,8.95,15.3,6218.63,,,,2.72,93.05,,3.37,1.0,10611.17,10611.17,0.6,6.25,10.7,1.21,0.033193965517241374,,135.8,43.71,7.0,0.2956395779868834,1.2781315067117658,1.8554810335349092,,1.6267,4.628571428571428,0.7,0.74,0.7877742676654493,0.74,1.2193548387096773,0.74,5.0,6.06,7.47,,,0.867007874015748,24.7,17280.13,0.044,0.025999999999999995,1.47,19.886363636363637,,,1.7,5.7,0.75,,85.97,0.4,3.67,387.0,601.0,0.9460285714285717,0.51,0.6,17280.13,1.36,1.1209406494960805,,6.29,0.111,,1.99,26.049250535331904,10.9195,,3.05,2.99,0.405,1.8,0.19217243335224055,0.024,0.024,2.31,0.043,8.6,,2.25,16.96,77.6,15.18,,6.61,34.5,0.325,0.52,12.7455,3.4311333333333334,6.42,,0.335,6.0,96.0,,7.1,,,,4.493288888888888,,9.2,,,,,2.0,0.78,2885.89,2885.89,145.0,393.0,7021.95,,,13.8,19.26,61.85,0.23534972895625939,2.35,5.8,21.9,0.53,2.72,3.1,,,23.1667,144.1667,2062.53,54.5455,0.137,0.17641172511777461,2.0,44.548534986805954,,3.87,719.4719471947195,0.7,746.0,92.0,79.7,80.5,83.5,,,,,,,,19.5,1.14,5.14,1.95,,,0.94,,1.9802720207253888,0.6,2062.53,2.49,0.231,,16.8,3098.0,8.540326530612244,,,89.697,0.223,0.014,125.5,1.34,0.89,6.55,1.98,0.8891164658634537,11.0,3.6519954232300758,0.235,,0.2030769230769231,,0.4
2013-06-30,1.7,,3.11,20.5,0.63,18.0,38.4,41.6,580.0,1.12,1.94,,518.0,,1.25,50.2,23.4,0.212,,8.217627547169812,30.4,3932.04,0.54,3932.04,3.5877703826955076,6.95,34.8,,0.74,0.0125,2.0,,1.976,0.0035,1.28,,14.8,12.9,0.113,0.05381538461538461,53.3333,,2.121290083456063,2.1769614339068144,2.851851851851852,85.0,5.1,,0.118,1.1,2.0,9.0,53.0,96.0,1.3666,0.25,,9.672507134136964,,,0.9619047619,41.357601713062095,0.0627272727,11.74,5.85,40.8562,,,3.5530916696429946,,,,0.93,1.9,9.59,1.1272,,0.8,5.2,5.2,,11.7,0.61,1.2,,,24.0,3.84,2.08,5.9,10.32,,,,0.43765946737336775,3.2,,,0.8114132963027252,13.24,0.009734693877551019,,,0.94,15.0,1.8,0.241,19.9,0.528,21.8,1050.0,,4.9,,1200.0,8.638235294117647,17.0,114.2,1623.84,1623.84,3.0,,1.7,,3.27,1.44,73.15,,0.219,,0.43,1.8,1610.0,,8.4,8.95,,1.4,13.98,736.1111,,,5799.23,7.54,14.0,5799.23,,,,2.88,87.0,,2.94,0.91,9815.78,9815.78,0.47,5.85,11.6,1.25,0.029288793103448275,,148.0,38.09,7.0,0.287484003421728,1.3002530135587,1.6566794942275975,,1.5413,3.0285714285714285,0.44,0.47,0.8283811886791321,0.65,1.44,0.65,4.9334,5.12,7.51,,,0.7578740157480315,22.6,13631.84,0.029,0.017727272727272723,1.46,18.560606060606062,,,1.65,6.0,0.7,,75.56,0.3,3.3,329.8,590.0,1.4190428571428573,0.53,0.54,13631.84,1.19,1.019036954087346,,5.28,0.101,,1.85,20.81370449678801,10.5229,,2.87,2.87,0.38,1.8,0.16471922858763474,0.017,0.02,1.19,0.035,8.0,,2.08,13.76,70.0,13.0,,6.0,36.3,0.3,0.405,10.9091,3.111133333333333,5.73,,0.3,6.6,85.8,,5.38,,,,3.6104222222222226,,9.7,,,,,1.65,0.58,2524.98,2524.98,140.0,325.0,6465.28,,,9.95,10.5,57.5,0.3096706959950781,2.55,4.96,20.3,0.48,2.25,2.9,,,23.0667,126.0,1940.2,55.1515,0.121,0.1644740895834891,1.79,31.183974490764168,,3.4,696.3696369636964,0.64,713.3333,92.5,77.4,79.5,80.5,,,,,,,,16.3,1.05,4.96,1.6,,,0.79,,1.9147668393782384,0.62,1940.2,2.3,0.245,,16.0,2940.0,,,,84.5455,0.161,0.012,125.0,1.18,0.76,5.62,1.74,0.7155020080321285,9.8,3.3884970192755013,0.235,,0.19292307692307692,,0.335
2013-07-31,1.73,,2.95,20.0,0.63,18.0,38.85,40.25,603.5,1.24,2.23,,501.5,,1.35,50.3,26.25,0.211,,8.060269056603774,30.1,4042.05,0.58,4042.05,3.4005823627287852,7.1,34.95,,0.72,0.0121,2.05,,1.938,0.0033,1.37,,14.4,12.9,0.119,0.06346153846153846,51.7333,,1.8667327278677794,1.9592848833649665,2.825925925925926,81.0,5.15,139.87410071942446,0.123,1.1,1.98,11.9,53.0,94.1,1.2266,0.255,,10.856895762806795,,,0.9368209255,39.028907922912204,0.0727272727,11.98,5.89,43.2618,,,3.5530916696429946,,,,0.93,1.848,10.4,1.1024,,0.83,5.2,5.2,,13.46,0.6,1.13,,,27.5,4.15,1.93,5.74,10.64,,,,0.4393536330535227,3.475,,,0.8114132963027252,12.98,0.00919387755102041,,,0.95,13.98,1.75,0.232,18.53,0.528,23.9,1046.0,,4.98,,1240.0,8.16705882352941,18.4,113.0,1574.05,1574.05,3.05,,1.78,,3.24,1.28,86.0,,0.214,,0.47,1.68,1635.0,,8.49,8.4,,1.6,14.0,756.4815,,,6163.14,7.34,13.54,6163.14,,,,2.94,91.7,,2.5,0.8,9856.72,9856.72,0.5,5.75,11.6,1.28,0.028637931034482755,1.99,155.0,40.0,6.2,0.28544510978043913,1.1798136985031682,1.7560802638812534,,1.5113,4.297142857142857,0.61,0.64,0.8771094938955517,0.73,1.5096774193548386,0.73,5.0334,5.08,8.06,,,0.8003149606299212,20.8,14586.46,0.03,0.018909090909090907,1.6,19.554924242424242,,,1.75,6.1,0.76,,72.29,0.295,3.24,286.6,720.0,1.1037000000000001,0.45,0.56,14586.46,1.43,1.171892497200448,,5.4,0.103,,1.83,20.910064239828692,11.3288,,3.7,2.77,0.38,1.7,0.15099262620533185,0.019,0.02,1.8,0.041,8.0,12.22,1.95,13.6533,70.0,14.18,,6.05,40.95,0.29,0.485,12.7273,2.973333333333333,5.88,,0.305,5.21,81.25,,5.55,,,,4.830644444444445,,9.9,,,,,1.73,0.598,2580.69,2580.69,135.0,325.0,6639.12,,,10.86,13.0,53.6,0.25805891332923175,2.6,4.9,22.8,0.485,2.16,2.83,,,20.75,120.0,2035.01,76.3636,0.125,0.1644740895834891,1.72,30.688990768688544,,3.39,825.0825082508252,0.67,633.3333,86.0,76.9,77.5,78.0,,,,,,,,17.58,1.07,5.3,1.79,,,0.85,,1.960116580310881,0.6,2035.01,2.04,0.24,,15.04,3020.0,,,,81.2121,0.162,0.012,124.3,1.3,0.75,5.75,1.71,0.7523293172690763,9.0,3.42085647239273,0.245,,0.19546153846153846,,0.405
2013-08-31,1.6,,2.7,19.5,0.6,16.3,34.5,34.2,545.0,1.22,1.97,,502.5,,1.28,46.0,26.0,0.208,,7.69309924528302,26.5,3702.38,0.55,3702.38,3.5503327787021632,6.7,32.5,,0.72,0.0118,2.0,,1.9316666666666664,0.0034,1.54,,14.0,10.5,0.099,0.05432307692307692,40.3,,1.8243489281623302,1.8504139533459867,2.8324074074074073,74.0,4.6,,0.121,1.0,1.85,10.8,52.5,92.0,1.1334,0.24,,9.869905238915267,,,0.8942544154,33.87473233404711,0.0645454545,11.3,5.8,37.4515,,,3.5530916696429946,,,,0.96,1.808,10.14,1.0195,,0.66,5.1,,,11.0,0.52,1.05,,,27.0,4.02,1.98,5.3,9.65,,,,0.5364857987157411,3.2,,,0.7503391772261759,10.2,0.008653061224489797,,,0.96,10.98,1.73,,16.66,0.528,24.02,1023.0,,4.23,2.32,1165.0,8.114705882352942,16.5,114.0,1467.91,1467.91,2.9,0.9167280922709798,1.47,,3.15,1.12,80.0,,0.21,,0.43,1.45,1521.0,,8.2,8.5,,1.4,16.3,717.5926,,,5284.67,6.0,12.6,5284.67,,,,2.9,95.0,,2.0,0.604,9362.44,9362.44,0.53,5.66,11.98,1.54,0.029288793103448275,2.2,161.0,34.85,5.55,,1.2166828765813924,,,1.3932,4.428571428571429,0.54,0.58,0.9014736465037613,0.69,1.4458064516129032,0.69,5.0,5.05,6.15,,,0.7275590551181103,19.42,13858.19,0.03,0.018909090909090907,1.39,17.367424242424242,,,1.8,6.01,0.7,,72.12,0.25,3.1,260.0,650.0,,0.39,0.56,13858.19,1.46,1.4266517357222845,,5.25,0.09,,1.83,21.134903640256958,9.8852,,3.0,2.91,0.42,1.7,0.14412932501418038,0.019,0.021,1.54,0.041,7.6,11.55,2.08,12.2667,70.0,12.7,,6.0,38.6,0.29,0.455,12.3636,2.3111333333333333,5.81,,0.3,,75.0,,5.12,,,,3.23,,9.6,,,,,1.34,0.676,2319.44,2319.44,134.0,305.0,6075.17,,,10.1,12.0,44.8,0.23534972895625939,2.7,4.64,20.8,0.455,1.81,2.5,,,20.1667,97.9167,1945.75,66.7273,0.118,0.1644740895834891,1.6,30.688990768688544,,3.28,828.3828382838284,0.63,446.6667,75.0,75.5,76.3,77.8,,,,,,,,16.2,1.05,5.0,1.63,,,0.78,,1.9399611398963732,1.79,1945.75,2.15,0.218,,14.7,2878.0,,,,74.5455,0.162,0.01,119.9,1.245,0.72,5.4,1.6,0.7681124497991967,9.0,2.634984039545751,0.217,,0.2030769230769231,,0.365
2013-09-30,1.8,,2.0,20.0,0.58,15.62,33.0,35.0,604.5,1.17,1.83,,508.0,,1.3,45.0,23.5,0.2,,7.955363396226415,27.25,3758.23,0.54,3758.23,3.681364392678869,6.45,31.5,,0.75,0.0116,1.98,,1.8493333333333333,0.0032,1.42,,12.2,11.5,0.11,0.060415384615384614,48.2,,1.8243489281623302,1.7416083328231189,2.825925925925926,75.0,4.9,139.87410071942446,0.135,1.06,1.9,10.02,46.6,96.4,1.1167,0.243,,8.981613767412895,,,0.9619047619,32.601713062098504,0.0645454545,11.3,5.9,42.0018,,,3.5530916696429946,,,,0.98,1.71,9.77,1.2764,,0.6,5.1,,,9.6,0.54,1.02,,,26.0,4.3,1.98,5.1,9.2,,,,0.9882633134237336,3.27,,,0.770697216918359,9.67,0.007571428571428572,,,0.96,9.0,1.51,0.25,17.9,0.5217142857142857,24.26,1041.0,,4.2,3.39,1190.0,8.952352941176471,16.7,111.5,1534.33,1534.33,3.1,0.9953047858942066,1.6,,2.94,1.12,74.9,,,,0.445,1.35,1600.0,,7.7,7.28,,1.3,24.6,703.7037,,,5473.27,6.0,12.7,5473.27,,,,2.71,97.0,,3.0,,9181.94,9181.94,0.48,5.3,12.0,1.43,0.024081896551724137,1.98,168.5,36.76,6.4,0.28544510978043913,1.1798136985031682,,,1.3223,,0.42,0.45,0.8608667254900785,0.77,1.776774193548387,0.77,5.5,4.53,6.08,,,0.7154330708661417,18.0,12250.69,0.024,0.01536363636363636,1.31,19.886363636363637,,,1.81,6.4,0.74,,73.45,0.24,3.26,286.0,655.0,,0.37,0.64,12250.69,1.4,1.4436356849570735,,4.5,0.091,,3.27,18.14775160599572,8.5653,,2.8,2.86,0.43,1.65,0.15442427680090756,0.019,0.02,1.45,0.039,6.0,12.33,2.0,12.88,68.0,12.8,,5.98,41.7,0.26,0.395,12.0909,2.4444666666666666,4.6,,0.29,6.45,87.4,,5.16,,,,3.23,,10.0,,,,,1.3,0.6,2369.42,2369.42,124.1,299.0,6191.8,,,7.95,9.48,45.5,0.2528977350626472,2.67,4.85,20.6,0.45,1.84,2.35,,,20.0,109.25,1993.33,66.0606,0.124,0.1644740895834891,1.7,29.699023324537304,,3.15,852.1452145214522,0.62,520.0,74.8,76.75,76.5,77.0,,,,,,,,16.02,1.03,4.75,1.63,,,0.73,,1.8039119170984457,1.2,1993.33,2.08,0.217,,14.8,2978.0,8.382172335600906,,,73.9394,0.167,0.012,123.0,1.33,0.71,5.33,1.63,0.7575903614457831,9.2,2.565642354294547,0.224,,0.198,,0.37
2013-10-31,1.7,,1.87,19.9,0.59,17.3,33.0,33.0,603.0,1.08,2.1,,503.0,,1.36,50.85,26.35,0.197,,8.287547169811322,29.45,3977.12,0.52,3977.12,3.737520798668885,7.02,34.0,,0.74,0.0127,1.89,,2.4,0.0032,1.38,,12.38,11.5,0.108,0.05635384615384616,45.8667,,1.845540828015055,1.9375368211596153,2.825925925925926,81.0,5.21,,0.157,1.85,2.1,10.22,50.5,100.0,1.0417,0.245,,9.830425617959605,,,0.9619047619,32.75695931477516,0.0645454545,11.3,5.84,43.4018,,,10.659275008928985,,,,0.93,1.7,10.56,1.5085,,0.64,5.0,5.2,,10.0,0.51,1.0,,,28.7,4.59,1.82,5.5,10.36,,,,0.7059023667312383,3.27,,,0.785238673841347,10.78,0.007571428571428572,,,0.95,11.76,1.51,0.244,17.0,0.528,24.3,1050.0,,4.24,2.82,1145.0,8.481176470588235,16.08,111.5,1618.26,1618.26,3.2,1.60780003875218,1.61,,3.0,1.19,69.5,,0.206,,0.435,1.36,1740.0,,7.55,7.36,,1.4,26.1,792.5926,,,5983.26,6.05,13.98,5983.26,,7.48,,2.9,104.0,,2.55,0.72,9380.11,9380.11,0.44,5.25,12.0,1.45,0.024081896551724137,2.34,177.4,41.57,5.43,0.30583404619332766,1.2043931505553178,1.5904123144584934,,1.2986,4.434285714285714,0.42,0.43,0.8933522623010252,0.79,2.0554838709677417,0.79,5.7267,4.83,6.47,,,0.7154330708661417,16.62,12824.29,0.02,0.012999999999999998,1.3,15.113636363636365,,,3.31,6.75,0.7,,78.76,0.22,3.84,304.0,670.0,,0.38,0.69,12824.29,1.33,1.2500186636804778,,4.88,0.092,,2.22,16.059957173447536,7.7129,,2.7,3.0,0.405,1.58,0.14069767441860467,0.018,0.021,1.45,0.038,5.6,12.66,2.02,12.96,68.5,12.4,,5.6,45.1,0.255,0.44,12.2727,2.8844666666666665,4.85,,0.29,5.03,96.35,,5.48,,,,3.9477777777777776,,8.81,,,,,1.8,0.504,2652.51,2652.51,124.1,303.3333,6585.38,,,8.75,8.76,47.0,0.2787036263955704,2.77,5.5,22.7,0.45,1.94,2.7,,,23.0,115.8333,2004.2,62.4242,0.122,0.1644740895834891,1.4,30.688990768688544,,3.06,894.3894389438944,0.68,570.6667,76.0,76.8,77.0,77.5,,,,,,,,19.18,1.0,4.6,1.76,,,0.69,,1.8895725388601037,1.12,2004.2,2.14,0.23,,12.0,2870.0,8.540326530612244,,1.2067,75.7576,0.181,0.012,127.5,1.31,0.72,5.52,1.65,0.7838955823293172,9.04,2.3090781188650924,0.204,,0.17769230769230768,,0.36
2013-11-30,1.65,,2.0,19.0,0.58,14.9,33.5,33.0,585.0,1.04,1.3,,500.0,,1.27,54.0,25.4,0.203,,8.172150943396227,28.4,3776.73,0.49,3776.73,3.494176372712146,6.7,33.25,,0.7,0.0122,1.98,,1.96,0.0032,1.5,,11.68,10.7,0.128,0.07006153846153847,45.2667,,1.5909834724267715,1.6327374028041388,3.085185185185185,77.95,5.3,,0.145,2.23,1.95,9.8,53.0,92.0,0.9,0.24,,8.290720400688826,,,0.9619047619,32.04282655246253,0.0654545455,11.0,5.75,41.9318,,21.5417,21.31855001785797,,,,0.89,1.7,9.6,1.351,,0.57,5.0,,,13.5,0.59,0.97,,,25.8,5.22,2.04,5.3,11.12,,,,0.6211940827234896,3.145,2.72,,,9.88,0.006489795918367347,,,0.93,11.36,1.41,0.22,16.66,0.528,21.48,1037.0,,4.24,3.25,1115.0,8.06235294117647,13.2,112.0,1513.56,1513.56,3.15,1.6886153846153849,1.3,,3.03,1.12,54.45,,0.216,,0.42,1.37,1656.0,,7.2,7.15,,1.2,24.6,698.1481,,,5654.72,6.72,15.0,5654.72,,6.65,,2.84,101.9,,2.7,1.08,8931.37,8931.37,0.415,5.15,12.18,1.34,0.022780172413793105,2.2,177.1,37.95,4.95,0.30583404619332766,1.1306547943988696,,,1.22,8.0,0.325,0.325,0.7885864060857228,0.76,2.0787096774193548,0.76,5.34,4.15,6.11,,,0.8973228346456693,15.68,12268.5,0.015,0.010045454545454545,1.22,11.268939393939394,,,3.21,8.0,0.69,,69.51,0.21,3.48,278.0,775.0,,0.395,0.61,12268.5,1.4,1.2228443449048152,,4.77,0.083,,2.21,15.096359743040685,7.9054,,1.95,2.72,0.405,1.55,0.211046511627907,0.018,0.019,1.28,0.037,5.8,12.66,1.85,12.9867,68.0,13.74,,5.5,42.15,0.27,0.41,10.9091,3.0622000000000003,4.45,,0.27,6.25,83.6,,4.86,,,,3.2371777777777777,,8.5,,,,,1.77,0.518,2442.72,2442.72,133.9,325.0,6208.82,,,8.82,8.98,43.45,0.566697373670993,2.54,5.37,21.8,0.425,1.62,5.6,56.15,,25.0,114.9,1912.92,61.2121,0.125,0.1644740895834891,1.26,30.669191419805525,,3.08,914.1914191419143,0.61,503.3333,74.5,76.8,77.5,79.6,,,,,,,,16.4,0.94,4.6,1.5,,,0.68,,1.783756476683938,0.94,1912.92,2.0,0.218,,14.5,2710.0,,,0.9733,75.7576,0.171,0.01,120.5,1.29,0.6,5.03,1.84,0.7365461847389557,9.3,2.306766729356719,0.211,,0.19292307692307692,,0.33
2013-12-31,1.7,,2.0,18.0,0.5,10.0,32.45,32.0,518.0,1.04,1.25,,,,1.34,54.55,25.8,0.193,,7.395849056603773,24.75,3614.32,0.4,3614.32,3.306988352745424,6.69,34.0,,0.62,0.0118,1.93,,1.74,0.0032,1.46,,14.54,11.0,0.127,0.06396923076923076,45.4,,1.4637047946326296,1.3801855813383948,3.694444444444444,68.6,4.92,,0.143,1.95,2.0,8.61,,85.0,0.8333,0.232,,7.69852608635391,,,0.8857589985,29.093147751605997,0.0709090909,10.82,5.73,41.3017,,20.4167,17.35230815407044,,,,0.84,1.68,8.79,1.0941,,0.5,5.0,,,15.98,0.52,0.86,,,22.7,5.5,1.82,5.1,11.2,,,,0.6211940827234896,3.15,2.48,,0.7619723427645664,9.55,0.007030612244897959,,,0.92,10.7,1.5,0.21,16.2,0.4902857142857143,23.8,1045.0,,4.4,3.1,1104.0,7.852941176470588,13.06,112.0,1428.0,1428.0,3.2,,1.41,86.8182,2.91,1.0,53.7,,0.217,,0.4,1.35,1640.0,,8.2,8.05,,1.1,23.0,714.8148,,,5429.48,6.18,15.5,5429.48,,6.99,,2.86,102.0,,2.5,0.9,8690.37,8690.37,0.365,5.15,12.0,1.35,0.018875,2.17,173.1,36.71,5.8,0.28544510978043913,1.226514657402252,1.5904123144584934,,1.338,8.0,0.31,0.31,,0.63,1.7477419354838708,0.63,5.16,4.0,6.1,1.02,0.5,0.8003149606299212,15.44,11917.94,0.012,0.008272727272727272,2.53,12.011363636363638,,,2.95,7.5,0.67,,66.85,0.205,3.24,251.0,775.0,1.1037000000000001,0.37,0.59,11917.94,1.36,1.1039567002612916,,4.32,0.071,,2.2,14.132762312633833,9.624,,1.53,2.81,0.405,1.36,0.23343023255813955,0.017,0.018,1.4,0.035,6.6,13.28,2.21,11.7067,,13.96,,5.42,37.9,0.3,0.365,10.9091,2.8978,4.5,,0.27,6.49,86.25,,4.5,,,,2.871111111111111,,9.7,,,,,1.49,0.52,2205.45,2205.45,140.0,300.0,5889.83,44.416666666666664,,7.92,7.77,42.5,0.48485583258657955,2.6,5.55,19.96,0.435,1.49,5.31,55.2,,24.0,115.6,1866.04,59.697,0.12,0.1618212816869812,1.18,38.60873032189849,,3.27,897.6897689768978,0.58,474.0,62.5,76.15,76.3,77.5,,,,,,,,14.68,1.09,4.45,1.5,,,0.64,,1.8240673575129536,0.89,1866.04,1.83,0.21,,14.5,2666.0,7.275092970521541,,0.8067,76.3636,0.161,0.0095,113.1,1.235,0.59,5.2,1.9,0.7049799196787149,11.04,2.075627778519373,0.195,,0.18023076923076922,,0.295
2014-01-31,1.86,,1.98,18.0,0.5,11.6,29.0,28.0,524.0,1.06,1.68,,,,1.33,52.0,27.1,0.2,,6.8923018867924535,26.2,3675.92,0.46,3675.92,3.238352745424293,6.5,35.95,,0.61,0.0109,1.79,,1.95,0.0045,1.45,,16.0,10.5,0.125,0.06346153846153846,48.0,,1.6970702503681887,1.7416083328231189,3.5,79.0,5.36,,0.14,2.0,2.05,8.8,,88.8,0.95,0.25,,7.599827033964758,,,0.8772635815,30.738758029978587,0.0718181818,10.6,5.7,40.9518,,19.5417,19.370018404543742,,,,0.79,1.636,7.95,1.0775,,0.59,4.6,4.6,,13.98,0.51,0.9,,,23.0,5.59,1.94,6.07,11.96,,,,0.5929579880542402,3.64,1.99,,,10.0,0.008112244897959184,,,0.92,11.4,1.36,0.195,16.9,0.5091428571428572,23.2,1060.0,,4.56,2.84,1105.0,8.5,15.6,111.1,1497.83,1497.83,2.9,,1.31,88.1818,3.18,0.98,63.7,,0.197,,0.41,1.34,1710.0,,8.63,8.6,,1.1,19.2,685.6481,,,5429.87,6.05,14.0,5429.87,,6.1,,2.8,98.4,,2.7,1.1,8872.41,8872.41,0.39,5.08,12.0,1.38,0.026685344827586208,3.32,152.0,37.52,5.4,0.2885034502423725,,,,1.2908,10.44,0.4,0.415,0.9095950307064979,0.66,2.2761290322580643,0.66,5.0267,4.33,7.05,1.01,0.335,0.7881889763779528,18.4,13735.34,0.019,0.012999999999999998,1.91,13.920454545454547,,,3.4,7.55,0.65,,67.25,0.231,3.57,258.8,735.0,,0.45,0.59,13735.34,1.2,1.0462112728630086,,4.3,0.115,,2.21,14.775160599571734,8.2904,,2.22,3.2,0.385,1.45,0.24941860465116283,0.017,0.018,1.66,0.036,7.8,12.99,2.55,12.32,68.0,13.98,,5.52,38.5,0.28,0.385,11.3636,3.0444666666666667,4.35,,0.29,6.25,84.8,,5.21,,,,2.9249444444444443,,8.95,,,,,1.78,0.58,2316.74,2316.74,139.0,301.0,6041.19,,,9.25,8.05,43.4,0.565665138017676,2.61,5.33,19.8,0.45,1.66,5.48,59.5,,26.6667,114.0,1875.78,60.6061,0.12,0.1618212816869812,1.21,,,3.23,877.887788778878,0.62,469.6667,55.8,75.7,77.8,79.9,,,,,,,,15.52,1.05,4.65,1.6,,,0.67,,1.7182512953367877,0.9,1875.78,1.77,0.209,,14.2,2698.0,8.540326530612244,72.0,0.8533,75.8182,0.162,0.011,118.1,1.25,0.61,5.2,2.46,0.7628514056224899,10.5,1.8259977116150379,0.189,,0.17261538461538461,,0.335
2014-02-28,2.6,,1.8,17.9,0.495,12.9,28.95,28.4,575.5,1.12,1.79,,,,1.31,59.0,30.0,0.213,,7.0496603773584905,30.5,3866.66,0.455,3866.66,2.6206322795341097,6.65,38.85,,0.61,0.0119,1.8,,3.4,0.0054,1.49,,15.7,11.9,0.15,0.07412307692307692,48.3333,,1.652522713140239,1.6327374028041388,3.5,84.0,5.44,,0.139,2.0,2.13,9.08,40.2,90.3,0.975,0.246,,7.599827033964758,,1.6,0.8601833222,31.328693790149895,0.0818181818,10.6,5.18,40.6366,,22.8333,19.370018404543742,,,,0.82,1.838,9.3,1.2681,,0.63,4.6,5.0,,,0.49,0.99,,,22.6,7.02,1.73,6.25,13.88,,,,0.6550773963265891,3.975,1.8,,,11.0,0.007571428571428572,,,0.91,11.76,1.5,0.3,18.86,0.5217142857142857,22.9,1040.0,,5.3,3.6,1105.0,8.01,17.88,112.0,1558.01,1558.01,3.0,1.6886153846153849,1.46,92.2727,3.15,1.23,71.7,,0.193,,0.415,1.44,1700.0,,8.35,8.38,,1.1,19.3,739.8148,,,5822.72,6.4,13.6,5822.72,,7.2,,2.75,96.95,,2.85,0.9,9908.42,9908.42,0.43,5.0,12.0,1.34,0.023431034482758618,2.3,171.0,44.66,3.76,0.2905423438836613,1.11590712316758,,,1.4483,10.0,0.385,0.4,0.8291933270994056,0.75,2.1193548387096772,0.75,5.1667,4.55,8.28,1.03,0.94,0.7639370078740157,17.72,14305.04,0.018,0.011227272727272726,1.33,16.240530303030305,,,3.57,13.5,0.58,,72.56,0.26,4.2,278.8,770.0,1.1037000000000001,0.38,0.62,14305.04,1.12,1.205860395670026,,4.65,0.098,,2.38,15.70663811563169,8.4004,,2.76,3.34,0.395,1.35,0.24941860465116283,0.017,0.019,1.61,0.037,8.0,12.44,2.41,12.4267,60.2,13.74,,5.49,46.7,0.29,0.415,12.2727,3.0844666666666662,5.06,,0.305,,86.3,,5.14,,,,2.907,,8.8,,,,,1.68,0.59,2490.72,2490.72,138.9,304.6,6424.99,,,8.7,8.45,45.2,0.5187957408676401,2.44,5.75,20.85,0.5,1.65,6.19,66.85,,30.7333,117.0,1895.16,58.8485,0.135,0.15386285799745755,1.22,30.114809651080826,,3.21,887.7887788778878,0.61,462.6667,55.8,75.65,77.1,78.5,,,,,,,,14.6,0.99,4.5,1.89,,,0.69,,1.793834196891192,1.03,1895.16,1.78,,,14.2,2696.0,,60.0,1.18,77.9394,0.255,0.01,140.0,1.275,0.65,5.4,3.98,0.7838955823293172,11.0,1.6202840453697993,0.199,,0.17261538461538461,,0.32
2014-03-31,2.51,,1.78,17.7,0.5,10.92,31.75,32.0,578.0,1.24,1.76,,,,1.38,56.0,28.5,0.195,,6.913283018867925,29.9,3876.02,0.52,3876.02,2.4334442595673877,6.75,37.2,,0.62,0.012,1.85,,3.55,0.0049,1.73,,13.98,11.16,0.188,0.10001538461538462,47.2667,,1.5718916707576502,1.5652726933202719,3.694444444444444,85.0,5.59,,0.136,2.21,2.0,10.04,68.0,85.9,1.1167,0.242,,11.843886286698323,,3.2,0.8686787391,29.7762312633833,0.08,10.5,5.0,40.9167,,23.1667,18.562934304354425,,,,0.79,1.846,9.5,1.177,,0.59,5.2,5.2,,13.96,0.61,1.0,,,24.0,7.03,1.65,6.2,14.0,,,,1.0040755264385135,4.155,1.8,,,11.48,0.007030612244897959,,,0.91,11.68,1.8,0.255,19.06,0.5217142857142857,26.6,1035.0,,5.0,3.35,1150.0,8.19,18.76,110.0,1507.69,1507.69,3.1,1.978846153846154,1.44,94.0909,3.27,1.29,72.5,,0.18,,0.405,1.84,1664.0,,7.4,7.78,,0.99,20.5,727.3148,,,5844.3,6.37,13.18,5844.3,,6.58,,2.69,108.0,,3.09,0.9,9826.91,9826.91,0.42,5.0,11.88,1.28,0.023431034482758618,2.63,171.0,47.14,4.51,0.28544510978043913,1.1060753423467202,1.6566794942275975,,1.4168,,0.38,0.395,1.2425717830186982,0.79,1.9916129032258065,0.79,5.0,4.65,7.75,1.02,1.22,0.7760629921259843,17.44,14762.6,0.016,0.010045454545454545,1.28,17.56628787878788,,,4.12,11.1,0.53,,68.4,0.221,4.19,284.0,765.0,,0.4,0.65,14762.6,1.2,1.1039567002612916,,4.73,0.092,,2.39,15.353319057815845,8.1941,,2.6,3.66,0.38,1.47,0.2430232558139535,0.017,0.018,1.53,0.037,7.6,11.99,2.55,12.2667,66.0,11.74,,5.6,44.0,0.36,0.37,10.8182,2.8844666666666665,4.9,,0.33,5.1,82.0,,5.0,,,,4.6455,,9.99,,,,,1.82,0.6,2483.92,2483.92,139.0,294.8,6428.71,,,8.62,7.99,47.0,1.0296378870673952,2.41,5.83,21.9,0.63,1.7,5.61,68.0,,34.1667,106.0,1939.94,59.3939,0.121,0.15386285799745755,1.26,30.269244572368418,,3.22,924.0924092409241,0.64,470.0,76.0,75.0,76.2,78.5,,,,,,,,14.6,1.02,4.5,1.77,,,0.69,,1.768639896373057,1.0,1939.94,1.67,0.225,,14.16,2730.0,8.540326530612244,88.95,1.2067,73.697,0.22,0.01,142.0,1.325,0.71,5.27,4.2,0.7681124497991967,11.64,1.1788086492704675,0.187,,0.16753846153846155,,0.335
2014-04-30,2.9,,2.08,17.9,0.54,11.0,37.2,37.3,624.0,1.22,2.08,,,,1.75,56.6,31.15,0.216,,7.070641509433963,30.1,4051.12,0.5,4051.12,2.483361064891847,7.03,36.5,,0.67,0.0142,1.8,,3.31,0.0047,1.93,,14.8,11.1,0.188,0.09544615384615385,47.6667,,2.121290083456063,2.1769614339068144,3.655555555555555,88.25,5.97,,0.138,2.06,2.05,12.1,68.0,90.8,1.1583,0.265,,11.646488181920017,,4.99,0.9523809524,32.601713062098504,0.0854545455,11.0,5.1,38.5366,,27.0833,16.787349283937914,,,,1.09,1.73,10.56,1.2267,,0.82,5.4,5.0,,12.5,0.66,1.12,4.31,,22.7,8.3,1.73,7.91,14.36,,,,1.0718421536447125,4.57,1.92,,0.8724874153792744,11.9,0.008112244897959184,,,1.0,12.72,1.9,0.275,20.33,0.5217142857142857,23.46,1039.0,,4.96,3.2,1115.0,7.92,19.0,111.0,1589.89,1589.89,3.0,2.011826923076923,1.59,98.5455,3.66,1.33,71.0,,0.179,,0.43,1.97,1657.0,,7.65,7.85,45.0,1.0,19.0,802.7778,,,6132.14,6.37,13.9,6132.14,,6.85,,2.42,108.1,,4.0,0.9,10072.66,10072.66,0.52,4.75,12.0,1.27,0.027336206896551724,3.52,172.0,48.19,4.8,0.287484003421728,1.1060753423467202,1.7892138537658056,,1.5033,,0.395,0.41,1.1045082515721762,0.83,1.9451612903225806,0.83,4.98,4.55,7.85,1.01,1.17,0.8488188976377953,18.3,15680.71,0.02,0.011818181818181816,1.35,17.765151515151516,,,4.35,10.0,1.25,,74.95,0.285,4.65,280.8,770.0,1.2613714285714288,0.46,0.69,15680.71,1.29,1.0869727510265026,,5.07,0.098,,2.4,17.119914346895076,9.0603,,2.77,4.53,0.4,1.45,0.23343023255813955,0.018,0.02,1.83,0.038,8.0,12.19,2.57,12.5867,59.0,12.28,,5.5,45.95,0.455,0.35,10.1091,2.8800000000000003,5.0,,0.325,4.55,87.1,,6.0,,,,5.7,,9.9,,,,,1.79,0.56,2623.73,2623.73,137.0,296.4,6707.91,,,8.96,9.15,48.0,0.980897632058288,2.46,6.5,22.3,0.67,1.95,7.65,67.0,,34.25,120.1,2034.02,56.9697,0.147,0.1618212816869812,1.46,30.57811441494361,,3.13,920.7920792079209,0.79,483.3333,83.5,75.55,78.5,79.95,,,,,,,,16.32,1.07,4.64,1.98,,,0.71,,1.869417098445596,1.42,2034.02,1.7,0.215,,14.28,2880.0,,93.5,1.2333,77.0303,0.24,0.011,146.0,1.38,0.71,6.03,4.45,0.7838955823293172,11.5,1.181120038778841,0.185,,0.15738461538461537,,0.385
2014-05-31,3.0,,2.0,17.88,0.495,10.8,36.75,36.15,618.0,1.25,2.17,,,,1.79,54.2,29.65,0.295,,6.8608301886792455,30.0,3997.57,0.57,3997.57,2.5270382695507485,6.96,36.0,,0.66,0.0133,1.72,,3.2,0.0045,1.74,,13.88,11.0,0.158,0.08224615384615384,47.4667,,2.0470866143020783,2.089903875589298,2.8583333333333334,88.4,5.48,,0.132,2.55,2.16,11.18,75.0,84.5,1.125,0.26,,11.646488181920017,,7.5,0.9523809524,33.84368308351178,0.08,10.32,5.1,38.3266,,32.5,13.720429703218487,,11.1467,,1.39,1.52,9.8,1.1687,,0.82,5.5,5.6,,10.5,0.71,1.76,9.2,,21.0,7.75,1.67,8.85,14.25,,,,1.0334410648945327,4.575,2.0,,0.9539195741480065,10.6,0.007030612244897959,,,0.98,11.52,1.64,0.255,20.33,0.5091428571428572,23.8,1035.0,,4.83,3.1,1110.0,7.65,19.6,111.0,1568.18,1568.18,3.0,1.978846153846154,1.59,97.9091,5.1,1.45,67.9,,0.16,,0.41,1.93,1690.0,,7.55,7.5,40.0,1.0,17.9,792.1296,,,6071.67,6.0,14.8,6071.67,,7.85,,2.3,108.0,,4.58,,10111.97,10111.97,0.54,4.7,12.0,1.23,0.026034482758620688,4.42,179.1,46.95,,0.30583404619332766,1.228972602607467,1.5241451346893895,,1.3775,10.7,0.4,0.41,0.990808872733864,0.76,2.009032258064516,0.76,5.0334,4.96,6.92,1.01,1.14,0.8791338582677165,14.82,15403.07,0.017,0.010636363636363635,1.33,18.229166666666668,,,4.6,16.0,1.01,,73.89,0.29,4.7,255.0,750.0,,0.435,0.68,15403.07,1.46,1.0971631205673757,,5.0,0.099,,2.45,16.3169164882227,8.8128,,2.7,4.99,0.39,1.34,0.2973837209302326,0.018,0.019,1.9,0.037,7.8,12.13,2.35,12.8533,63.0,11.98,,6.26,41.8,0.46,0.35,9.7091,2.8844666666666665,4.81,,0.365,3.9,91.5,,6.18,,,,7.3,,9.25,,,,,1.75,0.526,2631.68,2631.68,137.0,282.0,6647.65,44.416666666666664,,9.1,7.76,55.4,0.9138797814207651,2.51,6.6,22.35,0.63,1.89,7.6,63.5,,31.6667,123.8,1989.15,58.0,0.14,0.15386285799745755,1.38,27.798285831766915,,3.26,928.0528052805281,0.8,524.0,76.4,76.0,77.5,80.55,,,,,,,,16.76,1.13,4.8,2.09,,,0.77,,1.8643782383419691,1.25,1989.15,1.84,0.205,,14.2,2820.0,,88.5,1.1733,73.8182,0.225,0.011,149.0,1.365,0.69,6.25,5.01,0.7523293172690763,11.1,1.1302694695946247,0.181,,0.16246153846153846,,0.37
2014-06-30,2.62,,2.09,18.0,0.53,10.74,37.0,38.35,647.5,1.26,2.2,,,,2.21,56.0,29.1,0.325,,7.395849056603773,30.5,4106.28,0.57,4106.28,2.483361064891847,7.25,36.65,,0.79,0.0144,1.89,,3.25,0.0044,1.69,,14.0,11.0,0.166,0.08732307692307692,48.0,,2.163737522500409,2.2858323639257945,3.3703703703703702,93.5,5.14,209.8111510791367,0.138,2.9,2.11,10.76,76.0,91.0,1.05,0.27,,42.53687315634218,,7.8,0.8942544154,35.396145610278374,0.0763636364,10.38,5.15,38.5716,,35.8333,46.35489809335963,,10.7067,,1.58,1.5,9.68,1.1272,,0.98,6.15,6.15,,11.5,0.67,3.58,8.0,,20.65,7.6,1.7,8.93,14.8,,,,1.8071100588319702,4.935,1.97,,0.7968718393797374,11.2,0.008653061224489797,,,0.95,11.82,1.66,0.28,20.1,0.5217142857142857,23.12,1004.0,,4.76,3.07,1159.0,8.14,21.7,105.0,1631.47,1631.47,3.0,,1.63,100.3636,7.98,1.32,76.0,,0.162,,0.42,2.05,1600.0,,7.78,7.4,49.1,1.0,19.9,805.5556,,,6243.17,6.0,13.3,6243.17,,8.02,,2.35,111.0,,5.9,0.912,10345.23,10345.23,0.66,5.03,11.5,1.35,0.02798706896551724,4.4,176.0,48.8,5.0,0.431226005132592,1.2486361642491866,2.20669708631116,,1.4405,11.5,0.4,0.425,0.9258377991119713,0.75,1.8696774193548387,0.75,4.9667,5.35,6.8,1.02,1.0,0.9094488188976378,14.76,16541.46,0.019,0.012409090909090908,1.3,26.581439393939398,,,5.22,20.25,0.97,,77.34,0.36,4.5,255.8,733.5,4.257128571428572,0.58,0.71,16541.46,1.36,1.1243374393430383,,5.01,0.1,,2.47,16.38115631691649,8.8678,,2.67,6.11,0.71,1.28,0.5627906976744187,0.017,0.019,2.18,0.037,8.6,11.99,2.36,15.4133,64.5,12.74,,7.05,43.4,0.455,0.345,9.3636,3.0,4.55,,1.46,3.61,90.5,,6.3,,,,,,9.95,,,,,1.68,0.676,2607.6,2607.6,137.0,277.0,6844.31,,,11.76,8.03,53.0,0.941296174863388,2.6,6.05,23.6,0.63,1.87,6.88,72.95,,30.5333,123.3,2051.79,53.2727,0.138,0.17773812906602857,1.58,27.489415989191727,,3.39,930.6930693069307,0.93,544.0,83.0,74.9,75.0,77.15,,,,,,,,15.86,1.06,4.75,3.1,,,0.8,,3.0485103626943006,1.38,2051.79,2.13,0.205,,14.38,2988.0,,120.0,1.2,72.7273,0.219,0.011,154.3,1.36,0.83,6.12,4.71,0.7786345381526104,10.6,1.1672517017286004,0.188,,0.16246153846153846,,0.385
2014-07-31,2.37,,1.9,15.92,0.53,10.46,37.7,38.0,658.0,1.24,2.21,,,,2.05,55.15,26.35,0.305,,6.556603773584906,31.15,4112.56,0.57,4112.56,2.470881863560732,6.96,36.7,,0.84,0.013,1.8,,4.26,0.0046,1.51,,16.08,10.6,0.282,0.14824615384615383,48.2,,2.163737522500409,2.220522867813629,3.422222222222222,90.65,5.0,353.5,0.134,2.59,2.11,11.5,78.95,95.0,1.175,0.285,,35.85250737463127,,8.91,0.8772635815,35.58244111349036,0.1254545455,11.0,5.15,38.8516,,42.5,49.08165680473373,,10.5867,,1.24,1.494,9.53,1.0941,,0.89,6.1,7.0,,10.5,0.59,2.8,7.31,,18.2,6.8,1.58,8.6,14.61,,,,1.7224017748242215,5.45,1.8,,0.9219283689174332,11.6,0.007571428571428572,,,0.93,11.52,1.65,0.245,20.0,0.5028571428571429,23.1,1003.0,,4.65,2.9,1300.0,7.5,22.25,105.5,1634.22,1634.22,3.1,1.9194807692307694,1.46,100.9091,7.5,1.34,72.0,,0.184,,0.405,2.07,1735.0,,7.38,7.2,46.5,1.1,18.98,824.0741,,,6178.69,5.9,13.52,6178.69,,7.9,,2.54,113.3,,6.1,0.9,10479.75,10479.75,0.71,4.7,11.5,1.35,0.027336206896551724,4.4,176.8,50.47,5.0,0.5097234103222127,1.4723091779237454,2.153683342495877,,1.368,13.0,0.38,0.39,0.9745661043283909,0.68,1.8870967741935483,0.68,5.1667,5.29,6.7,1.0,0.95,0.77,16.0,16718.73,0.018,0.012409090909090908,1.46,27.64204545454546,,,5.1,31.0,0.85,,76.1,0.34,4.25,254.4,770.0,2.860159714285715,0.48,0.68,16718.73,1.33,1.1073534901082493,,5.02,0.098,,2.43,17.216274089935762,9.074,,2.53,6.66,0.68,1.22,0.37732558139534883,0.017,0.018,2.25,0.035,8.0,12.11,2.44,15.4667,62.0,12.32,,6.82,42.15,0.465,0.34,10.0,2.8666666666666667,4.75,,1.61,3.83,90.0,,5.91,,,,,,9.22,,,,,1.7,0.668,2570.55,2570.55,134.5,277.8,6864.82,44.443749999999994,,12.56,7.56,56.0,0.8956021857923497,2.65,5.59,22.65,0.61,1.8,6.8,65.6,,29.3333,120.0,2099.88,52.7273,0.154,0.17243251327301276,1.39,54.05222245065789,,3.32,953.7953795379539,0.85,531.3333,79.0,74.75,75.5,75.7,,,,,,,,15.32,1.13,4.49,2.82,,,0.81,,3.275259067357513,1.19,2099.88,1.86,0.275,,15.8,3050.0,,152.7,1.1,71.6364,0.235,0.013,162.5,1.415,1.0,5.87,4.39,0.789156626506024,11.0,1.0655505633601678,0.189,,0.17261538461538461,,0.375
2014-08-31,2.1,,1.81,13.6,0.53,10.14,38.7,35.8,700.5,1.26,2.15,1.9408685968819597,,,2.07,54.75,24.6,0.3,,6.346792452830189,33.0,4170.01,0.61,4170.01,2.4896006655574046,7.04,37.5,,0.88,0.0118,1.85,,3.62,0.0046,1.5,,16.84,11.0,0.289,0.1523076923076923,47.3333,,2.291016200294551,2.220522867813629,3.409259259259259,90.5,4.75,,0.122,3.3,2.1,11.5,68.0,95.0,1.1,0.305,,,,8.9,0.8686787391,38.74946466809422,0.1354545455,10.98,5.2,36.1215,,35.0,89.10532544378698,,10.56,,1.18,1.488,8.25,1.0609,,0.89,6.15,6.1,,10.0,0.56,2.7,7.38,,17.7,6.95,1.67,7.5,16.0,,,,2.0329988161859665,5.6,1.6,,0.8201381704565179,11.14,0.007030612244897959,,,0.9,11.04,1.6,0.22,19.4,0.5028571428571429,23.0,1010.0,,4.6,2.9,1300.0,7.0,24.1,106.0,1625.82,1625.82,3.0,,1.55,103.7273,7.02,1.3,79.0,,0.183,,0.4,1.93,1800.0,487.0,7.15,6.9,,1.0,18.0,870.3704,,,6150.12,6.1,13.52,6150.12,,7.49,,1.95,112.9,,6.95,0.98,10784.75,10784.75,0.67,4.65,11.4,1.36,0.09567672413793102,4.28,180.0,49.0,4.4,0.5097234103222127,1.228972602607467,,,1.29,11.5,0.375,0.39,1.0314157937475468,0.61,1.7129032258064516,0.61,5.0,5.6,7.71,1.0,0.93,0.7275590551181103,15.32,17603.15,0.018,0.012409090909090908,1.37,27.97348484848485,,,6.64,36.8,0.72,,76.06,0.36,4.37,253.4,755.0,2.5227428571428576,0.465,0.65,17603.15,1.33,1.0971631205673757,,5.15,0.114,,2.44,19.271948608137045,8.8678,,2.2,7.31,0.63,1.31,0.3453488372093024,0.016,0.018,2.26,0.034,9.4,12.44,3.13,13.7,58.9,11.66,,7.36,36.2,0.495,0.34,9.9636,2.9778000000000002,4.6,,1.67,3.95,87.3,,5.24,,,,,,9.03,,,,,1.7,0.554,2676.33,2676.33,136.0,285.0,7050.89,,,11.5,6.95,53.3,0.9138797814207651,2.61,4.9,22.4,0.6,1.8,6.85,62.1,,33.75,126.6,2237.16,55.1515,0.15,0.17243251327301276,1.33,77.21746064379698,,3.36,937.2937293729374,0.83,514.6667,79.0,74.8,74.8,77.0,,,,,,,,16.18,1.04,4.75,2.68,,,0.8,,3.295414507772021,1.21,2237.16,1.85,0.255,,13.52,3450.0,8.540326530612244,128.0,1.0467,72.4242,0.224,0.012,162.5,1.435,0.96,6.07,4.51,0.852289156626506,12.0,1.1949883758290818,0.184,,0.17769230769230768,,0.355
2014-09-30,2.11,,1.7,12.0,0.52,10.04,43.1,43.8,740.0,1.22,2.22,1.6437639198218261,,,2.1,53.9,26.0,0.31,,6.451698113207548,34.95,4305.45,0.71,4305.45,1.6909317803660566,7.36,40.75,,0.89,0.012,1.79,,3.8,0.0049,1.44,,16.0,10.82,0.266,0.1386,49.9333,,2.057650744558992,2.1094967244229474,3.5,98.05,5.15,353.5,0.104,3.69,2.2,13.48,60.0,98.0,1.0667,0.285,,34.02949852507375,,11.4,0.8772635815,42.50642398286938,0.1618181818,10.56,5.24,38.4064,,34.1667,88.4733727810651,,10.48,,1.17,1.488,7.99,1.0526,,1.0,6.16,6.02,,9.88,0.56,2.42,7.8,,17.98,6.95,1.6,7.85,15.79,,,,2.0386460351198163,6.49,1.8,,,11.6,0.007571428571428572,,,0.92,11.02,1.99,0.231,17.96,0.5405714285714286,23.5,1035.0,,4.72,4.31,1190.0,7.1,26.95,111.0,1707.06,1707.06,2.95,,1.58,107.0,7.47,1.3,90.0,,0.205,,0.395,2.03,1623.0,497.0,7.6,6.94,,1.1,18.42,981.4815,,,6414.97,6.32,14.1,6414.97,,7.24,,1.92,110.4,,7.88,1.036,11718.83,11718.83,0.63,4.55,11.4,1.38,0.1470948275862069,4.1,196.0,55.14,4.3,0.5097234103222127,1.1085332875519351,2.0874161627267727,,1.2987,15.4,0.34,0.36,0.9510140901404547,0.66,1.6954838709677418,0.66,5.2267,6.5,9.28,1.02,2.07,0.7639370078740157,15.64,17127.26,0.017,0.011227272727272726,1.68,29.763257575757578,,,7.25,25.85,0.83,,76.81,0.7,5.03,253.8,838.0,2.0497285714285716,0.475,0.63,17127.26,1.33,1.0801791713325868,,4.9,0.143,,2.43,18.950749464668096,8.7166,,2.55,8.29,0.63,1.21,0.4156976744186047,0.017,0.019,2.57,0.032,9.2,12.64,3.16,13.9667,46.0,11.78,,7.0,34.7,0.62,0.355,9.8727,2.4444666666666666,4.8,,1.65,4.44,87.5,,5.19,,,,,,9.25,,,,,1.71,0.596,2863.52,2863.52,134.5,292.0,7283.07,,,10.2,6.85,54.15,0.9016947176684882,2.69,5.3,24.35,0.6,1.78,6.77,63.3,,30.75,146.8,2131.92,55.1515,0.157,0.19896059223809165,1.36,78.13308270676691,,3.27,1059.4059405940595,0.85,535.6667,78.0,75.65,76.5,77.9,,,,,,,,17.48,1.02,4.82,2.85,,,0.8,,3.3508419689119173,1.29,2131.92,1.89,0.23,,14.12,3098.0,,123.5,1.02,74.4242,0.227,0.013,187.0,1.41,1.1,6.17,4.64,0.8575502008032128,17.82,1.181120038778841,0.196,,0.18784615384615383,,0.38
2014-10-31,2.21,,1.73,12.0,0.5,9.25,46.0,45.8,690.0,1.3,2.14,1.5824053452115814,,,1.94,52.0,25.3,0.285,,6.504150943396227,33.5,4250.51,0.72,4250.51,1.6222961730449252,7.04,41.0,,0.83,0.0119,1.74,,3.5,0.0089,1.7,,11.98,12.5,0.271,0.13606153846153846,48.6667,,1.7819014891179839,1.8700068021796363,3.5,98.0,5.24,,0.081,3.3,2.16,15.52,60.0,95.0,0.9917,0.29,,47.39823008849558,,11.0,0.8686787391,45.642398286937905,0.1490909091,10.9,5.18,37.1212,,33.3333,63.19526627218935,,10.6667,,1.02,1.45,7.78,1.08,,0.89,6.1,6.02,,10.0,0.56,2.06,7.43,,17.0,6.98,1.57,7.3,16.2,,,,2.0866473960575407,6.85,1.8,,0.9306532430712261,11.18,0.008112244897959184,,,0.88,10.62,1.63,0.238,17.26,0.528,23.0,1036.0,,4.54,4.0,1110.0,6.83,25.9,108.0,1661.4,1661.4,3.15,2.3020576923076925,1.54,105.8182,6.45,1.23,87.0,,0.49,,0.41,1.82,1685.0,493.0,7.49,6.4,30.0,0.62,16.98,935.1852,,,6312.19,6.15,14.16,6312.19,,6.84,,1.92,116.0,,8.65,0.908,11573.1,11573.1,0.64,6.06,11.98,1.55,0.44258620689655176,4.05,196.0,60.76,3.75,0.4587510692899915,,1.4247443650357339,,1.1862,14.0,0.325,0.33,0.990808872733864,0.63,1.829032258064516,0.63,5.2,6.65,9.59,1.03,3.3,0.7518110236220472,14.24,15701.88,0.017,0.010045454545454545,1.53,31.486742424242426,,,6.11,22.5,0.72,,73.0,0.67,4.96,262.0,785.0,1.576714285714286,0.4,0.68,15701.88,1.33,1.188876446435237,,5.08,0.165,,2.43,18.565310492505354,8.9,,2.54,7.7,0.61,1.18,0.4284883720930233,0.015,0.017,2.09,0.026,11.4,9.31,3.01,13.28,38.0,11.82,,6.4,34.6,0.64,0.41,9.3636,2.2222,4.67,,1.94,4.34,84.5,,4.08,,,,,,9.1,,,,,1.61,0.614,2807.3,2807.3,112.0,290.0,7215.73,,,9.11,6.48,52.95,0.8864633879781422,2.88,4.99,24.55,0.59,1.71,6.9,64.0,,30.25,143.6,2196.55,53.3333,0.265,0.26528078965078883,1.36,91.56220629699247,,3.25,1003.3003300330033,0.85,522.3333,72.55,76.3,78.0,78.0,,,,,,,,17.48,1.0,4.5,2.9,,,0.78,,3.365958549222798,1.28,2196.55,1.74,0.23,,13.28,3124.0,12.79469387755102,110.0,0.9733,71.2727,0.55,0.013,186.0,1.415,1.07,6.15,4.76,0.8049397590361446,18.0,1.2273478289463104,0.35,,0.22592307692307692,,0.415
2014-11-30,4.08,,1.68,12.0,0.5,9.5,47.3,47.1,694.0,1.2,2.14,1.6114699331848552,,500.0,1.98,52.5,24.8,0.29,,6.367773584905661,34.0,4296.9,0.7,4296.9,1.3664725457570714,7.11,42.2,,0.82,0.0128,1.7,,3.15,0.008,1.42,,11.38,12.0,0.273,0.1452,47.1333,,1.7967294550810016,1.822134941529419,3.5,109.2,5.0,,0.114,3.4,2.15,13.9,58.5,95.0,0.9167,0.305,,41.32153392330384,,9.45,0.8431924883,48.12633832976445,0.1281818182,10.54,5.17,36.2517,,34.1667,76.46627218934911,,10.8667,,1.03,1.486,8.35,1.05,,0.96,6.0,6.3,,10.0,0.52,2.14,7.45,,16.3,6.94,1.56,7.0,16.3,,,,2.597720709570957,7.89,1.74,,0.8143215876873227,10.9,0.008653061224489797,,,0.91,10.7,1.6,0.22,17.06,0.528,22.4,1045.0,,4.46,4.29,1035.0,7.37,26.75,111.0,1716.08,1716.08,3.2,,1.62,107.2727,7.47,1.18,91.0,,0.36,,0.395,1.81,1750.0,501.0,7.11,6.7,,0.49,15.9,1000.0,,,6355.46,6.36,14.8,6355.46,,7.7,,1.88,116.0,,7.8,0.9,11929.73,11929.73,0.68,5.65,11.78,1.57,0.3970258620689655,3.7,207.0,58.71,3.8,0.4567121756487027,1.0987015067310755,,,1.0823,15.02,0.255,0.265,0.990808872733864,0.64,1.7419354838709677,0.64,5.8667,6.89,11.74,1.05,5.95,0.9822047244094488,13.24,16068.06,0.015,0.008863636363636362,1.53,31.685606060606062,,,6.16,18.6,0.75,1.0856812522234078,73.45,0.57,5.02,261.4,810.0,1.8920571428571433,0.4,0.66,16068.06,1.46,1.2907801418439715,,5.03,0.148,,2.43,18.372591006423985,8.56,,2.28,7.92,0.6,1.13,0.4093023255813954,0.015,0.016,2.2,0.023,9.6,8.84,3.0,12.7067,36.3,11.1,,6.3,38.2,0.65,0.39,9.4545,1.8311333333333335,4.28,,2.22,4.07,81.3,,3.96,,,,,,9.2,1030.0,694.3288590604027,,,1.57,0.72,2829.87,2829.87,104.0,288.0,7294.38,51.45833333333333,,8.97,6.58,50.85,0.9169260473588341,2.65,4.85,25.8,0.51,2.01,7.0,72.5,,34.9,158.0,2163.54,52.4242,0.187,0.3316009870634861,1.31,91.56220629699247,,3.24,1023.1023102310231,0.82,536.3333,77.6,76.0,76.6,78.1,,,,,,,,17.12,1.03,4.5,2.7,8.7,,0.76,,3.572551813471503,1.27,2163.54,1.7,0.217,,16.54,2990.0,13.16326530612245,124.2,1.0333,72.0,0.39,0.012,195.1,1.42,0.88,6.3,4.92,0.8470281124497991,20.0,1.363719809940345,0.25,,0.2030769230769231,,0.375
2014-12-31,3.34,,1.5,11.78,0.48,8.55,46.5,46.5,694.0,1.1,1.99,1.3563474387527839,,501.0,2.03,52.7,22.55,0.26,,5.25577358490566,33.7,4264.61,0.69,4264.61,1.3103161397670549,6.77,42.9,,0.71,0.0121,1.65,,2.8,0.0063,1.34,,10.2,11.8,0.264,0.1370769230769231,46.0,,1.788265423007691,1.7416083328231189,3.694444444444444,109.8,4.89,,0.105,3.34,2.15,12.4,42.4,94.0,0.8917,0.29,,42.53687315634218,,8.92,0.8686787391,53.31156316916488,0.1181818182,10.5,5.16,35.5334,,35.8333,75.83431952662723,,10.8933,,0.96,1.524,8.65,0.95,,0.91,5.41,,,13.98,0.49,1.74,7.5,,15.48,7.1,1.51,6.32,15.7,,,,3.9530532536949345,8.33,1.8,,0.8230464618411155,10.9,0.007571428571428572,,,0.9,10.38,1.36,0.203,15.96,0.5342857142857143,20.8,1009.0,,4.32,4.0,1020.0,7.05,25.5,107.0,1696.2,1696.2,3.3,2.236096153846154,1.53,106.3636,8.22,1.24,89.9,,0.315,,0.385,1.7,1730.0,502.0,6.3,6.75,25.0,0.49,15.88,955.5556,,,6299.94,6.15,14.98,6299.94,,7.12,,1.82,115.0,,6.77,0.892,11982.76,11982.76,0.62,5.57,12.0,1.49,0.19851293103448275,4.15,215.0,62.85,3.8,0.49137336755061317,1.1847295889135983,1.6898130841121495,,1.0476,16.6,0.221,0.222,0.9875603190527694,0.62,1.6548387096774193,0.62,5.9267,6.7,11.8,1.03,4.3,0.7336220472440945,12.14,15815.26,0.015,0.008863636363636362,1.57,30.82386363636364,,,6.7,24.55,0.7,,73.45,0.42,4.68,256.0,847.0,1.576714285714286,0.365,0.64,15815.26,1.36,1.1379245987308697,,4.6,0.112,,2.43,18.629550321199144,8.89,103.0,2.3,8.81,0.57,0.9,0.4732558139534884,0.013,0.014,2.1,0.018,8.4,10.57,3.0,12.5333,32.0,10.6,,6.2,38.55,0.6,0.39,9.1636,2.155533333333333,4.11,,2.13,4.02,80.0,,3.09,,,,,,9.45,1020.0,684.3624161073826,,,1.39,0.994,2810.25,2810.25,106.0,297.8,7230.57,51.45833333333333,,7.65,5.04,48.0,0.8834171220400728,2.31,5.01,26.5,0.485,1.74,6.7,75.7,,35.5,152.0,2126.19,51.2121,0.161,0.3979211844761833,1.24,94.61427984022556,,3.3,1013.2013201320133,0.8,543.3333,73.8,75.6,78.15,78.0,,,,,,,,17.04,1.08,4.5,2.63,9.91,2.8,0.76,,3.6279792746113992,1.15,2126.19,1.62,0.215,,19.0,2906.0,13.953061224489796,124.0,0.9933,66.65,0.3,0.011,196.0,1.49,0.82,7.2,4.58,0.9101606425702811,20.0,2.253604770664129,0.265,,0.19292307692307692,9.35,0.325
2015-01-31,4.08,,1.55,11.9,0.48,8.05,49.85,50.0,726.5,1.07,2.09,1.2465478841870823,,500.5,2.02,56.6,25.05,0.25,,5.245283018867925,36.1,4465.28,0.65,4465.28,1.3103161397670549,7.05,44.5,,0.71,0.0123,1.46,,3.11,0.0064,1.38,,9.4,12.38,0.234,0.12539999999999998,46.6667,,1.506152233676976,1.5891759688973244,3.6296296296296293,114.5,4.59,303.0,0.112,3.05,2.3,12.38,57.2,99.0,0.9167,0.265,,35.63982300884956,,9.0,0.8346076459,58.807280513918634,0.1218181818,10.8,5.09,35.5334,,42.5,53.71597633136095,,12.0,,0.92,1.6,8.98,0.98,,0.97,6.6,6.2,,11.0,0.46,1.87,7.8,,16.88,6.4,1.55,8.05,15.4,,,,4.740840294966997,8.5,1.69,,0.8230464618411155,11.0,0.008112244897959184,,,0.91,10.0,1.57,0.203,17.66,0.528,20.4,1010.0,,4.49,4.1,1029.0,7.28,31.1,108.5,1790.12,1790.12,3.12,,1.68,111.8182,9.12,1.23,98.9,500.0,0.31,,0.37,1.69,1746.0,500.0,6.15,5.99,24.05,0.5,15.4,1120.3704,,,6819.64,6.25,14.72,6819.64,,8.98,,1.7,114.0,,5.6,0.602,12691.84,12691.84,0.62,5.2,11.8,1.41,0.22129310344827588,3.33,232.0,62.38,4.05,0.4404010265183919,1.346953972457784,1.7560802638812534,,1.0823,16.28,0.26,0.27,1.0770711427791473,0.72,1.5619354838709676,0.72,5.8934,7.45,10.4,1.02,4.1,0.7760629921259843,13.62,15754.19,0.015,0.009454545454545453,1.5,31.221590909090914,,,5.97,32.2,0.72,,84.33,0.475,5.2,274.4,745.0,2.3400000000000003,0.355,0.64,15754.19,1.42,1.188876446435237,,5.17,0.118,,2.44,20.749464668094216,8.29,103.5,2.76,7.56,0.58,1.03,0.4476744186046512,0.013,0.014,2.2,0.017,8.2,11.04,3.19,12.5733,31.6,9.12,,6.2,42.0,0.6,0.375,9.2727,2.0444666666666667,4.0,,1.88,4.1,84.2,,3.63,,,,,,9.0,1016.0,675.0604026845638,,,1.4,1.106,2992.9,2992.9,100.2,355.0,7689.91,44.6875,,8.44,5.2,47.7,0.8834171220400728,2.4,6.0,27.8,0.47,1.78,7.0,79.2,,36.75,152.0,2156.11,54.5455,0.155,0.3979211844761833,1.2,93.08824306860902,,3.25,878.5478547854786,0.87,619.3333,76.15,75.95,79.0,80.0,,,,,,,,18.6,1.0,4.45,2.9,10.7,2.46,0.67,,3.5927072538860108,1.12,2156.11,1.67,0.194,,19.66,2970.0,13.16326530612245,115.0,1.0,71.8,0.335,0.011,207.0,1.45,0.8,6.89,4.8,0.8312449799196787,19.4,2.898482443500326,0.243,,0.19546153846153846,12.28,0.325
2015-02-28,6.25,,1.71,10.82,0.47,8.12,61.9,65.8,717.0,1.08,2.02,1.233630289532294,,504.0,2.0,56.85,23.8,0.255,,5.245283018867925,36.25,4498.61,0.72,4498.61,1.1605657237936773,7.1,44.4,,0.69,0.0137,1.41,,2.91,0.0053,1.35,,9.97,12.52,0.282,0.15078461538461538,46.5333,,1.5273441335297004,1.5260869956529726,3.6296296296296293,111.0,4.29,,0.109,2.6,2.41,10.8,50.0,96.45,0.8917,0.265,,27.345132743362832,,9.585,0.8346076459,55.88865096359743,0.1309090909,10.44,5.05,35.2309,,47.5,60.03550295857988,,12.5333,,0.9,1.62,9.72,0.96,,1.03,6.03,6.49,,10.02,0.46,1.76,7.71,,13.0,5.9,1.38,7.57,15.8,,,,3.6706923070024393,9.04,1.75,,0.8143215876873227,10.6,0.008112244897959184,,,0.9,10.84,1.33,0.223,17.0,0.4714285714285715,20.5,1011.0,,4.58,4.09,1086.0,7.7,29.15,108.5,1758.32,1758.32,3.15,,1.68,113.7273,8.46,1.11,103.2,,0.37,,0.36,1.65,1905.0,501.5,6.3,6.19,,0.49,14.36,1092.5926,,,6770.63,6.37,14.7,6770.63,,10.0,,1.78,112.1,,6.63,0.802,12872.31,12872.31,0.61,5.2,11.88,1.36,0.275,2.83,219.8,63.8,4.03,0.3935064727687483,1.3248324656108494,,,1.0823,19.1,0.26,0.265,1.1692598283237248,0.7,1.5096774193548386,0.7,6.0867,8.94,9.7,1.03,4.2,0.8791338582677165,15.12,16321.35,0.015,0.009454545454545453,1.45,34.50284090909091,,,5.93,29.0,0.7,,81.9,0.52,5.47,280.0,735.0,2.005714285714286,0.37,0.6,16321.35,1.33,1.019036954087346,,5.4,0.126,,2.43,20.460385438972164,8.1,106.0,3.2,8.05,0.52,0.96,0.4540697674418605,0.014,0.014,2.31,0.015,8.4,10.28,3.23,12.2667,31.95,10.22,,5.87,39.4,0.59,0.365,9.7818,2.0,4.58,,1.63,4.2,83.45,,3.96,,,,,,8.9,1012.0,686.3557046979867,,,1.33,1.294,3058.43,3058.43,95.3,355.0,7730.57,,,8.2,4.7,46.1,0.8651395264116575,2.39,5.8,28.0,0.51,1.76,6.4,85.0,,38.9,160.0,2217.39,58.7879,0.175,0.358129066028565,1.22,,,3.2,889.1089108910892,0.9,586.6667,77.5,75.5,78.5,80.4,,,,,,,,19.76,0.95,4.35,2.8,9.95,2.68,0.71,,3.668290155440415,1.09,2217.39,1.54,0.202,,21.2,3162.0,,107.0,1.0333,70.2,0.59,0.011,218.0,1.55,0.72,7.15,4.72,0.8049397590361446,20.8,3.157358068438154,0.255,,0.19038461538461537,11.18,0.33
2015-03-31,7.0,,1.76,10.8,0.475,12.0,61.65,62.8,795.0,1.12,1.96,1.3143652561247217,,510.0,2.09,58.0,26.5,0.245,,5.25577358490566,38.5,4560.17,0.68,4560.17,1.0919301164725457,7.15,44.5,,0.69,0.0143,1.43,,2.81,0.0057,1.32,,8.84,14.0,0.284,0.14316923076923074,47.3,,1.6312671739486173,1.5238664727851587,3.5,123.7,4.3,,0.114,2.22,2.28,10.44,48.8,100.5,0.7667,0.26,,,,9.69,0.8601833222,52.78372591006424,0.1345454545,10.02,5.15,35.1555,,52.7917,63.19526627218935,,13.3333,,0.89,1.65,8.98,0.93,,1.05,6.49,6.2,,10.0,0.45,1.78,8.6,,11.5,7.0,1.3,8.02,15.5,,,,3.8514033128856364,10.025,1.84,,0.9073869119944454,9.99,0.007571428571428572,,,0.89,11.9,2.69,0.196,16.36,0.5028571428571429,20.42,,1042.0,4.55,7.03,1000.0,8.8,30.5,115.0,1864.12,1864.12,3.15,1.9656538461538462,1.8,117.2727,5.52,1.1,96.0,500.0,0.3,,0.365,1.45,2014.0,506.5,6.7,6.4,29.95,0.46,14.98,1238.8889,,,7071.74,6.3,14.5,7071.74,,8.7,,1.79,108.0,,6.53,1.302,12831.97,12831.97,0.62,5.2,11.82,1.43,0.228,2.89,220.0,69.04,4.71,0.409817621899059,1.2781315067117658,1.5970390324354042,,1.0476,20.0,0.229,0.238,1.0755346646867376,0.76,1.4516129032258063,0.76,6.1267,8.55,8.5,1.08,3.72,0.8548818897637794,16.3,15484.38,0.014,0.008863636363636362,1.41,35.79545454545455,,,5.0,27.4,0.69,,86.32,0.42,5.43,267.0,728.0,2.0224285714285717,0.36,0.63,15484.38,1.33,1.1854796565882793,,4.83,0.122,,2.41,17.40899357601713,8.1,109.0,3.64,6.66,0.495,1.09,0.4796511627906977,0.013,0.014,2.14,0.016,8.2,9.88,3.05,12.24,31.0,9.95,,5.54,41.55,0.59,0.35,10.4545,2.3333333333333335,4.08,,1.46,4.16,77.5,,4.15,,,,,3.67,9.01,1080.0,717.5838926174497,,,1.5,1.52,3193.1,3193.1,97.5,316.0,7940.49,,,7.28,2.46,45.15,0.97175883424408,2.48,5.29,30.8,0.49,1.78,6.5,84.0,,41.75,172.0,2100.12,66.7879,0.17,0.358129066028565,1.21,80.33057565789473,,3.28,946.5346534653467,0.82,599.6667,67.45,76.0,83.0,84.1,,,,,,,,19.98,0.93,4.5,2.94,10.18,2.53,0.71,,3.703562176165803,1.09,2100.12,1.32,0.187,,30.0,2856.0,,103.0,1.0267,69.15,0.37,0.012,226.0,1.55,0.69,8.59,4.51,0.7786345381526104,20.85,3.1342441733544195,0.235,,0.17769230769230768,10.0,0.33
2015-04-30,6.4,,1.56,14.98,0.47,11.38,61.2,62.1,780.0,1.06,1.96,1.359576837416481,,521.0,2.06,56.65,25.4,0.25,,4.4637358490566035,38.65,4453.0,1.01,4453.0,1.0295341098169717,7.06,42.95,,0.68,0.0136,1.28,,2.6,0.0051,1.29,,8.0,14.0,0.275,0.14469230769230768,46.7333,,1.4848966944853543,1.4803703483744568,3.5,109.0,4.17,,0.1,2.09,2.5,11.2,48.4,101.3,0.6667,0.26,,,,9.0,0.8857589985,52.78372591006424,0.1418181818,10.36,5.2,34.5506,,52.75,94.79289940828403,,12.7333,,0.88,1.5,8.21,0.91,,1.02,6.0,6.49,2.43,10.18,0.455,1.86,8.8,,13.12,7.17,1.26,7.79,15.0,,,,4.387889111601377,10.0,1.7,,,9.85,0.007030612244897959,,,0.88,11.58,1.88,0.195,14.73,0.4902857142857143,19.59,,1044.0,4.45,8.21,932.0,7.5,28.1,119.0,1780.86,1780.86,3.15,2.499942307692308,1.9,114.5455,5.64,1.09,92.8,,0.285,,0.35,1.39,2182.0,511.0,6.29,6.03,,0.425,14.1,1162.963,,,6905.4,6.12,13.84,6905.4,,8.7,,1.66,110.0,,6.33,1.322,12286.62,12286.62,0.59,5.2,12.38,1.47,0.243,2.6,199.0,68.09,6.37,,1.268299725890906,1.5904123144584934,,1.039,15.6,0.23,0.238,0.9864189353269796,0.77,1.5096774193548386,0.77,6.1267,8.64,9.4,1.09,4.22,0.7821259842519686,14.9,14990.81,0.014,0.008863636363636362,1.37,34.43655303030304,,,4.26,28.0,0.66,4.37513340448239,82.3,0.49,5.3,260.4,770.0,4.457142857142857,0.37,0.67,14990.81,1.33,1.1820828667413215,,4.53,0.121,,2.51,15.899357601713062,7.79,113.5,3.8,6.31,0.48,0.97,0.4604651162790698,0.013,0.013,2.08,0.015,8.2,9.99,3.0,12.1733,31.5,9.85,,4.55,39.7,0.61,0.34,10.4545,2.2222,4.35,,1.63,3.92,77.45,,3.96,,,,,2.42,9.49,1150.0,727.5503355704699,,,1.41,1.4,3108.83,3108.83,93.95,316.0,7714.82,,,6.95,1.87,45.7,0.9592444444444443,2.42,5.15,29.95,0.51,1.76,6.5,87.0,,41.375,168.0,2105.38,69.0909,0.169,0.6945348837209302,1.22,94.61427984022556,,3.25,937.2937293729374,0.76,600.3333,68.5,75.95,83.95,86.0,,,,,,,,18.66,0.9,4.54,2.81,10.4,2.32,0.65,,3.52720207253886,0.99,2105.38,1.3,0.198,,27.9,2770.0,,99.5,0.96,66.0,0.38,0.01,217.8,1.525,0.65,7.5,4.5,0.726024096385542,20.8,3.4023653563257423,0.225,,0.17769230769230768,9.2,0.31
2015-05-31,6.5,,1.61,11.5,0.465,10.72,62.0,61.5,790.0,1.15,2.01,3.4683741648106903,,523.0,2.1,56.0,22.95,0.255,,4.668301886792453,40.05,4360.81,1.02,4360.81,0.9671381031613977,6.99,43.0,,0.67,0.0126,1.26,,2.6,0.0049,1.3,,6.6,13.8,0.27,0.14469230769230768,49.8667,,1.576155506463754,1.785104457233821,3.5,108.0,3.5,,0.096,1.81,2.46,9.7,49.25,98.0,0.6167,0.245,,41.32153392330384,,8.65,0.8942544154,53.40471092077088,0.1272727273,10.0,5.16,34.853,,46.5,63.827218934911244,,12.6667,,0.81,1.61,7.77,0.85,,1.0,6.4,6.0,1.6,9.7,0.43,1.68,9.43,,12.6,6.7,1.23,7.38,13.3,,,,4.122469821710432,9.7,1.77,,0.8608542498408841,9.41,0.007030612244897959,,,0.86,9.99,1.72,0.18,14.63,0.48400000000000004,18.32,,1040.0,4.52,7.0,985.0,7.0,26.95,120.0,1719.58,1719.58,3.56,2.242692307692308,1.86,112.3636,4.8,1.05,89.7,,0.235,,0.32,1.22,2550.0,519.0,6.22,6.1,24.05,0.37,14.5,1292.5926,,,6745.48,6.45,14.52,6745.48,,7.89,,1.74,107.0,,5.84,1.0,11674.48,11674.48,0.57,5.1,12.3,1.34,0.224,2.25,201.0,65.23,3.69,0.5148206444254348,1.228972602607467,1.6898130841121495,,1.0823,12.02,0.233,0.238,0.9987107600662564,0.72,1.2774193548387096,0.72,6.06,7.5,9.6,1.09,4.0,0.7881889763779528,13.96,14131.12,0.014,0.008863636363636362,1.29,35.033143939393945,,,3.8,25.0,0.67,30.973999999999997,79.2,0.445,4.75,281.2,760.0,3.6715714285714287,0.35,0.63,14131.12,1.33,,,4.5,0.121,,3.49,15.096359743040685,6.8,111.5,3.77,6.3,0.475,1.0,0.44127906976744186,0.012,0.013,2.04,0.014,7.2,10.11,3.0,12.1333,29.5,9.96,,4.38,38.0,0.65,0.31,10.5455,1.7778,4.27,,1.54,4.22,62.0,,3.85,,,,,2.1,9.0,1125.0,724.2281879194632,,,1.29,1.438,3116.2,3116.2,95.1,307.0,7580.46,,,6.2,1.98,41.0,0.9542222222222221,2.6,4.06,29.5,0.46,1.7,6.6,75.0,,38.5,156.0,2093.62,75.7576,0.158,0.6945348837209302,1.24,82.03973684210526,,3.23,927.3927392739274,0.71,586.6667,65.0,76.0,81.15,86.5,,,,,,,,19.24,0.73,4.5,2.96,9.98,2.22,0.67,,3.5977461139896376,0.87,2093.62,1.14,0.171,,27.0,2780.0,13.426530612244898,88.45,0.9133,64.9,0.35,0.01,190.8,1.565,0.73,7.03,4.4,0.6628915662650602,22.5,5.131284708589094,0.211,,0.16246153846153846,9.7,0.29
2015-06-30,5.95,,,11.4,0.475,10.32,62.3,62.7,790.0,1.13,1.92,3.4877505567928733,,525.5,1.9,58.05,21.7,0.22,,4.406037735849057,37.3,4319.59,2.05,4319.59,0.910981697171381,6.9,45.5,,0.62,0.0164,1.29,,2.5,0.005,1.2,,6.58,13.0,0.246,0.1370769230769231,48.6667,,1.4425128947799053,1.4803703483744568,3.4740740740740743,108.4,3.3,303.0,0.081,1.75,2.54,8.61,56.95,94.5,0.5833,0.24,,29.228908554572275,,9.0,0.8516879052,52.78372591006424,0.1181818182,10.12,5.16,34.2481,,47.5417,67.6189349112426,,12.2,,0.79,1.59,7.8,0.82,,1.01,6.5,6.5,2.54,10.2,0.44,1.47,10.08,,11.52,6.65,1.3,6.93,13.2,,,,3.885286626488736,9.71,1.68,,0.8521293756870915,9.82,0.005948979591836734,,,0.88,8.6,1.77,0.174,12.96,0.7,17.24,,1050.0,4.52,7.6,940.0,6.41,27.0,119.5,1724.87,1724.87,3.1,,1.86,112.0,4.86,1.04,81.25,,0.208,,0.32,1.22,2510.0,520.0,6.5,6.45,17.02,,13.3,1264.8148,,,6803.07,6.69,13.4,6803.07,,7.25,,1.79,110.2,,5.82,0.8,11554.57,11554.57,0.53,6.05,11.88,1.3,0.204,2.2,197.3,68.28,3.71,0.5097234103222127,1.3272904108160644,1.6533661352391422,,1.0736,11.96,0.221,0.228,0.8911572935975824,0.67,1.2716129032258063,0.67,6.04,7.1,9.05,1.09,3.67,0.7275590551181103,13.92,13574.1,0.013,0.008272727272727272,1.28,39.44128787878788,,,3.11,24.6,0.65,29.151999999999997,83.18,0.39,4.76,291.2,835.0,3.7272857142857148,0.345,0.62,13574.1,1.33,1.287383351997014,,4.73,0.115,,2.7,15.38543897216274,5.96,111.5,3.83,6.44,0.465,0.99,0.3965116279069768,0.012,0.012,2.04,0.015,6.8,9.99,3.0,12.1067,28.4,8.85,,4.3,37.0,0.67,0.3,10.9091,1.7778,4.89,,1.18,3.95,68.9,,3.48,,,,,3.18,9.49,1057.0,763.4295302013423,,,1.28,1.434,3026.11,3026.11,93.95,305.6,7564.5,,,6.13,1.79,40.1,0.974311111111111,2.65,4.15,29.3,0.44,1.7,6.25,74.45,,35.625,161.5,2063.83,72.7273,0.14,0.6313953488372092,1.2,82.03973684210526,,3.34,966.996699669967,0.75,596.6667,59.5,75.15,85.0,89.0,,,,,,,,19.98,0.75,4.5,2.9,9.88,1.98,0.65,,3.3256476683937826,0.82,2063.83,1.26,0.175,,26.8,2810.0,12.241836734693877,81.45,0.8733,60.0,0.335,0.009,194.0,1.575,0.75,6.35,4.49,0.6786746987951807,23.0,4.3685261708258505,0.19,,0.16246153846153846,11.04,0.285
2015-07-31,8.1,,,11.5,0.47,10.56,60.8,60.5,780.0,1.12,1.91,2.7126948775055677,,528.0,1.89,58.5,22.6,0.22,,4.2119622641509435,37.4,4325.79,2.11,4325.79,1.098169717138103,6.84,43.7,,0.63,0.0284,1.2,,2.5,0.0068,1.2,,5.5,13.0,0.255,0.12692307692307692,48.8,,1.4212573555882835,1.4977426743402926,3.5,100.4,3.7,,0.079,1.47,2.52,9.7,50.6,95.0,0.5917,0.22,,,,8.0,0.8516879052,57.75160599571735,0.1172727273,10.36,5.15,35.0043,,45.8333,118.17514792899408,,12.0667,,0.75,1.628,7.4,0.83,,0.71,,6.48,2.8,10.08,0.43,1.58,13.5,,13.0,5.51,1.39,6.75,11.9,,,,3.8768157980879607,10.775,1.68,,0.9277449516866284,9.83,0.005948979591836734,,,0.86,8.81,1.7,0.181,14.43,0.73,16.5,,1030.0,4.15,4.0,970.0,7.2,25.85,118.0,1658.84,1658.84,3.11,2.0448076923076925,1.89,111.8182,3.9,1.03,82.8,505.0,0.194,,0.3,1.25,2580.0,525.0,6.45,6.4,17.04,,13.88,1296.2963,,,6822.7,6.44,13.16,6822.7,,7.2,,1.79,109.9,,6.1,0.662,11476.12,11476.12,0.5,7.5,12.0,1.27,0.208,2.21,190.0,69.04,3.95,0.5143997718848019,1.0421687670111321,1.6533661352391422,,0.981,14.86,0.202,0.215,0.9218868554457751,0.65,1.161290322580645,0.65,6.6267,7.21,10.38,1.11,4.06,1.2,14.86,11921.58,0.014,0.00768181818181818,1.34,35.76231060606061,,,3.03,25.4,0.68,26.084966666666666,78.18,0.395,4.74,299.0,780.0,3.621428571428572,0.31,0.56,11921.58,1.33,2.335697399527186,,4.85,0.103,,2.6,16.027837259100643,6.18,111.5,3.83,5.85,0.47,0.97,0.4029069767441861,0.0095,0.011,1.95,0.011,6.0,10.53,3.2,12.6667,26.1,10.0,,4.15,37.0,0.66,0.285,10.4545,1.7778,4.77,,1.57,3.9,63.5,,3.4,,,,,3.89,8.62,1080.0,734.1946308724832,,,1.1,1.474,3104.9,3104.9,94.9,310.0,7550.0,,,5.39,1.64,39.5,0.9291111111111111,2.75,4.3,28.15,0.37,1.64,5.72,75.4,,29.85,148.9,2134.95,66.6667,0.151,1.0102325581395348,1.18,77.75526315789473,,3.33,957.0957095709572,0.75,595.3333,56.3,75.5,84.9,84.5,,,,,,,,21.45,0.71,4.5,2.5,8.69,2.26,0.65,,3.6078238341968913,0.81,2134.95,1.22,0.179,,26.0,2886.0,12.110204081632652,79.85,0.8733,59.3,0.31,0.009,191.3,1.635,0.7,7.08,4.4,0.6260642570281124,23.5,4.3685261708258505,0.187,,0.16246153846153846,12.1,0.26
2015-08-31,8.89,,,11.86,0.435,9.85,60.9,63.5,738.0,1.09,1.63,2.84,,524.0,1.68,55.1,19.8,0.203,,4.406037735849057,35.95,4056.08,1.76,4056.08,0.9546589018302829,6.7,43.25,,0.53,0.0237,1.09,,2.25,0.0048,1.17,,4.57,11.5,0.23,0.1193076923076923,45.3333,,1.3152342169857634,1.5674279066919732,3.5,98.5,3.09,,0.061,1.34,2.51,7.02,50.1,84.6,0.55,0.2,,29.168141592920357,,9.0,0.8857589985,55.54710920770878,0.1045454545,9.51,4.72,34.7019,,36.6667,79.62603550295859,,11.4,,0.7,1.566,6.95,0.72,,0.71,6.5,6.1,2.75,10.1,0.405,1.22,13.8,,10.9,4.6,1.35,5.98,11.38,,,,3.216091182827522,11.4,1.81,,,8.33,0.006489795918367347,,,0.83,8.55,1.71,0.169,13.86,0.74,14.9,,1020.0,4.18,2.58,920.0,7.25,23.35,116.0,1551.82,1551.82,3.1,1.8930961538461542,1.79,105.6364,3.48,0.99,70.0,500.0,0.194,,0.295,1.09,2576.0,520.0,6.29,5.95,17.1,,13.6,1175.9259,,,6502.32,6.0,13.1,6502.32,,6.78,,1.63,92.95,,5.77,1.2,10978.06,10978.06,0.5,7.28,11.42,1.4,0.171,2.18,191.5,67.61,3.61,0.7809523809523811,1.1822716437083831,,,0.9524,13.22,0.182,0.204,0.86042773174939,0.57,1.161290322580645,0.57,6.4,6.76,7.69,1.06,3.27,1.27,13.0,11127.84,0.012,0.00709090909090909,1.34,33.077651515151516,,,2.32,22.0,0.6,21.256666666666664,74.11,0.405,4.33,284.0,725.0,2.512714285714286,0.305,0.56,11127.84,1.33,2.151300236406619,,5.0,0.083,,1.7,14.518201284796575,5.9,108.0,3.28,4.47,0.42,0.96,0.3453488372093024,0.009,0.009,1.36,0.0099,8.6,10.33,2.8,12.4533,25.0,7.91,,4.01,31.7,0.64,0.26,10.4545,1.7022000000000002,4.39,,1.25,3.94,60.0,,3.35,,,,,2.38,8.65,1045.0,757.4496644295302,,,1.08,1.482,2907.44,2907.44,93.5,300.0,7098.81,,,5.1,1.67,35.0,0.8537777777777776,2.79,4.08,29.0,0.37,1.6,5.74,69.5,4.6538,32.0,131.9,1875.9,60.6061,0.138,1.0158139534883721,1.18,74.05263157894737,,3.25,1435.0,0.7,585.3333,52.0,75.7,81.5,80.6,,,,,,,,19.5,0.65,4.25,2.52,7.26,2.14,0.56,,3.6078238341968913,0.66,1875.9,1.08,0.147,,27.0,2518.0,10.10938775510204,69.5,0.8,54.0,0.28,0.008,194.0,1.46,0.69,5.83,4.22,0.5366265060240963,22.5,4.271447811474165,0.181,,0.31,10.76,0.249
2015-09-30,7.9,,,10.8,0.425,10.5,59.6,61.0,767.0,1.06,1.68,2.34,,531.0,1.54,57.7,15.32,0.25,,3.965433962264151,34.0,3972.44,1.72,3972.44,0.9359400998336106,6.39,43.2,,0.57,0.032,1.19,,2.18,0.0052,1.03,,4.55,11.24,0.235,0.1182923076923077,45.9333,,1.47216882670594,1.2626284883364967,3.5,103.5,3.04,450.0,0.052,1.24,2.47,5.21,52.0,80.3,0.4833,0.186,,30.383480825958703,,8.32,0.8772635815,53.74625267665953,0.0909090909,10.0,5.0,33.477,,33.3333,82.15384615384616,,10.9867,,0.65,1.53,6.77,0.58,,0.7,6.0,,2.6,10.1,0.415,1.78,19.9,,9.94,4.75,1.44,7.5,12.8,,,,3.2753869816329457,9.99,1.79,,0.9481029913788115,7.58,0.005948979591836734,,,0.75,6.99,1.72,0.164,13.33,0.65,13.6,,1030.0,4.0,2.48,950.0,7.5,22.15,115.6,1531.38,1531.38,3.1,,1.68,102.7273,2.79,0.92,65.65,500.0,0.28,,0.295,1.02,2348.0,528.0,6.4,6.21,19.8,,12.0,1171.2963,,,6457.22,5.97,12.9,6457.22,,6.51,,1.68,75.05,,5.7,0.862,10651.65,10651.65,3.35,8.42,12.0,1.3,0.18,2.07,192.8,67.47,3.69,1.4447619047619047,1.6197858902366415,,,0.9238,12.0,0.179,0.195,0.955689373478787,0.72,1.1903225806451612,0.72,6.3334,5.86,8.1,1.11,2.71,1.16,10.08,10721.74,0.0098,0.006499999999999999,1.34,31.089015151515152,,,1.96,21.0,0.6,22.47133333333333,72.21,0.68,4.37,296.4,700.0,1.8441428571428573,0.3,0.56,10721.74,1.33,2.6,,4.98,0.09,,4.48,13.972162740899357,5.66,111.0,2.83,3.55,0.5,0.96,0.37093023255813956,0.0086,0.0099,1.27,0.011,7.0,9.99,2.8,13.75,24.0,6.95,,3.85,31.0,0.57,0.285,10.3636,1.6444666666666665,4.1,,0.98,3.82,49.65,,3.3,,,,,2.02,10.0,1080.0,750.8053691275168,,,1.3,1.54,2858.09,2858.09,104.0,296.0,6893.98,94.79166666666666,,4.77,1.32,30.05,1.406222222222222,2.7,4.0,28.45,0.385,1.54,5.5,72.95,6.3654,34.025,137.2,1656.65,58.0606,0.144,1.0213953488372094,1.17,116.36842105263158,,3.1,1425.0,0.73,593.6667,48.5,74.0,78.5,81.5,78.5,78.45,78.9,,,,,20.65,0.7,4.19,2.69,6.1,1.95,0.48,,3.9504663212435234,0.69,1656.65,0.91,0.14,,25.9,2190.0,10.26734693877551,73.0,0.8333,51.0,0.32,0.007,192.0,1.475,0.67,5.03,4.6,0.5524096385542169,23.0,4.299184485574647,0.228,,0.36,14.04,0.226
2015-10-31,8.2,,,11.78,0.39,10.6,65.6,67.6,780.0,1.12,1.96,2.41,,513.5,1.58,56.0,18.24,0.201,,4.2906415094339625,35.85,4119.28,1.93,4119.28,1.1480865224625625,6.5,42.0,,0.57,0.0409,1.12,,2.21,0.0048,1.17,,5.65,11.26,0.247,0.12692307692307692,48.35,,1.2727867779414173,1.2756903875589298,3.5,101.7,3.46,669.5,0.056,1.96,2.49,6.15,49.4,84.6,0.625,0.225,,30.383480825958703,,9.5,0.8772635815,55.391862955032124,0.1136363636,9.99,5.08,32.6605,,38.75,66.35502958579882,,11.5333,,0.67,1.57,7.45,0.61,,0.74,,,2.54,10.0,0.485,1.64,20.85,,11.0,6.04,1.4,9.08,12.4,,,,3.2019731354928975,9.75,2.0,,1.0266268587629461,7.53,0.006489795918367347,,,0.9,8.3,1.66,0.18,13.21,0.65,13.8,,1030.0,3.9,2.96,955.0,7.58,25.3,116.5,1569.47,1569.47,3.8,2.638461538461539,1.74,106.3636,2.7,0.9,70.65,500.0,0.25,,0.315,1.12,2280.0,528.0,7.4,7.15,21.5,,11.7,1216.6667,,,6586.43,5.84,14.2,6586.43,,6.5,,1.83,82.5,,5.94,0.94,11437.4,11437.4,2.27,9.44,11.4,1.3,0.183,2.19,206.0,68.0,3.9,1.7571428571428571,1.9275452093816032,1.6533661352391422,,0.9429,12.9,0.193,0.206,1.0924359237032433,0.81,1.1496774193548387,0.81,6.2934,6.78,8.85,1.13,2.98,1.15,12.5,11434.74,0.01,0.00709090909090909,1.47,26.515151515151516,,,2.8,24.3,0.61,19.434666666666665,75.26,0.57,4.69,325.0,745.0,1.56,0.28,0.52,11434.74,1.32,2.8,,5.22,0.091,,3.5,15.289079229122056,7.3,109.5,3.07,4.41,0.86,0.98,0.37732558139534883,0.011,0.011,1.51,0.014,6.0,10.88,2.8,15.65,24.0,8.1,,3.88,36.0,0.57,0.29,10.5455,2.1378,4.2,,1.14,3.86,53.0,,3.7,,,,,2.46,8.92,1074.0,724.2281879194632,,,1.21,1.684,3023.37,3023.37,104.0,306.0,7134.26,66.08333333333333,,5.4,1.5,31.05,1.5267555555555554,2.82,4.11,30.6,0.45,1.52,5.0,76.9,6.1538,33.475,142.1,1727.08,60.7273,0.157,1.5627906976744184,1.19,89.92105263157895,,3.24,1555.0,0.75,583.3333,48.0,,79.0,82.0,79.2,78.5,80.1,,,,,21.6,0.78,4.09,2.69,5.31,2.04,0.47,,4.12178756476684,0.99,1727.08,1.27,0.151,,24.0,2200.0,10.067265306122449,105.4,0.8333,57.0,0.325,0.009,200.6,1.565,0.67,5.57,4.73,0.6208032128514055,22.8,4.657449859372534,0.235,,0.37,16.0,0.32
2015-11-30,7.34,,,11.78,0.39,10.86,63.45,63.0,743.0,1.16,1.89,2.27,,525.0,1.5,56.6,17.7,0.21,,4.238188679245283,33.85,3996.91,1.77,3996.91,2.6455906821963397,6.4,42.0,,0.51,0.0426,1.11,,2.05,0.0049,1.09,,4.14,11.98,0.24,0.12032307692307692,44.65,,1.2112475372279496,1.247411375742362,3.5,101.0,3.18,,0.043,1.4,2.45,5.22,,83.5,0.6833,0.21,,,,9.895,0.9112452492,51.852248394004285,0.1154545455,9.92,5.1,31.844,,34.8333,60.03550295857988,,11.4667,,0.61,1.538,7.48,0.56,,0.69,5.85,,2.5,10.0,0.465,1.4,23.9,,11.0,5.79,1.4,8.03,13.48,,,,3.9530532536949345,9.4,1.65,,0.9539195741480065,4.54,0.005408163265306122,,,0.88,9.15,1.67,0.164,12.66,0.65,13.3,,1020.0,4.1,2.75,950.0,7.6,22.5,116.1,1530.79,1530.79,6.44,4.353461538461539,1.78,102.7273,2.28,0.84,66.1,500.0,0.23,,0.3,1.06,2000.0,519.5,7.19,6.95,21.5,,11.98,1171.2963,,,6502.88,5.5,14.52,6502.88,,7.05,,1.8,73.5,,5.84,0.844,11154.52,11154.52,2.12,9.95,11.2,1.18,0.17,2.12,201.0,67.38,3.7,1.561904761904762,1.8344075206929964,,,0.8667,12.5,0.186,0.2,1.2906415976240853,0.73,1.1032258064516127,0.73,6.0,7.5,9.01,1.12,2.65,1.15,14.9,10738.29,0.01,0.00709090909090909,1.53,27.111742424242426,,,2.16,22.5,0.57,18.159266666666664,71.23,0.46,4.44,305.8,750.0,1.4652857142857143,0.25,0.51,10738.29,1.34,3.0,,5.24,0.079,3.82,3.5,15.738758029978587,6.35,109.0,2.93,3.63,0.64,0.93,0.358139534883721,0.01,0.01,1.43,0.012,6.0,10.22,2.99,14.75,23.0,7.46,,3.55,34.4,0.47,0.249,10.2909,2.1133333333333333,3.6,,0.96,3.92,51.0,,3.7,,,,,2.3,9.44,1055.0,712.9328859060403,,,1.47,1.738,2923.02,2923.02,103.0,293.8,6927.07,,,5.0,1.41,30.65,1.406222222222222,2.7,4.21,30.15,0.4,1.42,5.97,72.15,5.3269,34.0,137.6,1585.64,65.3333,0.148,1.5069767441860467,1.18,84.63157894736842,,3.23,1505.0,0.75,563.3333,46.8,,79.05,83.0,79.4,80.0,80.7,,,,,21.5,0.72,3.69,2.7,4.05,1.72,0.41,,6.3,0.9,1585.64,1.1,0.15,,20.35,2050.0,10.26734693877551,75.0,0.84,57.1,0.295,0.0075,202.0,1.5,0.65,5.32,4.72,0.5839759036144578,23.0,4.830804072500544,0.21,,0.345,16.06,0.27
2015-12-31,6.88,,,,0.38,10.28,61.9,62.7,756.0,1.26,1.95,2.28,,523.0,1.34,57.95,16.1,0.22,,3.9339622641509435,34.45,3990.47,1.83,3990.47,2.9513311148086525,6.38,41.7,,0.45,0.0411,1.05,,1.8,0.005,1.12,,4.07,11.7,0.208,0.1056,46.15,,1.8333,1.4150608522622912,3.694444444444444,105.0,2.91,,0.041,1.32,2.45,4.54,,83.85,0.625,0.21,,27.345132743362832,,9.995,0.8772635815,51.13811563169165,0.1090909091,9.89,5.18,30.3743,,35.8333,63.19526627218935,,10.9867,,0.58,1.5,8.2,0.56,,0.6,6.0,,2.35,10.0,0.445,1.6,24.4,,13.44,5.3,1.4,7.22,13.8,,,,3.704575620605538,9.15,1.7,,1.0993341433778858,5.4,0.0053,,,0.77,8.95,1.66,0.16,12.62,0.74,12.9,,1029.0,4.4,2.86,955.0,7.0,22.6,118.0,1550.68,1550.68,5.81,4.089615384615385,1.81,103.1818,2.07,0.79,65.05,,0.225,,0.275,1.03,1852.0,522.0,6.9,7.22,17.8,,12.28,1222.2222,,,6601.26,5.51,14.24,6601.26,,7.1,,1.85,70.3,1.65,5.64,0.84,11031.22,11031.22,2.46,9.94,11.0,1.13,0.155,2.03,219.0,69.8,3.7,1.4642857142857142,2.4256293706293706,,,0.9238,12.0,0.174,0.202,0.798968608053005,0.69,1.0277419354838708,0.69,6.16,6.6,7.63,1.11,2.4,1.08,14.78,10427.24,0.01,0.006499999999999999,1.5,27.410037878787882,,,2.0,19.98,0.54,18.159266666666664,71.23,0.49,4.25,320.0,695.0,1.576714285714286,0.28,0.47,10427.24,1.33,3.5,,5.2,0.082,3.98,3.1,15.931477516059958,6.2,107.5,2.8,3.47,0.75,0.94,0.36453488372093024,0.01,0.011,1.4,0.012,6.2,10.19,2.99,14.15,22.5,6.99,,3.5,34.7,0.49,0.285,10.7273,2.466666666666667,3.68,,0.64,3.95,52.0,,3.65,103.0,106.0,,,2.38,9.4,1070.0,707.6174496644296,,,1.2,1.71,2915.6,2915.6,102.9,275.0,6952.08,66.08333333333333,,4.4,1.3,33.0,1.2053333333333331,2.6,3.95,27.5,0.445,1.4,4.79,63.0,5.9423,34.125,142.0,1530.22,60.6061,0.144,1.5013953488372092,1.14,79.34210526315789,,3.13,1440.0,0.78,576.0,49.9,,77.4,83.0,85.0,76.0,79.9,,,,,21.7,0.71,4.18,2.4,3.45,1.61,0.43,,7.0,0.84,1530.22,1.0,0.151,,20.75,2060.0,10.32,67.6,0.78,57.05,0.28,0.0072,186.0,1.57,0.6,5.18,4.7,0.5681927710843373,22.5,5.3393097643427065,0.21,,0.34,15.22,0.255
2016-01-31,6.35,,,13.4,0.29,9.5,55.75,55.2,679.5,1.2,1.87,1.88,,521.0,1.27,58.5,14.8,0.219,,3.6716981132075475,31.4,3812.87,1.94,3812.87,2.701747088186356,6.0,41.6,,0.4,0.0375,1.06,,1.65,0.0042,1.05,,4.0,11.5,0.2,0.09138461538461538,44.7,,1.3333,1.0667,3.3703703703703702,102.0,2.37,,0.041,1.42,2.5,4.1,39.1,87.65,0.6,0.203,,20.113864306784663,,14.5,0.8686787391,47.87794432548179,0.1072727273,9.5,4.6,28.2513,,33.3333,66.35502958579882,,10.3867,,0.4,1.432,7.37,0.5,,0.54,6.0,6.09,2.08,,0.39,2.29,20.9,,11.82,6.02,1.35,6.2,11.4,,,,3.501275738986942,8.1,1.58,,0.9277449516866284,5.58,0.0078,,,0.79,7.34,1.79,0.149,10.58,0.72,13.86,,1025.0,4.51,2.9,989.0,6.2,18.4,113.9,1506.54,1506.54,5.75,3.5751153846153847,1.48,101.3636,1.8,0.63,55.8,500.0,0.223,,0.25,0.89,1864.0,514.0,6.55,6.2,21.0,,11.84,1194.4444,,,6323.63,5.34,14.3,6323.63,,6.76,,1.81,60.8,1.28,5.08,,10530.65,10530.65,2.25,9.53,11.96,1.16,0.147,1.95,205.2,63.8,3.36,,3.0244755244755246,1.6533661352391422,,0.8667,7.44,0.168,0.181,0.7682390462048124,0.54,0.9870967741935484,0.54,6.1334,5.25,7.1,1.09,2.73,1.21,15.9,9008.96,0.0098,0.006499999999999999,1.53,26.084280303030305,,,1.72,13.7,0.5,10.931999999999999,62.83,0.45,3.57,310.0,580.0,1.677,0.25,0.48,9008.96,1.31,3.0,,5.5,0.076,3.15,2.99,15.610278372591008,5.5,111.0,2.42,2.27,0.64,0.92,0.284593023255814,0.0094,0.0091,1.1,0.011,5.6,9.66,2.4,12.9833,21.8,6.5,,3.35,33.0,0.385,0.285,10.4545,1.5,2.95,,0.75,4.04,50.0,,3.5,105.0,108.0,,,2.32,9.0,1023.0,707.6174496644296,,,0.94,1.678,2662.48,2662.48,97.9,270.0,6687.62,65.0,,4.07,1.48,32.75,1.2204,2.7,3.8,25.0,0.34,1.49,6.34,59.05,4.8077,29.675,141.8,1519.89,60.6061,0.146,1.4288372093023256,1.0,79.34210526315789,,3.05,1260.0,0.76,551.6667,72.9,,80.5,83.0,79.0,78.5,79.0,,,,,21.15,0.77,3.95,2.35,3.2,1.35,0.39,,4.6,0.86,1519.89,0.98,0.151,,19.72,2220.0,,104.9,0.7733,56.9,0.265,0.0075,193.0,1.45,0.6,3.74,4.64,0.515582329317269,22.5,4.622779016746932,0.21,,0.34,12.86,0.275
2016-02-29,6.68,,,12.78,0.32,10.38,54.05,54.0,689.0,1.18,2.03,2.28,,545.0,1.58,57.0,14.4,0.229,,3.6979245283018867,32.8,3876.38,1.94,3876.38,3.6314475873544096,5.95,42.95,,0.485,0.0493,1.15,,2.09,0.0044,1.5,,4.28,10.5,0.24,0.12184615384615384,44.5,,1.7333,1.6667,3.694444444444444,99.0,3.08,,0.053,1.39,3.18,4.18,48.7,83.75,0.7083,0.245,,38.283185840707965,,17.0,0.817616812,51.54175588865096,0.1145454545,10.0,5.3,29.4761,,33.3333,61.29940828402367,,11.84,,0.435,1.4,7.47,0.55,,0.58,5.99,,2.18,10.0,0.43,2.74,25.0,,11.46,6.12,1.18,7.24,12.8,,,,4.269297513990529,8.5,1.49,,0.9277449516866284,6.99,0.0095,,,0.82,7.2,1.83,0.155,9.56,0.71,14.0,,1048.0,4.8,2.96,956.0,6.65,19.8,118.0,1497.65,1497.65,4.58,2.8759230769230775,1.52,99.0909,2.1,0.69,60.45,500.0,0.224,,0.28,0.91,1768.0,545.0,6.57,6.77,17.56,,12.0,1209.2593,,,6367.73,5.88,14.0,6367.73,,7.02,,1.85,62.0,1.32,5.54,,11109.54,11109.54,2.38,9.8,11.2,1.26,0.205,2.2,219.0,63.71,,1.7532380952380953,2.818811188811189,,,0.9429,9.24,0.29,0.295,0.9065220745216788,0.68,1.1322580645161289,0.68,6.0,5.3,7.55,1.07,2.29,1.1,16.1,10570.61,0.013,0.00768181818181818,1.65,25.156250000000004,,,1.87,16.4,0.58,14.575999999999999,66.9,0.58,3.6,325.0,675.0,1.643571428571429,0.265,0.485,10570.61,1.3,,,5.8,0.088,3.43,2.78,17.216274089935762,5.9,115.9,2.46,2.77,0.71,0.91,0.3517441860465117,0.0092,0.0092,1.24,0.011,6.2,10.11,2.4,12.5,23.0,9.05,,3.5,34.0,0.445,0.23,10.4545,1.9400000000000002,3.15,,0.87,4.01,52.0,,3.79,105.9,110.8,,,2.85,8.95,1084.0,730.8724832214765,,,1.47,1.7,2742.48,2742.48,97.85,270.0,6671.04,,,5.75,1.75,32.5,1.1651555555555553,2.62,3.84,26.25,0.4,1.46,4.7,61.3,4.7596,30.75,142.4,1407.49,61.2121,0.16,1.1162790697674418,1.05,80.39999999999999,,3.07,1325.0,0.77,546.6667,74.8,,79.0,83.0,78.0,77.0,78.2,,,,,20.7,0.77,3.9,2.3,3.5,1.75,0.495,,5.85,0.95,1407.49,1.19,0.151,,19.0,1830.0,,162.0,0.78,55.75,0.32,0.0076,198.0,1.55,0.64,4.42,4.7,0.6313253012048192,22.5,5.316195869258971,0.2,,0.32,13.8,0.285
2016-03-31,7.43,,,12.78,0.36,10.7,57.05,57.0,750.0,1.28,2.47,2.5,,520.0,1.48,65.0,16.5,0.23,,4.075584905660377,35.25,4207.44,1.97,4207.44,2.93261231281198,6.12,43.95,,0.58,0.0476,1.12,,2.05,0.0044,1.57,,4.2,10.62,0.295,0.1523076923076923,46.3,,2.8667,2.8333,3.694444444444444,102.3,2.99,,0.072,1.35,2.85,5.15,62.0,87.0,0.875,0.245,,206.0,,24.0,0.8431924883,55.57815845824411,0.1172727273,9.9,5.15,31.9665,,35.8333,145.3491124260355,,12.6667,,0.48,1.464,7.4,0.55,,0.62,,,2.55,10.0,0.53,5.9,38.45,,11.42,6.96,1.36,8.21,13.4,,,,4.7323694665662215,9.61,1.55,,0.9859107793785801,7.6,0.011,,,0.86,7.58,1.75,0.154,10.25,0.7,17.4,,1010.0,5.02,3.09,975.0,7.35,22.15,115.6,1598.73,1598.73,5.43,3.759807692307693,1.77,108.2727,2.52,0.75,66.0,500.0,0.231,,0.285,1.05,2220.0,522.0,6.95,6.75,26.5,,12.0,1287.037,,,7106.63,6.12,13.78,7106.63,,7.85,,1.72,67.7,1.62,5.81,5.41,11839.52,11839.52,2.84,9.52,11.34,1.43,0.28,2.4,227.0,75.57,5.0,2.6357142857142857,5.135559440559441,2.478392523364486,,0.8952,10.6,0.275,0.295,1.0448051028385452,0.68,1.161290322580645,0.68,5.9334,7.0,7.75,1.1,3.35,1.33,15.6,10985.2,0.012,0.00768181818181818,1.82,24.791666666666668,,,2.06,22.7,0.55,12.268133333333331,72.96,0.57,4.15,323.0,640.0,2.005714285714286,0.28,0.5,10985.2,1.29,4.0,,5.87,0.09,3.85,4.78,17.34475374732334,6.2,107.5,2.66,2.92,1.1,0.98,0.37732558139534883,0.01,0.0094,1.3,0.012,6.8,11.28,2.4,12.1,23.65,10.3,,3.72,36.4,0.42,0.244,10.4545,2.3266666666666667,3.89,,0.9,4.9,52.55,,4.42,103.6,107.5,,,2.84,8.56,1070.0,701.6375838926175,,,1.46,1.73,2955.8,2955.8,100.0,284.8,7262.3,,,5.59,2.34,30.05,1.2153777777777777,2.75,4.15,27.9,0.475,1.51,4.8,74.0,5.875,32.825,175.0,1563.35,60.6061,0.159,1.2279069767441861,1.11,132.23684210526315,,3.08,1375.0,0.9,633.0,77.0,,80.0,78.5,75.5,75.6,76.8,75.5,75.0,41.63265306122449,,21.95,0.8,4.5,2.4,3.58,1.7,0.57,,7.06,1.13,1563.35,1.37,0.179,,19.82,1980.0,10.32,175.2,0.8,57.55,0.31,0.0091,216.8,1.6,0.72,4.66,4.72,0.6471084337349396,22.5,5.0966138659634925,0.205,,0.36,17.88,0.29
2016-04-30,7.4,,,12.56,0.34,14.18,56.6,58.0,771.0,1.22,2.28,3.6,,518.0,1.41,66.4,14.5,0.26,,3.9549433962264153,34.65,4245.89,1.87,4245.89,2.7953410981697173,6.04,44.9,,0.57,0.0541,1.13,,2.05,0.0041,2.28,,4.18,11.58,0.38,0.19038461538461537,45.6,,2.77,2.75,3.694444444444444,100.0,3.04,,0.058,1.59,2.98,4.26,53.15,90.5,0.9583,0.25,,191.0,,23.86,0.8516879052,55.267665952890795,0.1227272727,9.43,5.1,31.4357,,40.0,85.31360946745562,,12.6,,0.53,1.4,7.94,0.55,,0.69,6.0,,2.29,10.0,0.46,5.14,39.0,,10.94,7.18,2.2,8.28,12.48,,,,4.653308401492323,9.0,1.76,,0.8463127929178962,7.25,0.01,,,0.85,7.94,1.67,0.15,10.21,0.7,20.5,,1020.0,5.45,2.95,960.0,7.6,20.25,116.0,1592.3,1592.3,5.15,3.1793461538461543,1.83,106.9091,2.79,0.8,66.6,,0.222,,0.295,1.01,2194.0,525.0,6.7,6.8,24.05,,15.0,1265.7407,,,7074.99,6.32,14.04,7074.99,,7.99,,1.69,65.0,1.52,5.7,4.0,11795.94,11795.94,2.31,9.6,12.0,1.33,0.37,2.18,229.6,77.61,4.9,1.7571428571428571,3.2059440559440557,3.4565607476635516,,0.9143,10.62,0.25,0.26,1.0755346646867376,0.69,1.2019354838709675,0.69,5.8667,7.31,7.7,1.08,3.24,1.1,15.4,10809.23,0.012,0.00768181818181818,1.79,25.18939393939394,,,2.01,21.1,0.58,14.272333333333332,71.9,0.6,3.77,343.0,601.0,2.356714285714286,0.285,0.47,10809.23,1.33,3.32,,5.8,0.083,3.89,3.99,17.826552462526767,6.3,108.1,2.57,2.95,3.19,0.99,0.36453488372093024,0.0097,0.0094,1.29,0.012,6.6,10.88,2.75,12.1,25.0,10.66,,3.9,40.2,0.425,0.255,10.5455,2.106666666666667,3.71,,0.87,4.25,51.2,,4.73,103.8,108.0,,,2.71,8.66,1026.0,691.6711409395973,,,1.62,1.706,2945.92,2945.92,102.9,266.2,7159.29,167.91666666666666,,5.91,2.3,31.0,1.155111111111111,2.78,4.18,27.1,0.56,1.56,4.8,77.0,5.9712,31.75,170.0,1473.46,69.697,0.153,1.0102325581395348,1.15,100.5,,3.06,1380.0,0.9,629.3333,67.0,,77.5,81.9,76.0,77.0,78.0,77.0,75.5,41.63265306122449,,22.65,0.79,4.0,2.14,3.29,1.55,0.61,,6.59,1.05,1473.46,1.2,0.192,,17.84,1717.0,28.0,140.0,0.7667,57.7,0.32,0.0083,208.4,1.5,0.88,4.8,4.89,0.6891967871485943,35.9,5.431765344677645,0.192,,0.345,16.5,0.28
2016-05-31,7.31,,,12.8,0.4,11.5,50.8,50.05,846.5,1.29,2.23,4.02,,525.0,2.0,79.0,15.22,0.255,,3.6716981132075475,35.7,4432.82,1.81,4432.82,2.14018302828619,5.97,46.0,,0.6,0.065,1.17,,2.15,0.0045,2.5,,4.38,11.0,0.38,0.19292307692307692,45.0,,2.6333,2.5833,3.681481481481481,101.0,3.02,,0.058,1.33,2.92,4.2,55.55,92.25,0.975,0.24,,197.0,,17.0,0.8516879052,59.61456102783726,0.12,9.18,5.11,33.5097,,38.75,72.67455621301775,,14.7333,,0.48,1.426,7.67,0.51,,0.66,5.73,,2.09,10.16,0.54,5.32,53.9,,11.2,6.99,1.54,9.0,12.7,,,,12.623762376237623,9.74,1.88,,1.2941896661459238,7.29,0.01,,,0.79,7.11,1.7,0.15,11.41,0.73,21.4,,1028.0,6.2,3.73,910.5,7.18,22.3,117.5,1677.83,1677.83,5.1,3.304673076923077,1.95,110.9091,2.67,0.89,65.3,510.0,0.24,,0.3,0.97,2410.0,520.0,6.5,6.48,21.2,,13.0,1291.6667,,,7421.49,6.2,15.1,7421.49,,7.95,,1.77,56.55,1.45,5.75,2.9,11577.74,11577.74,2.22,9.62,11.56,1.29,0.335,2.45,235.4,78.66,4.38,1.7961904761904761,3.6233216783216786,3.0773831775700935,,0.9333,12.1,0.248,0.28,1.3213711594722775,0.7,1.0741935483870968,0.7,5.8334,7.5,7.5,1.11,2.9,1.15,14.36,11049.56,0.014,0.008272727272727272,1.73,26.448863636363637,,,1.9,27.55,0.56,12.146666666666665,77.07,0.55,4.5,303.4,610.0,1.977857142857143,0.27,0.49,11049.56,1.32,2.95,,6.03,0.092,3.96,3.18,17.15203426124197,6.6,108.2,2.59,2.34,2.8,0.94,0.38372093023255816,0.01,0.01,1.28,0.013,6.4,10.68,2.42,12.5,24.0,11.7,,4.0,42.0,0.4,0.25,10.4727,2.0466666666666664,3.48,,0.92,4.59,46.45,,5.0,106.5,113.0,,,2.68,8.99,1032.0,714.261744966443,,,1.27,1.72,3136.49,3136.49,102.2,261.6,7401.6,236.70833333333331,,7.01,3.86,30.1,1.1601333333333332,2.65,4.24,29.0,0.465,1.6,4.3,80.5,5.9423,32.25,203.0,1527.98,75.4545,0.151,1.3674418604651164,1.19,100.5,,3.14,1356.0,0.92,626.6667,82.0,,78.9,81.0,76.5,75.6,76.6,78.0,76.9,42.46530612244898,,24.0,0.81,4.05,2.24,2.65,1.62,0.58,,6.37,1.01,1527.98,1.71,0.195,,16.12,1900.0,44.5,181.0,0.76,64.3,0.31,0.012,195.0,1.54,0.89,5.01,4.83,0.6628915662650602,31.5,5.524220925012583,0.211,,0.36,17.9,0.32
2016-06-30,7.27,,,11.8,0.38,11.5,46.7,47.4,849.0,1.28,2.17,3.88,,520.5,2.0,77.95,14.8,0.29,,3.566792452830189,38.8,4720.65,1.81,4720.65,2.3336106489184694,6.0,46.05,,0.58,0.063,1.13,,3.49,0.0041,2.17,,4.4,11.4,0.37,0.18784615384615383,47.35,,2.4667,2.3667,4.731481481481481,112.0,3.38,,0.058,1.4,4.01,6.64,55.05,97.3,1.0333,0.229,,183.0,,22.0,0.9112452492,60.76338329764454,0.12,9.21,5.1,33.5097,,39.1667,107.4319526627219,,14.5667,,0.485,1.44,7.78,0.51,,0.6,5.45,5.73,2.02,10.0,0.64,5.71,60.8,,12.3,6.34,1.67,8.88,12.6,,,,11.50990099009901,9.99,2.03,,0.9161117861482382,7.69,0.01,,,0.81,7.25,1.83,0.157,12.13,0.7,21.0,,1028.0,6.6,3.63,1000.0,6.86,24.9,118.0,1753.42,1753.42,5.3,4.089615384615385,1.99,116.6364,2.58,0.83,67.85,,0.23,,0.285,0.98,2372.0,540.5,6.4,6.35,21.25,,11.9,1333.3333,,,7610.43,6.45,15.1,7610.43,,7.69,20.3,1.99,61.5,2.33,5.63,2.62,11925.92,11925.92,2.32,9.39,11.7,1.25,0.33,2.16,242.0,81.9,4.27,1.9523809523809523,3.326923076923077,3.5994392523364485,,0.8762,15.0,0.244,0.25,0.9894918915117987,0.68,1.2425806451612904,0.68,6.31,7.75,7.68,1.09,3.0,1.14,15.92,11202.27,0.013,0.00768181818181818,1.78,24.857954545454547,,,1.71,29.1,0.56,12.146666666666665,79.95,0.55,4.65,310.0,600.0,1.8385714285714287,0.27,0.49,11202.27,1.33,3.3,,6.97,0.099,4.04,3.15,17.40899357601713,6.56,111.9,2.69,2.77,2.9,0.91,0.3517441860465117,0.01,0.011,1.2,0.012,6.6,10.66,2.43,12.5,22.0,11.14,,3.96,42.15,0.42,0.27,10.1273,2.1266666666666665,3.3,,1.17,4.21,57.5,,6.2,108.0,115.0,,,2.85,10.0,1065.0,770.738255033557,,,1.25,2.16,3424.6,3424.6,105.0,264.0,7796.25,368.3333333333333,,8.45,4.11,31.95,1.1601333333333332,2.6,4.18,29.5,0.44,1.8,4.0,85.95,6.125,31.275,191.9,1664.04,74.8485,0.147,1.3953488372093024,1.17,97.85526315789474,,3.35,1350.0,0.9,644.6667,78.35,,79.7,80.0,76.1,76.0,77.5,78.0,76.95,42.57632653061224,,27.3,0.9,,2.13,3.24,1.67,0.59,,7.0,1.02,1664.04,1.83,0.196,,16.3,2150.0,38.3,195.0,0.7667,64.8,0.315,0.012,208.0,1.52,0.86,5.34,4.71,0.6734136546184738,35.0,5.639790400431256,0.203,,0.335,16.7,0.3
2016-07-31,7.35,,,11.8,0.395,12.9,49.4,49.3,870.0,1.23,2.08,3.65,,520.0,1.9,78.0,16.16,0.28,,3.619245283018868,39.5,4750.81,1.97,4750.81,2.1838602329450914,6.2,45.25,,0.61,0.0666,1.25,,3.19,0.0043,2.36,,4.25,10.48,0.39,0.20053846153846155,47.4,,2.2833,2.3667,3.759259259259259,113.2,3.22,1250.0,0.114,1.75,4.06,5.6,51.25,96.0,1.0583,0.23,,163.0,,20.0,0.8857589985,67.68736616702355,0.1472727273,10.1,5.0,33.5979,11.9,48.3333,96.05680473372782,,16.78,,0.485,1.65,8.04,0.63,,0.62,5.8,5.73,2.33,9.12,0.65,5.77,57.4,104.5,12.88,5.55,1.75,8.56,13.02,,,,24.45,9.93,1.86,,0.9481029913788115,9.7,0.009,,,0.83,7.44,1.83,0.149,13.93,0.7,21.6,,1021.0,6.91,3.69,939.5,7.0,25.9,119.0,1816.19,1816.19,6.15,4.155576923076923,1.95,119.0909,2.61,0.89,70.8,,0.23,,0.29,1.11,2268.0,544.5,6.33,6.1,22.0,,12.0,1425.9259,,,7855.38,6.75,16.46,7855.38,,7.85,16.18,1.96,64.0,2.82,5.74,4.26,12136.21,12136.21,2.4,9.38,11.02,1.2,0.335,2.66,255.0,79.52,4.03,1.874285714285714,3.7503496503496505,3.198280373831776,,1.0381,12.8,0.23,0.245,1.2414742986669773,0.75,1.2193548387096773,0.75,6.02,7.64,6.54,1.07,2.68,1.06,15.6,11143.0,0.013,0.00768181818181818,1.63,21.212121212121215,,,1.79,28.5,0.58,12.134519999999998,84.02,0.61,5.03,324.0,590.0,1.9834285714285715,0.27,0.47,11143.0,1.34,3.1,,7.5,0.119,5.59,4.0,16.670235546038544,11.18,112.0,2.92,3.17,3.4,0.92,0.358139534883721,0.011,0.012,1.09,0.013,6.8,11.82,2.61,12.25,24.0,10.68,,4.13,48.0,0.455,0.29,10.5455,2.2666666666666666,3.42,,1.12,4.48,62.8,,5.98,107.0,115.0,,,3.55,8.35,1045.0,747.4832214765102,,,1.25,3.264,3570.06,3570.06,101.7,282.0,7963.11,249.16666666666666,,8.7,4.0,32.3,1.155111111111111,2.65,4.28,32.0,0.475,1.78,3.78,86.1,6.0962,29.85,219.0,1646.5,83.3333,0.151,1.3730232558139535,1.26,101.5578947368421,,3.26,1450.0,0.94,689.0,82.0,,76.5,81.7,76.05,79.0,79.0,79.85,77.0,42.79836734693877,,29.2,0.86,,2.7,3.19,1.73,0.64,,6.98,1.05,1646.5,1.96,0.185,,22.2,2092.0,39.0,193.0,0.7933,71.6,0.32,0.011,200.4,1.5,1.39,6.0,4.51,0.6734136546184738,32.95,3.6196359701128475,0.204,,0.33,17.98,0.305
2016-08-31,7.23,,,11.2,0.395,15.32,49.5,50.2,875.0,1.24,1.96,3.3,,539.5,1.8,75.0,16.3,0.265,,3.603509433962264,38.5,4633.88,2.0,4633.88,2.3710482529118133,6.16,45.5,,0.59,0.0628,1.26,,2.97,0.004,3.9,,3.9,11.48,0.39,0.20053846153846155,47.45,,2.28,2.3,3.694444444444444,114.3,3.08,1000.0,0.095,1.52,3.8,5.58,51.1,105.5,1.1,0.21,,143.0,,18.5,0.8686787391,73.58672376873662,0.1481818182,9.6,5.1,33.9506,12.18,47.9167,85.94556213017752,,17.1,,0.42,1.648,8.67,0.65,,0.57,5.6,6.34,2.2,9.09,0.61,6.05,59.95,104.1,12.3,5.2,1.42,8.5,11.5,,,,21.1,11.28,2.2,,0.8783039981484695,8.35,0.009,,,0.78,7.99,1.85,0.158,13.93,0.72,22.2,,1020.0,7.0,3.6,960.0,6.96,25.45,118.0,1812.55,1812.55,6.2,3.964288461538462,1.92,116.1818,2.52,0.83,73.0,505.0,0.214,,0.28,1.05,1970.0,535.0,6.31,6.07,20.4,,12.8,1421.2963,,,7682.57,6.35,16.6,7682.57,,7.62,15.6,1.88,84.0,2.6,6.6,4.2,11925.06,11925.06,2.28,9.25,11.8,1.18,0.29,3.91,245.0,74.28,3.9,1.6985714285714284,3.326923076923077,2.901532710280374,,0.9619,12.5,0.206,0.22,1.4135598450168552,0.8,1.1729032258064516,0.8,5.66,7.91,4.5,1.03,2.67,1.02,17.0,10611.15,0.012,0.00709090909090909,1.47,17.897727272727273,,,1.66,33.0,0.57,13.057666666666666,73.89,0.81,4.71,311.0,595.0,2.1171428571428574,0.26,0.465,10611.15,1.32,3.1,,6.92,0.13,5.35,4.6,17.987152034261243,13.6,109.0,2.9,3.46,3.84,0.93,0.32616279069767445,0.011,0.011,1.01,0.012,7.0,12.99,2.5,12.1667,24.0,10.06,,4.03,44.9,0.425,0.29,10.4545,2.0066666666666664,3.1,,0.88,4.88,58.7,,6.08,104.8,108.7,,,3.4,8.6,1060.0,770.738255033557,,,1.2,3.25,3545.01,3545.01,100.3,277.0,7787.37,173.875,,8.65,3.36,32.4,1.109911111111111,2.6,4.2,31.9,0.405,1.68,3.5,84.0,6.0577,27.725,213.4,1571.0,84.8485,0.152,1.3506976744186046,1.3,99.49499999999999,,3.3,1390.0,0.96,680.0,84.5,,77.55,81.0,76.5,79.8,80.0,79.0,77.85,43.40897959183673,,29.85,1.01,,2.5,3.23,1.62,0.61,,7.05,1.01,1571.0,1.85,0.195,,24.95,1826.0,37.5,214.0,1.22,73.7,0.31,0.011,187.0,1.48,2.96,5.95,4.71,0.6576305220883534,34.9,6.0,0.205,,0.33,16.1,0.28
2016-09-30,7.37,,,10.54,0.37,16.2,49.4,49.0,857.0,1.25,2.03,3.2,,540.0,1.61,75.75,15.9,0.265,,3.6716981132075475,39.25,4533.24,1.98,4533.24,2.28369384359401,6.1,45.65,,0.57,0.0526,1.22,,3.05,0.0038,2.65,,4.27,10.78,0.355,0.18276923076923077,47.3,,2.1,2.05,3.7074074074074073,109.8,2.98,1014.0,0.097,1.42,3.77,4.56,50.3,105.0,0.9417,0.211,,109.0,,18.0,0.8942544154,70.1713062098501,0.1536363636,10.12,5.14,33.5097,12.0,48.375,85.94556213017752,,16.2,,0.4,1.62,8.29,0.58,,0.61,5.5,,2.09,9.0,0.59,6.02,58.5,103.6,12.1,6.9,1.41,8.35,12.06,,,,16.5,11.4,2.58,,0.9248366603020309,7.75,0.01,,,0.75,7.25,1.74,0.143,13.33,0.7,21.7,,1045.0,8.06,3.45,953.0,6.64,25.05,120.0,1838.43,1838.43,6.3,3.964288461538462,1.83,114.3636,3.0,0.92,72.85,515.0,0.208,,0.27,1.01,2040.0,560.0,6.29,6.01,21.55,,12.98,1333.3333,,,7547.38,6.32,16.4,7547.38,,7.46,13.98,1.86,77.0,2.37,6.1,3.728,11779.29,11779.29,2.17,9.24,11.7,1.18,0.235,3.65,247.0,70.95,4.0,1.6400000000000001,3.5325874125874126,2.912523364485981,,1.181,10.82,0.191,0.195,1.3213711594722775,0.81,1.2425806451612904,0.81,5.74,8.28,5.51,1.03,2.59,1.05,15.3,10939.49,0.011,0.006499999999999999,1.48,18.461174242424246,,,1.46,28.7,0.58,11.575773333333332,75.48,0.93,4.72,310.4,640.0,1.7828571428571431,0.26,0.47,10939.49,1.36,3.08,,7.1,0.227,5.64,4.36,18.822269807280513,15.88,113.0,2.92,4.0,3.44,0.91,0.3453488372093024,0.01,0.012,0.9,0.012,7.4,12.53,2.56,12.0,22.0,10.18,,4.2,42.5,0.41,0.275,10.5455,2.2933333333333334,3.19,,1.02,4.55,58.3,,6.0,108.0,113.0,,,3.7,9.9,1137.0,822.5637583892618,,,1.16,4.18,3474.08,3474.08,101.3,268.8,7629.73,246.8,,8.68,3.69,35.9,1.109911111111111,2.6,4.2,31.0,0.405,1.68,3.39,75.05,5.7885,28.475,241.6,1489.89,85.4545,0.15,1.0604651162790697,1.2,99.49499999999999,,3.31,1450.0,1.03,673.5,81.6,,77.5,81.0,76.5,80.5,80.0,79.0,78.4,43.24244897959184,,28.15,1.0,,2.31,2.85,1.55,0.64,,7.14,1.0,1489.89,1.74,0.189,,23.6,1712.0,35.9,227.0,1.2133,73.35,0.315,0.0097,178.0,1.46,2.34,5.39,4.65,0.6313253012048192,32.0,5.94,0.203,,0.365,14.6,0.26
2016-10-31,7.8,,,10.5,0.395,18.0,46.4,46.05,835.0,1.29,1.94,3.15,,521.0,1.4,78.0,14.26,0.295,,3.5143396226415096,36.25,4398.58,1.91,4398.58,2.420965058236273,5.95,45.95,,0.55,0.057,1.26,,2.96,0.0035,2.3,,3.97,11.48,0.33,0.17261538461538461,47.75,,2.26,2.22,3.4935185185185182,112.8,2.92,1003.0,0.083,1.38,3.74,5.92,132.0,101.1,0.925,0.203,,100.1,,34.0,0.8942544154,65.20342612419701,0.1381818182,9.73,5.16,33.4656,11.42,51.6667,88.4733727810651,,16.7,,0.39,1.608,8.5,0.6,,0.58,,6.34,2.07,9.0,0.65,6.8,55.8,104.0,12.5,6.7,1.49,8.3,12.5,,,,15.55,10.98,2.52,,0.8404962101487011,7.2,0.0096,,,0.76,7.25,1.87,0.137,12.74,0.72,22.5,,1028.0,8.17,3.57,956.5,6.63,22.95,115.4,1791.7,1791.7,6.04,,1.77,111.2727,3.66,0.93,69.35,505.0,0.208,,0.27,0.97,1780.0,540.0,6.26,5.99,17.44,,12.46,1213.8889,1003.0,1005.0,7479.6,6.27,16.6,7479.6,,7.12,13.6,1.88,77.8,2.05,6.06,3.4,11592.25,11592.25,2.02,9.17,11.78,1.07,0.207,3.5,238.0,72.38,4.0,4.1,3.1454545454545455,2.912523364485981,,1.1048,13.0,0.198,0.197,2.5198240715517852,0.99,1.161290322580645,0.99,5.86,7.95,5.15,1.05,2.41,1.02,14.44,11397.68,0.011,0.006499999999999999,1.35,17.59943181818182,,,1.65,27.0,,13.968666666666666,71.94,0.83,4.02,276.0,665.0,1.643571428571429,0.26,0.485,11397.68,1.33,3.08,,7.2,0.166,4.74,3.91,19.43254817987152,15.0,110.0,2.8,3.79,3.0,0.85,0.31017441860465117,0.011,0.011,0.94,0.012,7.6,11.46,2.53,11.8333,22.05,10.38,,4.23,40.75,0.4,0.27,10.3273,2.1933333333333334,3.11,,1.13,4.6,58.0,,5.82,107.5,110.5,,,3.67,8.75,1094.0,770.738255033557,,,1.28,3.36,3266.64,3266.64,95.05,255.0,7404.8,150.0,,8.18,4.02,35.9,1.1048888888888888,2.53,4.3,30.95,0.415,1.63,3.15,77.3,5.3846,31.475,220.4,1418.18,95.8182,0.147,1.283720930232558,1.19,99.4421052631579,,3.28,1496.0,1.0,672.0,80.5,,77.0,80.1,76.1,79.5,79.5,79.5,77.5,43.29795918367347,,26.9,0.89,4.1,2.21,2.76,1.48,0.78,,7.1,0.97,1418.18,1.7,0.193,,23.0,1530.0,35.25,235.0,1.3667,74.95,0.3,0.0092,182.0,1.38,2.17,5.23,4.58,0.6050200803212851,32.95,8.79,0.202,,0.355,11.62,0.26
2016-11-30,7.51,,,10.42,0.395,22.2,44.7,44.3,726.0,1.59,1.85,2.89,,544.5,1.2,73.25,13.0,0.325,,3.262566037735849,32.9,4120.47,1.88,4120.47,2.7891014975041597,5.95,42.9,,0.53,0.04,1.15,,2.92,0.0034,2.09,,5.3,10.56,0.305,0.16246153846153846,47.7,,2.3,2.3,3.4546296296296295,112.0,2.88,1200.0,0.071,1.52,3.88,6.38,92.0,90.0,0.8917,0.187,,93.0,76.0408163265306,20.5,1.19,63.09207708779443,0.1427272727,9.94,5.14,33.2452,10.64,48.3333,85.69278106508875,,17.1,,0.435,1.65,8.46,0.53,,0.53,5.99,,1.89,9.0,0.53,7.19,44.0,104.0,12.04,6.67,1.31,12.78,13.5,,,,12.15,11.3,2.64,,0.8317713359949083,6.48,0.0097,,,0.73,7.1,1.76,0.137,12.66,0.66,22.6,,1036.0,8.09,3.44,954.0,6.7,21.8,122.7,1662.2,1662.2,5.0,3.6278846153846156,1.73,102.6364,3.63,0.9,66.5,510.0,0.195,,0.28,0.95,1460.0,540.0,6.16,5.86,17.36,,12.06,1073.1481,1020.0,1020.0,6856.23,6.3,15.64,6856.23,,7.0,14.32,1.78,72.2,1.73,5.9,3.052,10918.26,10918.26,1.74,9.11,12.26,1.13,0.179,3.31,215.8,65.0,,4.62,3.0244755244755246,3.945644859813084,,1.0667,12.74,0.191,0.197,2.3200819195385343,1.6,1.318064516129032,1.6,5.6,7.78,5.53,1.07,2.53,0.95,13.1,12081.66,0.012,0.00709090909090909,1.36,17.99715909090909,,,2.05,25.7,,11.174933333333332,66.37,0.67,3.68,265.0,720.5,1.5655714285714288,0.25,0.46,12081.66,1.34,3.01,,6.2,0.132,3.57,3.75,19.143468950749465,15.14,114.0,3.27,4.58,2.31,0.77,0.29418604651162794,0.011,0.011,1.24,0.012,7.6,10.88,2.55,11.6667,21.2,9.3,,3.96,39.05,0.43,0.26,10.2727,2.0,3.22,,1.15,5.0,55.2,,5.75,110.0,122.0,,,4.95,8.75,1080.0,770.738255033557,,,1.15,3.19,3038.51,3038.51,97.35,255.0,6781.2,133.0,,8.28,3.69,35.6,1.1048888888888888,2.43,4.41,25.75,0.425,1.5,2.81,72.25,4.9135,32.75,181.5,1273.04,84.8485,0.141,1.0325581395348837,1.17,98.96605263157895,67.0,3.21,1706.0,1.18,624.0,84.0,,78.0,80.6,77.6,78.0,79.5,79.5,77.6,43.29795918367347,,26.5,0.84,4.2,2.25,2.54,1.39,0.93,,,0.9,1273.04,1.52,,,23.35,1266.0,33.0,240.0,1.3667,74.6,0.295,0.0084,169.9,1.31,1.77,5.0,4.48,0.5524096385542169,31.2,13.22,0.182,,0.36,9.7,0.265
2016-12-31,7.64,,,10.38,0.415,19.6,43.8,44.0,730.5,1.36,1.9,3.0,,545.0,1.23,70.8,12.78,0.4,102.6,3.661207547169812,32.0,4156.07,1.9,4156.07,2.8702163061564057,6.0,41.7,,0.48,0.042,1.2,,2.62,0.0032,2.35,,4.99,10.56,0.31,0.15484615384615383,47.95,,2.23,2.32,4.083333333333333,112.1,3.2,1140.0,0.063,1.35,3.79,6.15,97.0,88.8,0.8667,0.195,,90.0,80.00816326530612,22.0,1.15,57.75160599571735,0.1418181818,9.9,4.9,33.5097,11.1,48.3333,89.73727810650888,,16.18,,0.45,1.61,8.5,0.55,,0.55,,6.33,1.85,9.99,0.56,6.47,38.4,103.7,12.9,8.34,1.31,12.38,13.26,,,,9.1,11.4,2.39,,0.8899371636868598,6.12,0.009,,,0.69,7.0,1.8,0.125,12.36,0.73,23.1,,1028.0,8.24,3.49,950.0,6.6,22.0,121.0,1655.54,1655.54,5.75,4.947115384615385,1.53,102.7273,2.86,0.85,67.9,505.0,0.19,,0.26,1.0,1509.0,540.0,6.27,5.85,15.02,,12.7,1175.9259,1016.0,1020.0,6992.09,5.55,16.5,6992.09,,7.51,17.0,1.74,71.95,2.23,6.08,3.096,10650.2,10650.2,1.58,9.05,12.48,1.25,0.206,3.52,194.0,64.42,4.3,4.42,3.048671328671329,,,1.0,15.88,0.196,0.2,2.303180660522028,1.12,1.4980645161290322,1.12,5.62,7.8,3.96,1.04,2.1,1.03,12.56,11857.76,0.011,0.00709090909090909,1.54,17.864583333333336,,,2.43,25.0,,10.506866666666665,64.24,0.57,3.57,265.0,780.0,1.5822857142857143,0.249,0.48,11857.76,1.33,3.49,,6.66,0.129,4.05,3.83,18.629550321199144,14.8,110.1,2.83,4.43,2.49,0.77,0.31976744186046513,0.011,0.011,1.06,0.012,7.6,11.46,3.08,11.9667,24.7,9.95,,4.15,39.0,0.46,0.28,10.7273,2.6666666666666665,3.24,11.5,1.17,5.1,54.6,,5.64,105.0,115.0,,,5.0,9.89,1045.0,770.738255033557,,,1.13,3.38,3066.46,3066.46,90.0,238.4,6840.64,145.0,,8.6,3.31,33.55,1.1751999999999998,2.62,5.1,26.0,0.415,1.56,2.75,74.25,5.5288,32.5,190.0,1302.86,81.8182,0.14,1.3395348837209302,1.22,98.96605263157895,69.8,3.27,1631.0,1.09,655.0,92.3,,80.0,80.4,76.0,78.2,79.5,79.5,77.1,43.29795918367347,,28.35,0.83,4.59,2.5,2.55,1.37,0.97,,6.95,0.86,1302.86,1.42,0.189,,22.9,1365.0,30.0,262.0,1.7667,74.6,0.285,0.0083,163.5,1.25,1.36,4.95,4.6,0.5892369477911646,31.5,10.6,0.194,,0.345,7.99,0.249
2017-01-31,7.48,,,11.48,0.405,18.22,47.6,47.5,800.0,1.43,2.02,2.92,,542.0,1.5,74.3,12.54,0.81,106.9,3.204867924528302,35.55,4367.81,1.98,4367.81,2.9887687188019965,6.18,42.2,,0.54,0.061,1.17,,2.74,0.0033,2.63,,5.32,10.52,0.32,0.16753846153846155,48.4,,2.12,2.09,3.694444444444444,112.6,3.24,1147.0,0.071,1.33,4.01,7.74,110.0,89.6,1.0917,0.197,,97.0,69.42857142857143,15.5,1.07,58.96252676659529,0.1718181818,9.6,5.12,34.2964,11.2,47.5,94.79289940828403,,16.38,,0.53,1.618,9.18,0.54,,0.5,5.4,5.81,2.05,,0.57,6.42,51.55,104.0,12.08,9.0,1.45,11.8,12.92,,,,6.7,12.3,2.1,,0.8463127929178962,7.76,0.0099,,,0.73,6.96,1.75,0.145,13.29,0.72,25.5,,1015.0,8.01,3.64,960.0,6.7,22.4,116.0,1752.24,1752.24,5.9,4.617307692307692,1.62,108.9091,2.83,0.89,71.0,,0.188,,0.26,1.02,1720.0,530.0,6.23,5.85,15.3,,12.28,1207.4074,1025.0,1035.0,7375.24,6.07,16.6,7375.24,,7.3,16.54,1.67,77.45,2.02,6.12,3.324,10968.97,10968.97,1.79,9.06,12.0,1.23,0.212,3.15,205.6,70.76,3.85,4.25,2.849055944055944,,,0.9905,14.54,0.202,0.212,2.243258014918052,1.12,2.293548387096774,1.12,5.63,7.92,4.12,1.04,2.2,0.92,13.1,12078.85,0.012,0.00709090909090909,1.62,18.925189393939394,,,2.13,26.95,,11.053466666666665,72.12,0.76,3.67,284.8,840.0,1.6324285714285716,0.26,0.455,12078.85,1.33,3.01,,6.82,0.173,4.0,3.52,19.36830835117773,14.96,109.4,2.71,3.77,2.97,0.77,0.30697674418604654,0.011,0.011,1.05,0.014,8.0,11.75,3.1,11.8667,25.0,9.29,,4.19,43.2,0.46,0.28,10.2364,2.4066666666666667,3.27,12.82,1.43,5.36,54.5,,6.52,108.0,115.0,,,5.34,9.89,1072.0,729.5436241610738,,,1.12,4.68,3286.04,3286.04,89.95,239.0,7229.66,142.0,,9.23,3.58,36.15,1.0195111111111108,2.56,4.94,25.1,0.405,1.69,2.84,79.0,6.1827,33.8,213.2,1423.54,84.8485,0.147,1.2279069767441861,1.47,98.91315789473684,78.7,3.25,1760.0,1.04,690.0,98.0,,77.0,82.0,76.05,78.2,79.85,78.0,79.5,43.85306122448979,,29.7,0.85,4.2,2.21,2.62,1.52,1.06,,7.0,0.95,1423.54,1.64,0.18,,22.8,1470.0,30.95,264.0,2.02,78.35,0.3,0.009,163.0,1.26,2.0,5.07,4.5,0.5997590361445783,32.0,9.78,0.196,,0.435,8.4,0.265
2017-02-28,7.84,,,11.48,0.385,21.0,47.1,47.95,788.0,1.46,2.08,2.84,,535.0,1.42,73.45,12.7,1.29,105.5,3.1996226415094338,35.3,4368.38,1.99,4368.38,3.3693843594009985,6.43,43.0,,0.54,0.059,1.19,,1.95,0.0032,2.59,,5.69,10.68,0.38,0.18784615384615383,48.25,,1.83,1.88,3.681481481481481,115.5,3.42,,0.066,1.28,4.35,7.36,97.0,94.0,1.02,0.285,,91.4,65.46122448979591,15.2,1.08,57.13062098501071,0.1454545455,9.75,5.06,35.415,9.09,49.1667,104.27218934911242,,16.3,,0.44,1.618,8.92,0.51,,0.48,5.8,,2.14,9.99,0.56,6.1,54.0,104.0,12.0,8.65,1.37,11.0,12.68,,,,7.06,13.08,2.35,,0.8521293756870915,7.95,0.0094,,,0.71,6.87,1.76,0.156,13.13,0.73,26.5,,1016.0,8.09,3.35,1000.0,7.72,21.1,115.0,1778.5,1778.5,6.25,4.617307692307692,1.65,107.7273,2.5,0.85,73.1,515.0,0.185,,0.25,0.99,1828.0,530.0,6.09,5.85,15.52,,12.3,1119.4444,1021.0,1031.0,7322.81,6.0,17.0,7322.81,,6.7,16.7,1.69,76.0,1.8,6.46,3.98,11014.25,11014.25,1.7,9.07,12.0,1.27,0.201,3.2,201.8,74.0,4.13,4.02,2.9881818181818187,,,1.019,14.04,0.19,0.195,2.21252845306986,1.15,4.587096774193548,1.15,5.6,7.9,3.86,1.03,2.14,0.95,14.88,12207.74,0.011,0.006499999999999999,1.95,18.858901515151516,,,1.86,26.7,,10.628333333333332,71.68,0.66,3.64,291.8,840.0,1.6324285714285716,0.26,0.43,12207.74,1.49,3.5,,6.8,0.16,3.82,3.71,19.62526766595289,15.98,106.7,2.43,3.77,2.72,0.74,0.3165697674418605,0.011,0.012,0.94,0.015,10.8,12.22,3.11,12.0833,25.75,8.7,,4.22,46.0,0.41,0.315,10.5091,2.466666666666667,3.42,12.3,1.43,6.86,57.2,,7.13,107.5,120.0,,,4.9,8.56,1045.0,728.2147651006712,,,1.2,4.5,3251.93,3251.93,90.5,242.0,7212.09,110.0,,9.4,3.19,39.2,1.0144888888888888,2.55,4.94,23.7,0.57,1.7,2.81,81.15,5.9231,35.575,199.9,1428.14,83.6364,0.15,1.149767441860465,1.5,97.85526315789474,78.0,3.35,1770.0,1.02,663.0,107.4,,77.0,81.3,76.75,78.0,81.0,77.7,78.1,43.57551020408163,,29.4,0.87,4.22,2.5,2.42,1.93,1.08,,6.98,0.9,1428.14,1.47,0.174,,23.5,1460.0,29.05,265.0,2.1867,79.05,0.29,0.0088,160.0,1.22,1.69,4.65,4.54,0.5629317269076305,34.65,8.8,0.192,,0.4,8.49,0.255
2017-03-31,9.5,,,11.38,0.375,19.48,46.6,47.0,845.0,1.46,1.97,2.7,,537.0,1.42,74.45,12.68,1.24,107.5,3.404188679245283,33.05,4399.71,1.98,4399.71,3.3381863560732112,6.1,41.75,,0.53,0.045,1.11,,1.47,0.0032,2.3,,5.3,11.9,0.325,0.15992307692307692,47.15,,1.8,1.79,3.623148148148148,117.6,4.0,1002.0,0.074,1.24,3.96,7.95,103.9,101.2,0.96,0.243,,88.1,63.24612244897959,15.18,1.05,58.310492505353324,0.1427272727,9.81,5.14,35.9369,7.03,52.0833,121.96686390532544,,16.9,,0.4,1.62,8.48,0.49,,0.57,5.92,6.09,1.97,10.0,0.54,6.09,53.65,105.1,12.1,8.45,1.3,9.3,11.4,,,,6.75,12.72,2.58,,1.6141017184516577,8.27,0.0094,,,0.69,6.04,1.7,0.166,13.73,0.73,28.8,,1019.0,7.9,3.33,1000.0,7.72,20.95,113.6,1820.56,1820.56,5.4,,1.64,110.2727,2.86,0.82,71.8,508.0,0.189,,0.25,0.96,2032.0,525.0,6.56,6.04,15.0,,12.9,1060.1852,1021.0,1035.0,7449.51,6.39,15.1,7449.51,,6.8,16.5,1.62,89.9,1.85,7.3,3.63,10948.44,10948.44,1.52,9.0,12.46,1.18,0.179,3.67,197.5,77.47,4.75,4.05,3.1575524475524475,2.934504672897196,,1.019,14.98,0.181,0.191,2.1541422855582946,1.02,5.18,1.02,5.74,7.71,4.17,1.04,2.18,0.95,16.02,11972.21,0.012,0.00709090909090909,2.45,18.892045454545457,,,1.7,26.3,,10.020999999999999,70.79,0.65,3.38,274.0,780.0,1.6324285714285716,0.24,0.4,11972.21,1.66,3.4,,6.02,0.216,3.6,3.92,19.785867237687366,17.5,107.7,2.1,3.37,2.9,0.72,0.2909883720930233,0.011,0.012,0.86,0.014,10.8,12.17,3.06,12.25,25.2,8.9,,4.01,43.7,0.435,0.3,10.0364,2.466666666666667,3.72,13.6,1.57,6.88,55.3,,8.4,106.0,112.0,,,4.9,8.56,1075.0,763.4295302013423,,,1.1,4.79,3125.93,3125.93,87.0,239.2,7311.72,118.0,,8.38,3.34,38.4,1.0044444444444443,2.49,4.8,23.0,0.58,1.76,2.76,77.0,5.7596,36.9,202.0,1552.15,103.0303,0.145,1.172093023255814,1.46,105.78947368421052,72.0,3.39,1740.0,0.97,697.0,104.0,,76.0,80.05,78.0,78.5,80.0,78.0,78.0,43.57551020408163,,28.3,0.86,4.5,2.68,2.14,1.89,1.1,,7.0,0.86,1552.15,1.38,0.175,,23.7,1646.0,27.7,274.0,2.1067,79.65,0.295,0.0086,163.5,1.21,1.5,5.08,4.49,0.5681927710843373,31.75,7.7,0.19,5.33,0.38,10.04,0.26
2017-04-30,12.9,,,13.48,0.37,18.68,45.85,45.95,866.5,1.53,1.92,2.77,,533.0,1.41,76.8,14.8,1.42,108.4,3.147169811320755,35.3,4579.2,1.88,4579.2,3.594009983361065,6.2,42.5,,0.52,0.044,1.1,,1.49,0.0033,2.3,,5.26,11.5,0.42,0.21576923076923077,48.6,,1.73,1.67,3.461111111111111,119.9,4.1,,0.093,1.25,4.17,9.0,96.55,104.8,1.15,0.275,,84.5,59.51020408163265,14.12,1.13,67.06638115631692,0.1472727273,10.3,5.27,32.6852,7.34,61.7083,104.3985798816568,,16.5,,0.42,1.62,8.16,0.49,,0.91,5.96,6.0,1.89,10.0,0.53,5.7,52.0,104.5,12.0,8.79,1.37,8.81,12.86,10.0,,,6.65,12.8,2.64,,1.0266268587629461,10.1,0.0093,,,0.71,6.39,1.75,0.18,14.3,0.72,30.0,,1019.0,7.85,3.02,970.0,7.75,21.5,115.5,1887.1,1887.1,5.8,,1.73,115.6364,2.55,0.83,72.5,506.0,0.202,,0.255,0.98,2078.0,530.0,6.15,5.75,14.98,,12.38,1166.6667,1024.0,1045.0,7814.0,6.35,15.4,7814.0,,6.96,16.3,1.7,89.0,1.95,7.7,3.63,11307.59,11307.59,1.6,9.0,12.68,1.05,0.182,3.58,210.0,80.19,4.27,4.91,2.9639860139860144,2.8905420560747666,,0.9524,15.58,0.182,0.192,2.000494476317332,1.0,4.98,1.0,5.84,7.69,4.22,1.08,2.26,0.93,15.96,12070.72,0.012,0.00709090909090909,3.1,18.925189393939394,,,1.7,23.25,,10.31252,74.77,0.67,4.06,280.0,800.0,1.6324285714285716,0.255,0.405,12070.72,1.66,3.5,,6.58,0.42,3.65,3.75,20.524625267665954,18.48,108.2,2.14,3.47,2.85,0.74,0.2877906976744186,0.011,0.011,0.87,0.013,11.2,12.22,2.99,13.5,25.0,9.11,,4.06,41.7,0.415,0.35,10.3636,2.3333333333333335,3.7,13.72,1.56,6.33,65.2,,8.5,105.0,121.0,,,5.5,,1072.0,760.771812080537,,,1.04,4.6,3326.25,3326.25,89.5,240.0,7661.01,115.0,,8.82,3.14,54.45,1.0044444444444443,2.49,4.84,25.65,0.62,1.76,2.77,79.4,5.7596,37.25,213.2,1615.3,101.8182,0.148,1.172093023255814,1.42,95.73947368421052,73.5,3.25,1690.0,1.01,728.0,110.0,,77.0,81.0,78.0,81.2,79.9,78.85,78.2,43.46448979591837,,29.8,0.85,4.47,2.8,2.29,1.98,1.07,,7.0,0.9,1615.3,1.37,0.21,,23.5,1770.0,27.5,294.0,2.2067,79.75,0.305,0.0088,172.0,1.2,1.63,5.29,4.33,0.5366265060240963,32.95,7.73,0.205,5.42,0.49,9.38,0.26
2017-05-31,28.0,,,13.38,0.375,30.5,43.0,41.0,868.0,2.05,1.82,2.6,,516.0,1.74,76.05,15.48,1.27,106.0,3.566792452830189,39.4,4685.5,2.06,4685.5,4.748336106489185,6.08,39.25,,0.51,0.044,1.13,,1.67,0.0032,2.38,,5.05,11.04,0.345,0.17769230769230768,49.8,,2.16,2.25,3.759259259259259,122.5,4.14,1198.0,0.086,1.47,4.14,9.4,112.9,105.4,1.19,0.255,,79.8,56.27020408163265,14.6,1.22,63.02997858672377,0.1463636364,9.61,5.32,34.2593,7.61,62.5,104.461775147929,,17.8,,0.4,1.612,8.24,0.53,,0.84,6.0,6.0,1.98,10.0,0.51,5.45,48.5,105.0,11.88,8.74,1.33,9.97,13.44,10.0,,,6.18,12.5,2.5,15.62,0.9742776138401897,9.85,0.0094,,,0.68,6.83,1.74,0.16,17.13,0.69,29.72,,1008.0,7.7,4.07,970.0,7.75,18.98,113.8,1939.77,1939.77,5.75,4.056634615384616,1.7,118.0909,2.48,0.83,69.95,510.0,0.211,,0.3,1.1,2110.0,512.0,6.06,5.84,13.5,,13.5,1106.4815,1005.0,1029.0,7825.61,7.49,14.72,7825.61,,6.28,16.14,1.7,100.0,2.11,10.26,3.52,11061.28,11061.28,1.77,8.94,12.66,1.04,0.181,3.68,204.6,75.85,4.16,4.12,2.812762237762238,2.8026168224299064,,1.0952,16.86,0.189,0.191,3.9733578134590095,1.14,4.18,1.14,5.79,7.2,3.94,1.1,2.24,0.92,16.0,12474.02,0.012,0.006499999999999999,2.85,16.5719696969697,,,1.71,18.72,,9.4744,77.38,0.73,4.7,274.0,810.0,1.6324285714285716,0.246,0.405,12474.02,1.5,3.6,,6.27,0.34,3.69,3.62,20.68522483940043,19.0,108.0,2.17,3.5,2.6,0.79,0.30697674418604654,0.011,0.011,0.98,0.013,11.6,11.79,2.98,12.85,25.4,10.98,,5.85,43.25,0.39,0.38,10.5273,2.58,3.35,13.1,1.61,6.2,68.0,,9.72,104.3,108.0,,,6.1,8.22,1025.0,737.51677852349,,,1.09,3.88,3647.77,3647.77,88.05,241.0,7837.12,113.7,,9.0,3.21,64.1,1.1751999999999998,2.5,4.7,24.8,0.73,1.75,4.45,85.7,5.6538,39.5,217.8,1674.89,92.7273,0.148,1.172093023255814,1.39,111.07894736842105,66.05,3.28,1650.0,1.03,770.0,108.0,,77.3,81.0,76.8,78.15,80.0,77.45,78.5,43.99183673469388,,33.7,0.89,5.1,2.7,2.64,2.07,1.14,,7.0,0.88,1674.89,1.37,0.21,,23.2,1728.0,28.9,307.4,1.9333,84.55,0.285,0.0085,162.0,1.2,2.21,5.53,4.26,0.6050200803212851,31.0,10.48,0.224,5.75,0.87,8.06,0.245
2017-06-30,23.25,,,14.9,0.365,29.05,42.3,41.75,850.0,1.57,1.74,2.8,,515.0,1.47,76.15,14.3,1.17,105.5,3.566792452830189,39.75,4692.03,2.2,4692.03,5.029118136439268,6.3,38.9,,0.495,0.043,1.18,,1.72,0.0029,2.54,,5.21,11.28,0.35,0.1853076923076923,55.7,,2.15,2.07,3.6296296296296293,124.0,3.83,1063.0,0.088,1.26,4.05,9.25,104.7,104.0,1.31,0.26,,73.8,56.27020408163265,14.22,1.34,60.79443254817988,0.1681818182,9.53,5.27,33.9815,7.1,71.1667,104.3985798816568,5.34,18.0,,0.39,1.63,7.9,0.55,,0.92,5.97,5.99,1.96,9.99,0.51,5.26,47.75,105.6,11.98,8.55,1.4,8.5,14.1,10.48,,,5.94,12.02,2.31,15.8,0.9306532430712261,10.0,,,,0.71,7.54,1.68,0.158,18.93,0.69,31.66,,1017.0,7.9,3.95,970.0,8.0,18.9,110.3,1937.94,1937.94,6.2,3.957692307692308,1.67,118.2,2.51,0.85,70.0,515.0,0.207,,0.285,1.25,2048.0,520.0,6.15,5.96,13.22,,15.1,1120.3704,1002.0,1020.0,7889.12,7.6,13.2,7889.12,,6.6,15.98,1.78,97.8,2.01,13.3,3.4,10963.35,10963.35,1.62,8.74,12.68,1.02,0.187,3.5,204.0,77.14,5.8,4.14,3.2785314685314684,3.368635514018692,,1.0381,15.74,0.179,0.186,3.5367858144836797,0.99,3.47,0.99,5.73,7.22,4.33,1.07,2.33,1.77,14.7,12567.75,0.011,0.006499999999999999,4.55,16.538825757575758,,,1.96,18.92,0.59,9.4744,77.43,0.7,4.3,260.8,835.0,1.7160000000000002,0.243,0.41,12567.75,1.56,3.2,,6.39,0.4,4.59,3.55,19.946466809421842,18.68,108.0,2.03,3.55,2.61,0.91,0.4476744186046512,0.011,0.011,0.95,0.012,10.8,11.22,2.91,12.9167,25.6,9.68,,7.1,44.55,0.395,0.36,10.98,4.14,3.26,12.96,1.55,7.24,66.75,,9.5,106.0,113.5,,,7.0,8.22,1039.0,730.8724832214765,,,0.95,4.03,3606.79,3606.79,88.05,243.6,7843.16,141.0,,9.0,2.98,58.5,1.0245333333333333,2.7,4.45,24.25,0.63,1.75,5.0,87.0,5.98,40.125,217.0,1687.64,109.697,0.145,1.0883720930232557,1.43,92.03684210526316,67.6,3.23,1610.0,1.02,803.0,104.0,,77.0,82.0,76.15,79.0,80.0,78.5,78.9,43.29795918367347,,33.0,0.88,5.1,2.65,4.11,2.34,1.43,,7.28,0.9,1687.64,1.35,0.197,,26.5,1798.0,33.85,303.0,1.9067,85.15,0.29,0.0085,162.9,1.36,2.08,5.81,4.12,0.5313654618473895,33.35,10.76,0.21,7.94,0.81,8.47,0.25
2017-07-31,22.8,,,14.66,0.405,30.45,43.05,43.75,865.0,1.75,1.7,2.5,,516.0,1.4,75.95,14.36,1.02,107.0,3.551056603773585,42.0,4766.86,2.09,4766.86,5.5407653910149754,6.95,39.0,,0.61,0.043,1.16,,1.59,0.0029,2.35,,5.4,11.18,0.32,0.165,59.5,,1.9,1.9,3.551851851851852,125.9,3.79,1006.0,0.078,1.3,4.04,8.8,177.0,104.6,1.42,0.26,,70.05,56.20408163265306,15.0,1.36,62.71948608137045,0.1718181818,9.4,5.36,33.75,6.08,73.05,104.58816568047338,4.61,18.46,,0.39,1.606,7.73,0.52,,1.21,5.5,5.99,1.94,10.0,0.51,5.28,46.0,105.0,11.5,10.7,1.34,8.6,16.1,10.5,,,5.55,12.26,2.22,14.94,0.9335615344558236,12.7,,,,0.75,7.49,1.76,0.16,21.3,0.68,30.8,,1010.0,7.65,3.7,990.0,8.07,17.3,110.6,1969.05,1969.05,6.0,3.957692307692308,1.77,121.1,2.64,0.83,66.0,512.0,0.22,,0.335,1.47,2116.0,525.0,6.19,6.05,13.12,,14.52,1123.1481,1011.0,1010.0,7993.88,8.0,12.9,7993.88,,5.85,15.22,1.68,106.8,1.98,13.2,3.31,11146.2,11146.2,1.91,8.6,12.56,1.02,0.172,3.29,225.0,75.71,4.65,4.12,3.6959090909090913,3.2697196261682246,,1.22,15.98,0.186,0.191,3.4207350299459343,1.0,3.85,1.0,5.73,7.0,4.5,1.04,2.51,1.68,17.6,12875.78,0.011,0.00709090909090909,7.47,14.749053030303031,,,1.89,19.8,0.57,10.931999999999999,76.99,0.68,4.8,279.0,960.0,1.6825714285714288,0.242,0.475,12875.78,1.54,3.23,,6.79,0.335,3.96,3.55,20.556745182012847,17.54,108.0,1.95,3.33,2.28,0.84,0.4093023255813954,0.01,0.011,1.02,0.012,9.8,11.55,2.93,13.3333,25.0,9.46,,7.88,47.15,0.405,0.59,10.34,4.793333333333334,3.2,13.12,1.6,9.65,67.0,,12.18,105.4,113.5,,,6.69,8.25,1036.0,731.5369127516778,,,1.0,4.7,3798.97,3798.97,88.2,240.0,8018.05,119.0,,8.84,3.2,57.0,1.1751999999999998,2.67,4.5,25.7,0.56,1.77,4.11,86.6,6.05,42.375,234.0,1676.47,103.0303,0.145,1.1162790697674418,1.66,100.5,66.2,3.24,1700.0,1.0,807.0,101.6,,76.4,80.6,77.0,78.05,81.0,78.9,78.5,43.85306122448979,,34.9,0.87,5.0,2.7,4.35,2.75,1.48,,7.5,0.9,1676.47,1.34,0.194,,32.0,1637.0,30.1,305.0,1.9133,86.25,0.285,0.0081,161.0,1.4,2.17,5.99,4.05,0.5524096385542169,29.0,9.38,0.224,8.91,1.2,7.3,0.239
2017-08-31,19.1,,,13.68,0.355,22.3,41.4,40.0,920.0,1.7,1.61,2.51,,516.5,1.4,74.45,13.9,1.03,106.0,3.2520754716981135,42.0,4723.27,2.06,4723.27,5.678036605657238,7.0,39.5,,0.59,0.04,1.15,,1.66,0.0029,2.43,,5.14,10.84,0.32,0.15738461538461537,59.45,,1.83,1.81,3.435185185185185,127.1,3.68,1011.0,0.076,1.35,3.96,11.22,145.0,105.9,1.2,0.24,10.24,81.5,62.816326530612244,24.0,1.36,67.2526766595289,0.2072727273,9.32,5.35,33.3796,6.0,64.0,104.27218934911242,5.04,17.28,,0.4,1.61,7.84,0.53,,1.23,5.94,5.99,1.92,10.0,0.51,5.4,43.6,105.7,11.68,7.9,1.38,8.7,15.7,10.6,,,5.09,10.34,2.17,15.18,0.9393781172250187,13.3,,,,0.69,7.02,1.8,0.156,20.26,0.68,30.78,,1016.0,7.6,4.41,970.0,8.1,16.82,112.3,1988.64,1988.64,6.18,3.951096153846154,1.91,120.2,2.57,0.81,67.0,517.0,0.206,,0.275,1.63,2000.0,516.0,6.09,5.82,13.32,,14.36,1035.1852,1020.0,1020.0,7838.11,7.97,12.24,7838.11,,5.35,17.78,1.65,104.4,2.08,15.22,3.03,10995.17,10995.17,1.81,8.51,11.46,0.97,0.171,3.0,238.2,68.38,5.0,4.12,3.266433566433567,2.98396261682243,,1.33,15.8,0.183,0.193,3.3157367010784498,0.93,3.84,0.93,5.53,6.76,4.6,1.06,2.63,1.47,17.72,13253.94,0.011,0.006499999999999999,6.79,15.113636363636365,,,1.97,19.86,0.56,12.845099999999999,77.52,0.71,4.94,271.0,895.0,1.5042857142857144,0.237,0.435,13253.94,1.6,3.22,,6.35,0.285,4.29,3.45,19.882226980728053,17.5,108.0,1.89,4.01,2.4,0.98,0.358139534883721,0.013,0.014,1.13,0.013,8.8,11.53,2.99,13.16,25.5,9.8,,6.85,48.05,0.4,0.6,10.1,4.766666666666667,2.97,12.7,1.62,11.8,60.5,,11.88,104.0,112.9,,,6.71,8.16,1065.0,743.4966442953021,,,0.94,5.22,3720.8,3720.8,88.5,238.0,7958.57,117.7,,8.61,4.26,51.3,1.0094666666666665,2.56,4.33,23.2,0.53,1.78,4.36,90.75,5.91,43.4,250.0,1721.09,103.0303,0.143,1.333953488372093,1.53,96.79736842105262,65.95,3.25,1800.0,1.02,810.5,100.0,,77.0,80.1,77.0,79.95,81.75,79.8,79.5,44.57469387755102,,33.4,0.85,4.5,2.63,4.78,2.55,1.49,,7.5,0.9,1721.09,1.2,0.184,,35.0,1730.0,28.65,300.0,1.5467,86.55,0.28,0.0082,146.1,1.37,2.19,5.95,3.85,0.5261044176706827,28.5,10.12,0.21,8.87,1.29,5.79,0.225
2017-09-30,19.86,,,16.0,0.355,19.72,40.6,40.5,970.0,1.67,1.57,2.65,,526.5,1.41,73.3,16.04,1.04,106.5,5.0354716981132075,43.5,4841.35,2.15,4841.35,6.177204658901831,6.97,42.85,,0.55,0.042,1.05,,1.83,0.0025,2.45,,4.7,10.84,0.36,0.19292307692307692,59.3,,2.0,2.04,3.5,130.7,3.76,,0.071,2.9,4.05,10.7,120.0,99.45,1.11,0.225,10.2,75.0,62.816326530612244,20.05,1.31,68.12205567451821,0.2127272727,9.07,5.3,32.7315,5.03,68.85,106.16804733727811,5.07,16.9,,0.39,1.592,8.48,0.52,,1.55,5.89,5.99,1.93,10.0,0.48,6.44,40.0,105.6,12.0,8.2,1.33,8.63,15.6,11.0,,,4.67,10.1,2.15,15.12,0.9510112827634091,13.92,,,,0.69,7.24,1.65,0.147,21.63,0.69,30.96,,1016.0,7.83,4.58,1000.0,8.04,18.92,112.7,1961.24,1961.24,5.45,3.324461538461539,2.03,124.8,2.79,0.77,67.95,514.0,0.2,,0.265,1.51,2050.0,539.0,6.02,5.75,13.32,,14.0,1075.0,1039.0,1030.0,8221.67,7.64,12.42,8221.67,,5.0,16.6,1.72,104.0,2.26,18.6,2.92,11146.88,11146.88,1.85,8.4,11.96,0.91,0.157,3.02,243.8,71.42,4.89,4.12,3.048671328671329,2.9784672897196263,,1.35,15.86,0.181,0.189,3.152712979942093,0.88,4.5,0.88,5.57,6.04,4.25,1.06,2.54,1.34,17.58,13954.31,0.01,0.006499999999999999,9.73,15.478219696969699,,,1.92,20.15,0.55,10.931999999999999,76.54,0.7,5.23,283.0,945.0,1.6101428571428573,0.227,0.4,13954.31,2.01,3.5,,6.7,0.34,4.26,3.34,19.817987152034263,16.1,110.0,1.67,3.66,2.34,0.89,0.32616279069767445,0.012,0.012,1.05,0.012,9.8,11.22,2.86,13.02,25.0,10.48,,6.8,52.15,0.395,0.475,9.9,4.066666666666666,2.98,13.06,1.61,13.54,59.15,,12.3,103.5,109.0,,,6.6,9.15,1065.0,747.4832214765102,,,1.54,6.2,3850.91,3850.91,87.9,240.0,8171.43,140.0,,8.33,7.5,49.6,1.0044444444444443,2.7,4.5,25.3,0.47,1.8,4.4,99.0,5.99,46.7,243.2,1716.16,103.0303,0.143,1.093953488372093,1.44,108.96315789473684,68.0,3.2,1888.0,1.04,883.0,98.3,,75.2,80.6,76.0,78.1,81.0,78.5,77.8,44.40816326530612,,34.45,0.92,4.5,2.61,4.26,2.62,1.52,,7.52,0.87,1716.16,1.26,0.209,,40.8,1668.0,30.0,292.6,2.42,86.65,0.28,0.0077,152.8,1.28,2.08,6.36,3.56,0.5208433734939758,26.7,9.64,0.193,8.9,1.22,5.94,0.214
2017-10-31,19.34,,,15.5,0.345,19.76,38.75,39.0,1031.0,1.55,1.52,2.25,,532.0,1.38,74.9,16.0,0.99,108.0,4.552905660377358,43.2,4891.93,2.09,4891.93,7.47504159733777,7.05,42.5,,0.53,0.052,1.1,,1.7,0.0024,2.47,,5.0,11.0,0.44,0.22338461538461538,59.7,,1.83,1.81,3.363888888888889,137.5,3.8,,0.069,2.28,3.9,9.44,102.2,98.0,1.05,0.237,9.49,69.0,54.881632653061224,18.08,1.09,67.68736616702355,0.1818181818,8.98,5.4,33.5,4.57,65.0,118.1119526627219,4.91,15.2,,0.385,1.588,8.52,0.51,,1.62,5.82,5.9,1.93,9.98,0.47,6.25,40.5,105.6,11.68,7.55,1.37,8.07,15.34,10.44,,,3.82,10.38,2.01,14.6,0.9481029913788115,12.32,,,,0.67,7.2,1.61,0.145,21.6,0.69,30.8,,1007.0,7.56,4.79,965.0,8.23,17.58,118.6,2001.06,2001.06,4.9,3.759807692307693,1.98,126.5,2.71,0.74,63.85,510.0,0.191,,0.26,1.51,2042.0,539.5,5.95,5.61,13.3,,15.48,1092.5926,1010.0,1045.0,8577.89,7.75,12.0,8577.89,,5.13,18.48,1.7,105.9,3.31,17.7,2.6,10910.84,10910.84,1.79,8.3,11.86,0.79,0.154,3.29,249.0,73.23,5.22,4.16,3.2603846153846154,2.9509906542056075,,1.26,15.6,0.175,0.197,3.3488940680892347,0.81,4.21,0.81,5.5,5.8,4.0,1.07,2.46,1.29,17.98,13224.48,0.01,0.006499999999999999,12.17,15.113636363636365,,,1.89,19.3,0.55,9.899533333333332,76.63,0.67,5.33,291.8,935.0,1.5990000000000002,0.21,0.38,13224.48,1.85,3.2,,6.8,0.315,4.03,3.11,19.914346895074946,16.82,110.0,1.75,3.88,2.21,0.81,0.3165697674418605,0.012,0.013,1.03,0.011,10.6,11.22,2.99,12.64,25.0,9.74,,6.4,51.0,0.395,0.37,9.68,5.0,2.88,13.0,1.45,10.9,58.45,,11.5,106.0,112.8,,,6.52,7.8,1065.0,760.771812080537,,,1.5,6.75,3945.48,3945.48,90.0,244.6,8365.26,100.5,,7.61,8.12,59.0,0.9642666666666665,2.72,4.68,25.2,0.53,1.81,4.77,97.0,5.9,42.5,246.0,1708.18,106.7879,0.14,1.0883720930232557,1.45,100.6057894736842,62.25,3.2,1945.0,1.02,955.0,103.0,,75.3,81.95,76.45,78.1,80.0,77.15,78.5,43.85306122448979,,37.0,0.85,4.69,2.58,3.88,2.06,1.8,,7.34,0.88,1708.18,1.21,0.192,,44.5,1710.0,28.0,297.8,2.5,87.1,0.26,0.0075,143.0,1.26,2.1,6.09,3.25,0.4945381526104417,28.5,7.86,0.187,8.48,1.0,5.39,0.211
2017-11-30,16.8,,,15.0,0.32,17.06,35.0,35.0,1020.0,1.48,1.38,2.15,,522.5,1.34,70.0,15.64,0.91,108.0,5.759320754716982,42.8,4846.63,2.05,4846.63,7.799500831946755,7.05,39.25,,0.47,0.046,1.0,,1.66,0.0023,2.42,,4.9,11.2,0.375,0.1853076923076923,59.65,,1.7,1.72,3.389814814814815,146.0,3.66,1490.0,0.077,2.2,3.9,10.62,114.0,102.9,0.97,0.219,8.9,62.1,54.881632653061224,19.62,1.03,62.59528907922912,0.1927272727,8.98,5.46,33.4,4.36,64.0,101.11242603550296,4.91,15.48,,0.34,1.56,7.45,0.465,,1.61,,5.79,1.93,9.03,0.46,5.35,37.45,105.5,11.36,6.88,1.35,7.8,15.04,10.0,,,3.05,11.2,2.85,14.8,0.9102952033790429,10.98,,,,0.67,7.35,1.61,0.135,22.36,0.69,52.1,,1002.0,7.97,3.8,960.0,7.72,17.5,115.6,2100.91,2100.91,5.1,3.3640384615384615,1.82,125.3,2.69,0.71,61.9,517.0,0.185,,0.236,1.4,1830.0,537.0,5.82,5.41,11.0,,23.4,1064.8148,1010.0,1030.0,8402.14,7.48,11.6,8402.14,,5.5,18.1,1.73,105.9,5.61,19.4,2.38,10740.34,10740.34,2.22,8.36,12.0,0.76,0.144,3.18,243.6,65.52,5.25,4.03,3.2966783216783218,2.94,,1.1,15.06,0.15,0.151,3.235606397469054,0.62,4.04,0.62,5.55,5.75,3.68,1.08,2.28,1.19,19.48,11553.67,0.01,0.006499999999999999,13.84,14.251893939393941,,,1.66,18.02,0.52,9.899533333333332,84.77,0.58,5.34,315.0,950.0,1.6157142857142859,0.196,0.355,11553.67,2.8,3.38,,6.7,0.41,3.86,3.45,18.179871520342612,17.38,106.3,1.53,3.38,3.03,0.82,0.2877906976744186,0.012,0.013,0.89,0.012,9.2,10.88,3.03,12.1,25.1,9.6,,6.1,49.0,0.345,0.4,9.29,5.0,2.38,12.8,1.32,8.5,57.5,,12.0,103.7,115.0,,,6.9,7.7,1049.0,764.0939597315437,,,1.2,6.21,3867.92,3867.92,87.35,240.0,8254.03,100.0,,5.97,10.8,56.5,0.9642666666666665,2.6,4.9,22.9,0.56,2.47,4.4,97.0,5.91,36.0,250.0,1610.4,148.0,0.135,1.0883720930232557,1.85,96.85026315789473,58.25,3.2,1840.0,1.01,970.0,111.8,,77.0,81.25,77.0,79.0,80.05,79.0,78.4,45.24081632653061,,36.3,0.8,5.9,2.61,3.24,2.0,1.73,,7.48,0.86,1610.4,1.18,0.191,,42.25,1481.0,28.65,285.0,4.36,87.0,0.23,0.007,133.0,1.25,1.97,6.0,3.17,0.34196787148594376,25.0,8.85,0.182,8.25,1.06,3.69,0.185
2017-12-31,18.48,100.2,,15.0,0.31,17.36,34.6,34.5,1015.0,1.39,1.4,2.02,,528.0,1.35,74.0,16.0,0.9,108.0,12.88,44.6,4989.97,2.05,4989.97,7.612312811980033,7.05,41.55,,0.48,0.042,1.0,,1.55,0.0022,2.28,,5.0,11.82,0.41,0.23353846153846156,59.8,,1.73,1.75,3.156481481481481,164.0,3.88,1486.0,0.071,1.97,3.82,10.9,120.1,108.1,1.0,0.224,8.78,60.0,,20.35,1.03,62.098501070663815,0.2081818182,8.64,5.75,33.3,4.88,63.2,118.80710059171598,4.88,16.18,,0.31,1.55,7.7,0.49,,1.63,6.2,6.2,1.9,10.0,0.455,5.39,39.7,106.7,10.92,7.01,1.4,7.1,14.4,10.1,10.2,,3.74,11.06,2.49,14.78,10.747619047619047,12.0,,,,0.65,7.35,1.66,0.148,21.3,0.72,52.9,,1000.0,7.75,3.4,960.0,7.67,17.0,117.0,2230.17,2230.17,4.42,3.693846153846154,1.88,130.5,2.63,0.62,62.0,507.0,0.182,,0.21,1.43,1900.0,523.0,5.84,5.68,12.0,,26.85,1196.2963,1030.0,1028.0,8616.51,7.36,10.78,8616.51,,6.73,22.0,1.74,105.5,5.2,18.82,2.64,11231.3,11231.3,2.23,8.35,13.0,0.74,0.141,3.07,253.0,68.66,6.0,,3.266433566433567,3.132336448598131,,1.1,17.0,0.151,0.153,3.235606397469054,0.69,4.1,0.69,5.55,5.6,3.98,1.04,2.47,1.21,18.74,11502.58,0.0094,0.005909090909090908,14.64,13.920454545454547,,,1.78,18.6,0.57,10.020999999999999,89.73,0.6,5.16,328.6,945.0,1.587857142857143,0.204,0.305,11502.58,3.33,3.4,,6.85,0.335,3.9,3.2,18.01927194860814,18.0,109.4,1.51,3.51,2.82,0.96,0.2877906976744186,0.012,0.012,0.95,0.012,9.0,11.44,2.81,11.98,24.0,9.17,,6.1,50.0,0.365,0.355,8.4,4.093333333333333,2.15,13.46,1.35,8.68,56.7,,13.0,103.7,109.0,,,6.8,8.99,1060.0,757.4496644295302,,,1.15,5.72,3978.19,3978.19,87.15,240.0,8558.42,145.0,,6.06,7.96,55.35,1.2806666666666664,2.6,4.97,21.3,0.62,2.12,4.06,96.2,5.6,36.8,251.4,1619.84,114.4,0.134,1.1832558139534883,1.57,95.21052631578947,61.0,3.13,1930.0,1.01,990.0,111.6,,76.5,80.0,75.65,76.5,81.95,76.6,79.5,44.29714285714285,,37.5,0.81,5.4,2.67,3.3,1.99,1.63,,8.81,0.85,1619.84,1.18,0.27,1.0,45.95,1480.0,34.0,286.0,4.49,86.65,0.22,0.0067,151.0,1.24,1.96,5.99,2.98,0.4103614457831325,24.9,7.64,0.184,8.28,0.98,5.57,0.206
2018-01-31,19.5,101.3,,13.38,0.295,19.02,32.5,32.5,1050.0,1.4,1.45,2.16,,516.0,1.3,76.8,15.34,0.9,108.2,15.4,44.25,5124.83,2.53,5124.83,7.924292845257903,7.05,41.0,,0.435,0.048,0.94,,1.51,0.0023,2.17,,4.85,11.58,0.59,0.3249230769230769,59.5,,1.68,1.71,3.350925925925926,153.0,3.83,1450.0,0.068,1.9,3.75,12.28,115.0,119.2,0.93,0.222,9.3,60.0,54.220408163265304,18.5,1.0,61.53961456102783,0.2163636364,8.8,5.88,36.3,4.2,62.5,119.43905325443787,4.63,15.62,,0.32,1.56,7.2,0.465,,1.6,6.04,5.86,1.91,9.99,0.44,5.36,38.2,104.2,10.6,8.78,1.68,7.23,14.4,10.2,10.2,,4.63,12.18,2.7,14.74,26.84,12.3,,,,0.67,8.16,1.65,0.137,19.26,0.68,62.1,,1002.0,7.6,3.6,980.0,8.27,15.98,111.0,2223.98,2223.98,5.0,3.2980769230769234,1.87,132.8,2.54,0.64,61.9,517.0,0.186,,0.188,1.32,1900.0,523.0,5.88,5.6,11.2,,30.2,1245.3704,1009.0,1017.0,8957.81,7.31,10.5,8957.81,,6.29,98.0,1.69,113.5,5.33,19.2,2.77,11790.56,11790.56,1.82,8.3,13.0,0.77,0.142,3.29,284.8,72.85,5.31,4.23,3.236188811188811,3.275214953271028,,1.15,15.2,0.154,0.157,3.0698195624151317,0.69,4.11,0.69,5.29,5.51,4.1,1.05,2.39,1.03,22.45,11937.95,0.0093,0.005613636363636363,13.65,13.75473484848485,,,1.7,17.98,0.52,11.174933333333332,88.05,0.54,4.95,338.6,1000.0,1.5990000000000002,0.2,0.345,11937.95,3.0,3.35,,6.46,0.335,3.72,3.35,18.179871520342612,21.4,107.5,1.4,3.66,5.66,1.27,0.3037790697674419,0.012,0.012,0.93,0.012,8.2,10.3,2.76,13.46,25.95,9.6,,4.89,53.3,0.36,0.34,8.29,4.066666666666666,2.9,15.2,1.23,8.77,59.0,,12.6,104.0,111.0,,,6.3,9.38,1048.0,729.5436241610738,,,1.3,4.76,3939.56,3939.56,89.0,245.4,8764.01,107.0,,6.7,8.88,50.2,1.0295555555555553,2.5,4.82,20.9,0.55,2.02,3.8,94.6,5.8,37.9,246.0,1710.73,106.0,0.131,1.1162790697674418,1.61,94.36421052631579,62.45,3.23,1945.0,1.02,1025.0,144.0,,77.0,81.2,75.7,77.0,78.65,77.0,78.6,43.24244897959184,,36.9,0.76,5.41,2.6,3.06,1.56,1.51,,13.7,0.83,1710.73,1.1,0.62,1.0,50.0,1569.0,35.5,281.0,4.69,90.05,0.255,0.007,161.3,1.23,2.05,6.99,2.84,0.4314056224899598,24.5,6.69,0.18,9.26,0.9,4.34,0.22
2018-02-28,18.0,101.3,,17.96,0.31,19.2,31.75,31.0,1057.0,1.35,1.37,2.3,,518.0,1.27,77.4,14.86,0.86,108.9,17.24,41.1,5082.94,3.37,5082.94,8.074043261231282,7.68,38.5,,0.64,0.065,0.95,,1.7,0.003,2.05,,5.0,11.9,0.66,0.3350769230769231,59.35,,1.85,1.96,3.5,155.8,3.72,1054.0,0.067,1.64,3.37,14.4,108.0,119.9,1.1,0.22,7.6,54.3,66.12244897959184,23.6,0.9568522245,62.2847965738758,0.2636363636,8.71,6.4,35.2,3.66,63.95,150.40473372781065,4.74,16.24,,0.305,1.55,7.32,0.425,,1.71,7.0,6.9,1.92,8.52,0.47,5.3,32.0,103.8,10.6,8.09,1.52,7.21,13.92,10.46,10.3,,3.7,11.8,2.6,14.4,27.45,11.68,,,,0.62,7.8,1.82,0.128,18.66,0.67,62.0,,990.0,7.5,3.64,970.0,8.66,14.5,111.5,2225.65,2225.65,5.3,3.528942307692308,1.77,129.6,2.32,0.58,62.25,505.0,0.185,,0.24,1.3,1722.0,510.0,6.22,6.11,10.54,,29.1,1250.0,1010.0,1015.0,8585.06,7.24,9.9,8585.06,,6.9,318.0,1.62,110.0,4.51,19.2,2.65,11440.91,11440.91,2.2,8.31,13.08,0.68,0.134,3.2,298.4,68.57,5.13,4.29,3.1575524475524475,2.961981308411215,,1.14,15.4,0.145,0.155,3.3157367010784498,0.68,4.45,0.68,5.25,5.39,4.26,1.05,3.33,1.02,22.95,12253.82,0.0092,0.005731818181818182,18.58,13.244318181818183,,,1.44,16.5,0.5,11.041319999999999,86.59,0.54,4.85,336.6,900.0,1.5711428571428572,0.195,0.33,12253.82,3.88,3.35,,5.63,0.81,3.43,3.15,16.70235546038544,21.15,105.0,1.38,3.48,13.02,1.59,0.275,0.012,0.012,0.87,0.012,9.8,11.0,2.83,12.7,24.15,9.19,,4.8,51.9,0.355,0.31,8.3,4.233333333333333,3.03,15.34,1.26,8.0,57.25,,12.6,102.5,109.0,,,5.93,8.44,1034.0,730.8724832214765,,,1.17,4.13,3721.7,3721.7,85.2,245.0,8475.29,106.6,,6.22,18.34,46.55,3.07,2.52,4.85,19.4,0.52,1.91,3.4,95.0,6.0,36.8,246.2,1745.89,117.0,0.132,1.255813953488372,1.59,92.67157894736842,56.8,3.25,1920.0,1.01,940.0,141.0,,77.5,80.25,75.75,77.0,79.0,78.0,78.05,43.24244897959184,,35.3,0.76,5.3,2.58,3.11,2.6,1.41,,23.5,0.83,1745.89,1.01,0.6,1.02,54.5,1520.0,36.95,284.0,5.09,91.0,0.28,0.0069,149.0,1.2,1.84,6.5,2.65,0.8628112449799196,24.0,7.0,0.18,10.7,0.91,3.45,0.187
2018-03-31,18.0,100.3,,18.34,0.29,20.15,30.4,28.0,948.0,1.28,1.34,2.29,,507.0,1.29,67.5,13.2,0.86,107.0,16.0,41.1,4840.56,3.25,4840.56,8.710482529118137,6.64,38.7,,0.48,0.049,0.93,,1.69,0.0028,2.16,,4.64,12.52,0.57,0.29446153846153844,59.7,,1.62,1.67,3.5064814814814813,139.0,3.71,1900.0,0.062,1.6,3.1,14.34,175.0,117.0,1.0,0.245,8.02,72.25,64.13877551020408,29.8,0.9210820478,58.74518201284796,0.2545454545,8.7,5.96,35.2,3.64,61.2,182.63431952662722,4.7,17.08,,0.325,1.602,7.4,0.435,,1.63,6.13,6.5,2.05,8.4,0.47,5.26,31.9,102.0,10.08,7.5,1.47,7.69,12.16,10.2,10.26,,3.37,11.56,2.38,14.24,15.685714285714285,10.76,,,,0.62,7.43,1.7,0.121,18.9,0.68,60.3,,1000.0,7.55,3.47,910.0,9.32,17.0,112.0,2089.67,2089.67,4.7,3.5619230769230774,1.65,122.6,2.42,0.59,66.0,505.0,0.207,,0.219,1.56,1622.0,505.0,6.33,6.15,15.8,,25.5,1082.4074,1000.0,1002.0,7839.09,6.92,9.6,7839.09,,6.6,308.0,1.62,100.0,3.8,15.6,2.49,11429.65,11429.65,2.45,8.3,13.16,1.03,0.125,3.32,299.0,59.71,5.1,4.28,3.163601398601399,2.967476635514019,,1.09,15.0,0.146,0.153,2.904032727361209,0.65,4.88,0.65,5.7,5.15,6.89,1.05,4.46,1.04,18.8,10886.93,0.009,0.005554545454545454,16.82,12.515151515151516,,,1.47,16.04,0.53,10.919853333333332,75.92,0.56,4.69,318.0,900.0,1.626857142857143,0.195,0.73,10886.93,3.8,3.31,,5.24,0.58,3.39,3.04,17.858672376873663,20.45,104.7,1.19,3.38,8.19,1.24,0.3517441860465117,0.012,0.013,0.86,0.013,9.0,10.0,2.88,12.7,23.9,9.25,,4.91,52.45,0.45,0.405,8.26,3.8666666666666667,2.9,14.44,1.08,7.96,53.9,,12.2,102.0,111.0,,,6.0,8.11,1050.0,776.7181208053692,,,1.11,4.0,3646.85,3646.85,85.5,237.8,7979.83,145.0,,6.09,14.5,45.65,2.21,2.54,4.7,19.94,0.54,1.95,3.4,89.3,7.49,30.3,240.0,1671.82,124.0,0.136,1.2,1.77,370.2631578947368,54.45,3.18,1885.0,1.0,917.0,134.0,,76.8,79.85,75.0,75.1,79.2,76.6,76.7,42.85387755102041,,33.7,0.81,5.31,2.57,2.75,2.28,1.46,,15.88,0.85,1671.82,1.04,0.42,1.02,50.5,1470.0,33.3,276.0,5.25,90.0,0.249,0.0067,152.0,1.2,2.0,6.5,2.6,0.394578313253012,23.9,6.6,0.194,10.9,0.85,3.66,0.211
2018-04-30,16.4,100.2,,18.7,0.3,20.05,28.0,26.9,966.0,1.35,1.32,2.13,,485.0,1.27,69.85,13.04,0.83,104.0,14.76,40.8,4723.16,3.22,4723.16,8.735440931780365,6.55,38.0,,0.47,0.048,0.9,,1.7,0.0029,2.1,,4.31,12.6,0.67,0.34523076923076923,59.0,,1.62,1.6,3.5,131.7,3.36,1703.0,0.053,1.45,3.13,12.3,110.1,105.0,1.24,0.227,6.95,69.05,62.155102040816324,24.3,0.867426783,54.95717344753747,0.2190909091,8.71,6.16,34.75,3.58,60.0,174.41893491124262,4.54,16.54,,0.32,1.62,6.69,0.455,,1.63,6.25,6.26,1.99,6.47,0.455,5.45,31.2,100.3,10.18,7.58,1.37,7.4,11.04,10.1,10.24,,3.03,10.84,2.14,15.76,14.088095238095237,12.2,,,,0.66,7.2,1.79,0.121,17.38,0.69,64.95,,990.0,7.35,3.42,940.0,8.78,15.58,106.0,1969.63,1969.63,4.05,3.5619230769230774,1.66,120.0,2.36,0.61,64.95,,0.211,,0.207,1.27,1540.0,504.5,5.6,5.45,13.32,,21.45,972.2222,970.0,998.0,7908.5,6.8,9.29,7908.5,,6.8,306.2,1.53,84.6,4.14,15.4,2.3,11110.36,11110.36,2.01,8.29,13.28,1.04,0.114,3.4,285.0,60.9,5.0,4.11,3.175699300699301,,,1.02,14.3,0.139,0.145,3.0891613598380894,0.65,4.88,0.65,5.88,4.32,4.57,1.06,2.8,1.03,20.2,10561.56,0.0089,0.005554545454545454,16.5,11.825757575757576,,,1.5,14.48,0.53,11.15064,75.22,0.56,4.5,322.0,880.0,1.693714285714286,0.194,0.59,10561.56,2.93,3.36,,5.1,0.59,3.14,3.04,17.858672376873663,23.95,103.8,1.21,2.88,7.7,1.14,0.3453488372093024,0.013,0.013,0.98,0.011,8.2,9.79,2.99,12.2,23.9,9.29,,4.8,47.4,0.43,0.47,8.0,3.466666666666667,2.62,14.38,1.02,6.63,52.5,,11.84,102.0,106.1,,,6.0,8.11,1020.0,701.6375838926175,,,1.14,4.1,3622.17,3622.17,86.25,220.0,7819.25,110.0,,5.65,14.02,39.0,1.9,2.51,4.84,17.9,0.54,2.07,3.35,91.0,6.79,30.85,209.0,1559.17,127.9,0.135,1.093953488372093,1.67,311.55,52.3,3.24,1920.0,1.04,940.0,140.0,,76.0,78.5,75.4,75.15,76.1,76.1,76.2,43.38122448979592,,34.25,0.8,5.47,2.57,2.41,1.84,1.31,,10.38,0.81,1559.17,0.98,0.415,1.03,51.7,1463.0,29.05,265.0,4.09,91.25,0.239,0.0063,140.5,1.2,3.13,6.5,2.57,0.4682329317269076,22.0,5.99,0.27,10.78,0.87,3.23,0.2
2018-05-31,15.7,97.3,,18.5,0.205,19.96,26.3,25.0,940.0,1.38,1.25,2.01,,499.0,1.29,57.8,13.3,0.79,105.0,14.36,39.8,4588.29,2.91,4588.29,8.835274542429284,6.2,39.3,,0.47,0.044,0.88,,1.6,0.0028,2.01,,4.25,12.8,0.66,0.34523076923076923,58.8,,1.58,1.7,3.5064814814814813,130.5,3.4,1401.0,0.054,1.57,2.99,10.8,123.0,95.0,1.0,0.224,7.25,61.05,52.897959183673464,23.45,0.8584842388,54.025695931477514,0.2081818182,8.8,5.71,33.9,3.04,55.0,139.02958579881658,4.7,16.86,,0.305,1.66,6.14,0.43,,1.71,6.0,6.01,1.92,6.7,0.445,5.0,29.2,101.0,9.0,7.7,1.39,7.45,10.8,10.2,10.28,,2.86,11.04,2.24,15.96,10.550095238095237,11.48,,,,0.62,7.2,1.76,0.12,15.1,0.66,67.0,,993.0,7.65,3.6,910.0,9.36,14.98,107.0,1866.66,1866.66,4.18,3.951096153846154,1.61,115.2,2.42,0.6,65.05,505.0,0.2,,0.175,1.28,1616.0,518.0,5.69,5.44,11.98,,19.48,898.1481,998.5,980.0,7329.53,6.5,8.75,7329.53,,7.32,312.0,1.52,84.5,3.76,15.48,2.08,10757.91,10757.91,2.06,8.21,13.0,1.02,0.112,3.8,274.0,54.38,5.02,,3.236188811188811,2.94,,1.01,15.06,0.135,0.138,3.033899081486782,0.58,5.03,0.58,5.91,3.8,4.3,1.05,2.54,1.08,20.65,10021.6,0.0085,0.0097,16.66,17.5,,,1.53,12.78,0.495,11.393573333333332,70.26,0.54,4.86,322.8,850.0,1.6881428571428572,0.18,0.58,10021.6,2.8,,,4.65,0.62,2.99,3.23,18.21199143468951,22.2,103.5,1.11,2.73,9.69,1.07,0.33895348837209305,0.012,0.013,0.88,0.011,7.4,9.3,2.85,12.38,20.15,8.85,,4.28,46.7,0.355,0.455,7.85,3.84,2.34,13.1,1.01,6.58,51.0,,12.5,103.0,111.0,,,6.05,8.11,1022.0,736.8523489932886,,,1.48,2.6,3755.3,3755.3,86.7,207.6,7497.17,105.3,,5.5,13.12,37.85,2.67,2.9,4.63,22.05,0.52,2.06,3.76,88.0,7.79,28.6,195.0,1481.31,128.0,0.133,1.2,1.63,304.14473684210526,49.8,3.29,1950.0,1.1,868.0,142.0,,76.9,79.95,75.25,75.15,76.7,76.05,77.0,42.74285714285714,,37.0,0.82,5.5,2.55,2.19,1.75,1.18,,10.0,0.83,1481.31,0.99,0.44,1.02,49.95,1295.0,29.05,265.8,3.87,89.0,0.246,0.0062,128.0,1.19,2.93,6.95,2.53,0.4314056224899598,22.0,5.57,0.234,11.2,0.83,3.29,0.205
2018-06-30,14.96,100.0,,18.9,0.237,24.65,25.3,24.2,920.0,1.39,1.11,2.8,,499.0,1.19,54.5,11.62,0.76,101.1,14.48,37.9,4392.78,2.68,4392.78,9.683860232945092,6.0,34.75,,0.46,0.043,0.93,,1.46,0.0026,1.96,,4.1,13.2,0.66,0.3350769230769231,59.5,,1.58,1.6,4.083333333333333,125.5,3.14,1401.0,0.053,1.58,2.83,9.75,100.0,88.5,0.98,0.228,7.55,59.0,50.9473469387755,22.7,0.8405991505,43.03426124197002,0.1936363636,8.8,5.9,33.6,3.16,59.95,164.81325443786983,4.58,16.0,,0.3,1.65,6.08,0.44,,1.7,6.0,5.82,1.81,7.49,0.41,4.95,25.5,100.5,7.62,6.82,3.3,7.55,10.5,10.1,10.0,10.26,,10.16,2.16,15.8,11.444761904761904,11.0,,,,0.61,7.39,1.7,0.121,14.14,0.68,59.8,,1000.0,7.1,3.54,940.0,8.68,14.46,105.0,1779.3,1779.3,4.2,,1.4,107.8,2.2,0.59,61.1,505.0,0.195,,0.187,1.21,1540.0,501.0,5.38,5.17,11.0,,21.45,842.5926,999.0,951.0,7051.74,6.0,7.3,7051.74,,7.36,265.0,1.46,77.3,3.71,14.0,2.12,10414.84,10414.84,2.23,8.05,12.5,1.39,0.142,4.49,263.0,47.61,5.5,4.11,3.266433566433567,3.297196261682243,,1.03,14.6,0.128,0.127,2.898506499526079,0.52,5.1,0.52,5.53,3.57,4.05,1.04,2.34,1.05,18.08,9673.22,0.008,0.0081,15.7,16.18,2.55,2.78,1.65,11.4,0.435,10.78624,64.95,0.53,4.28,355.6,830.0,,0.177,0.59,9673.22,2.66,3.49,,4.6,0.58,2.62,3.31,17.987152034261243,20.05,103.0,1.15,2.57,9.03,1.07,0.32616279069767445,0.012,0.012,1.24,0.012,7.8,8.59,3.38,11.9,20.0,8.88,,4.14,46.6,0.36,0.415,7.77,4.7,2.22,12.2,0.87,7.19,48.2,,12.0,102.8,108.5,,,5.95,8.11,1021.0,717.5838926174497,,,1.15,3.0,3549.11,3549.11,86.6,192.0,7193.68,120.0,,4.5,10.98,28.0,2.3,2.9,4.74,18.6,0.465,2.01,3.32,79.5,8.31,30.3,200.0,1392.62,145.0,0.13,1.093953488372093,1.57,261.82894736842104,51.3,3.23,1850.0,1.05,875.0,138.0,,76.3,79.4,76.9,75.3,76.5,76.5,76.6,42.35428571428571,,35.95,0.78,5.27,2.55,1.82,1.9,1.14,,6.95,0.75,1392.62,0.9,0.41,1.02,49.0,1290.0,29.2,259.0,3.02,87.5,,0.0059,121.0,1.18,2.57,6.14,2.65,0.8049397590361446,16.0,5.19,0.235,11.9,0.77,3.3,0.221
2018-07-31,14.08,100.3,,21.0,0.25,30.0,23.5,23.35,999.0,1.4,1.08,3.05,,500.0,1.16,57.35,11.92,0.72,101.6,14.48,40.85,4604.12,2.76,4604.12,9.721297836938437,6.09,37.2,,0.47,0.05,0.99,,1.41,0.0026,1.96,,3.86,13.16,0.97,0.48230769230769227,59.8,,1.43,1.46,3.2601851851851853,132.0,3.21,1401.0,0.058,1.62,2.76,10.48,102.0,98.0,0.96,0.238,7.0,66.85,60.468979591836735,21.1,0.8853118712,43.68629550321199,0.1972727273,8.47,5.6,33.15,3.09,50.0,123.23076923076923,4.67,15.5,,0.3,1.63,6.1,0.435,,1.97,5.82,,1.82,7.4,0.395,5.1,25.95,102.0,7.7,7.36,3.0,7.52,11.8,10.1,10.1,9.77,,10.18,2.13,15.9,14.988571428571428,10.78,,,,0.59,7.28,1.61,0.116,14.44,0.66,69.3,,1000.0,7.1,3.86,930.0,8.69,15.52,104.0,1858.92,1858.92,4.31,2.968269230769231,1.42,113.6,2.08,0.77,62.5,,0.208,,0.218,1.23,1835.0,505.0,5.4,5.25,12.6,,23.8,898.1481,975.0,966.0,7593.74,6.05,7.45,7593.74,,7.47,279.0,1.59,89.0,3.85,14.0,2.22,10830.18,10830.18,2.4,7.89,12.72,1.44,0.136,3.75,270.0,53.33,5.06,4.01,2.7038811188811187,2.94,,0.97,15.12,0.124,0.126,4.188561475640905,0.62,5.0,0.62,5.52,3.78,4.01,1.03,2.49,1.03,18.0,9714.41,0.0077,0.0082,15.89,14.48,2.47,2.4,1.58,12.86,0.465,10.336813333333332,65.22,0.53,4.64,379.6,850.0,1.6881428571428572,0.187,0.7,9714.41,3.31,3.36,,4.71,0.58,2.77,3.23,17.02355460385439,19.14,102.6,1.18,2.41,9.04,1.02,0.33895348837209305,0.012,0.012,1.08,0.011,7.6,8.9,3.49,11.8,19.8,8.88,,4.16,45.25,0.39,0.44,7.97,3.6666666666666665,2.25,13.2,0.9,7.0,46.65,,11.94,100.9,106.2,,,6.15,8.11,1021.0,693.0,,,1.32,3.59,3754.81,3754.81,88.5,204.0,7672.0,105.5,,4.43,10.2,30.0,2.4,2.6,4.6,19.58,0.5,2.0,3.45,85.4,8.5,31.7,203.0,1493.58,115.0,0.127,1.1051162790697673,1.53,248.60526315789474,56.3,3.22,1870.0,1.15,950.0,139.2,,76.3,80.2,75.05,75.2,77.0,75.3,75.2,41.85469387755102,,37.75,0.75,5.3,2.56,2.06,1.79,1.08,,7.15,0.78,1493.58,1.2,0.55,1.02,41.45,1337.0,30.0,259.0,3.7,84.55,,0.0057,128.0,1.2,2.5,6.0,2.53,0.8259839357429718,21.0,5.6,0.345,11.92,0.74,3.27,0.208
2018-08-31,13.6,99.6,,20.1,0.39,36.55,24.8,24.35,1000.0,1.43,0.87,3.56,,503.0,1.25,53.45,13.8,0.73,101.6,13.1,44.5,4772.33,2.84,4772.33,10.71963394342762,6.1,37.0,,0.495,0.046,0.92,,1.59,0.0027,1.97,,3.46,13.6,1.47,0.7513846153846153,59.0,,1.41,1.45,3.04,130.1,3.08,1400.0,0.062,1.68,2.6,9.55,125.0,93.75,0.98,0.234,6.32,68.25,52.93102040816326,19.4,0.867426783,44.71092077087795,0.2181818182,8.0,5.71,31.9,3.21,46.0,132.71005917159763,4.59,14.28,,0.315,1.64,5.99,0.44,,1.98,6.5,6.5,1.8,7.7,0.41,5.01,25.5,101.0,7.68,8.25,3.07,7.38,12.8,10.3,10.26,9.2,,10.54,2.25,16.24,13.942857142857141,10.22,,,,0.57,7.3,1.6,0.113,14.48,0.64,99.0,,1000.0,7.05,4.18,900.0,8.66,17.0,104.9,1810.09,1810.09,5.38,3.100192307692308,1.51,117.0,2.0,1.0,64.9,451.0,0.205,,0.214,1.18,2116.0,500.0,5.55,5.3,11.26,,28.2,811.1111,970.0,987.5,7764.67,5.98,7.4,7764.67,,7.1,317.0,1.61,93.65,3.94,13.82,2.09,11272.85,11272.85,2.2,7.83,12.06,1.7,0.122,3.57,288.0,57.14,5.73,4.05,,,,0.95,15.0,0.123,0.129,4.62772912708425,0.59,4.97,0.59,5.5,4.7,3.94,1.03,2.45,1.03,17.2,9903.96,0.0082,0.0085,16.36,12.5,2.05,1.95,1.4,13.2,0.45,10.628333333333332,64.82,0.59,4.59,373.4,820.0,1.6045714285714288,0.197,0.63,9903.96,3.64,3.73,,5.45,0.67,2.88,3.04,15.674518201284796,18.1,98.1,1.16,3.01,8.16,1.01,0.37093023255813956,0.013,0.013,1.21,0.013,8.0,8.8,3.68,11.8,22.4,9.06,,4.02,46.0,0.405,0.475,7.95,3.466666666666667,2.06,13.1,0.87,6.85,48.0,,11.8,99.5,106.0,,,6.0,8.95,1011.0,697.6510067114094,,,1.27,3.49,3945.53,3945.53,83.3,195.0,7855.71,109.9,,4.1,15.7,28.5,2.49,2.79,4.8,21.3,0.495,2.03,3.15,81.6,8.0,29.0,194.5,1537.18,109.8,0.127,1.0827906976744186,1.53,220.57105263157894,57.5,3.22,1850.0,1.14,966.0,169.0,,77.4,80.2,75.5,75.3,76.5,75.9,75.6,42.74285714285714,,39.0,0.76,5.66,2.6,2.19,1.69,0.84,,7.16,0.77,1537.18,1.08,0.67,1.04,32.0,1393.0,35.65,299.0,3.9,76.1,,0.0089,139.5,1.24,2.1,6.4,2.51,0.9522489959839356,20.5,5.13,0.33,11.52,0.79,2.83,0.207
2018-09-30,11.3,95.2,,18.4,0.43,27.2,21.3,19.2,928.0,1.4,0.89,3.6,,485.0,1.3,49.0,12.48,0.65,100.0,11.04,40.05,4464.92,2.45,4464.92,11.331114808652247,5.95,33.45,,0.475,0.043,0.94,,1.48,0.0023,2.05,,3.01,13.5,1.29,0.6498461538461539,59.2,,1.0,1.04,1.92,119.8,2.42,1400.0,0.06,1.58,2.57,8.77,112.0,83.3,0.87,0.224,5.5,67.45,58.386122448979584,17.6,0.8227140622,43.46895074946467,0.2118181818,8.12,5.37,28.85,2.38,38.5,122.59881656804734,4.42,14.2,,0.295,1.62,5.8,0.445,,1.92,6.5,,1.71,7.79,0.39,4.5,19.5,99.5,7.45,8.61,2.83,7.16,11.38,10.1,10.26,8.34,,9.85,2.23,15.48,13.013333333333332,8.5,,,,0.56,7.04,1.58,0.117,12.64,0.64,96.9,,1000.0,7.11,4.3,900.0,8.59,16.76,103.0,1620.56,1620.56,5.74,,1.43,109.2,1.86,1.03,64.5,500.0,0.205,,0.208,1.15,2200.0,490.0,5.37,5.17,11.32,,29.0,759.2593,973.0,945.0,7159.93,5.77,6.92,7159.93,,7.28,314.0,1.62,94.1,3.88,12.24,2.0,10647.53,10647.53,1.86,7.75,12.06,2.3,0.116,3.53,257.0,51.38,5.06,4.09,,,,0.97,14.2,0.111,0.111,5.4841060473987735,0.57,4.84,0.57,5.45,4.43,3.61,1.04,2.36,0.96,14.4,8972.0,0.007,0.007,13.33,13.0,1.56,1.49,1.22,11.7,0.42,9.935973333333331,59.29,0.51,4.4,340.0,849.0,1.56,0.185,0.6,8972.0,3.86,3.32,,4.75,0.62,2.45,3.23,15.738758029978587,15.5,104.0,1.15,2.43,7.31,0.93,0.4156976744186047,0.012,0.014,1.14,0.012,8.0,8.25,3.37,11.5,20.45,8.69,,4.17,45.0,0.39,0.445,9.0,3.266666666666667,1.8,12.0,0.87,6.39,43.0,,10.72,99.6,103.0,,,5.75,,1000.0,695.6577181208054,,,1.19,3.99,3620.84,3620.84,84.0,188.5,7276.82,125.0,,3.34,15.5,25.3,2.68,2.58,4.85,20.3,0.435,1.92,3.0,79.7,7.8,26.7,154.0,1494.97,101.8,0.124,1.0325581395348837,1.4,184.07368421052632,52.75,3.17,1815.0,1.18,904.0,169.5,,76.45,78.1,75.0,75.7,75.0,75.0,75.0,41.63265306122449,,36.15,0.81,5.72,2.55,2.22,1.58,0.89,,6.57,0.75,1494.97,1.0,0.56,1.0,33.5,1350.0,33.35,280.0,2.72,67.0,,0.0068,144.5,1.23,2.05,6.09,2.5,1.0416867469879516,19.0,4.39,0.27,10.3,0.67,2.18,0.2
2018-10-31,10.94,98.0,,14.0,0.455,25.35,21.5,21.45,920.0,1.31,0.85,4.1,,465.0,1.29,47.0,11.36,0.58,100.0,11.26,39.65,4370.46,2.28,4370.46,11.10648918469218,6.21,33.7,,0.435,0.041,0.78,,1.82,0.0023,1.95,,2.9,13.4,1.25,0.6498461538461539,59.5,,1.3,1.3,1.69,122.4,2.36,,0.056,1.34,2.45,8.4,100.0,82.15,0.76,0.219,6.26,61.1,53.063265306122446,16.1,0.813771518,39.74304068522484,0.1981818182,7.8,5.35,28.0,2.12,38.0,120.07100591715977,4.3,13.36,,0.3,1.57,6.77,0.415,,1.92,,,1.56,7.0,0.385,5.34,19.2,96.0,6.8,7.42,3.2,7.19,12.84,10.0,10.0,7.9,,11.4,2.1,15.2,5.4783809523809515,8.88,,,,0.52,6.96,1.5,0.103,11.32,0.6,85.0,,1000.0,7.23,4.0,890.0,7.81,15.62,102.0,1607.9,1607.9,5.63,3.2980769230769234,1.4,107.5,1.82,0.95,63.7,480.0,0.224,,0.211,1.05,2090.0,460.0,5.1,5.19,11.32,,25.0,703.7037,949.0,944.0,7003.53,5.83,6.44,7003.53,,7.07,319.4,1.53,90.5,3.29,10.76,2.02,10648.79,10648.79,1.63,7.8,11.24,2.51,0.105,3.24,276.0,45.04,4.29,,3.46,4.41,,0.91,14.4,0.109,0.112,6.038555207345998,0.53,4.81,0.53,5.45,4.23,3.4,1.02,2.28,0.8,14.5,9572.05,0.007,0.0068,14.33,13.0,1.23,1.51,1.2,10.76,0.4,9.11,58.0,0.48,4.41,367.8,810.0,3.0,0.175,0.54,9572.05,3.6,3.0,,4.8,0.57,2.22,3.38,16.059957173447536,17.94,101.9,1.03,2.54,4.35,0.91,0.38372093023255816,0.013,0.012,0.96,0.012,7.4,8.4,3.25,11.1,20.0,8.1,,4.05,40.55,0.345,0.395,9.06,3.033333333333333,1.65,10.38,0.74,6.15,39.6,,11.0,100.0,105.0,,,5.7,8.5,1000.0,677.7181208053692,,,1.2,3.45,3495.49,3495.49,77.95,185.0,7140.29,122.9,,3.48,17.84,29.0,2.19,2.7,4.79,20.95,0.43,1.92,2.84,75.8,7.0,27.95,144.4,1462.55,105.0,0.126,,1.35,216.76263157894738,48.55,3.17,1830.0,1.14,900.0,171.0,,75.05,76.05,74.35,74.9,75.0,75.0,74.9,41.57714285714286,,33.8,0.77,5.2,2.55,2.7,1.58,0.68,,6.35,0.7,1462.55,0.99,0.51,1.01,39.0,1390.0,29.1,280.0,2.84,66.85,,0.0061,130.0,1.18,1.61,5.28,2.39,1.31,18.98,3.5,0.235,11.3,0.58,1.54,0.217
2018-11-30,9.96,95.0,,13.92,0.58,19.9,19.86,19.1,951.0,1.44,0.8,3.21,,460.0,1.28,52.2,11.42,0.57,98.0,10.6,41.65,4441.33,2.28,4441.33,11.10648918469218,6.42,31.7,,0.38,0.038,0.9,,1.57,0.0018,1.85,,2.64,13.02,1.51,0.7666153846153846,59.7,,1.25,1.11,2.35,130.2,2.22,1800.0,,1.6,2.3,8.34,100.0,94.0,0.77,0.25,7.17,66.8,51.60857142857142,17.0,0.7780013414,46.04603854389722,0.1972727273,7.97,5.98,27.65,1.7,36.4,120.07100591715977,4.08,15.74,,0.29,1.55,7.06,0.41,,1.9,6.8,7.0,1.56,7.59,0.34,5.5,18.2,97.9,6.85,8.0,6.41,7.0,12.34,10.2,10.2,7.85,,10.2,2.36,15.5,18.2,8.64,,,,0.49,6.98,1.5,0.108,11.52,0.67,82.85,,998.0,9.3,4.14,892.0,8.0,17.72,102.5,1758.25,1758.25,5.09,,1.45,110.5,1.7,1.05,62.05,480.0,0.198,,0.202,1.03,1970.0,475.0,5.25,5.06,9.55,2.1,25.0,822.2222,947.5,940.0,7230.9,5.93,5.8,7230.9,,7.55,325.0,1.41,93.5,3.28,9.18,1.71,10655.14,10655.14,1.64,7.2,10.8,2.45,0.104,3.44,278.4,45.9,4.41,,3.6,4.43,,0.84,14.0,0.097,0.1,6.466743667503259,0.53,4.62,0.53,5.2,4.08,3.3,1.03,1.96,0.78,15.98,8487.63,0.0073,0.007,12.08,8.46,1.94,1.85,1.11,9.98,0.35,15.5,66.01,0.45,4.51,384.2,830.0,2.67,0.179,0.62,8487.63,3.66,2.59,,4.7,0.38,2.2,3.34,17.312633832976445,18.2,99.5,1.03,2.22,3.45,0.8,0.33895348837209305,0.013,0.012,0.88,0.012,7.2,8.0,3.09,10.9,20.1,8.2,,3.9,42.55,0.33,0.47,8.78,3.2466666666666666,1.35,10.7,0.64,6.0,41.2,,11.02,102.0,102.0,,,5.2,8.0,989.5,671.0738255033557,,,1.24,3.6,3601.14,3601.14,71.25,171.1,7367.85,117.0,,2.56,14.42,29.0,1.91,2.69,4.75,20.45,0.39,1.95,2.8,76.4,7.49,26.2,161.0,1401.55,112.0,0.123,1.1665116279069767,1.35,251.67315789473685,47.4,3.12,1825.0,1.18,908.5,174.7,,75.95,76.55,71.4,74.95,75.0,75.0,74.0,40.8,,34.7,0.78,5.4,2.2,2.32,1.36,0.61,,5.12,0.74,1401.55,0.84,0.385,1.01,32.5,1158.0,29.2,280.0,3.43,67.7,,0.006,128.0,1.14,1.74,5.3,2.4,1.7,15.2,2.97,0.245,12.06,0.61,1.32,0.215
2018-12-31,13.78,96.0,,15.48,0.61,26.0,20.0,18.7,900.0,1.4,1.02,3.37,,445.0,1.28,55.0,11.9,0.96,101.0,11.46,40.6,4517.85,2.37,4517.85,10.607321131447588,6.5,35.1,,0.405,0.039,0.88,,1.67,0.002,1.73,,2.56,13.88,1.42,0.7209230769230769,59.3,,1.5,1.5,4.5,130.8,2.31,1251.0,,1.5,2.19,9.41,98.15,94.0,0.78,0.24,6.46,64.95,51.60857142857142,16.0,0.7780013414,45.45610278372591,0.2136363636,7.8,6.37,27.1,1.9,37.0,106.8,4.14,15.2,,0.3,1.624,6.71,0.43,,2.08,,,1.8,7.59,0.38,6.5,17.84,98.8,6.38,7.69,6.03,7.27,12.78,10.0,10.1,7.8,,10.98,2.15,15.46,14.92,7.95,,,,0.485,7.11,1.7,0.121,11.9,0.72,82.0,,997.0,11.8,4.47,890.0,7.32,19.98,101.2,1779.85,1779.85,5.3,3.4234038461538465,1.41,111.5,1.66,1.06,64.75,465.0,0.219,,0.206,1.13,1900.0,480.0,5.44,5.36,10.04,1.99,26.75,902.7778,900.0,900.0,7341.81,5.83,5.8,7341.81,,8.1,325.0,1.53,100.0,3.59,10.6,1.87,10951.36,10951.36,1.81,8.2,11.2,2.25,0.129,3.39,291.8,53.04,6.78,3.52,4.82,4.91,,0.85,14.1,0.112,0.115,4.940636078737635,0.56,4.3,0.56,4.995,4.0,3.26,1.02,1.95,0.8,16.6,8200.5,0.007,0.0065,14.16,9.68,2.09,2.27,1.18,10.26,0.37,16.26,71.63,0.465,4.75,380.0,750.0,2.73,0.176,0.59,8200.5,3.63,2.56,,4.64,0.45,2.49,3.3,18.14775160599572,18.5,98.0,1.08,2.2,3.44,0.91,0.38372093023255816,0.013,0.013,0.94,0.013,7.4,8.33,3.25,11.98,20.2,7.71,,3.5,43.0,0.325,0.47,9.09,3.6333333333333333,1.34,11.9,0.8,5.85,42.75,,10.74,100.0,102.0,,,5.8,9.48,980.0,990.0,,,1.23,3.54,3627.98,3627.98,62.3,180.0,7466.02,145.2,,3.09,15.2,28.5,1.98,2.62,4.89,20.15,0.425,2.01,2.67,80.0,7.5,23.05,155.0,1442.71,124.0,0.125,1.2,1.32,283.5157894736842,47.75,3.12,1800.0,1.25,917.5,147.0,,75.0,76.0,74.95,73.0,75.0,74.9,74.5,40.8,,35.8,0.74,5.44,2.6,2.38,1.41,0.79,,5.4,0.74,1442.71,0.85,0.44,1.01,30.95,1125.0,40.0,249.8,2.95,63.95,,0.0055,127.0,1.18,1.99,5.41,2.33,1.6,16.88,3.22,0.247,12.6,0.7,1.72,0.223
2019-01-31,13.06,94.05,,13.5,0.62,27.8,22.75,20.0,927.0,1.31,1.14,3.67,,472.2,1.39,64.25,13.7,0.89,101.0,11.1,44.4,4829.85,2.58,4829.85,10.220465890183027,6.5,38.4,,0.445,0.039,0.77,,1.56,0.0021,1.7,,2.87,15.1,1.43,0.7412307692307692,59.5,,1.49,1.25,2.72,135.0,2.43,1253.0,0.061,1.41,2.17,11.02,93.0,91.0,0.8,0.255,6.62,64.55,49.59183673469388,17.0,0.7780013414,54.646680942184155,0.2245454545,7.99,6.2,28.2,2.67,40.05,140.0,4.16,15.92,,0.29,1.7,7.39,0.475,,2.05,,,1.75,7.59,0.38,6.3,20.45,98.5,6.6,7.08,6.75,7.6,12.58,10.1,10.0,9.0,,11.34,2.07,16.0,14.9,8.08,,,,0.49,7.5,1.57,0.12,12.42,0.66,95.0,,985.0,12.5,4.87,892.0,7.78,20.4,102.0,1825.2,1825.2,4.9,3.2980769230769234,1.49,119.0,1.53,1.02,72.8,455.0,0.227,,0.218,1.16,2020.0,480.4,5.79,5.6,11.9,2.99,27.8,987.963,930.0,900.0,7968.46,6.15,8.57,7968.46,,9.65,350.0,1.39,108.2,3.27,12.38,1.95,11667.18,11667.18,1.61,7.27,11.16,2.3,0.124,3.25,316.0,61.57,5.7,4.8,4.82,4.91,,0.82,14.86,0.134,0.132,5.906804911912993,0.6,4.28,0.6,4.625,5.2,3.2,0.99,1.91,0.79,15.5,8503.37,0.0075,0.0073,15.83,10.2,2.1,2.3,1.12,12.3,0.335,17.96,74.33,0.465,5.16,365.8,785.0,2.87,0.177,0.57,8503.37,3.3,2.81,,4.86,0.435,2.54,3.27,17.66595289079229,18.0,101.6,1.07,2.45,3.3,1.09,0.422093023255814,0.013,0.012,0.98,0.012,7.6,12.8,3.6,14.1,21.0,7.48,,3.63,45.5,1.61,0.46,8.91,4.04,1.34,12.18,0.94,6.6,45.0,,10.74,100.2,103.0,,,6.0,9.45,963.0,1050.0,,,1.15,3.2,3921.56,3921.56,58.5,185.8,8007.48,120.0,,4.03,14.4,26.0,1.9,2.55,4.8,22.05,0.44,1.98,3.02,88.0,8.18,23.7,179.0,1582.29,121.6,0.121,1.8,1.35,232.73684210526315,48.0,3.12,1800.0,1.37,990.0,165.0,,75.1,76.55,72.5,74.0,74.9,73.0,72.6,41.077551020408166,,38.1,0.77,6.47,2.28,2.39,1.34,0.8,,5.82,0.69,1582.29,0.93,0.455,1.0,30.0,1290.0,46.05,278.8,2.84,64.55,,0.007,148.1,1.14,1.67,5.84,2.48,1.4,16.98,2.99,0.25,13.72,0.69,1.48,0.231
2019-02-28,12.24,96.0,,13.1,0.72,21.05,21.95,20.15,925.0,1.28,1.15,3.22,,480.0,1.49,61.0,13.7,0.89,100.0,10.48,44.0,4769.75,2.96,4769.75,10.008319467554076,6.57,34.85,,0.435,0.049,0.78,,1.54,0.0021,1.98,,2.92,14.62,1.43,0.726,59.0,,1.35,1.19,2.91,127.6,2.58,1255.0,0.065,1.39,2.25,11.4,98.25,84.0,0.79,0.245,6.07,72.0,48.99673469387754,16.52,0.8227140622,52.19379014989293,0.2245454545,7.9,6.7,27.65,2.38,42.0,128.0,4.28,15.3,,0.3,1.824,7.85,0.495,,2.19,,,1.92,7.58,0.43,6.35,21.6,97.0,6.4,7.22,5.92,7.79,11.4,10.1,10.2,9.7,,11.68,2.11,16.0,15.0,8.74,,,,0.52,7.6,1.66,0.129,12.52,0.65,104.0,,966.0,13.66,4.48,900.0,7.78,21.25,104.0,1708.16,1708.16,4.2,3.2980769230769234,1.48,115.7,1.48,1.03,74.75,450.0,0.234,,0.245,1.26,1900.0,480.4,5.73,5.82,9.52,3.5,26.4,884.2593,910.0,900.0,7725.12,6.12,9.32,7725.12,,12.26,361.0,1.52,116.0,3.54,13.08,1.91,11341.4,11341.4,1.75,7.14,11.16,2.11,0.129,3.2,307.8,63.04,5.5,3.65,5.56,,,0.89,15.76,0.126,0.133,10.498124247400112,0.59,4.39,0.59,4.69,5.13,3.3,0.99,1.91,0.89,14.8,8491.76,0.0091,0.0093,16.03,10.96,2.0,2.0,1.11,12.22,0.64,16.0,67.25,0.465,5.17,367.6,800.0,2.9,0.199,0.56,8491.76,3.26,2.81,,4.7,0.425,2.98,3.83,17.34475374732334,20.0,100.0,1.09,2.75,2.93,1.04,0.3965116279069768,0.013,0.012,0.96,0.013,8.2,11.24,3.23,13.96,21.55,6.67,,3.8,47.05,1.29,0.46,8.88,3.3200000000000003,1.41,12.44,0.98,5.92,50.0,,11.8,100.0,106.5,,,6.0,8.5,971.0,1000.0,,,1.13,2.84,3981.72,3981.72,59.3,185.0,7705.49,121.0,,4.02,14.94,26.5,1.9,2.59,4.65,23.4,0.47,1.99,2.79,87.5,8.35,22.5,165.8,1534.99,133.3,0.13,1.7,1.34,237.4973684210526,48.95,3.13,1810.0,1.46,940.0,170.9,,75.45,76.6,71.4,73.35,74.5,74.5,72.2,40.522448979591836,,38.35,0.78,6.4,2.49,2.27,1.37,0.72,,6.8,0.76,1534.99,1.05,0.45,1.0,29.8,1030.0,45.5,284.0,2.88,61.65,,0.0085,136.1,1.13,1.67,7.4,2.71,1.31,16.0,3.05,0.243,14.76,0.67,1.48,0.36
2019-03-31,12.2,93.0,,12.56,0.61,20.25,20.65,19.2,940.0,1.25,1.28,3.18,,479.6,1.47,58.95,16.16,0.82,100.0,10.22,44.9,4864.17,2.99,4864.17,9.284525790349418,6.5,35.4,,0.44,0.044,0.81,,1.43,0.0021,1.93,,3.17,15.76,1.43,0.7361538461538462,58.65,,1.27,1.44,2.77,133.8,2.34,1260.0,0.067,1.31,2.28,12.0,97.75,84.2,0.77,0.244,5.68,75.0,57.5265306122449,15.28,0.8405991505,51.510706638115636,0.22,7.6,6.59,26.85,2.62,43.2,118.9,4.2,15.64,,0.295,1.9,7.65,0.53,,2.61,,,1.9,,0.4,5.51,22.8,97.5,6.24,6.74,5.26,7.9,12.0,10.3,10.2,11.6,,11.24,2.11,16.0,12.18,9.21,,,,0.5,7.38,1.64,0.126,12.16,0.69,108.0,,980.0,15.08,4.27,903.0,7.84,21.8,100.8,1762.71,1762.71,4.4,,1.52,118.0,1.55,0.95,79.25,450.6,0.244,,0.28,1.31,1938.0,494.8,5.79,5.74,11.92,2.42,29.05,862.5,900.0,925.0,7736.37,7.0,10.22,7736.37,,12.84,370.6,1.4,130.7,3.6,12.5,1.88,11720.35,11720.35,1.74,7.1,10.8,1.69,0.131,3.05,317.0,60.47,5.36,4.82,4.8,,,0.87,15.4,0.12,0.117,10.116374274767379,0.55,4.05,0.55,4.85,5.25,3.73,0.98,1.85,0.93,16.1,7930.78,0.0086,0.009,18.66,10.6,1.73,1.75,1.06,13.8,0.59,15.02,70.7,0.445,5.8,380.0,785.0,2.69,0.202,0.55,7930.78,3.22,2.8,,4.85,0.39,3.32,3.5,14.80728051391863,21.5,101.8,1.05,2.49,2.55,0.93,0.3965116279069768,0.012,0.012,0.91,0.012,8.0,10.6,3.2,13.8,21.45,6.49,,4.15,48.1,1.01,0.485,9.07,3.1666666666666665,1.41,12.0,0.85,5.97,57.0,,12.22,99.5,106.4,,,5.75,7.6,985.0,1050.0,,,1.14,2.68,4115.57,4115.57,57.8,198.0,7920.93,110.1,,3.43,12.28,26.7,1.72,2.55,4.78,24.5,0.44,2.05,2.55,79.0,8.95,21.95,173.0,1608.34,125.0,0.128,1.71,1.36,224.2736842105263,49.4,3.0,1800.0,1.55,934.0,174.0,,75.0,75.9,71.6,72.5,73.6,73.0,72.0,41.35510204081633,,39.9,1.05,6.85,2.4,2.37,1.33,0.71,,6.74,0.75,1608.34,1.01,0.41,0.99,29.35,1150.0,53.5,261.0,2.99,60.85,,0.0072,152.0,1.13,1.7,7.23,2.6,1.16,16.98,2.71,0.24,15.48,0.67,1.13,0.37
2019-04-30,12.64,96.0,,12.4,0.64,17.08,18.94,18.1,904.0,1.3,1.43,3.11,,467.0,1.43,55.6,14.96,0.77,97.0,11.16,48.95,4889.56,2.87,4889.56,9.945923460898502,6.6,37.7,,0.4,0.04,0.76,,1.3,0.0018,1.99,,2.89,15.5,1.39,0.7361538461538462,58.65,,1.28,1.42,2.61,134.0,2.43,1251.0,0.069,1.28,2.16,12.74,97.0,84.85,0.77,0.246,5.71,68.3,57.5265306122449,16.3,0.8666666667,50.92077087794433,0.2136363636,7.01,6.31,26.55,2.17,45.0,110.1,4.5,15.34,,0.29,1.894,7.47,0.5,,2.69,,,1.95,7.57,0.39,5.85,25.2,97.0,5.84,6.95,5.34,8.05,11.16,10.1,10.0,11.34,,10.92,2.19,15.86,12.0,9.25,,,,0.49,7.43,1.69,0.128,11.64,0.59,116.0,,974.0,14.98,4.63,890.0,7.89,22.1,104.0,1743.66,1743.66,4.5,,1.54,119.0,1.52,0.86,78.8,474.8,0.265,,0.249,1.36,1780.0,494.0,5.23,4.97,10.22,2.68,29.4,800.9259,874.0,950.0,7638.2,6.23,12.68,7638.2,,14.4,391.0,1.38,126.5,3.91,10.4,1.81,11608.92,11608.92,1.75,6.99,11.5,1.71,0.126,3.04,304.6,62.85,5.5,4.86,,5.28,,0.8,15.68,0.113,0.11,9.543749315818282,0.51,3.83,0.51,3.83,4.82,3.77,0.98,1.96,0.84,16.04,7720.61,0.0079,0.008,18.37,10.0,1.83,1.65,1.08,15.0,0.56,16.0,65.7,0.49,5.6,385.0,800.0,2.6,0.2,0.56,7720.61,3.18,3.39,,4.57,0.335,3.43,3.54,14.518201284796575,22.3,100.1,1.01,2.4,2.3,0.91,0.37093023255813956,0.012,0.012,0.88,0.011,7.8,9.8,3.24,13.5,21.95,6.2,,4.49,41.9,0.89,0.51,9.03,2.92,1.29,13.0,0.73,6.1,52.5,,12.06,100.5,106.0,,,4.85,8.2,970.0,1030.0,,,1.12,2.5,4329.0,4329.0,58.0,180.5,7952.72,112.0,,3.1,8.1,26.0,1.7,2.64,4.85,24.5,0.44,2.0,2.12,78.0,9.04,23.85,180.0,1586.18,115.0,0.134,1.45,1.35,227.44736842105263,45.2,3.0,1815.0,1.79,950.0,180.5,,75.1,75.5,71.5,72.55,74.65,74.4,72.75,73.0,,41.45,0.94,6.87,2.39,3.05,1.29,0.67,,6.84,0.73,1586.18,0.97,0.375,1.0,28.4,1230.0,45.3,270.0,2.77,60.95,,0.0072,152.3,1.13,1.41,7.31,2.5,1.19,16.0,3.23,0.249,16.68,0.77,1.12,0.33
2019-05-31,11.52,97.0,,12.38,0.58,12.9,18.26,17.96,919.0,1.42,2.09,3.64,,475.0,1.38,55.9,15.6,0.77,98.0,11.88,49.5,4890.37,3.59,4890.37,8.797836938435939,6.79,36.5,,0.425,0.046,0.74,,1.19,0.0018,2.03,,2.66,21.0,1.24,0.6295384615384615,59.5,,1.19,1.11,2.91,138.0,2.28,1251.0,0.059,1.17,2.25,11.84,96.75,80.8,0.81,0.29,6.6,65.5,41.72326530612245,16.0,0.8952380952,55.88865096359743,0.21,7.4,6.4,26.7,2.5,44.0,110.0,4.98,14.6,,0.285,1.88,6.82,0.6,,2.79,,,2.05,8.0,0.375,5.25,25.4,98.0,5.75,5.9,6.06,7.85,10.58,10.2,10.1,9.9,,10.14,2.03,15.96,10.44,10.08,,,,0.48,7.67,1.69,0.132,11.46,0.53,107.4,,970.0,14.16,4.56,890.0,7.87,23.1,104.0,1728.59,1728.59,4.5,3.2650961538461543,1.71,119.5,1.51,0.72,78.0,,0.27,,0.239,1.41,2170.0,486.0,5.37,5.34,10.02,2.34,43.0,799.0741,899.0,959.0,7577.31,6.16,13.74,7577.31,,15.96,413.0,1.34,136.0,3.56,10.22,1.75,11634.44,11634.44,1.71,5.7,10.16,1.78,0.122,2.92,288.0,59.61,6.21,4.85,5.0,5.0,,0.81,15.0,0.102,0.104,9.543749315818282,0.5,4.2,0.5,3.2,4.65,4.49,0.99,2.1,0.86,14.94,7388.4,0.0074,0.0078,17.5,9.5,1.54,1.6,1.05,12.76,0.55,15.9,63.49,0.49,5.9,385.0,780.0,,0.189,0.52,7388.4,3.7,2.76,,4.5,0.315,2.69,3.49,14.518201284796575,20.2,100.1,1.02,2.26,2.4,1.0,0.37732558139534883,0.012,0.012,0.91,0.011,7.8,9.88,2.92,13.7,22.05,6.12,,4.79,44.6,0.81,0.47,9.07,3.3266666666666667,1.23,13.5,0.79,5.69,57.6,,12.18,102.0,106.0,,,4.95,9.0,996.0,1015.0,,,1.1,2.23,4325.82,4325.82,57.75,185.0,7970.02,110.0,,2.99,9.25,26.45,1.55,2.6,4.99,26.0,0.41,2.06,1.91,73.0,9.6,22.0,175.0,1683.12,124.0,0.128,1.36,1.36,229.56315789473683,41.85,2.99,1750.0,1.87,942.0,187.5,,75.35,77.0,72.45,71.65,73.85,72.8,73.5,73.7,,39.8,0.92,6.55,2.38,3.16,1.2,0.67,,6.29,0.78,1683.12,1.47,0.365,1.0,25.6,1350.0,49.0,270.0,2.22,59.8,,0.0069,167.0,1.12,1.28,7.18,2.5,1.2,17.0,3.35,0.238,16.98,0.71,1.02,0.295
2019-06-30,11.16,96.85,,12.6,1.05,13.74,17.18,16.84,894.0,1.39,2.28,4.7,,484.6,1.39,55.0,15.44,0.85,99.0,11.0,50.8,4893.78,3.81,4893.78,9.047420965058237,6.7,34.8,,0.5,0.045,0.73,,1.24,0.0019,2.08,,2.79,21.3,1.37,0.6955384615384615,58.4,,1.2,1.33,2.78,140.0,2.33,1481.0,0.056,1.19,2.41,11.3,110.0,78.5,0.83,0.265,8.39,133.3,99.18367346938776,16.8,0.8761904762,56.50963597430407,0.2154545455,6.98,6.08,27.45,2.92,42.0,113.8,4.83,15.02,,0.29,1.87,6.88,0.61,,2.82,,,2.02,7.99,0.45,5.3,24.5,99.95,6.03,5.9,6.92,7.87,10.3,10.2,10.1,9.75,,10.46,2.18,15.6,10.1,10.92,,,,0.47,7.64,1.75,0.125,11.62,0.52,106.0,,960.0,14.0,4.99,890.0,7.71,26.8,105.1,1720.08,1720.08,4.48,,1.88,119.6,1.5,0.84,83.0,450.0,0.234,,0.227,1.4,2262.0,480.0,5.38,5.49,9.88,2.54,63.5,870.3704,900.0,900.0,7703.01,6.4,13.7,7703.01,,15.5,407.8,1.35,146.4,3.6,10.06,1.92,11701.75,11701.75,1.7,6.0,10.1,1.86,0.116,3.2,281.8,64.19,6.36,4.68,5.29,4.85,,0.82,14.28,0.12,0.129,9.543749315818282,0.5,4.25,0.5,3.1,4.13,4.12,0.98,1.94,0.83,15.2,7591.21,0.008,0.008,15.9,9.25,1.58,1.55,1.04,13.8,0.52,15.48,63.05,0.5,6.1,387.0,765.0,2.48,0.186,0.66,7591.21,3.24,2.72,,4.8,0.34,2.53,3.46,16.092077087794433,19.02,102.5,1.02,2.25,2.53,0.97,0.3517441860465117,0.011,0.012,0.88,0.011,8.4,9.18,2.92,13.26,21.4,5.82,,4.54,44.95,0.83,0.46,9.18,3.6,1.82,13.9,0.8,5.89,49.25,,12.1,101.8,103.1,,,5.09,9.0,998.0,1000.0,1000.0,1008.0,1.36,2.13,4273.77,4273.77,58.0,190.0,7999.71,115.0,,3.6,7.66,28.1,1.37,2.81,4.9,26.35,0.4,2.23,2.0,74.0,9.2,23.15,170.0,1711.29,136.0,0.125,1.36,1.37,253.89473684210526,38.75,2.95,1750.0,1.95,969.0,175.2,,75.0,76.0,72.0,73.0,73.7,73.5,73.7,73.0,,37.1,0.85,6.56,2.38,3.45,1.21,0.74,,6.4,0.76,1711.29,1.2,0.39,0.99,19.28,1290.0,49.0,267.0,2.21,61.25,,0.0065,166.0,1.12,1.28,7.13,2.7,1.52,16.02,3.65,0.232,16.8,0.75,1.16,0.33
2019-07-31,10.98,99.0,,13.86,0.94,16.08,18.3,17.54,957.5,1.5,2.09,5.66,,475.0,1.32,53.0,15.58,1.03,101.0,10.5,49.8,4890.06,3.99,4890.06,8.922628951747088,7.1,35.4,,0.51,0.048,0.73,,1.28,0.0017,2.1,,2.67,18.06,1.28,0.6650769230769231,58.5,,1.15,1.14,2.48,147.0,2.26,1251.0,0.062,1.23,2.31,11.48,99.55,90.0,0.82,0.27,7.45,80.0,59.47714285714286,16.8,0.8571428571,93.45,0.2136363636,7.0,6.08,26.85,2.92,41.75,116.7,5.1,15.08,,0.27,1.86,6.86,0.6,,2.72,,,2.02,7.95,0.46,5.19,24.2,101.0,6.39,6.45,5.21,7.58,10.14,10.2,10.0,11.0,,10.28,2.1,14.5,9.72,10.88,,,,0.465,7.53,1.69,0.125,12.4,0.53,101.5,,980.0,13.96,4.65,895.0,7.71,26.6,105.0,1842.49,1842.49,4.01,,1.9,121.1,1.44,0.78,86.55,481.2,0.228,,0.216,1.37,2148.0,490.0,5.37,5.3,9.7,2.2,62.8,927.0,928.0,945.0,7844.36,6.41,14.1,7844.36,,15.8,410.2,1.32,135.0,5.34,9.5,1.9,11252.52,11252.52,1.69,5.8,9.4,1.72,0.113,3.09,259.0,62.14,6.44,4.75,4.52,,,0.8,14.68,0.105,0.12,9.543749315818282,0.49,4.2,0.49,2.89,4.53,3.59,0.99,1.84,0.92,14.1,7885.78,0.0073,0.0074,16.16,8.8,1.45,1.45,1.08,14.0,0.5,14.12,67.03,0.455,6.12,365.0,770.0,2.7,0.186,0.77,7885.78,3.39,2.61,,4.8,0.33,2.71,3.43,15.096359743040685,19.0,102.3,1.01,2.53,2.48,1.07,0.31337209302325586,0.012,0.012,0.85,0.011,7.8,9.0,2.91,13.1,20.5,5.54,,4.83,45.5,0.74,0.455,9.0,3.5,1.77,13.8,0.72,5.6,49.65,,11.98,100.0,107.4,,,5.22,9.37,993.0,1010.0,1015.0,1018.0,1.43,2.05,4234.33,4234.33,59.65,188.0,8045.8,115.3,,3.42,10.14,30.7,1.49,3.01,5.06,27.35,0.4,2.41,2.15,79.3,9.4,23.0,182.5,1644.35,149.9,0.127,1.38,1.4,237.70894736842104,38.45,3.25,1760.0,2.16,999.5,178.0,,75.5,77.2,74.8,75.0,75.5,75.0,75.5,75.0,,36.5,0.85,6.85,2.47,3.2,1.07,0.71,,5.99,0.81,1644.35,1.1,0.355,1.0,15.86,1150.0,45.0,261.0,1.97,60.25,,0.0061,159.6,1.11,1.3,7.64,2.48,1.23,16.12,4.22,0.232,15.7,0.75,1.02,0.275
2019-08-31,10.2,100.0,,12.22,0.91,14.6,20.2,18.36,925.0,1.56,2.53,7.56,,502.0,1.31,53.9,12.7,0.88,102.0,9.71,47.3,4809.48,3.55,4809.48,9.671381031613977,7.0,38.0,,0.58,0.047,0.8,,1.24,0.0018,1.9,,2.53,19.84,1.28,0.6650769230769231,57.0,,1.15,1.11,2.33,149.0,2.18,,0.059,1.15,1.93,10.34,108.9,87.95,0.8,0.249,7.06,76.95,81.0,15.0,0.8095238095,98.0,0.2163636364,6.99,6.16,26.15,3.05,32.05,110.0,4.72,13.9,,0.28,1.84,6.94,0.57,,2.71,,,2.02,7.95,0.4,5.83,21.65,101.0,5.7,5.8,5.15,7.85,9.05,10.3,10.1,9.46,,9.17,2.25,15.1,10.2,10.1,,,,0.455,7.25,1.7,0.121,11.9,0.53,90.0,,990.0,13.7,4.89,890.0,7.71,26.4,105.0,1833.28,1833.28,4.67,,1.62,119.6,1.47,0.72,82.15,490.0,0.26,,0.218,1.26,2030.0,500.0,5.37,5.18,9.78,2.06,50.0,908.0,995.0,980.0,7922.86,6.28,14.78,7922.86,,15.32,435.0,1.34,135.8,5.65,8.19,2.07,11126.3,11126.3,1.58,5.3,9.65,1.41,0.112,3.07,237.8,68.52,6.48,4.72,5.0,4.85,10.92,0.74,14.0,0.108,0.12,13.371020799124246,0.5,4.9,0.5,2.68,4.64,3.15,0.99,1.6,0.94,14.78,8250.52,0.0095,0.011,15.83,8.69,1.16,1.28,1.1,13.88,0.475,15.16,62.74,0.46,5.13,365.0,750.0,2.27,0.203,0.66,8250.52,3.2,,,4.95,0.325,2.45,3.32,14.453961456102784,19.0,101.1,1.01,2.74,3.23,0.94,0.30697674418604654,0.011,0.012,0.84,0.011,7.8,8.08,3.02,13.1,22.0,5.09,,4.25,43.9,0.58,0.47,9.22,3.3333333333333335,1.9,12.38,0.7,5.29,46.9,,11.2,100.0,109.0,,,5.15,9.2,996.0,1020.0,1035.0,1033.0,1.39,2.1,3998.0,3998.0,57.9,186.5,7979.66,116.0,,3.82,11.6,27.6,1.62,2.6,5.1,25.0,0.4,2.35,2.2,78.0,9.11,23.2,204.0,1623.75,144.0,0.126,1.4,1.28,243.21,31.4,3.3,1800.0,2.4,1026.0,180.0,,75.3,78.5,75.45,76.5,76.3,77.0,75.55,76.0,,35.3,0.85,7.2,2.41,2.79,1.08,0.7,,5.8,0.89,1623.75,1.04,0.37,1.02,10.7,1179.0,53.8,246.8,1.82,60.05,,0.0065,173.0,1.11,1.18,7.7,2.45,1.25,16.1,3.13,0.236,16.9,0.69,0.98,0.25
2019-09-30,10.0,97.0,,11.72,0.93,13.28,18.36,17.6,884.5,1.78,2.06,8.51,,502.0,1.3,53.05,10.9,0.9,100.5,10.02,49.45,4712.87,3.5,4712.87,9.983361064891847,6.99,38.35,,0.62,0.045,0.75,,1.17,0.0017,1.96,,2.51,18.24,1.18,0.6092307692307692,56.0,,1.15,1.17,2.31,143.0,2.09,1718.0,0.056,1.11,2.0,10.86,108.9,93.0,0.83,0.246,6.88,70.0,76.3,19.0,0.7904761905,90.0,0.223,7.2,6.34,25.0,2.61,31.5,120.0,4.74,14.06,,0.28,1.86,6.53,0.55,,2.65,,,2.03,7.95,0.395,6.0,20.4,101.0,5.9,5.8,5.03,7.8,8.31,10.4,10.3,9.75,,8.9,2.11,15.3,9.68,10.98,,,,0.45,7.1,1.64,0.121,11.94,0.53,92.0,,995.0,13.0,5.2,919.0,7.71,24.6,107.5,1804.77,1804.77,4.01,3.4300000000000006,1.57,117.0,1.65,0.68,80.3,500.0,0.221,,0.239,1.2,1830.0,500.5,5.22,5.14,12.48,2.53,47.05,842.0,999.0,995.0,7595.33,5.75,14.5,7595.33,,15.04,432.0,1.21,120.4,5.03,8.0,1.77,10565.13,10565.13,1.55,4.25,9.48,1.38,0.11,2.86,222.0,69.04,5.79,4.71,5.83,5.23,10.1,0.73,13.6,0.108,0.11,17.002857142857142,0.53,5.4,0.53,2.82,4.39,3.01,0.99,1.52,0.94,13.94,9010.69,0.0091,0.01,15.66,8.26,1.14,1.2,1.14,13.18,0.445,15.14,60.53,0.42,4.37,370.0,750.0,3.09,0.203,0.59,9010.69,3.45,2.89,,4.98,0.305,2.37,3.54,12.97644539614561,18.7,101.5,1.08,3.96,2.71,0.92,0.31976744186046513,0.011,0.012,0.9,0.012,7.8,8.24,3.0,13.0,20.8,5.0,,4.28,39.05,0.55,0.415,10.42,3.2133333333333334,1.69,11.68,0.7,5.2,43.6,,11.08,100.0,108.0,,,5.3,8.69,1000.0,1030.0,1056.0,1081.0,1.35,2.06,4101.27,4101.27,60.7,179.6,7779.07,129.0,,3.77,11.86,26.5,1.97,2.85,5.12,24.5,0.38,2.32,2.39,79.0,9.12,22.8,197.0,1526.5,140.0,0.123,1.4,1.27,234.85263157894735,32.3,3.27,1850.0,2.57,971.0,171.5,,76.05,77.9,75.0,75.6,75.8,75.95,76.0,75.6,,37.2,0.86,7.45,2.59,2.82,1.02,0.68,,5.84,0.93,1526.5,1.05,0.325,1.01,8.7,1132.0,53.0,225.0,1.59,59.1,,0.0064,156.0,1.09,1.13,7.72,2.42,1.2,16.94,3.04,0.224,16.5,0.67,0.93,0.235
2019-10-31,11.18,98.15,,12.46,0.82,13.02,18.6,17.7,860.0,1.63,2.49,10.38,,498.0,1.29,55.95,11.48,0.88,103.3,9.35,48.55,4787.45,3.6,4787.45,8.348585690515808,6.89,39.95,,0.53,0.041,0.75,,1.13,0.0018,1.78,,2.54,19.6,1.12,0.5736923076923076,55.0,3.89,1.1,1.12,2.4,154.9,1.99,,0.053,1.11,1.84,9.99,105.5,97.0,0.81,0.249,6.68,65.4,72.0,18.12,0.8285714286,92.35,0.205,6.91,6.1,25.2,2.51,30.5,113.1,4.5,15.0,,0.295,1.8,6.9,0.6,,2.6,,,2.1,7.95,0.49,5.75,20.25,100.4,5.32,5.3,4.73,7.69,8.21,10.02,10.0,10.22,,8.53,2.05,15.5,9.02,10.26,,,,0.49,7.0,1.59,0.121,12.58,0.53,92.0,,992.0,13.22,4.5,925.0,7.77,24.8,109.5,1918.4,1918.4,4.25,,1.6,119.4,1.88,0.68,78.9,500.0,0.224,,0.211,1.27,1824.0,501.0,5.26,5.14,11.92,2.26,48.5,894.0,970.0,950.0,7830.3,5.61,14.58,7830.3,11.48,15.0,431.0,1.26,118.7,4.8,7.91,1.73,10470.94,10470.94,1.48,3.86,8.0,1.56,0.11,2.46,232.0,72.61,5.5,4.5,5.09,5.04,11.3,0.75,14.0,0.104,0.108,30.914285714285718,0.51,5.11,0.51,2.68,4.31,3.06,1.01,1.53,0.91,13.34,9216.52,0.0091,0.0092,17.16,9.24,1.05,1.07,1.18,13.24,0.4,13.5,67.6,0.41,4.83,338.4,768.0,2.78,0.183,0.59,9216.52,3.45,,,4.8,0.29,2.43,3.5,12.745182012847966,17.7,101.0,1.07,4.01,3.53,0.89,0.3037790697674419,0.012,0.012,0.89,0.011,7.6,8.25,2.92,12.7,20.6,5.01,,4.35,40.85,0.485,0.41,9.49,3.4600000000000004,1.7,11.48,0.67,5.12,44.9,,11.0,101.8,108.0,,,5.4,9.14,1000.0,1006.0,1051.0,1080.0,1.46,2.03,4172.29,4172.29,57.6,175.0,7977.12,117.4,,3.53,12.8,25.7,1.94,2.8,5.38,25.45,0.38,2.32,2.08,75.85,9.2,23.35,199.2,1513.05,149.0,0.131,,1.27,208.93421052631578,34.0,3.29,1840.0,2.63,1030.0,167.0,,,78.2,75.15,75.1,76.1,75.5,75.1,75.7,,39.0,0.86,7.37,2.34,2.58,0.98,0.68,,5.58,1.71,1513.05,1.11,0.325,0.96,8.7,1100.0,52.0,230.0,1.62,60.15,,0.0062,151.0,1.14,1.35,7.69,2.5,1.13,16.86,3.02,0.218,16.5,0.67,0.93,0.22
2019-11-30,10.08,97.05,,11.46,0.76,12.48,17.44,16.8,806.0,1.5,2.2,9.09,,509.0,1.25,48.95,11.06,0.83,100.0,8.86,45.5,4632.84,3.39,4632.84,8.710482529118137,6.75,34.45,501.0,0.465,0.04,0.73,,1.07,0.0015,1.6,,2.4,18.0,0.94,0.49246153846153845,53.7,3.35,1.19,1.03,2.83,151.8,2.04,1250.0,,1.05,1.85,11.14,101.6,85.95,0.71,0.238,5.85,70.0,67.7,18.68,0.8285714286,92.5,0.18,7.08,6.47,25.1,2.28,29.6,130.0,4.7,15.22,,0.275,1.82,6.81,0.58,,2.54,,,2.06,,0.41,5.33,19.6,100.1,5.25,5.19,4.09,7.55,6.5,10.04,10.0,10.34,,8.77,2.04,14.98,8.74,10.3,,,,0.44,7.2,1.6,0.121,12.82,0.59,90.0,,998.0,13.38,4.25,910.0,7.7,25.0,112.0,1841.8,1841.8,3.99,3.43,1.54,116.0,1.65,0.57,75.05,499.0,0.209,1.71,0.206,1.22,1940.0,500.0,5.2,5.05,10.54,1.87,40.5,894.5,1000.0,1000.0,7630.43,5.4,13.96,7630.43,11.52,14.86,410.0,1.21,123.6,4.23,7.86,1.72,9781.29,9781.29,1.32,4.2,7.9,1.27,0.103,2.24,192.0,73.23,5.2,4.4,5.22,5.19,11.0,0.76,13.98,0.099,0.102,29.658392857142857,0.5,4.75,0.5,2.5,4.04,2.75,1.01,1.55,0.9,11.06,8054.07,0.0084,0.0097,15.0,8.2,1.05,1.03,0.97,12.5,0.415,11.56,66.25,0.38,4.43,319.0,805.0,2.5,0.182,0.56,8054.07,3.39,,,4.3,0.217,2.29,3.56,12.012847965738757,17.08,101.0,1.03,3.09,2.84,0.85,0.31337209302325586,0.012,0.011,0.82,0.011,7.4,7.65,2.78,12.7,22.15,4.54,,4.1,40.15,0.49,0.395,10.0,3.2933333333333334,1.32,10.78,0.62,5.25,37.5,,11.08,100.5,107.0,1028.0,,4.96,,,1026.0,1030.0,1066.0,1.39,2.01,4043.6,4043.6,57.6,176.2,7738.96,112.1,,3.3,10.48,24.75,1.95,3.0,5.46,26.2,0.33,2.14,1.91,79.0,9.0,21.8,205.0,1546.48,149.9,0.115,1.72,1.26,211.57894736842104,33.1,3.2,1805.0,2.44,1060.0,159.2,,,78.0,75.05,75.95,76.6,75.2,75.45,75.15,,39.0,0.78,8.67,2.25,2.64,0.99,0.67,,5.5,1.33,1546.48,1.04,0.275,0.96,5.08,1075.0,46.0,219.0,1.13,59.55,,0.0058,150.1,1.06,1.11,7.6,2.43,0.94,16.2,2.75,0.223,18.5,0.61,0.86,0.211
2019-12-31,10.5,99.7,,10.96,0.86,10.46,15.8,15.4,785.5,1.4,1.99,7.32,,499.0,1.21,51.5,11.66,0.81,101.3,8.95,45.5,4649.67,2.99,4649.67,8.423460898502496,6.42,34.2,505.0,0.39,0.043,0.69,,0.99,0.0015,1.47,,2.5,18.5,0.93,0.48738461538461536,53.1,2.61,1.13,1.02,5.2,158.0,1.99,1275.0,,1.11,1.87,11.3,88.1,87.9,0.71,0.245,5.5,65.0,71.9,17.48,0.8095238095,89.5,0.188,7.09,6.8,25.05,2.01,30.0,170.0,4.83,15.18,,0.27,1.842,6.84,0.55,,2.88,,,2.15,8.49,0.38,5.0,18.9,100.5,4.85,4.88,3.44,6.93,6.61,10.0,10.28,9.9,,9.5,2.03,14.86,7.79,9.8,,,,0.43,7.21,1.6,0.1,12.06,0.72,85.0,,997.0,13.0,3.83,890.0,7.0,24.15,111.9,1863.65,1863.65,3.99,3.61,1.5,117.4,1.79,0.51,68.95,490.0,0.203,1.21,0.202,1.2,2020.0,500.0,5.33,5.3,10.66,1.87,38.0,847.0,990.0,1000.0,7592.07,5.2,13.6,7592.07,11.64,14.74,436.0,1.16,128.6,3.79,7.89,1.66,9635.07,9635.07,1.3,7.0,9.49,1.25,0.104,2.0,216.0,76.95,6.65,4.0,5.18,5.79,9.7,0.77,13.5,0.091,0.101,26.824583333333333,0.5,4.86,0.5,2.5,3.71,2.4,1.0,1.29,0.85,11.98,8091.98,0.0079,0.008,13.75,6.19,0.99,1.0,0.98,12.4,0.385,11.5,66.3,0.375,4.01,317.0,849.0,2.48,0.153,0.57,8091.98,3.35,2.6,,3.48,0.191,2.11,3.5,10.36,16.38,100.3,1.02,3.39,2.49,0.83,0.3005813953488372,0.011,0.011,0.75,0.011,4.75,7.85,2.69,12.7,20.5,3.86,,4.1,39.75,0.34,0.43,10.06,3.466666666666667,1.92,9.9,0.57,5.43,34.5,,11.94,102.3,106.7,1022.0,,5.06,8.85,,1049.0,1031.0,1055.0,1.2,2.09,4154.52,4154.52,57.5,175.0,7815.26,130.0,,2.83,8.64,23.0,2.17,2.95,5.3,27.55,0.3,2.04,1.8,80.0,9.26,22.0,195.0,1531.1,142.0,0.117,1.36,1.22,195.0,32.8,3.2,1825.0,2.48,1043.0,164.0,,,77.5,75.0,77.0,75.8,76.0,75.05,75.2,,42.1,0.79,8.19,2.21,2.78,0.85,0.6,,5.66,1.23,1531.1,1.02,0.27,0.96,4.07,988.0,49.95,214.0,1.07,57.7,,0.0052,145.0,1.08,1.2,7.73,2.6,0.86,15.12,2.61,0.202,18.0,0.6,0.77,0.2
2020-01-31,9.4,99.0,,11.8,0.83,10.54,16.42,15.3,726.5,1.31,1.77,7.91,,503.5,1.2,49.3,10.8,0.79,103.1,8.8,41.6,4292.21,2.55,4292.21,7.512479201331114,6.24,32.35,503.0,0.4,0.049,0.7,,0.99,0.0015,1.74,,2.4,17.5,0.9,0.47215384615384615,52.15,3.05,1.1,1.1,2.55,148.0,1.57,,,0.87,3.16,9.0,100.9,82.5,0.65,0.22,5.05,61.3,64.0,17.72,0.7523809524,75.0,0.178,6.51,6.67,25.1,1.42,30.6,165.0,4.46,15.0,,0.27,1.846,6.08,0.49,100.7,3.07,,,2.15,8.48,0.38,5.39,15.9,101.1,4.93,5.37,3.36,6.71,6.1,10.2,10.28,8.7,,8.8,1.8,12.7,8.1,8.4,,,,0.4,7.22,2.41,0.105,11.2,0.65,72.9,,1000.0,13.02,4.12,893.5,6.81,20.3,108.0,1724.93,1724.93,3.75,3.61,1.46,109.0,1.46,0.51,66.65,482.2,0.207,1.64,0.206,1.04,1890.0,490.0,5.26,5.15,13.38,1.94,37.0,675.0,970.0,990.0,6900.31,4.95,12.7,6900.31,10.2,14.74,425.0,1.19,130.0,3.5,7.01,1.62,8921.44,8921.44,1.18,5.03,8.0,1.13,0.099,1.76,191.2,66.76,6.78,,5.2,5.5,9.78,0.77,13.68,0.098,0.101,27.05,0.5,4.94,0.5,2.12,3.72,2.28,,1.13,0.96,9.8,7663.26,0.0077,0.0083,7.6,7.19,1.05,0.96,0.76,10.0,0.435,13.84,57.35,0.39,4.05,256.0,850.5,2.28,0.182,0.6,7663.26,3.03,2.56,,3.21,0.215,1.96,3.05,12.16,14.6,100.6,1.03,2.86,2.23,0.77,0.2973837209302326,0.011,0.011,0.7,0.01,4.51,7.4,2.97,12.0,20.8,3.62,,4.09,38.2,0.33,0.38,9.8,2.84,1.85,9.46,0.54,5.29,31.8,,11.9,102.3,108.0,1030.0,,4.7,8.0,,1115.0,1040.0,1060.0,1.19,2.05,3838.74,3838.74,53.4,177.9,7200.79,110.0,,2.88,8.61,20.0,1.65,2.75,5.02,25.5,0.32,2.06,1.6,77.05,8.75,22.0,177.0,1475.16,142.5,0.121,1.7,1.2,189.0,29.95,3.07,1830.0,2.53,971.0,139.8,,,77.0,75.2,75.0,76.0,75.0,75.95,75.2,,38.9,0.82,9.21,2.01,2.22,1.0,0.61,,5.3,1.8,1475.16,0.91,0.255,0.95,8.9,996.0,49.45,186.0,1.16,63.5,,0.0055,145.0,1.03,1.17,7.0,2.54,0.91,14.06,3.45,0.202,18.84,0.58,0.81,0.2
2020-02-29,7.4,99.0,,11.48,0.71,9.7,22.65,19.0,662.5,1.43,1.84,6.49,,501.0,1.08,42.65,10.04,0.75,100.2,8.98,39.0,4064.32,2.0,4064.32,7.23,6.1,27.5,503.0,0.4,0.046,0.64,,1.0,0.0012,1.55,,2.39,17.5,0.9,0.48230769230769227,50.0,2.65,1.12,1.1,2.5,139.0,1.54,,0.039,0.85,,8.15,98.95,74.1,0.56,0.214,3.58,66.4,69.0,16.0,0.7619047619,73.55,0.165,6.52,6.59,24.75,1.38,30.0,226.8,4.42,14.72,,0.27,1.782,6.24,0.485,101.2,2.76,,,2.0,8.47,0.33,4.8,17.0,101.0,4.0,3.66,1.63,6.45,5.3,10.26,10.28,8.7,,7.22,1.8,10.3,6.6,7.95,,,,0.37,8.02,3.78,0.11,11.0,0.63,73.0,,1005.0,12.0,3.8,800.5,6.0,18.34,108.2,1605.99,1605.99,3.6,,1.23,103.1,0.98,0.62,61.3,490.0,0.22,1.67,0.196,1.03,1779.0,502.0,5.27,5.19,13.36,1.3,34.95,711.0,999.0,990.0,6627.08,4.6,13.18,6627.08,9.5,14.2,410.0,1.06,106.0,2.59,4.9,1.53,8351.48,8351.48,1.18,5.41,8.0,0.97,0.096,2.05,170.0,64.28,6.51,3.8,5.21,5.6,8.09,0.77,12.58,0.09,0.095,34.05,0.47,5.0,0.47,1.98,3.7,1.95,,1.04,0.93,8.95,6451.44,0.0072,0.0073,7.0,6.52,1.73,1.84,0.67,8.77,0.47,12.0,56.05,0.42,3.4,269.8,834.0,2.3,0.155,0.59,6451.44,2.96,,,3.07,0.184,1.59,3.4,11.76,12.66,100.0,0.93,2.18,1.93,0.72,0.28139534883720935,0.0096,0.01,0.62,0.011,4.02,6.9,2.97,12.0,19.0,3.36,,3.52,37.0,0.275,0.42,9.9,2.646666666666667,1.85,8.34,0.52,4.65,29.25,,10.62,100.1,109.7,1030.0,,4.73,8.94,,1006.0,1050.0,1060.0,1.07,2.1,3633.18,3633.18,50.0,171.9,6787.91,110.3,,2.9,6.36,19.68,1.55,2.65,5.0,21.3,0.29,1.92,1.5,66.6,8.75,19.4,154.4,1351.38,152.0,0.121,,1.03,175.0,26.05,3.04,1770.0,2.35,974.5,126.2,,,77.7,75.65,76.4,76.85,75.2,76.1,76.2,,38.3,0.83,8.7,2.02,1.99,1.08,0.52,,4.92,1.58,1351.38,0.83,0.211,0.95,6.5,990.0,,159.9,1.03,57.35,,0.0048,141.3,1.17,1.11,6.28,2.5,0.93,15.1,2.4,0.218,18.1,0.53,0.76,0.185
2020-03-31,6.0,92.5,,10.86,0.52,5.51,15.82,13.84,467.4,1.25,1.78,5.1,,498.0,1.11,37.7,6.98,0.61,98.0,9.0,30.2,3237.77,1.76,3237.77,6.3,6.36,26.3,490.0,0.245,0.039,0.54,,0.72,0.0011,1.04,,1.89,15.8,0.52,0.53,44.9,2.19,1.05,1.09,2.28,103.5,1.31,960.0,0.027,0.6,,6.0,85.0,61.8,0.51,0.162,2.85,60.0,45.5,14.46,0.7523809524,45.3,0.127,6.79,6.1,20.15,1.07,28.95,140.0,3.72,13.5,,0.246,1.55,4.75,0.37,100.8,2.6,,,1.92,8.46,0.235,4.5,16.16,97.7,3.54,3.5,1.7,6.35,3.77,10.3,10.28,7.0,,4.95,1.88,7.4,4.85,5.1,,,,0.295,7.98,1.97,0.1,7.7,0.5,50.0,,,8.4,3.13,800.0,6.11,16.5,102.0,1223.64,1223.64,3.25,3.8,0.91,81.0,0.57,0.51,48.0,490.0,0.18,1.17,0.183,0.77,1930.0,499.8,5.24,5.25,12.76,0.8,32.0,407.0,999.0,980.0,5233.52,3.7,12.28,5233.52,4.68,11.96,368.0,0.93,74.7,2.09,4.53,1.0,6361.71,6361.71,0.99,5.0,7.44,0.68,0.08,1.97,106.4,49.8,6.34,3.6,4.0,6.0,5.85,0.68,11.6,0.071,0.082,40.0,0.405,4.4,0.405,1.6,2.79,1.41,,0.69,0.7,8.3,4161.9,0.0064,0.0084,3.97,4.75,1.55,1.48,0.57,4.7,0.37,12.98,40.0,0.26,2.5,225.0,718.0,2.0,0.144,0.54,4161.9,2.1,,,2.42,0.141,1.39,3.2,9.52,6.3,99.5,0.9,1.55,1.41,0.67,0.39,0.0082,0.0094,0.465,0.007,2.75,6.6,2.03,8.9,17.0,2.53,,2.5,36.45,0.2,0.305,8.2,2.6666666666666665,1.8,4.93,0.305,4.9,20.05,,10.2,98.0,100.0,999.0,,4.1,8.5,,1039.0,1015.0,1030.0,0.82,1.71,2748.3,2748.3,44.65,168.8,5321.23,103.2,,2.04,4.1,17.1,1.45,2.6,4.3,14.84,0.275,1.48,1.38,57.0,5.4,11.0,107.0,1192.04,130.0,0.101,1.7,0.8,150.0,18.86,2.75,1450.0,2.05,818.0,91.5,,,75.5,74.0,74.5,74.5,74.2,74.3,74.0,,28.4,0.63,8.05,1.9,1.25,0.75,0.4,,3.61,1.19,1192.04,0.71,0.16,0.87,6.65,1129.0,,152.0,0.75,53.1,,0.0041,104.0,1.12,0.87,4.08,2.52,0.58,12.1,1.56,0.19,12.96,0.39,0.47,0.138
2020-04-30,10.6,99.0,,10.88,0.58,7.7,18.0,15.7,582.0,1.13,2.05,6.94,,500.0,0.92,41.5,6.46,0.57,99.0,9.1,31.95,3445.83,1.96,3445.83,8.43,6.1,27.4,504.0,0.32,0.043,0.54,,0.95,0.001,1.05,,1.9,16.48,0.57,0.56,48.7,2.96,1.02,0.81,2.32,101.0,1.37,,0.029,0.87,,5.6,87.0,58.5,0.58,0.179,3.34,60.0,68.65,13.0,0.7333333333,48.35,0.133,6.26,5.9,19.74,1.11,24.0,180.0,4.06,14.3,,0.204,1.55,4.98,0.365,99.5,2.73,,,1.74,,0.29,4.0,16.16,99.95,3.74,3.1,2.2,6.87,4.12,9.6,9.7,6.9,,5.29,1.54,8.17,7.91,5.37,,,,0.29,7.9,2.79,0.072,7.85,0.57,59.0,,,8.6,2.73,830.0,,19.0,104.0,1188.67,1188.67,2.89,,0.95,86.6,0.9,0.56,57.35,495.0,0.195,1.44,0.203,0.82,2196.0,500.0,4.87,4.83,12.72,1.3,32.35,453.0,997.0,970.5,5544.29,3.7,11.5,5544.29,6.18,10.9,312.4,0.95,89.6,2.15,5.91,1.45,7474.93,7474.93,1.19,5.0,8.39,0.87,0.083,1.78,143.1,48.47,6.24,3.99,5.06,6.0,7.79,0.74,13.6,0.081,0.084,35.05,0.48,4.6,0.48,1.73,2.62,1.54,,0.8,0.78,7.75,4708.57,0.0066,0.007,4.2,6.5,2.76,2.75,0.59,6.61,0.37,10.22,39.05,0.34,2.58,254.4,639.0,,0.14,0.54,4708.57,2.05,2.1,,2.57,0.168,1.89,3.6,10.64,6.55,99.8,0.91,1.7,1.92,0.64,0.4,0.0085,0.0095,0.5,0.0084,3.11,7.25,2.01,8.5,16.7,3.19,,2.45,46.3,0.255,0.31,8.88,1.9400000000000002,1.91,6.78,0.315,4.3,23.8,,11.58,99.4,103.4,998.0,,4.2,8.5,,1030.0,1012.0,1020.0,0.82,1.51,2921.92,2921.92,43.9,168.9,5700.71,105.1,,2.29,4.35,16.6,1.68,2.5,4.49,15.04,0.24,1.52,1.42,67.0,5.14,12.1,103.4,1373.82,123.5,0.118,1.7,1.01,170.0,18.5,2.71,1598.0,1.94,845.0,97.0,,,77.0,74.9,75.1,75.5,75.25,75.15,75.0,,31.0,0.65,7.98,1.99,1.35,1.22,0.345,,4.04,1.28,1373.82,0.85,0.199,0.84,9.0,1299.0,,142.0,0.89,53.9,,0.0041,125.9,1.09,0.86,4.31,2.5,0.73,13.52,2.36,0.188,14.7,0.415,0.63,0.162
2020-05-31,9.25,99.0,,10.18,0.47,8.06,14.68,13.6,747.5,1.08,1.95,6.49,,500.0,0.84,42.9,6.0,0.5,100.0,8.9,32.0,3457.7,1.58,3457.7,7.09,6.0,27.8,502.0,0.285,0.041,0.5,,0.89,0.0011,1.0,,1.92,16.0,0.58,0.6,47.45,2.54,1.24,0.95,2.07,100.4,1.35,,0.025,0.67,,6.2,73.0,66.3,0.54,0.166,3.11,57.85,64.2,12.94,0.7238095238,36.05,0.121,5.6,5.5,18.9,1.06,24.5,130.0,3.69,14.98,,0.18,1.56,4.83,0.375,100.5,2.71,,,1.74,8.44,0.26,4.02,16.02,100.0,4.5,2.85,2.25,7.1,3.94,9.98,10.0,6.38,,4.55,1.77,8.24,6.74,4.46,,,,0.275,7.83,2.2,0.12,6.08,0.53,63.9,,,8.49,2.32,,6.11,20.4,103.0,1176.42,1176.42,2.88,,0.9,87.5,0.73,0.57,54.0,500.0,0.156,1.25,0.201,0.78,2294.0,509.0,4.79,4.85,12.66,1.62,30.15,387.0,990.0,997.0,5946.52,3.25,7.68,5946.52,5.36,9.82,290.0,0.95,87.7,1.81,5.43,1.25,7311.09,7311.09,1.12,5.0,7.99,0.82,0.074,1.86,108.7,46.47,5.72,3.66,4.73,5.19,5.8,0.71,13.0,0.075,0.077,40.0,0.53,4.59,0.53,1.89,2.4,1.41,,0.7,0.76,7.88,4362.72,0.0063,0.007,3.42,6.82,2.45,2.75,0.55,5.54,0.365,16.5,35.2,0.305,2.85,283.0,600.0,1.85,0.115,0.54,4362.72,2.25,,,2.89,0.143,1.52,3.4,11.22,4.75,99.4,1.0,1.52,1.7,0.63,0.36,0.0086,0.0095,0.47,0.008,2.7,6.71,2.19,9.89,17.0,2.82,,2.4,46.0,0.192,0.29,8.77,1.74,1.89,5.8,0.29,4.5,21.5,,11.5,99.0,100.5,999.0,,4.3,8.39,,1030.0,1015.0,1030.0,0.81,1.48,2871.07,2871.07,43.5,171.6,5838.84,95.0,,2.27,4.59,16.5,1.8,2.88,4.5,14.78,0.222,1.41,1.4,67.7,5.4,11.02,81.7,1362.44,127.0,0.103,1.5,0.98,159.0,17.12,2.56,1580.0,1.9,915.0,96.0,,,77.5,74.75,76.0,77.0,75.3,75.25,76.95,,30.15,0.65,7.89,1.79,1.13,1.26,0.28,,3.6,1.15,1362.44,0.76,0.174,0.84,7.2,1275.0,44.95,134.2,0.78,53.75,,0.0042,131.0,1.02,0.79,3.25,2.36,0.63,12.04,2.21,0.176,15.2,0.385,0.56,0.145
2020-06-30,9.63,99.0,,10.18,0.465,9.31,14.96,14.36,777.0,1.24,1.99,6.51,,503.0,1.21,45.5,6.8,0.56,103.5,8.69,33.8,3645.17,1.71,3645.17,7.46,6.22,27.0,503.0,0.31,0.052,0.475,41.6,1.29,0.001,1.0,,1.97,16.8,0.56,0.58,47.4,2.58,1.18,1.14,2.2,98.0,1.41,,0.024,0.71,,7.43,75.05,72.0,0.75,0.159,3.69,54.05,61.45,12.02,0.7333333333,39.6,0.124,6.3,6.18,21.0,1.03,20.95,129.0,4.69,14.6,,0.189,1.768,5.06,0.37,101.0,2.7,,,1.96,8.44,0.255,4.05,17.12,101.0,4.2,2.89,3.7,7.5,4.1,10.2,10.0,6.2,,5.0,1.62,9.9,7.0,5.02,,,,0.242,8.25,2.21,0.098,7.34,0.485,69.45,,,7.9,2.55,771.0,6.09,24.5,104.6,1233.96,1233.96,3.12,,0.99,94.0,0.86,0.55,61.2,495.0,0.19,1.31,0.241,0.87,2070.0,517.0,4.85,4.59,13.4,1.8,31.0,454.2,1005.0,1020.0,6453.34,3.4,6.45,6453.34,7.36,9.71,281.0,0.92,102.5,2.04,6.08,1.21,7702.41,7702.41,1.02,5.89,8.83,0.82,0.073,1.6,140.0,61.76,4.35,3.43,5.1,,6.08,0.75,12.66,0.089,0.095,41.0,0.73,4.58,0.73,1.86,2.74,1.48,,0.68,0.8,8.0,5210.27,0.0068,0.0069,5.45,6.8,2.33,2.2,0.6,5.45,0.355,13.0,37.0,0.295,3.05,268.0,610.0,1.9,0.133,0.455,5210.27,2.55,1.48,3.5,3.7,0.151,1.59,3.65,12.6,7.25,101.0,1.5,1.81,2.17,0.56,0.375,0.0085,0.0086,0.49,0.0075,2.89,6.8,2.09,9.0,17.36,3.09,,3.0,46.35,0.202,0.315,8.99,1.8,1.7,5.92,0.315,4.01,20.05,,11.46,100.0,102.2,1002.0,,4.01,8.39,,1035.0,1030.0,1075.0,0.81,1.4,3050.45,3050.45,48.15,167.9,6207.72,107.0,,2.65,6.64,16.96,1.53,2.81,4.32,17.48,0.245,1.6,1.52,65.0,5.0,12.68,103.0,1403.68,129.0,0.11,1.4,0.97,150.0,17.96,2.68,1650.0,1.9,939.0,100.0,,,77.0,75.0,75.3,78.0,75.5,75.5,78.0,,31.85,0.61,8.0,1.82,1.13,1.29,0.3,,3.78,1.24,1403.68,0.72,0.177,0.88,7.85,1250.0,45.0,130.0,0.81,54.5,,0.0038,130.0,0.98,0.86,3.69,2.45,0.82,14.0,2.2,0.19,15.48,0.38,0.61,0.138
2020-07-31,8.49,100.5,,8.16,0.465,7.88,7.6,7.1,726.5,1.25,2.28,6.2,,510.0,1.18,48.05,5.7,0.52,101.2,8.15,33.3,3500.27,1.65,3500.27,7.36,6.25,25.65,503.5,0.315,0.049,0.47,14.3,1.46,0.0008,1.04,,2.68,15.34,0.61,0.62,46.2,2.07,1.99,1.99,2.17,88.0,1.37,920.0,0.032,0.77,,6.3,76.15,68.2,0.75,0.163,3.33,56.95,58.3,11.48,0.7047619048,37.6,0.12,6.48,6.09,19.98,0.89,19.0,140.0,5.05,14.48,,0.204,2.08,4.92,0.36,101.0,2.7,,,1.84,8.49,0.275,3.9,16.0,101.2,5.55,2.85,2.68,7.45,3.55,9.9,10.0,6.0,,4.61,1.57,9.8,6.41,5.0,,,,0.248,9.1,1.91,0.095,7.24,0.56,64.5,,,8.69,2.37,600.0,8.76,26.95,105.0,1139.13,1139.13,3.2,,0.87,90.5,1.11,0.61,59.8,500.0,0.177,1.17,0.233,0.79,2064.0,517.5,5.23,5.0,12.76,1.73,33.0,439.0,999.0,1010.0,6151.38,3.15,4.84,6151.38,6.7,8.84,304.0,1.0,96.5,1.87,4.63,1.27,7472.09,7472.09,0.99,4.01,7.81,0.87,0.07,1.72,135.0,59.47,5.27,3.13,5.0,4.68,5.15,0.66,14.0,0.144,0.144,43.0,0.58,4.5,0.58,2.05,2.35,1.17,,0.64,0.7,7.5,5489.77,0.0096,0.0099,4.42,7.1,1.75,1.71,0.82,4.65,0.38,11.1,34.25,0.275,3.0,265.0,680.0,1.9,0.133,0.485,5489.77,2.23,1.85,2.68,3.12,0.22,1.45,3.84,12.8,6.83,101.5,1.4,2.59,2.0,0.61,0.37,0.0083,0.0084,0.58,0.008,2.99,6.36,2.09,8.2,17.1,3.11,,3.33,48.0,0.217,0.29,9.0,1.5199999999999998,,5.9,0.3,4.87,19.8,,11.4,101.4,106.8,1034.0,,4.13,7.9,,1039.0,1050.0,1100.0,0.78,1.33,2913.03,2913.03,48.05,154.2,5928.45,96.05,,3.19,5.75,15.94,1.18,2.27,4.4,15.38,0.234,1.51,1.41,61.75,4.49,9.95,92.0,1379.39,125.0,0.104,1.4,0.99,150.0,17.4,2.65,1790.0,1.85,890.0,99.0,,,78.5,75.55,75.5,78.0,76.9,76.95,78.3,,30.0,0.65,8.0,1.81,1.06,1.33,0.29,,3.99,1.17,1379.39,0.69,0.17,0.88,5.8,1340.0,40.0,123.0,0.76,52.95,,0.0054,122.4,1.05,0.78,3.12,2.24,0.75,13.5,1.9,0.178,15.0,0.375,0.56,0.149
2020-08-31,8.34,101.0,,8.0,0.465,7.98,7.25,6.81,733.5,1.13,2.41,5.6,,519.0,1.27,48.0,6.18,0.52,103.7,8.49,28.8,3534.58,1.74,3534.58,7.65,6.28,26.65,506.0,0.295,0.053,0.52,12.5,1.58,0.0009,1.0,25.6,3.14,15.72,0.56,0.58,45.5,2.49,2.7,2.7,2.24,86.0,1.33,,0.028,0.82,,6.12,95.0,67.0,0.82,0.178,3.29,52.9,52.25,12.0,0.819047619,35.65,0.124,6.49,5.95,20.6,1.46,18.82,116.0,5.19,16.22,,0.201,2.22,4.81,0.37,102.0,2.65,,,2.0,8.0,0.255,3.5,15.0,103.4,4.86,3.06,3.35,7.9,4.0,10.2,10.0,5.99,,4.6,1.47,12.3,6.4,5.69,,,,0.26,10.0,1.81,0.089,8.5,0.59,68.5,,,8.4,2.78,575.0,8.6,24.35,105.5,1129.7,1129.7,3.79,3.83,0.94,89.1,1.29,0.66,59.25,502.0,0.175,1.19,0.232,0.79,2088.0,516.0,5.04,4.89,11.66,1.88,37.8,400.0,1001.0,1030.0,6099.9,3.15,5.94,6099.9,6.2,7.8,299.0,0.97,105.0,1.81,4.67,1.28,7791.26,7791.26,0.97,4.2,7.4,1.17,0.073,1.59,135.1,61.23,5.04,2.95,5.0,,5.2,0.73,15.8,0.15,0.15,43.0,0.59,4.5,0.59,1.98,2.36,1.2,,0.6,0.73,8.42,6005.07,0.0095,0.01,4.82,7.99,1.62,1.76,1.04,4.82,0.395,11.96,33.5,0.3,2.91,269.0,760.0,1.57,0.126,0.56,6005.07,2.2,1.8,2.94,3.36,0.246,1.41,3.99,14.38,6.35,101.5,2.14,3.26,2.18,0.6,0.38,0.0086,0.0086,0.59,0.0094,3.05,5.8,2.04,8.21,17.46,3.04,,3.25,54.0,0.23,0.285,9.0,1.42,,5.62,0.295,4.64,19.66,,11.3,97.0,100.0,943.0,,4.13,7.89,,1070.0,1060.0,1070.0,0.8,1.19,2710.6,2710.6,48.3,156.0,5884.18,105.0,,3.67,5.32,16.1,1.17,2.6,4.5,14.62,0.227,1.52,1.65,70.1,4.5,9.42,97.0,1482.93,125.0,0.105,1.35,0.99,169.0,17.7,2.73,1925.0,1.86,850.0,101.5,,,78.2,75.85,76.0,78.0,76.6,76.6,79.0,,29.2,0.65,8.7,1.81,1.02,1.35,0.305,,3.7,1.22,1482.93,0.69,0.178,0.89,5.7,1479.0,39.05,130.0,0.87,54.0,,0.005,137.8,1.1,0.77,3.02,2.22,0.75,14.0,1.97,0.186,16.2,0.38,0.55,0.144
2020-09-30,8.42,100.0,,7.89,0.47,7.77,7.0,6.64,689.0,1.13,2.77,5.99,,515.0,1.25,46.0,7.0,0.53,100.9,8.28,29.7,3520.63,2.62,3528.85,7.83,6.38,25.55,514.0,0.29,0.057,0.57,9.45,1.45,0.0008,0.99,25.8,3.84,15.3,0.57,0.56,44.5,2.76,2.6,2.64,3.0,86.25,1.38,,0.027,0.77,,7.31,76.0,64.0,0.79,0.16,4.41,51.2,55.95,12.0,0.77,37.75,0.133,6.49,6.0,21.75,1.65,21.4,113.1,4.9,17.16,,0.237,2.6,5.12,0.36,102.7,2.56,,,1.9,8.25,0.295,3.12,14.0,101.8,4.83,2.95,4.9,7.61,4.0,10.2,10.1,5.21,,5.54,1.49,14.3,6.32,6.89,,,,0.27,9.89,1.91,0.086,8.61,0.59,63.5,,,8.6,3.3,555.0,7.33,23.35,108.0,1139.08,1141.8,3.34,,0.91,89.0,1.15,0.65,61.0,490.2,0.18,1.2,0.227,0.76,2080.0,506.0,5.08,4.83,10.64,2.18,49.95,386.4,1002.0,1020.0,6035.96,3.2,5.64,6058.65,5.8,6.72,303.8,1.29,109.7,2.09,5.68,1.37,7872.5,7901.21,1.0,4.0,7.34,1.14,0.086,1.54,145.0,57.33,4.3,,4.82,,5.24,0.68,14.7,0.127,0.13,39.5,0.62,4.5,0.61,1.9,2.28,1.3,,0.63,0.74,9.0,5874.06,0.009,0.0095,4.7,8.0,2.14,2.2,0.85,4.96,0.385,10.64,38.2,0.285,2.96,271.0,680.0,2.09,0.13,0.495,5906.49,2.05,1.74,3.03,3.49,0.243,1.36,4.39,14.74,7.25,101.5,1.99,2.97,3.29,0.62,0.38,0.0086,0.0083,0.54,0.008,2.9,5.85,2.06,9.48,16.7,3.04,,3.11,49.0,0.226,0.3,8.74,1.5999999999999999,,5.82,0.31,4.79,23.4,,10.98,98.0,102.5,957.0,,4.1,7.89,,1020.0,1057.0,1088.0,0.78,1.23,2725.9,2740.29,51.9,157.0,5864.23,107.0,,4.19,5.17,16.5,1.19,2.61,4.77,14.2,0.206,1.37,1.68,65.0,4.05,9.98,92.15,1453.88,115.6,0.105,1.38,0.98,155.0,16.14,2.65,1838.0,2.0,880.0,98.9,,,77.5,75.3,76.0,77.0,76.0,76.5,76.0,,29.4,0.64,9.9,1.82,1.14,1.4,0.315,,3.68,1.16,1449.19,0.71,0.192,0.97,5.55,1339.0,,120.0,1.0,54.2,,0.0044,134.0,1.02,0.77,3.41,2.35,0.7,13.02,2.11,0.192,16.0,0.4,0.55,0.132
2020-10-31,8.8,99.0,,10.08,0.475,8.29,11.2,11.14,763.0,1.39,3.33,6.25,,515.0,1.34,44.55,7.94,0.6,100.8,8.14,33.0,,2.74,3779.57,8.05,6.56,27.05,514.0,0.33,0.052,0.63,12.84,1.86,0.0011,1.04,25.55,4.06,15.6,0.89,0.9,44.5,2.85,3.05,2.98,4.14,88.9,1.4,901.0,0.029,0.79,,7.08,71.0,73.55,0.82,0.229,5.88,52.0,56.0,11.6,0.79,38.8,0.133,6.49,5.98,21.85,1.58,21.5,120.8,4.57,15.52,14.78,0.265,2.8,5.11,0.36,101.0,2.56,,,2.03,8.2,0.37,4.45,14.06,101.0,5.0,3.28,6.82,7.95,4.39,10.02,10.3,5.39,,6.23,1.72,14.9,6.9,7.18,,,,0.29,10.02,1.92,0.088,9.55,0.59,63.75,,,9.7,3.6,550.0,6.99,28.5,107.0,,1224.3,3.79,,0.97,95.5,1.32,0.65,62.8,,0.215,1.25,0.239,0.75,2030.0,508.0,5.05,5.0,11.98,2.38,45.7,430.0,1002.0,1015.0,,3.33,5.72,6581.36,6.71,7.68,354.0,1.17,115.0,2.78,6.44,1.34,,8460.86,1.02,3.7,7.48,1.51,0.088,1.7,170.0,64.25,4.5,2.92,4.8,,5.45,0.71,14.28,0.152,0.154,35.65,,4.4,0.78,1.85,2.57,1.56,,0.85,1.0,11.54,,0.01,0.011,5.1,7.94,1.94,2.0,0.92,5.9,0.4,11.0,40.75,0.295,3.03,300.0,770.0,2.17,0.14,0.51,7529.47,2.15,1.99,3.45,4.01,0.42,1.45,4.39,14.0,7.5,101.5,2.53,3.76,4.69,0.57,0.335,0.0099,0.0098,0.66,0.0087,3.11,7.0,2.09,9.6,16.82,3.07,,3.31,41.25,0.355,0.345,8.33,2.18,,6.86,0.32,5.55,27.2,,13.0,99.6,102.3,985.0,,4.11,7.0,,1054.0,1060.0,1075.0,0.82,1.23,,3053.82,53.3,166.9,6324.0,101.3,,5.39,12.1,17.1,1.23,2.59,4.71,15.0,0.234,1.52,1.83,64.0,4.2,10.6,96.4,1439.44,111.0,0.107,1.46,1.0,171.0,16.48,2.69,1890.0,1.9,950.0,102.0,,,78.0,,75.55,77.5,76.1,76.8,76.3,,33.7,0.7,10.88,2.0,1.31,1.51,0.34,,4.13,1.26,,0.78,0.27,0.98,5.44,1328.0,40.05,126.0,1.35,55.4,,0.0051,137.7,1.03,0.79,3.37,2.23,0.78,14.18,2.84,0.218,14.3,0.495,,0.139
2020-11-30,9.2,,,9.14,0.63,9.36,11.86,11.7,823.5,1.42,5.58,8.1,,,1.43,42.2,9.8,0.65,,7.8,38.0,,3.14,4100.28,8.7,6.3,25.75,,0.4,0.052,0.7,14.92,1.79,0.001,1.22,27.35,5.5,15.58,1.03,1.03,44.9,3.26,3.14,3.1,4.5,103.3,1.6,901.0,0.039,0.93,,8.9,76.3,83.0,0.86,0.29,5.35,53.8,55.2,15.98,0.81,47.0,0.154,6.9,6.1,25.95,1.64,23.2,122.2,4.99,17.54,15.9,0.31,2.8,5.77,0.455,,2.4,,,1.93,8.09,0.355,5.38,14.7,,5.88,4.38,6.35,8.51,5.6,,,5.99,,7.05,1.82,15.4,7.77,8.02,,,,0.33,10.08,2.65,0.085,11.62,0.67,67.35,,,9.16,4.05,650.0,7.44,29.35,,,1427.29,3.8,3.83,1.14,103.1,2.1,0.69,66.2,,0.21,1.52,0.26,0.89,1948.0,,5.72,5.46,10.72,2.62,51.7,580.0,,,,3.93,6.9,6931.07,8.52,8.88,448.0,1.38,116.8,3.01,7.39,1.38,,8950.75,1.05,4.35,9.0,1.63,0.117,1.9,189.0,65.65,4.99,3.25,5.05,,6.15,0.74,15.7,0.156,0.154,65.2,,4.45,0.82,2.09,3.08,1.85,,1.03,0.98,13.2,,0.0097,0.01,8.15,8.99,2.14,2.16,1.27,7.47,0.45,13.2,47.95,0.34,3.83,281.6,731.0,2.17,0.18,0.54,8475.4,2.48,1.89,6.01,4.1,0.54,1.63,4.7,14.8,9.47,,2.89,4.55,4.37,0.68,0.37,0.01,0.011,0.72,0.0082,4.01,7.29,2.26,9.85,20.0,4.27,,3.49,42.15,0.7,0.43,9.06,3.03,,8.23,0.415,5.39,29.95,,12.8,,,,,4.86,6.95,,,,,0.91,1.37,,3411.02,53.4,159.0,6791.46,106.0,,4.7,12.98,18.7,1.32,2.8,4.7,16.62,0.28,1.55,1.86,68.0,4.98,12.4,124.5,1500.21,109.0,0.12,,1.15,287.0,19.76,2.74,2000.0,2.08,970.0,128.0,,,,,,,,,,,36.0,0.7,10.8,2.0,1.72,1.53,0.41,,4.75,1.71,,0.86,0.3,,6.79,1314.0,37.0,142.9,1.67,66.85,,0.0052,142.0,1.05,0.91,4.75,2.52,1.04,14.4,2.93,0.232,18.0,0.67,,0.17
2020-12-31,8.3,,,7.99,0.64,10.38,11.68,12.6,827.0,1.48,8.05,11.5,,,1.36,47.25,10.6,0.65,,8.15,40.9,,3.4,4272.61,8.0,6.6,26.55,,0.405,0.128,0.77,12.4,1.73,0.0029,1.19,29.35,6.46,15.58,0.85,0.88,44.9,3.5,3.1,3.0,6.0,106.8,1.71,,0.039,0.91,,8.11,79.0,81.35,0.9,0.47,5.21,53.55,60.1,14.64,0.81,50.5,0.146,6.9,5.9,24.95,1.45,23.4,126.8,5.05,17.5,14.9,0.29,3.4,5.65,0.45,,2.94,,,1.87,8.48,0.33,5.28,14.9,,7.21,5.15,10.9,8.22,5.66,,,7.6,,7.7,2.6,14.48,6.86,7.59,,,,0.315,10.1,2.34,0.085,10.8,0.72,67.0,,,9.44,4.08,630.0,7.0,28.15,,,1447.64,2.99,3.7,1.12,108.0,2.72,0.66,77.0,,0.225,1.7,0.285,0.92,2030.0,,6.0,5.95,10.96,2.6,49.4,585.0,,,,4.02,7.25,7354.65,9.15,8.24,441.0,1.68,123.5,3.18,9.1,1.67,,9393.42,1.2,7.95,9.0,1.41,0.123,2.11,195.2,71.6,5.2,3.38,5.19,5.06,6.1,0.73,15.48,0.16,0.156,38.6,,4.45,0.83,2.11,3.72,1.92,,1.02,1.01,13.1,,0.01,0.011,6.8,8.86,1.87,1.93,1.46,6.89,0.445,11.6,49.05,0.375,4.08,292.0,820.0,2.7,0.219,0.54,9528.15,2.31,1.9,6.18,4.28,0.59,1.5,4.53,15.98,7.94,,3.02,5.6,4.33,0.67,0.375,0.013,0.012,0.81,0.011,3.19,6.55,2.35,12.8,21.05,3.99,,3.74,41.0,1.1,0.425,10.0,2.81,,7.7,0.445,5.39,29.35,,12.5,,,,,5.01,7.4,,,,,0.86,1.5,,3664.47,54.6,153.9,7139.71,120.0,,4.95,11.0,18.88,1.29,3.05,4.55,21.2,0.33,1.54,1.81,65.0,5.6,13.78,134.0,1514.09,119.8,0.128,,1.11,242.0,20.65,2.71,2000.0,1.98,1049.0,128.1,,,,,,,,,,,38.5,0.76,9.82,1.85,1.49,1.53,0.465,,4.24,1.67,,0.97,0.335,,6.64,1340.0,42.15,140.0,1.55,71.9,,0.0058,152.5,1.04,0.91,4.68,2.5,1.05,14.12,2.89,0.224,16.9,0.58,,0.184
2021-01-31,8.49,,,6.1,0.9,8.09,12.7,12.72,770.0,1.46,6.4,13.56,,,1.3,39.8,9.9,0.69,,7.5,37.7,,2.75,4007.33,7.36,6.6,24.0,,0.425,0.194,0.79,19.0,1.51,0.0049,1.34,32.0,6.2,14.7,0.87,0.92,43.75,3.1,3.18,3.05,4.25,100.7,1.58,,0.034,0.93,,7.97,70.95,79.45,0.89,1.05,4.24,51.35,55.3,14.22,0.78,47.5,0.155,6.53,5.7,24.3,1.34,20.3,170.0,4.96,17.5,15.54,0.315,3.78,5.15,0.41,,2.84,,,1.85,8.49,0.33,6.05,14.3,,8.3,5.05,12.0,8.49,5.23,,,6.92,,6.63,3.75,13.98,6.81,7.32,,,,0.3,9.99,2.16,0.088,9.78,0.58,67.95,,,8.56,3.38,555.0,7.0,29.8,,,1378.35,3.3,3.7,1.11,100.2,2.31,0.62,75.5,,0.225,1.43,0.37,0.85,1941.0,,5.95,5.9,10.32,3.0,57.7,534.0,,,,3.8,5.99,6742.39,8.69,7.5,450.0,1.58,118.5,2.94,12.88,1.91,,8627.0,1.18,5.0,8.06,1.31,0.13,1.86,177.7,60.8,5.55,3.1,5.76,4.5,5.77,0.68,16.2,0.15,0.158,33.0,,4.54,1.39,2.0,3.72,1.68,,0.88,1.05,13.26,,0.011,0.01,5.2,8.32,2.25,2.49,1.36,6.25,0.465,11.5,45.0,0.42,3.82,261.0,890.0,2.83,0.33,0.55,8187.82,2.1,2.04,6.6,4.04,0.48,1.43,4.56,14.5,7.12,,2.63,4.7,3.11,0.72,0.41,0.013,0.012,1.0,0.014,5.0,6.4,2.3,11.28,23.0,3.54,,3.7,36.0,1.9,0.395,9.8,2.56,,6.85,0.44,5.9,25.5,,11.68,,,,,5.85,6.8,,,,,0.85,1.32,,3372.87,56.0,153.8,6612.62,98.6,,4.29,9.05,17.64,1.14,2.78,4.62,18.98,0.31,1.5,1.63,61.15,4.8,12.28,129.9,1450.27,102.0,0.125,,1.2,311.0,20.2,2.67,2100.0,2.17,985.0,122.1,,,,,,,,,,,35.3,0.8,9.92,2.42,1.29,1.53,0.395,,4.14,1.69,,1.16,0.305,,7.28,1313.0,40.9,139.4,1.3,71.35,,0.0068,135.0,1.05,0.88,4.2,2.3,1.74,13.52,2.65,0.235,17.6,0.52,,0.225
2021-02-28,8.55,,,7.11,1.08,7.2,12.0,11.6,748.0,1.45,7.38,20.8,,,1.29,42.15,10.74,0.64,,7.46,39.05,,2.95,4120.3,6.98,7.35,24.2,,0.42,0.255,0.81,19.5,1.56,0.0034,1.39,33.7,6.8,14.78,0.85,0.89,43.4,3.45,2.92,2.82,4.31,105.5,1.66,,0.044,1.62,,8.0,70.6,89.0,0.93,1.1,4.1,52.3,55.0,13.1,0.77,44.85,0.15,6.7,7.0,24.1,1.29,21.1,142.2,6.0,18.0,17.5,0.35,4.0,5.48,0.405,,2.8,,,2.02,8.49,0.33,6.5,15.22,,8.6,4.3,16.14,12.78,5.35,,,6.6,,7.12,5.35,12.0,6.8,8.2,,,,0.3,9.95,2.26,0.09,10.04,0.6,67.0,,,8.8,3.56,584.0,7.37,29.8,,,1477.19,3.07,,1.15,102.3,2.97,0.63,73.05,,0.255,1.49,0.48,0.89,2026.0,,7.12,6.95,10.22,4.6,52.9,559.5,,,,3.75,6.19,6920.08,8.05,7.25,440.0,1.54,119.9,2.8,13.08,1.8,,8655.34,1.23,5.0,8.07,1.6,0.17,2.13,179.0,64.45,4.66,3.05,5.25,,6.0,0.69,16.8,0.15,0.154,34.2,,4.71,1.75,2.08,3.73,1.9,,2.0,1.04,14.28,,0.0099,0.01,5.71,7.9,3.25,3.08,1.64,6.88,0.46,10.78,50.7,0.45,3.62,271.0,896.0,2.77,0.375,0.53,9331.67,2.2,1.98,6.69,4.07,0.495,1.38,4.5,15.6,7.39,,2.68,5.79,2.94,0.83,0.43,0.012,0.013,1.11,0.013,4.99,6.05,2.3,10.62,22.0,3.54,,3.79,37.0,2.95,0.56,11.0,2.57,,7.21,0.47,6.3,24.95,,12.48,,,,,5.5,6.24,,,,,2.57,1.54,,3457.14,54.8,148.8,6794.86,96.35,,4.96,9.3,17.48,1.14,2.79,4.7,19.58,0.29,1.44,1.69,56.55,4.44,12.76,131.0,1453.36,98.3,0.14,,1.29,333.0,21.8,2.77,2200.0,2.15,1009.0,125.7,,,,,,,,,,,36.15,0.78,10.08,2.38,1.42,1.53,0.39,,3.9,1.76,,1.32,0.47,,6.54,1288.0,40.25,142.0,1.33,73.0,,0.0096,127.7,1.01,0.89,4.34,2.25,2.75,14.5,2.74,0.255,17.9,0.56,,0.227
2021-03-31,9.1,,,7.7,1.02,7.17,11.5,11.3,775.0,1.5,7.1,25.0,,,1.25,39.5,10.94,0.63,,7.53,37.0,,2.88,4059.58,7.39,6.6,25.0,,0.4,0.203,0.72,20.9,1.5,0.0046,1.32,32.1,6.64,15.5,0.86,0.9,44.2,3.3,2.72,2.94,4.34,105.9,1.52,,0.074,1.77,,7.69,,80.2,0.9,0.93,3.51,52.4,56.6,12.82,0.79,46.5,0.131,7.37,7.01,23.8,1.18,20.3,,5.31,17.54,17.18,0.3,3.99,5.4,0.4,,2.9,,,2.06,8.49,0.345,3.5,14.28,,9.48,4.01,11.38,11.06,5.37,,,6.89,,7.6,5.1,11.84,7.24,7.9,,,,0.295,10.3,1.99,0.091,9.96,0.61,64.0,,,8.9,3.15,580.0,7.5,30.0,,,1410.28,2.8,3.3,1.18,101.6,2.41,0.61,72.7,,0.238,1.46,0.38,0.88,1960.0,,7.15,6.86,10.7,4.17,51.5,538.0,,,,3.6,5.4,6948.59,8.25,7.3,450.0,1.48,127.0,2.52,10.46,1.53,,8589.96,1.14,5.0,8.2,1.5,0.154,2.04,181.9,63.4,4.72,3.01,4.66,4.5,5.51,1.07,17.14,0.14,0.14,30.65,,4.5,1.37,2.1,3.7,1.8,,2.05,1.11,13.3,,0.01,0.01,5.32,8.0,2.63,2.51,1.3,5.81,0.44,10.26,47.55,0.42,3.54,271.0,950.0,2.76,0.325,0.52,8761.45,2.05,1.76,5.19,3.99,0.4,1.3,4.25,14.56,6.71,,2.32,5.44,2.88,0.76,0.42,0.012,0.012,0.94,0.012,3.75,6.33,2.24,10.5,22.15,3.37,,3.7,35.5,2.45,0.41,12.24,2.33,,7.0,0.425,5.9,23.9,,12.32,,,,,5.42,6.2,,,,,3.0,1.51,,3380.24,55.5,150.4,6728.55,96.45,,4.8,8.9,17.2,1.1,2.56,4.77,18.48,0.27,1.4,1.49,54.2,4.39,12.5,125.0,1456.22,97.15,0.136,,1.3,345.8,21.5,2.76,2300.0,2.15,1034.0,123.0,,,,,,,,,,,36.4,0.73,10.18,2.22,1.24,1.38,0.385,,3.95,1.6,,1.2,0.5,,5.92,1311.0,45.0,141.0,1.23,72.6,,0.0086,126.0,0.99,0.84,4.21,2.2,2.35,14.96,2.84,0.235,16.82,0.51,,0.224
