,2GO,8990P,AAA,AB,ABA,ABG,ABS,ABSP,AC,ACE,ACEN,ACEX,ACPA,ACPB1,ACR,AEV,AGI,ALCO,ALCPB,ALHI,ALI,ALL,ALLHC,ALLS,ANI,ANS,AP,APB2R,APC,APL,APO,APVI,APX,AR,ARA,AREIT,AT,ATI,ATN,ATNB,AUB,AXLM,BC,BCB,BCOR,BDO,BEL,BH,BHI,BKR,BLFI,BLOOM,BMM,BPI,BRN,BSC,C,CA,CAB,CAT,CDC,CEB,CEI,CEU,CHI,CHIB,CHP,CIC,CIP,CLI,CNPF,CNVRG,COAL,COL,COSCO,CPG,CPGP,CPM,CPV,CPVB,CROWN,CSB,CYBR,DAVIN,DD,DDPR,DELM,DFNN,DITO,DIZ,DMC,DMPA1,DMPA2,DMW,DNA,DNL,DWC,EAGLE,ECP,EEI,EG,EIBA,EIBB,ELI,EMP,EURO,EVER,EW,FAF,FB,FBP,FBP2,FDC,FERRO,FEU,FFI,FGEN,FGENG,FIN,FINA,FJP,FJPB,FLI,FMETF,FNI,FOOD,FPH,FPHPC,FPI,FRUIT,GEO,GERI,GLO,GLOPP,GMA7,GMAP,GPH,GREEN,GSMI,GTCAP,GTPPA,GTPPB,HDG,HI,HLCM,HOLD,HOME,HOUSE,HVN,I,ICT,IDC,IMI,IMP,IND,INDU,ION,IPM,IPO,IRC,IS,JAS,JFC,JGS,JOH,KEP,KPH,KPHB,KPPI,LAND,LBC,LC,LCB,LFM,LIHC,LMG,LODE,LOTO,LPZ,LR,LRP,LRW,LSC,LTG,M-O,MA,MAB,MAC,MACAY,MAH,MAHB,MARC,MAXS,MB,MBC,MBT,MED,MEG,MER,MFC,MFIN,MG,MHC,MINI,MJC,MJIC,MM,MPI,MRC,MRSGI,MVC,MWC,MWIDE,MWP,NI,NIKL,NOW,NRCP,OM,OPM,OPMB,ORE,OV,PA,PAL,PAX,PBB,PBC,PCOR,PCP,PERC,PGOLD,PHA,PHES,PHN,PHR,PIP,PIZZA,PLC,PMPC,PNB,PNC,PNX,PNX3A,PNX3B,PNX4,PORT,PPC,PRC,PRF2A,PRF2B,PRF3A,PRF3B,PRIM,PRMX,PRO,PROP,PSB,PSE,PSEI,PTC,PTT,PX,PXP,RCB,RCI,REG,RFM,RLC,RLT,ROCK,ROX,RRHI,SBS,SCC,SECB,SERV,SEVN,SFI,SFIP,SGI,SGP,SHLPH,SHNG,SLF,SLI,SM,SMC,SMC2A,SMC2B,SMC2C,SMC2D,SMC2E,SMC2F,SMC2G,SMC2H,SMC2I,SMCP1,SMPH,SOC,SPC,SPM,SSI,SSP,STI,STN,STR,SUN,SVC,T,TBGI,TECB2,TECH,TEL,TFC,TFHI,TUGS,UBP,UNI,UPM,URC,V,VITA,VLL,VMC,VUL,VVT,WEB,WIN,WLCON,WPI,X,ZHI
1984-03-31,,,,,,,,,,,,,,,,,,,,,,,,,,,,,,,,,,,,,,,,,,,,,,,,,,,,,,,,7892.9609,,,,,,,,,,,,,,,,,,,,,,,,,,,,,,,,,,,,,,,,,,,,,,,,,,,,,,,,,,,,,,,,,,,,,,,,,,,,,,,,,,,,,,,,,,,,,,,,,,,,,,,,,,,,,,,,,,,,,241335.0,,,,,,,,,,,,,,,,,,,,,,,,,,,,,,,,,,,,,,,,,,,,,,,,,,,,,,,,,,,,,,,,,,,,,,,,,,,,,,,,,,,,,,,,,,,,,,,,,,,,,,,,,,,,,,,,,,,,,,,,,,,,,,,,,77000.1,,,,,,,,,,,,,,,,,,,,,,,,,,,,,,,
1984-04-30,,,,,,,,,,,,,,,,,,,,,,,,,,,,,,,,,,,,,,,,,,,,,,,,,,,,,,,,7278.95705,,,,,,,,,,,,,,,,,,,,,,,,,,,,,,,,,,,,,,,,,,,,,,,,,,,,,,,,,,,,,,,,,,,,,,,,,,,,,,,,,,,,,,,,,,,,,,,,,,,,,,,,,,,,,,,,,,,,,470407.5,,,,,,,,,,,,,,,,,,,,,,,,,,,,,,,,,,,,,,,,,,,,,,,,,,,,,,,,,,,,,,,,,,,,,,,,,,,,,,,,,,,,,,,,,,,,,,,,,,,,,,,,,,,,,,,,,,,,,,,,,,,,,,,,,8217.5,,,,,,,,,,,,,,,,,,,,,,,,,,,,,,,
1984-05-31,,,,,,,,,,,,,,,,,,,,,,,,,,,,,,,,,,,,,,,,,,,,,,,,,,,,,,,,17584.35135,,,,,,,,,,,,,,,,,,,,,,,,,,,,,,,,,,,,,,,,,,,,,,,,,,,,,,,,,,,,,,,,,,,,,,,,,,,,,,,,,,,,,,,,,,,,,,,,,,,,,,,,,,,,,,,,,,,,,306556.875,,,,,,,,,,,,,,,,,,,,,,,,,,,,,,,,,,,,,,,,,,,,,,,,,,,,,,,,,,,,,,,,,,,,,,,,,,,,,,,,,,,,,,,,,,,,,,,,,,,,,,,,,,,,,,,,,,,,,,,,,,,,,,,,,10922.0,,,,,,,,,,,,,,,,,,,,,,,,,,,,,,,
1984-06-30,,,,,,,,,,,,,,,,,,,,,,,,,,,,,,,,,,,,,,,,,,,,,,,,,,,,,,,,4773.75,,,,,,,,,,,,,,,,,,,,,,,,,,,,,,,,,,,,,,,,,,,,,,,,,,,,,,,,,,,,,,,,,,,,,,,,,,,,,,,,,,,,,,,,,,,,,,,,,,,,,,,,,,,,,,,,,,,,,159513.74999999997,,,,,,,,,,,,,,,,,,,,,,,,,,,,,,,,,,,,,,,,,,,,,,,,,,,,,,,,,,,,,,,,,,,,,,,,,,,,,,,,,,,,,,,,,,,,,,,,,,,,,,,,,,,,,,,,,,,,,,,,,,,,,,,,,5461.0,,,,,,,,,,,,,,,,,,,,,,,,,,,,,,,
1984-07-31,,,,,,,,,,,,,,,,,,,,,,,,,,,,,,,,,,,,,,,,,,,,,,,,,,,,,,,,14206.875,,,,,,,,,,,,,,,,,,,,,,,,,,,,,,,,,,,,,,,,,,,,,,,,,,,,,,,,,,,,,,,,,,,,,,,,,,,,,,,,,,,,,,,,,,,,,,,,,,,,,,,,,,,,,,,,,,,,,105828.75,,,,,,,,,,,,,,,,,,,,,,,,,,,,,,,,,,,,,,,,,,,,,,,,,,,,,,,,,,,,,,,,,,,,,,,,,,,,,,,,,,,,,,,,,,,,,,,,,,,,,,,,,,,,,,,,,,,,,,,,,,,,,,,,,10922.0,,,,,,,,,,,,,,,,,,,,,,,,,,,,,,,
1984-08-31,,,,,,,,,,,,,,,,,,,,,,,,,,,,,,,,,,,,,,,,,,,,,,,,,,,,,,,,3157.3359,,,,,,,,,,,,,,,,,,,,,,,,,,,,,,,,,,,,,,,,,,,,,,,,,,,,,,,,,,,,,,,,,,,,,,,,,,,,,,,,,,,,,,,,,,,,,,,,,,,,,,,,,,,,,,,,,,,,,83578.125,,,,,,,,,,,,,,,,,,,,,,,,,,,,,,,,,,,,,,,,,,,,,,,,,,,,,,,,,,,,,,,,,,,,,,,,,,,,,,,,,,,,,,,,,,,,,,,,,,,,,,,,,,,,,,,,,,,,,,,,,,,,,,,,,5565.0,,,,,,,,,,,,,,,,,,,,,,,,,,,,,,,
1984-09-30,,,,,,,,,,,,,,,,,,,,,,,,,,,,,,,,,,,,,,,,,,,,,,,,,,,,,,,,,,,,,,,,,,,,,,,,,,,,,,,,,,,,,,,,,,,,,,,,,,,,,,,,,,,,,,,,,,,,,,,,,,,,,,,,,,,,,,,,,,,,,,,,,,,,,,,,,,,,,,,,,,,,,,,,,,,,,111750.0,,,,,,,,,,,,,,,,,,,,,,,,,,,,,,,,,,,,,,,,,,,,,,,,,,,,,,,,,,,,,,,,,,,,,,,,,,,,,,,,,,,,,,,,,,,,,,,,,,,,,,,,,,,,,,,,,,,,,,,,,,,,,,,,,,,,,,,,,,,,,,,,,,,,,,,,,,,,,,,,
1984-10-31,,,,,,,,,,,,,,,,,,,,,,,,,,,,,,,,,,,,,,,,,,,,,,,,,,,,,,,,1540.1701999999998,,,,,,,,,,,,,,,,,,,,,,,,,,,,,,,,,,,,,,,,,,,,,,,,,,,,,,,,,,,,,,,,,,,,,,,,,,,,,,,,,,,,,,,,,,,,,,,,,,,,,,,,,,,,,,,,,,,,,72150.0,,,,,,,,,,,,,,,,,,,,,,,,,,,,,,,,,,,,,,,,,,,,,,,,,,,,,,,,,,,,,,,,,,,,,,,,,,,,,,,,,,,,,,,,,,,,,,,,,,,,,,,,,,,,,,,,,,,,,,,,,,,,,,,,,,,,,,,,,,,,,,,,,,,,,,,,,,,,,,,,
1984-11-30,,,,,,,,,,,,,,,,,,,,,,,,,,,,,,,,,,,,,,,,,,,,,,,,,,,,,,,,1527.2556,,,,,,,,,,,,,,,,,,,,,,,,,,,,,,,,,,,,,,,,,,,,,,,,,,,,,,,,,,,,,,,,,,,,,,,,,,,,,,,,,,,,,,,,,,,,,,,,,,,,,,,,,,,,,,,,,,,,,66712.5,,,,,,,,,,,,,,,,,,,,,,,,,,,,,,,,,,,,,,,,,,,,,,,,,,,,,,,,,,,,,,,,,,,,,,,,,,,,,,,,,,,,,,,,,,,,,,,,,,,,,,,,,,,,,,,,,,,,,,,,,,,,,,,,,,,,,,,,,,,,,,,,,,,,,,,,,,,,,,,,
1984-12-31,,,,,,,,,,,,,,,,,,,,,,,,,,,,,,,,,,,,,,,,,,,,,,,,,,,,,,,,17608.8717,,,,,,,,,,,,,,,,,,,,,,,,,,,,,,,,,,,,,,,,,,,,,,,,,,,,,,,,,,,,,,,,,,,,,,,,,,,,,,,,,,,,,,,,,,,,,,,,,,,,,,,,,,,,,,,,,,,,,33300.0,,,,,,,,,,,,,,,,,,,,,,,,,,,,,,,,,,,,,,,,,,,,,,,,,,,,,,,,,,,,,,,,,,,,,,,,,,,,,,,,,,,,,,,,,,,,,,,,,,,,,,,,,,,,,,,,,,,,,,,,,,,,,,,,,,,,,,,,,,,,,,,,,,,,,,,,,,,,,,,,
1985-01-31,,,,,,,,,3832.6979999999994,,,,,,,,,,,,,,,,,22818.5022,,,,,,,6749.999999999999,,,,77325.0,,,,,,,,,,,,,,,,,,,53462.0112,,,,,,,,,,,,,,,,,,,,,,,,,,,,,,,,,,,,,,,,,,,,,,,,,,,,,,,,,,,,,,,,,,,,,,,55450.8,,,,,,20675.98125,,,,,,,,,,,,,,,,,,,,,,3400231590.0,3400231590.0,,,,,,,,,,,,,,,,660386.25,147346.875,,,,,,,,,,,,23853392990.0,,,,,,,,,,,,,,,,,,,23853392990.0,,,,,,,,,,,,,,,16500.0,37332.4,21937.5,,100521.6,,,,,,,,,,,,,,,,,,,,,,,,,,,,,,,,,,,,,3242786155.0,,,50753.014,,,,,,,,,,,,,,,,,,,,,,,,,7455.64315,,,,,,,,,,,,,,5356.999999999999,,,,,,,,,,,,17750.019999999997,,,,,,,,,,,,,,,,,,,
1985-02-28,,,,,,,,,2287.02715,,,,,,,,,,,,,,,,,22818.5022,,,,,,,,,,,77400.0,,,,,,44726.490000000005,,,,,,,,,,,,,6889.896349999999,,,,,,,,,,,,,,,,,,,,,,,,,,,,,,,,,,,,,,,,,,,,,,,,,,,,,,,,,,,,,,,,,,,,,,,111106.98,,,,,,88654.5903,,,,,,,,,,,,,,,,,,,,,,3830298465.0,3830298465.0,,,,,,,,,,,,,,,,397918.125,261553.125,,,,,,,,,,,,24219400380.0,,,,,,,,,,,,,,,,,,,24219400380.0,,,,,,,,,,,,,,,9900.0,72798.18000000001,21656.25,,230928.00000000003,,,,,,,,,,,,,,,,,,,,,,,,,,,,,,,,,,,,,3383848090.0,,,47399.299999999996,,,,,,,,,,,,,,,,,,,,,,,,,11332.0128,,,,,,,,,,,,,,2205.2000000000003,,,,,,,,,,,,15750.009,,,,,,,,,,,,,,,,,,,
1985-03-31,,,,,,,,,22025.0,,,,,,,,,,,,,,,,,34227.7533,,,,,,,16500.0,,,,25200.0,,,,,,18763.307999999997,,,,,,,,,,,,,2272.1875,,,,,,,,,,,,,,,,,,,,,,,,,,,,,,,,,,,,,,,,,,,,,,,,,,,,,,,,,,,,,,,,,,,,,,,,,,,,,15779.9915,,,,,,,,,,,,,,,,,,,,,,,,,,,,,,,,,,,,,,,227970.0,79340.625,,,,,,,5286.4668,,,,,22927069900.0,,,,,,,,,,,,,,,,,,,22927069900.0,,,,,,,,,,,,,,,14520.0,12133.029999999999,212062.5,,59769.600000000006,,,,,,,,,,,,,,,,,,,,,,,,,,,,,,,,,,,,,3437585970.0,,,39804.375,,,,,,,,,,,,,,,,,,,,,,,,,8924.133600000001,,,,,,,,,,,,,,5200.0,,,,,,,,,,,,41637.4405,,,,,,,,,,,,,,,,,,,
1985-04-30,,,,,,,,,,,,,,,,,,,,,,,,,,22818.5022,,,,,,,,,,,56700.0,,,,,,16726.98,,,,,,,,,,,,,12323.5798,,,,,,,,,,,,,,,,,,,,,,,,,,,,,,,,,,,,,,,,,,,,,,,,,,,,,,,,,,,,,,,,,,,,,,,110901.6,,,,,,22786.5132,,,,,,,,,,,,,,,,,,,,,,4309843510.0,4309843510.0,,,,,,,,,,,,,,,,214380.0,225937.5,,,,,,,5417.140600000001,,,,,22888404840.0,,,,,,,,,,,,,,,,,,,22888404840.0,,,,,,,,,,,,,,,9900.0,23999.4,11109.375000000002,,240436.8,,,,,,,,,,,,,,,,,,,,,,,,,,,,,,,,,,,,,3506396670.0,,,36482.875,,,,,,,,,,,,,,,,,,,,,,,,,2373.5411,,,,,,,,,,,,,,,,,,,,,,,,,,22949.9865,,,,,,,,,,,,,,,,,,,
1985-05-31,,,,,,,,,,,,,,,,,,,,,,,,,,11294.76,,,,,,,,,,,88995.0,,,,,,,,,,,,,,,,,,,15531.0015,,,,,,,,,,,,,,,,,,,,,,,,,,,,,,,,,,,,,,,,,,,,,,,,,,,,,,,,,,,,,,,,,,,,,,,222152.4,,,,,,23797.850999999995,,,,,,,,,,,,,,,,,,,,,,4274127480.0,4274127480.0,,,,,,,,,,,,,,,,457852.5,113606.25,,,,,,,5078.165,,,,,21936523490.0,,,,,,,,,,,,,,,,,,,21936523490.0,,,,,,,,,,,,,,,660.0,16152.9295,,,40752.0,,,,,,,,,,,,,,,,,,,,,,,,,,,,,,,,,,,,,3513605410.0,,,33474.837499999994,,,,,,,,,,,,,,,,,,,,,,,,,21800.672599999998,,,,,,,,,,,,,,13418.499999999998,,,,,,,,,,,,46875.15,,,,,,,,,,,,,,,,,,,
1985-06-30,,,,,,,,,320.85659999999996,,,,,,,,,,,,,,,,,,,,,,,,,,,,52900.0,,,,,,,,,,,,,,,,,,,7717.9553,,,,,,,,,,,,,,,,,,,,,,,,,,,,,,,,,,,,,,,,,,,,36007.875,,,,,,,,,,,,,,,,,,,,,,,,,,,89000.64,,,,,,15775.827150000001,,,,,,,,,,,,,,,,,,,,,,4214163870.0000005,4214163870.0000005,,,,,,,,,,,,,,,,33474.375,112856.25,,,,,,,7617.05125,,,,,22159339090.0,,,,,,,,,,,,,,,,,,,22159339090.0,,,,,,,,,,,,,,,,19532.845,35390.625,,97804.8,,,,,,,,,,,,,,,,,,,,,,,,,,,,,,,,,,,,,3706275370.0,,,31106.764000000003,,,,,,,,,,,,,,,,,,,,,,,,,16583.836499999998,,,,,,,,,,,,,,3401.9999999999995,,,,,,,,,,,,40000.128000000004,,,,,,,,,,,,,,,,,,,
1985-07-31,,,,,,,,,,,,,,,,,,,,,,,,,,,,,,,,,,,,,55600.0,,,,,,,,,,,,,,,,,,,12911.3717,,,,,,,,,,,,,,,,,,,,,,,,,,,,,,,,,,,,,,,,,,,,2621.125,,,,,,,,,,,,,,,,,,,,,,,,,,,134334.72,,,,,,37110.861600000004,,,,,,,,,,,,,,,,,,,,,,4165177205.0,4165177205.0,,,,,,,,,,,,,,,,140214.375,134887.5,,,,,,,40832.04375,,,,,22805504330.0,,,,,,,,,,,,,,,,,,,22805504330.0,,,,,,,,,,,,,,,,9866.42,115359.375,,67920.0,,,,,,,,,,,,,,,,,,,,,,,,,,,,,,,,,,,,,3663022930.0,,,17932.525,,,,,,,,,,,,,,,,,,,,,,,,,8126.516700000001,,,,,,,,,,,,,,7371.0,,,,,,,,,,,,29256.386400000003,,,,,,,,,,,,,,,,,,,
1985-08-31,,,,,,,,,895.2324,,,,,,,,,,,,,,,,,44896.384399999995,,,,,,,1250.0,,,,,,,,,,,,,,,,,,,,,,,1533.7129,,,,,,,,,,,,,,,,,,,,,,,,,,,,,,,,,,,,,,,,,,,,2648.7500000000005,,,,,,,,,,,,,,,,,,,,,,,,,,,44847.36,,,,,,28678.1877,,,,,,,,,,,,,,,,,,,,,,4476627540.0,4476627540.0,,,,,,,,,,,,,,,,173598.75,236053.125,,,,,,,10469.025,,,,,21105224700.0,,,,,,,,,,,,,,,,,,,21105224700.0,,,,,,,,,,,,,,,13200.0,22199.445,30000.0,,38035.200000000004,,,,,,,,,,,,,,,,,,,,,,,,,,,,,,,,,,,,,3671214680.0,,,27763.641600000003,,,,,,,,,,,,,,,,,,,,,,,,,6840.2432,,,,,,,,,,,,,,3370.2,,,,,,,,,,,,19425.0042,,,,,,,,,,,,,,,,,,,
1985-09-30,,,,,,,,,288.78839999999997,,,,,,,,,,,,,,,,,469859.75519999996,,,,,,,11637.5,,,,24500.0,,,,,,,,,,,,,,,,,,,1533.7129,,,,,,,,,,,,,,,,,,,,,,,,,,,,,,,,,,,,,,,,,,,,8425.25,,,,,,,,,,,,,,,,,,,,,,,,,,,67139.28,,,,,,24429.5673,,,,,,,,,,,,,,,,,,,,,,5112307340.0,5112307340.0,,,,,,,,,,,,,,,,321030.0,168168.75,,,,,,,386355.3664,,,,,21657348650.0,,,,,,,,,,,,,,,,,,,21657348650.0,,,,,,,,,,,,,,,1980.0,18239.544,42750.0,,40752.0,,,,,,,,,,,,,,,,,,,,,,,,,,,,,,,,,,,,,3992986620.0,,,37423.75,,,,,,,,,,,,,,,,,,,,,,,,,16050.7578,,,,,,,,,,,,,,5643.5,,,,,,,,,,,,11100.0024,,,,,,,,,,,,,,,,,,,
1985-10-31,,,,,,,,,4140.315299999999,,,,,,,,,,,,,,,,,,,,,,,,7000.0,,,,39240.0,,,,,,23563.224,,,,,,,,,,,,,3029.8257,,,,,,,,,,,,,,,,,,,,,,,,,,,,,,,,,,,,,,,,,,,,7213.000000000001,,,,,,,,,,,,,,,,,,,,,,,,,,,89416.8,,,,,,115086.7575,,,,,,,,,,,,,,,,,,,,,,5779279625.0,5779279625.0,,,,,,,,,,,,,,,,120183.75,101334.375,,,,,,,11145.65625,,,,,22863665755.0,,,,,,,,,,,,,,,,,,,22863665755.0,,,,,,,,,,,,,,,12870.0,28499.2875,19218.75,,21055.2,,,,,,,,,,,,,,,,,,,,,,,,,,,,,,,,,,,,,4189588620.0,,,79526.85,,,,,,,,,,,,,,,,,,,,,,,,,13060.648500000001,,,,,,,,,,,,,,,,,,,,,,,,,,40687.6302,,,,,,,,,,,,,,,,,,,
1985-11-30,,,,,,,,,539.0484,,,,,,,,,,,,,,,,,257304.0078,,,,,,,3150.0,,,,44440.0,,,,,,,,,,,,,,,,,,,41665.8679,,,,,,,,,,,,,,,,,,,,,,,,,,,,,,,,,,,,,,,,,,,,6586.999999999999,,,,,,,,,,,,,,,,,,,,,,,,,,,346714.56,,,,,,15670.8806,,,,,,,,,,,,,,,,,,,,,,5554006500.0,5554006500.0,,,,,,,,,,,,,,,,152904.375,201150.0,,,,,,,12238.875,,,,,22201608520.0,,,,,,,,,,,,,,,,,,,22201608520.0,,,,,,,,,,,,,,,1650.0,96770.952,387843.7584,,95088.0,,,,,,,,,,,,,,,,,,,,,,,,,,,,,,,,,,,,,4224976980.0,,,132349.7113,,,,,,,,,,,,,,,,,,,,,,,,,8627.93085,,,,,,,,,,,,,,1144.4,,,,,,,,,,,,27618.6231,,,,,,,,,,,,,,,,,,,
1985-12-31,,,,,,,,,539.0484,,,,,,,,,,,,,,,,,11187.367199999999,,,,,,,3150.0,,,,52240.0,,,,,,,,,,,,,,,,,,,6142.4149,,,,,,,,,,,,,,,,,,,,,,,,,,,,,,,,,,,,,,,,,,,,3293.375,,,,,,,,,,,,,,,,,,,,,,,,,,,22420.260000000002,,,,,,50981.130800000006,,,,,,,,,,,,,,,,,,,,,,5263363210.0,5263363210.0,,,,,,,,,,,,,,,,535050.0,163345.3125,,,,,,,11980.125,,,,,23719703630.0,,,,,,,,,,,,,,,,,,,23719703630.0,,,,,,,,,,,,,,,1980.0,19732.84,60750.0,,67920.0,,,,,,,,,,,,,,,,,,,,,,,,,,,,,,,,,,,,,4185656580.0,,,93171.4024,,,,,,,,,,,,,,,,,,,,,,,,,3119.4699,,,,,,,,,,,,,,2330.4,,,,,,,,,,,,65699.8128,,,,,,,,,,,,,,,,,,,
1986-01-31,,,,,,,,,295.001,,31723.862060643187,,,,,,,,,,,,,,,112241.56719999999,,,,,,,23625.0,,,,130200.0,,,,,,3927.204,,,,,,,,,,,4373.7208,,12284.4601,,,,,,,,,,,,,,,,,,,,,,,,,,,,,,,,,,,,,,,,,,,,6476.499999999999,,,,,,,,,,,,,,,,,,,,,,,,,,,78775.2,,,,,,27235.8373,,,,,,,,,,,,,,,,,,,,,,5446858410.0,5446858410.0,,,,236500.00000000003,,,,,,,,,,,,646380.0,187495.3125,,,,,,,52196.699100000005,,,,,24717786450.0,,,,,,,,,,,,,,,,,,,24717786450.0,,,,,,,,,,,,,,,1950.0,21839.453999999998,,,,,,,,,,,,,,,,,,,,,,,,,,,,,,,,,,,,,,,,4391105670.0,,,103713.14689999999,,,,,,,,,,,,,,,,,,,,,,,,,27174.8036,,,,,,,,,,,,,,3808.8,,,,,,,,,,,,72612.51569999999,,,,,,,,,,,,,,,,,,,
1986-02-28,,,,,,,,,,,2440.29708158796,,,,,,,,,,,,,,,22648.1596,,,,,,,13800.0,,,,109200.0,,,,,,,,,,,,,,,,,,,,,,,,,,,,,,,,,,,,,,,,,,,,,,,,,,,,,,,,,,,,,,,71206.15,,,,,,,,,,,,,,,,,,,,,,,,,,,1264773.96,,,,,,73147.5804,,,,,,,,,,,,,,,,,,,,,,5483229780.0,5483229780.0,,,,236500.00000000003,,,,,,,,,,,,822003.75,273375.0,,,,,,,39854.1033,,,,,24757106850.0,,,,,,,,,,,,,,,,,,,24757106850.0,,,,,,,,,,,,,,,1950.0,43572.244,58265.625,,,,,,,,,,,,,,,,,,,,,,,,,,,,,,,,,,,,,,,4295753700.0,,,91345.77750000001,,,,,,,,,,,,,,,,,,,,,,,,,104696.26435,,,,,,,,,,,,,,2486.8,,,,,,,,,,,,64212.642,,,,,,,,,,,,,,,,,,,
1986-03-31,,,,,,,,,1765.5554000000002,,29283.56497905527,,,,,,,,,,,,,,,83080.03839999999,,,,,,,13800.0,,,,291750.0,,,,,,14763.861,,,,,,,,,,,,,23200.0,,,,,,,,,,,,,,,,,,,,,,,,,,,,,,,,,,,,,,,,,,,,46510.2,,,,,,,,,,,,,,,,,,,,,,,,,,,287248.5,,,,,,51852.8768,,,,,,,,,,,,,,,,,,,,,,7172532465.0,7172532465.0,,,,22000.0,,,,,,,,,,,,1890027.0,727695.0,,,,,,,33124.885200000004,,,,,31152569910.0,,,,,,,,,,,,,,,,,,,31152569910.0,,,,,,,,,,,,,,,3250.0,49918.75199999999,20718.75,,,,,,,,,,,,,,,,,,,,,,,,,,,,,,,,,,,,,,,5306943320.0,,,223174.578,,,,,,,,,,,,,,,,,,,,,,,,,249982.0004,,,,,,,,,,,,,,4973.6,,,,,,,,,,,,504593.8467,,,,,,,,,,,,,,,,,,,
1986-04-30,,,,,,,,,1319.3137499999998,,24402.97081587939,,,,,,,,,,,,,,,92623.75365,,,,,,,10812.5,,,,68000.0,,,,,,,,,,,,,,,,,,,18454.5818,,,,,,,,,,,,,,,,,,,,,,,,,,,,,,,,,,,,,,,,,,,,33272.0,,,,,,,,,,,,,,,,,,,,,,,,,,,206782.47,,,,,,107288.4932,,,,,,,,,,,,,,,,,,,,,,7537393010.0,7537393010.0,,,,,,,,,,,,,,,,571752.0,251484.375,,,,,,,51161.4576,,,,,33607801220.0,,,,,,,,,,,,,,,,,,,33607801220.0,,,,,,,,,,,,,,,27200.000000000004,10266.41,102375.0,,,,,,,,,,,,,,,,,,,,,,,,,,,,,,,,,,,,,,,5517307460.0,,,155021.7992,,,,,,,,,,,,,,,,,,,,,,,,,565086.1779,,,,,,,,,,,,,,18651.0,,,,,,,,,,,,231100.0992,,,,,,,,,,,,,,,,,,,
1986-05-31,,,,,,,,,1458.7,,4880.594163175835,,,,,,,,,,,,,,,13914.64875,,,,,,,12075.0,,,,41250.0,,,,,,,,,,,,,,,,,,,39714.5112,,,,,,,,,,,,,,,,,,,,,,,,,,,,,,,,,,,,,,,,,,,,21362.25,,,,,,,,,,,,,,,,,,,,,,,,,,,114724.79999999999,,,,,,51402.2272,,,,,,,,,,,,,,,,,,,,,,7422708510.0,7422708510.0,,,,,,,,,,,,,,,,468945.0,316659.37499999994,,,,,,,25247.376,,,,,31430434070.0,,,,,,,,,,,,,,,,,,,31430434070.0,,,,,,,,,,,,,,,3700.0,28372.624000000003,36562.5,,,,419989.3554,,,,,,,,,,,,,,,,,,,,,,,,,,,,,,,,,,,5397380240.0,,,75120.9102,,,,,,,,,,,,,,,,,,,,,,,,,312413.3081,,,,,,,,,,,,,,8703.800000000001,,,,,,,,,,,,176962.4922,,,,,,,,,,,,,,,,,,,
1986-06-30,,,,,,,,,5777.97465,,12201.485407939716,,,,,,,,,,,,,,,37333.425,,,,,,,9062.5,,,,80000.0,,,,,,39999.299999999996,,,,,,,,,,,,,21743.253,,,,,,,,,,,,,,,,,,,,,,,,,,,,,,,,,,,,,,,,,,,,28079.75,,,,,,,,,,,,,,,,,,,,,,,,,,,278540.45999999996,,,,,,182385.23100000003,,,,,,,,,,,,,,,,,,,,,,9181641070.0,9181641070.0,,,,,,,,,,,,,,,,642735.0,535584.375,,,,,,,23844.971700000002,,,,,33772946900.0,,,,,,,,,,,158030.23,,,,,,,,33772946900.0,,,,,,,,,,,,,,,8800.0,89797.755,162937.50000000003,,,,,,,,,,,,,,,,,,,,,,,,,,,,,,,,,,,,,,,6198861060.0,,,182729.08735,,,,,,,,,,,,,,,,,,,,,,,,,643443.04325,,,,,,,,,,,,,,14600.4,,,,,,,,,,,,822295.6434,,,,,,,,,,,,,,,,,,,
1986-07-31,,,,,,,,,23939.152199999997,,103712.62596748745,,,,,,,,,,,,,,,441096.4384,,,,,137340.0,,77000.0,,,,159700.0,,,,,,54354.474,,,,,,,,,,,,,51885.247650000005,,,,,,,,,,,,,,,,,,,,,,,,,,,,,,,,,,,,,,,,,,,,107334.6,,,,,,,,,,,,,,,,,,,,,,,,,,,270660.78,,,,,,290291.26410000003,,,,,,,,,,,,,,,,,,,,,,11572649060.0,11572649060.0,,,,98600.0,,,,,,,,,,,,2943895.5000000005,1418159.0625,,,,,,,208138.5207,,,,,35454877010.0,46800.0,,,,,,,,,,22960.08,,,,,,,,35454877010.0,,,,,,,,,,,,,,,39560.0,51085.39345,36304.6875,,,,519953.33280000003,,,,,,,,,,,,,,,,,,,,,,,,,,,,,,,,,,,7569996175.0,,,1136756.002,,,,,,,,,,,,,,,,,,,,,,,,,1371910.4879,,,,,,,,,,,,,,19827.0,,,,,,,,,,,,1374174.4697,,,,,,,,,,,,86350.0,,,,,,,
1986-08-31,,,,,,,,,9365.83525,,30866.852966514034,,,,,,,,,,,,,,,173780.4176,,,,,,,36831.25,,,,138250.0,,,,,,50618.952000000005,,,,,,,,,,,,,15976.827700000002,,,,,,,,,,,,,,,,,,,,,,,,,,,,,,,,,,,,,,,,,,,,62352.5,,,,,,,,,,,,,,,,,,,,,,,,,,,58144.5,,,,,,152151.52419999999,,,,,,,,,,,,,,,,,,,,,,12121660145.0,12121660145.0,,,,56000.00000000001,,,,,,,,,,,,1514551.5000000002,689495.6249999999,,,,,,,62859.5451,,,,,37129270710.0,28800.0,,,,,,,,,,31990.839999999997,,,,,,,,37129270710.0,,,,,,,,,,,,,,,43000.0,53332.008,184687.5,,,,479974.7997,,,,,,,,,,,,,,,,,,,,,,,,,,,,,,,,,,,7719249860.0,,,435267.63000000006,,,,,,,,,,,,,,,,,,,,,,,,,626931.8169999999,,,,,,,,,,,,,,19827.0,,,,,,,,,,,,616907.4873500001,,,,,,,,,,,,37835.0,,,,,,,
1986-09-30,,,,,,,,,21517.898200000003,,61116.36887369782,,,,,,,,,,,,,,,148432.6934,,,,,,,66337.5,,,,401800.00000000006,,,,,,834482.4809999999,,,,,,,,,,,,,40661.198099999994,,,,,,,,,,,,,,,,,,,,,,,,,,,,,,,,,,,,,,,,,,,,193268.5,,,,,,,,,,,,,,,,,,,,,,,,,,,197691.3,,,,,,492369.5015,,,,,,,,,,,,,,,,,,,,,,14741545630.0,14741545630.0,,,,162400.00000000003,,,,,,,,,,,,5062999.5,3110298.75,,,,,,,29444.68395,,,,,42062342560.0,43200.0,,,,,,,,,,28800.449999999997,,,,,,,,42062342560.0,,,,,,,,,,,,,,,55200.0,35199.12,146906.25,,,,779956.75505,,,,,,,,,,,,,,,,,,,,,,,,,,,,,,,,,,,8970949260.0,,,1577221.2484,,,,,,,,,,,,,,,,,,,,,,,,,714461.6379000001,,,,,,,,,,,,,,15675.4,,,,,,,,,,,,1147770.5847999998,,,,,,,,,,,,,,,,,,,
1986-10-31,,,,,,,,,84505.302,,112972.68185744155,,,,,,,,,,,,,,,967165.7805,,,,,,,342331.25,,,,2109300.0,,44040.0,,,,2210848.02675,,,,,,,,,,,,,93832.0187,,,,,,,,,,,,,,,,,,,,,,,,,,,,,,,,,,,,,,,,,,,,507352.8,,,,,,,,,,,,,,,,,,,,,,,,,,,806055.2999999999,,,,,,947619.8624,,,,,,,,,,,,,,,,,,,,,,17491024600.0,17491024600.0,,,,382800.0,,,,,,,,,,,,2845740.0,2021242.5,,,,,,,54518.55255000001,,,,,68005611533.3,116365.0,,,,,,,,,,73952.88,,,,,,,,68005611533.3,,,,,,,,,,,,,,,152320.0,517613.7072,115640.625,,,,23760687.405,,,,,,,,,,,,,,,,,,,,,,,,,,,,,,,,,,,12275173540.0,,,1172859.4422,,,,,,,,,,,,,,,,,,,,,,,,,1305864.841,,,,,,,,,,,,,,81282.0,,,,,,,,,,,,1295242.251,,,,,,,,,,,,159250.0,,,,,,,
1986-11-30,,,,,,,,,44388.184149999994,,193625.9529617092,,,,,,,,,,,,,,,434749.69615,,,,,,,60375.0,,,,2252437.5,,44000.0,,,,331637.184,,,,,,,,,,,,,167415.59519999998,,,,,,,,,,,,,,,,,,,,,,,,,,,,,,,,,,,,,,,,,,,,66567.59999999999,,,,,,,,,,,,,,,,,,,,,,,,,,,445748.85,,,,,,538661.9852,,,,,,,,,,,,,,,,,,,,,,387987488900.00006,387987488900.00006,,,,216850.0,,,,,,,,,,,,1553592.1875,1221598.125,,,,,,,44755.68735,,,,,140106533760000.02,25550.0,,,,,,,,,,,,,,,,,,140106533760000.02,,,,,,,,,,,,,,,57570.0,360790.98880000005,85429.6875,,,,3294032.94,,,,,,,,,,,,,,,,,,,,,,,,,,,,,,,,,,,12067758430.0,,,530114.764,,,,,,,,,,,,,,,,,,,,,,,,,1177552.6578,,,,,,,,,,,,,,62423.75,,,,,,,,,,,,1381383.5992,,,,,,,,,,,,150150.0,,,,,,,
1986-12-31,,,,,,,,,41134.9056,,278193.8673010246,,,,,,,,,,,,,,,409050.10595,,,,,,,154700.0,,,,1601300.0,,22000.0,,,,442228.19325,,,,,,,,,,,,,143351.85075,,,,,,,,,,,,,,,,,,,,,,,,,,,,,,,,,,,,,,,,,,,,63390.0,,,,,,,,,,,,,,,,,,,,,,,,,,,501672.735,,,,,,1138105.1565,,,,,,,,,,,,,,,,,,,,,,966568547875.0,966568547875.0,,,,170300.0,,,,,,,,,,,,1853490.9375,956579.0625,,,,,,,214050.38945,,,,,184075104149900.0,43070.0,,,,,,,,,,115728.35,,,,,,,,184075104149900.0,,,,,,,,,,,,,,,45835.0,225307.7005,92531.25,,,,2397624.4200000004,,,,,,,,,,,,,,,,,,,,,,,,,,,,,,,,,,,12892831490.0,,,1779714.4813,,,,,,,,,,,,,,,,,,,,,,,,,2150990.5548,,,,,,,,,,,,,,88870.65,,,,,,,,,,,,1367876.5014999998,,,,,,,,,,,,58320.00000000001,,,,,,,
1987-01-31,,,,,,,,,67699.0321,,655873.4174103575,,,,,,,,,,,,,,,942921.2592,,,,,,,1524705.0,,,,2688575.0,,46800.0,,,,549998.724,,,,,,,,,,,,,322496.0272,,,,,,,,,,,,,,,,,,,,,,,,,,,,,,,,,,,,,,,,,,,,377730.00000000006,,,,,,,,,,,,,,,,,,,,,,,,,,,625752.0,,,,,,614592.5149000001,,,,,,,,,,,,,,,,,,,,,,911294454000.0,911294454000.0,,,,243880.0,,,,,,,,,,,,3988980.0,2648806.875,,,,,,,82671.4944,,,,,1025333372692780.9,396720.0,50630.0,,,,,,,,,57534.0,,,,,,,,1025333372692780.9,,,,,,,,,,,,,,,117925.0,439548.99120000005,137296.875,,,,18553686.2,,,,,,,,,,,,,,,,,,,,,,,,,,,,,,,,,,,15925745010.0,,,1961607.099,,,,,,,,,,,,,,,,,,,,,,,,,1252063.5999999999,,,,,,,,,,,,,,265644.0,,,,,,,,,,,,788901.1625,,,,,,,,,,,,116262.5,,,,,,,
1987-02-28,,,,,,,,,24662.1881,,294636.82144601055,,,,,,,,,,,,,,,1234582.8558999998,,,,,,,383857.5,,,,1365350.0,,38220.0,,,,439808.139,,,,,,,,,,,,,372808.989,,,,,,,,,,,,,,,,,,,,,,,,,,,,,,,,,,,,,,,,,,,,316378.1,,,,,,,,,,,,,,,,,,,,,,,,,,,198849.59999999998,,,,,,447314.0792,,,,,,,,,,,,,,,,,,,,,,786309083000.0,786309083000.0,,,,133650.0,,,,,,,,,,,,1237519.6875,777277.5,,,,,,,32437.231199999995,,,,,594507479047520.0,78540.0,14182.5,,,,,,,,,46027.2,,,,,,,,594507479047520.0,,,,,,,,,,,,,,,87450.0,247520.47849999997,145019.50650000002,,,,4428943.890000001,,,,,,,,,,,,,,,,,,,,,,,,,,,,,,,,,,,17037037815.0,,,2405378.1887999997,,,,,,,,,,,,,,,,,,,,,,,,,1608281.2708,,,,,,,,,,,,,,259056.00000000003,,,,,,,,,,,,335764.6843,,,,,,,,,,,,99500.0,,,,,,,
1987-03-31,,,,,,,,,17018.21135,,231726.54370578766,,,,,,,,,,,,,,,1083180.5478,,,,,,,290525.0,,,,821012.5,,26000.0,,,,179090.673,,,,,,,,,,,,,159516.80485000001,,,,,,,,,,,,,,,,,,,,,,,,,,,,,,,,,,,,,,,,,,,,142254.0,,,,,,,,,,,,,,,,,,,,,,,,,,,136326.96000000002,,,,,,227408.816,,,,,,,,,,,,,,,,,,,,,,625462933900.0,625462933900.0,,,,124740.0,,,,,,,,,,,,1838554.6875,891322.5,,,,,,,16458.156,,,,,345613509150000.0,50520.0,12110.0,,,,,,,,,92045.8,,,,,,,,345613509150000.0,,,,,,,,,,,,,,,163200.0,126156.846,60117.1875,,,,4294298.74905,,,,,,,,,,,,,,,,,,,,,,,,,,,,,,,,,,,15441284915.0,,,734610.4493,,,,,,,,,,,,,,,,,,,,,,,,,1298318.80885,,,,,,,,,,,,,,152595.8,,,,,,,,,,,,873808.8139,,,,,,,,,,,,81650.0,,,,,,,
1987-04-30,,,,,,,,,36402.3333,,221783.7856561038,,,,,,,,,,,,,,,2399440.7197,,,,,,,906138.75,,,,2392675.0,,22400.0,,,,400825.84725,,,,,,,,,,,,,127629.1097,,,,,,,,,,,,,,,,,,,,,,,,,,,,,,,,,,,,,,,,,,,,170287.94999999998,,,,,,,,,,,,,,,,,,,,,,,,,,,244762.74,,,,,,279671.07315,,,,,,,,,,,,,,,,,,,,,,1389965007700.0,1389965007700.0,,,,107100.0,,,,,,,,,,,,6389824.15,3530157.1875,,,,,,,340275.90465000004,,,,,808518261992099.2,150920.0,55244.99999999999,,,,,,,,,278919.25,,,,,,,,808518261992099.2,,,,,,,,,,,,,,,143975.0,109563.92749999999,,,,,6148861.0,,,,,,,,,,,,,,,,,,,,,,,,,,,,,,,,,,,17293767260.0,,,1260976.2188,,,,,,,,,,,,,,,,,,,,,,,,,721949.2353,,,,,,,,,,,,,,107615.95000000001,,,,,,,,,,,,1019105.0062,,,,,,,,,,,,101250.0,,,,,,,
1987-05-31,,,,,,,,,9865.567,,1138936.034941839,,,,,,,,,,,,,,,236436.06379999997,,,,,,,592640.0,,,,1017975.0,,24000.0,,,,549807.0592499999,,,,,,,,,,,,,168751.54125,,,,,,,,,,,,,,,,,,,,,,,,,,,,,,,,,,,,,,,,,,,,89531.8,,,,,,,,,,,,,,,,,,,,,,,,,,,123411.6,,,,,,95022.31580000001,,,,,,,,,,,,,,,,,,,,,,462373501700.00006,462373501700.00006,,,,68200.0,,,,,,,,,,,,2743425.0,2724930.0,,,,,,,246770.33039999998,,,,,449719294620000.0,49600.0,24000.0,,,,,,,,,,,,,,,,,449719294620000.0,,,,,,,,,,,,,,,62300.0,367297.484,,,,,2977229.825,,,,,,,,,,,,,,,,,,,,,,,,,,,,,,,,,,,19330563980.0,,,1004862.2643,,,,,,,,,,,,,,,,,,,,,,,,,754934.9478,,,,,,,,,,,,,,343743.5,,,,,,,,,,,,1004625.6204,,,,,,,,,,,,103680.0,,,,,,,
1987-06-30,,,,,,,,,81566.71800000001,,1161930.0247046538,,,,,,,,,,,,,,,699888.2256,,,,,107625.6,,1199466.0,,,,2028750.0,,73440.0,,,,467597.5785,,,,,,,,,,,,,376184.722,,,,,,,,,,,,,,,,,,,,,,,,,,,,,,,,,,,,,,,,,,,,1171551.5999999999,,,,,,,,,,,,,,,,,,,,,,,,,,,254776.05,,,,,,553757.6485,,,,,,,,,,,,,,,,,,,,,,2121814213600.0,2121814213600.0,,,,109620.0,,,,,,,,,,,,5250922.5,4101218.2616,,,,,,,1049494.5747,,,,,2724914477713612.5,602280.0,172465.0,,,,,,,,,,,,,,,,,2724914477713612.5,,,,,,,,,,,,,,,246500.0,1726223.4671999998,,,,,8857889.110000001,,,,,,,,,,,,,,,,,,,,,,,,,,,,,,,,,,,24189254740.0,,,1804764.0975,,,,,,,,,,,,,,,,,,,,,,,,,2884158.2512,,,,,,,,,,,,,,728531.0,,,,,,,,,,,,2197498.9452,,,,,,,,,,,,1262575.0,,,,,,,
1987-07-31,,,,,,,,,112039.7138,,1095795.068678046,,,,,,,,,,,,,,,1065308.5824,,,,,911161.25,,2919624.0,,,,11193525.0,,316800.0,,,,1085960.7228,,,,,,,,,,,,,622137.3888,,,,,,,,,,,,,,,,,,,,,,,,,,,,,,,,,,,,,,,,,,,,1115505.15,,,,,,,,,,,,,,,,,,,,,,,,,,,2475288.9,,,,,,1632343.2275,,,,,,,,,,,,,,,,,,,,,,2883065292000.0,2883065292000.0,,,,1506675.0,,,,,,,,,,,,7891372.5,4111025.625,,,,,,,539127.37,,,,,6865807855116135.0,901439.9999999999,183750.0,,,,,,,,,86597.735,,,,,,,,6865807855116135.0,,,,,,,,,,,,,,,790049.9999999999,1665580.1696,,,,,67794436.8,,,,,,,,,,,,,,,,,,,,,,,,,,,,,,,,,,,36438873296.7,,,3457965.078,,,,,,,,,,,,,,,,,,,,,,,,,2810873.8311,,,,,,,,,,,,,,1394702.4,,,,,,,,,,,,2074759.6090000002,,,,,,,,,,,,2283800.0,,,,,,,
1987-08-31,,,,,,,,,39943.3076,,906982.8922213296,,,,,,,,,,,,,,,397560.829,,,,,279927.60000000003,,1869660.0,,,,8190900.0,,64200.0,,,,539999.865,,,,,,,,,,,,,400324.18379999994,,,,,,,,,,,,,,,,,,,,,,,,,,,,,,,,,,,,,,,,,,,,368537.6,,,,,,,,,,,,,,,,,,,,,,,,,,,1285817.544,,,,,,630787.3254,,,,,,,,,,,,,,,,,,,,,,1088083247400.0,1088083247400.0,,,,430140.0,,,,,,,516128.99999999994,,,,,8124712.5,4634505.0,,,,,,,83960.8836,,,,,3726922371164160.0,303360.0,51805.0,,,,,,,,,67547.01000000001,,,,,,,,3726922371164160.0,,,,,,,,,,,,,,,340000.0,1396983.8064,392906.25,,,,23077130.880000003,,,,,,,,,,,,,,,,,,,,,,,,,,,,,,,,,,,36253081130.0,,,2386037.7600000002,,,,,,,,,,,,,,,,,,,,,,,,,1347443.9696,,,,,,,,,,,,,,676354.8999999999,,,,,,,,,,,,1865036.52,,,,,,,,,,,,1005275.0,,,,,,,
1987-09-30,,,,,,,,,18930.40165,,1115059.6163236222,,,,,,,,,,,,,,,299289.5868,,,,,315348.5,,916635.0,,,,4862000.0,,8100.0,,,,133745.66700000002,,,,,,,,,,,,,323348.49710000004,,,,,,,,,,,,,,,,,,,,,,,,,,,,,,,,,,,,,,,,,,,,,,,,,,,,,,,,,,,,,,,,,,,,,,,777262.7790000001,,,,,,270245.525,,,,,,,,,,,,,,,,,,,,,,558899890500.0,558899890500.0,,,,283800.0,,,,,,,78710.0,,,,,4276850.5208,1852327.5,,,,,,,52083.1872,,,,,1395808714211195.2,74820.0,26475.0,,,,,,,,,184751.04,,,,,,,,1395808714211195.2,,,,,,,,,,,,,,,168225.0,1177693.2684,73785.9375,,,,6723068.06,,,,,,,,,,,,,,,,,,,,,,,,,,,,,,,,,,,427309402306880.0,,,1394046.0481,,,,,,,63607.2,,,,,,,,,,,,,,,,4081535.000000001,,956096.0499,,,,,,,,,,,,,,224099.675,,,,,,,,,,,,1086173.6415,,,,,,,,,,,,768500.0,,,,,,,
1987-10-31,,,,,,,,,12372.20925,,1812556.0771107017,,,,,,,,,,,,,,,222728.87264999998,,,,,303508.5,,821534.0000000001,,,,4090125.0,,34560.0,,,,134681.35875,,,,,,,,,,,,,463973.2193,,,,,,,,,,,,,,,,,,,,,,,,,,,,,,,,,,,,,,,,,,,,,,,,,,,,,,,,,,,,,,,,,,,,,,,260888.98500000002,,,,,,162556.7625,,,,,,,,,,,,,,,,,,,,,,275094657100.0,275094657100.0,,,,209300.0,,,,,,,65488.0,,,,,5512869.7453000005,4704180.365499999,,,,,,,34895.784,,,,,1827714854011475.0,101480.0,46170.0,,,,,,,,,28800.449999999997,,,,,,,,1827714854011475.0,,,,,,,,,,,,,,,74800.0,1285472.5812,113446.875,,,,4268743.4,,,,,,,,,,,,,,,,,,,,,,,,,,,,,,,,,,,737450984506880.0,,,1123925.5332,,,,,,,29877.8,,,,,,,,,,,,,,,,4339860.0,,671616.729,,,,,,,,,,,,,,292381.1,,,,,,,,,,,,2233908.5753,,,,,,,,,,,,1330625.0,,,,,,,
1987-11-30,,,,,,,,,6812.5013,,506920.87917736085,,,,,,,,,,,,,,,116469.39959999999,,,,,113862.0,,500088.0,,,,4149225.0,,12000.0,,,,70654.3095,,,,,,,,,,,,,227619.9607,,,,,,,,,,,,,,,,,,,,,,,,,,,,,,,,,,,,,,,,,,,,,,,,,,,,,,,,,,,,,,,,,,,,,,,234482.04,,,,,,175016.7,,,,,,,,,,,,,,,,,,,,,,178879178800.0,178879178800.0,,,,81750.0,,,,,,,3148.4,,,,,2991091.875,1382065.3125,,,,,,,19687.8528,,,,,735888950792809.6,17270.000000000004,9840.0,,,,,,,,,29317.5,,,,,,,,735888950792809.6,,,,,,,,,,,,,,,91037.5,230884.867,30234.375,,,,598506.65,,,,,,,,,,,,,,,,,,,,,,,,,,,,,,,,,,,215289127759040.0,,,727443.812,,,,,,,21427.2,,,,,,,,,,,,,,,,2169930.0,,286080.0822,,,,,,,,,,,,,,38817.0,,,,,,,,,,,,1318070.3184,,,,,,,,,,,,492575.0,,,,,,,
1987-12-31,,,,,,,,,6578.612700000001,,365216.6042997942,,,,,,,,,,,,,,,180621.65,,,,,105004.8,,598090.0,,,,5205770.0,,58319.99999999999,,,,101561.2035,,,,,,,,,,,,,135242.1114,,,,,,,,,,,,,,,,,,,,,,,,,,,,,,,,,,,,,,,,,,,,,,,,,,,,,,,,,,,,,,,,,,,,,,,333211.32,,,,,,182883.1962,,,,,,,,,,,,,,,,,,,,,,340448999200.0,340448999200.0,,,,114600.0,,,,,,,48249.5,,,,,2979217.96875,1833885.46875,,,,,,,23750.324399999998,,,,,1260665435377929.5,73100.0,18060.0,,,,,,,,,229600.8,,,,,,,,1260665435377929.5,,,,,,,,,,,,,,,184375.0,301144.45849999995,141281.25,,,,5184051.84,,,,,,,,,,,,,,,,,,,,,,,,,,,,,,,,,,,331606442669280.0,,,1421334.3625,,,,,,,27954.3,,,,,,,,,,,,,,,,2100000.0,,340131.9939,,,,,,,,,,,,,,27486.2,,,,,,,,,,,,1027899.7453,,,,,,,,,,,,453237.5,,,,,,,
1988-01-31,,,,,,,,,22086.313599999998,,423384.280866574,,,,,,,,,,,,,,,338307.5542,,,,,602807.1,,347430.0,,,,10732500.0,,60960.0,,,,215271.72,,,,53215.0,,,,,,,,,159432.21730000002,,,,,,,,,,,,,,,,,,,,,,,,,,,,,,,,,,,,,,,,,,,,,,,,,,,,,,,,,,,,,,,,,,,,,,,473342.13,,,,,,180897.4626,,,,,,,,,,,,,,,,,,,,,,458740717800.0,458740717800.0,,,,185850.0,,,,,,,25973.2,,,,,3312444.375,2207205.0,,,,,,,70465.86360000001,,,,,2070728184848400.0,133560.0,17200.0,,,,,,,,,,,,,,,,,2070728184848400.0,,,,,,,,,,,,,,,162750.0,983952.1079999999,607584.3408,,,,12699127.82,,,,,,,,,,,,,,,,,,,,,,,,,,,,,,,,,,,633562334384640.0,,,1016346.3354,,,,,,,69516.40000000001,,,,,,,,,,,,,,,,2976715.0,,332974.0728,,,,,,,,,,,,,,125655.5,,,,,,,,,,,,1296360.2493,,,,,,,,,,,,1559750.0,,,,,,,
1988-02-29,,,,,,,,,7502.5581,,174394.08786633782,,,,,,,,,,,,,,,147607.8124,,,,,326774.25,,226360.0,,,,2903387.5,,15500.0,,,,58472.48025,,,,23550.0,,,,,,,,,73538.12120000001,,,,,,,,,,,,,,,,,,,,,,,,,,,,,,,,,,71470.104,,,,,,,,,,,,,,,,,,,,,,,,,,,,,,,,,,,,,56551.77,,,,,,30682.311999999998,,,,,,,,,,,,,,,,,,,,,,252301406850.0,252301406850.0,,,,89730.0,,,,,,,6847.5,,,,,855613.125,559014.375,,,,,,,6083.5368,,,,,1043914612719027.2,204610.00000000003,15800.000000000002,,,,,,,,,207781.86000000002,,,,,,,,1043914612719027.2,,,,,,,,,,,,,,,113230.0,644917.2364,460753.8595,,,,1116010.85,,,,,,,,,,,,,,,,,,,,,,,,,,,,,,,,,,,362907517749440.0,,,773111.8651999999,,,,,,,28604.55,,,,,,,,,,,,,,,,2066600.0000000002,,409082.84325,,,,,,,,,,,,,,27528.575,,,,,,,,,,,,478695.8549,,,,,,,,,,,,1019812.5,,,,,,,
1988-03-31,,,,,,,,,15675.248,,120053.90106740638,,,,,,,,,,,,,,,182536.6424,,,,,372637.94999999995,,317485.0,,,,2899125.0,,26000.0,,,,8936.328,,,,44498.0,,,,,,,,,34979.53445,,,,,,,,,,,,,,,,,,,,,,,,,,,,,,,,,,51756.384000000005,,,,,,,,,,,,,,,,,,,,,,,,,,,,,,,,,,,,,49642.56,,,,,,32894.1822,,,,,,,,,,,,,,,,,,,,,,267890415700.0,267890415700.0,,,,37120.0,,,,,,,70836.0,,,,,882836.71875,394174.6875,,,,,,,37499.4576,,,,,679987318914120.0,67760.0,81510.0,,,,,,,,,230714.24,,,,,,,,679987318914120.0,,,,,,,,,,,,,,,46860.0,507840.637,204421.875,,,,1647466.5300000003,,,,,,,,,,,,,,,,,,,,,,,,,,,,,,,,,,,239444514299040.0,,,386620.09485,,,,,,,40062.2,,,,,,,,,,,,,,,,2806720.0,,478691.6768,,,,,,,,,,,,,,23274.05,,,,,,,,,,,,1236171.4146,,,,,,,,,,,,602975.0,,,,,,,
1988-04-30,,,,,,,,,15630.77735,,132691.153811344,,,,,,,,,,,,,,,479327.92874999996,,,,,209852.19999999998,,181425.0,,,,2523800.0,,24480.0,,,,117599.391,,,,11645.0,,,,,,,,,47830.0,,,,,,,,,,,,,,,,,,,,,,,,,,,,,,,,,,27291.120000000003,,,,,,,,,,,,,,,,,,,,,,,,,,,,,,,,,,,,,117233.19,,,,,,72755.9577,,,,,,,,,,,,,,,,,,,,,,585964404600.0,585964404600.0,,,,59000.0,,,,,,,15111.6,,,,,1057872.1875,418151.25,,,,,,,38249.9568,,,,,490507899616740.0,67860.0,47580.0,,,,,,,,,81105.23,,,,,,,,490507899616740.0,,,,,,,,,,,,,,,59375.0,396656.75,956519.575,,,,1995770.29,,,,,,,,,,,,,,,,,,,,,,,,,,,,,,,,,,,192674248856320.0,,,255784.8824,,,,,,,46810.0,,,,,,,,,,,,,,,,2583250.0000000005,,550001.45805,,,,,,,,,,,,,,25482.1,,,,,,,,,,,,2345064.99825,,,,,,,,,,,,290625.0,,,,,,,
1988-05-31,,,,,,,,,7238.8029,,143164.09545315854,,,,,,,,,,,,,,,318540.32315,,,,,84398.4,,427350.0,,,,2615300.0,,22000.0,,,,110544.90000000001,,,,58225.00000000001,,,,,,,,,126597.93899999998,,,,,,,,,,,,,,,,,,,,,,,,,,,,,,,,,,40968.575999999994,,,,,,,,,,,,,,,,,,,,,,,,,,,,,,,,,,,,,131129.55000000002,,,,,,196791.9744,,,,,,,,,,,,,,,,,,,,,,706934072700.0,706934072700.0,,,,2360.0,,,,,,,144513.6,,,,,728345.625,398919.84375,,,,,,,30624.283800000005,,,,,1112425128530464.8,611410.0,168000.0,,,,,,,,,2339.6400000000003,,,,,,,,1112425128530464.8,,,,,,,,,,,,,,,66675.0,441035.68600000005,144585.9375,,,,1207812.2,,,,,,,,,,,,,,,,,,,,,,,,,,,,,,,,,,,285232159993920.0,,,288390.79839999997,,,,,,,77760.6,,,,,,,,,,,,,,,,4400000.0,,866064.0651499999,,,,,,,,,,,,,,53564.5,,,,,,,,,,,,1962000.7630000003,,,,,,,,,,,,345950.0,,,,,,,
1988-06-30,,,,,,,,,11460.4434,,316563.1812356353,,,,,,,,,,,,,,,334233.21885,,,,,142031.8,,428610.0,,,,2893362.5,,122400.0,,,,122182.47450000001,,,,176625.0,,,,,,,,,394176.45460000006,,,,,,,,,,,,,,,,,,,,,,,,,,,,,,,,,,395857.854,,,,,,,,,,,,,,,,,,,,,,,,,,,,,,,,,,,,,225434.88,,,,,,65200.11059999999,,,,,,,,,,,,,,,,,,,,,,627683563500.0,627683563500.0,,,,155000.0,,,,,,,41433.2,,,,,789249.375,208957.5,,,,,,,98750.15040000001,,,,,1448787293806150.5,444620.0,118480.0,,,,,,,,,29779.065000000002,,,,,,,,1448787293806150.5,,,,,,,,,,,,,,,106400.0,280419.744,86925.78125,,,,5184051.84,,,,,,,,,,,,,,,,,,,,,,,,,,,,,,,,,,,473994713999040.0,,,262955.5452,,,,,,,102694.7,,,,,,,,,,,,,,,,2200000.0,,271579.1003,,,,,,,,,,,,,,54454.15,,,,,,,,,,,,1334912.754,,,,,,,,,,,,198562.5,,,,,,,
1988-07-31,,,,,,,,,7240.7608,,104635.00016201613,,,,,,,,,,,,,,,302388.3,,,,,98000.0,,269230.0,,,,2926000.0,,185600.0,,,,67719.774,,,,124912.0,,,,,,,,,308663.46875,,,,,,,,,,,,,,,,,,,,,,,,,,,,,,,,,,292173.336,,,,,,,,,,,,,,,,,,,,,,,,,,,,,,,,,,,,,1331144.136,,,,,,63725.962949999994,,,,,,,,,,,,,,,,,,,,,,827853413000.0,827853413000.0,,,,1697300.0,,,,,,,72412.0,,,,,766177.5,250372.5,,,,,,,173826.18,,,,,914001474121920.1,195500.0,79200.0,,,,,,,,,15856.679999999998,,,,,,,,914001474121920.1,,,,,,,,,,,,,,,134225.0,465938.393,115296.875,,,,3487535.65,,,,,,,,,,,,,,,,,,,,,,,,,,,,,,,,,,,606402779754240.0,,,344287.40479999996,,,,,,,115315.59999999999,,,,,,,,,,,,,,,,4266800.0,,636429.3300000001,,,,,,,,,,,,,,21743.85,,,,,,,,,,,,1900679.2922999999,,,,,,,,,,,,230625.0,,,,,,,
1988-08-31,,,,,,,,,11054.2718,,151647.03292725005,,,,,,,,,,,,,,,307667.475,,,,,19887.2,,119400.0,,,,1781250.0,,57000.0,,,,58000.020000000004,,,,66304.0,,,,,,,,,638498.2871999999,,,,,,,,,,,,,,,,,,,,,,,,,,,,,,,,,,142747.72199999998,,,,,,,,,,,,,,,,,,,,,,,,,,,,,,,,,,,,,395219.61,,,,,,24086.5177,,,,,,,,,,,,,,,,,,,,,,742647140900.0,742647140900.0,,,,1204500.0,,,,,,,13978.8,,,,,1012785.0,458482.5,,,,,,,66501.7584,,,,,440843857895900.0,66815.0,67200.0,,,,,,,,,117735.20000000001,,,,,,,,440843857895900.0,,,,,,,,,,,,,,,71550.0,497827.554,172089.9255,,,,1207812.2,,,,,,,,,,,,,,,,,,,,,,,,,,,,,,,,,,,462388476144000.0,,,306473.89499999996,,,,,,,97225.4,,,,,,,,,,,,,,,,3000000.0,,1669328.5,,,,,,,,,,,,,,10138.699999999999,,,,,,,,,,,,1978302.4272,,,,,,,,,,,,173250.0,,,,,,,
1988-09-30,,,,,,,,,7088.243399999999,,52466.38725414062,,,,,,,,,,,,,,,117744.56250000001,,,,,17746.2,,71205.0,,,,1253400.0,,43520.0,,,,165339.59399999998,,,,70260.0,,,,,,,657956.8418,,179649.07795,,,,,,,,,,26791.755200000003,,,,,,,,,,,,,,,,,,,,,,,,46512.45,,,,,,,,,,,,,,,,,,,,,,,,,,,,,,,,,,,,,91733.472,,,,,,33663.6584,,,,,,,,,,,,,,,,,,,,,,342013736300.0,342013736300.0,,,,490250.0,,,,,,,130341.6,,,,,515531.25,317676.09375,,,,,,,69750.27840000001,,,,,244297589923915.0,27540.0,12300.000000000002,,,,,,,,,56064.060000000005,,,,,,,,244297589923915.0,,,,,,,,,,,,,,,39750.0,531826.704,113179.6875,,,,768607.32,,,428963.16000000003,,,,,,,53586.96749999999,,,,,,,,,,,,,,,,,,,,,,,,,253266802734400.0,,,114796.3206,,,,,,,11466.0,,,,,,,,,,,,,,,,2474950.0,,375213.97645,,,,,,,,,,,,,,8530.199999999999,,,,,,,,,,,,760200.4344,,,,,,,,,,,,67725.0,,,,,,,
1988-10-31,,,,,,,,,2611.62675,,80253.81771293661,,,,,,,,,,,,,,,98524.0668,,,,,96839.1,,329380.0,,,,3525425.0,,39000.0,,,,32400.054,,,,7611.5,,,,,,,364283.51915,,110009.8749,,,,,,,,,,,,,,,,,,,,,,,,,,,,,,,,,,159133.554,,,,,,,,,,,,,,,,,,,,,,,,,,,,,,,,,,,,,63704.25,,,,,,23425.6386,,,,,,,,,,,,,,,,,,,,,,566643500850.0,566643500850.0,,,,144500.0,,,,,,,35812.9,,,,,456618.75,337589.53125,,,,,,,50548.033800000005,,,,,419516555421600.0,90560.0,18480.0,,,,,,,,,46508.88,,,,,,,,419516555421600.0,,,,,,,,,,,,,,,47600.0,466254.984,96046.875,,,,349653.33,,,,,,,,,,6000.027,,,,,,,,,,,,,,,,,,,,,,,,,329636449176960.0,,,521049.4985,,,,,,,15312.0,,,,,,,,,,,,,,,,5413520.0,,393037.304,,,,,,,,,,,,,,5365.250000000001,,,,,,,,,,,,532400.1451999999,,,,,,,,,,,,104549.99999999999,,,,,,,
1988-11-30,,,,,,,,,15924.78465,,69141.75064499157,,,,,,,,,,,,,,,263136.65625,,,,,72746.79999999999,,190380.0,,,,7412625.0,,39760.0,,,,136220.49,,,,47100.0,,,,,,,1060926.6527,,73794.4921,,,,,,,,,,,,,,,,,,,,,,,,,,,,,,,,,,555994.0619999999,,,,,,,,,,,,,,,,,,,,,,,,,,,,,,,,,,,,,170486.01,,,,,,39479.9493,,,,,,,,,,,,,,,,,,,,,,706868999300.0,706868999300.0,,,,207900.0,,,,,,,15710.4,,,,,718546.875,376406.25,,,,,,,137796.7536,,,,,415357269057690.0,51460.0,25460.0,,,,,,,,,105719.98,,,,,,,,415357269057690.0,,,,,,,,,,,,,,,57999.99999999999,253626.9925,66000.0,,,,,,,,,,,,,,4891.304,,,,,,,,,,,,,,,,,,,,,,,,,247686803696640.0,,,600178.3802,,,,,,,100833.4,,,,,,,,,,,,,,,,3388270.0,,206190.5648,,,,,,,,,,,,,,3069.7,,,,,,,,,,,,837079.9216,,,,,,,,,,,,49375.0,,,,,,,
1988-12-31,,,,,,,,,18359.7288,,201869.21840100165,,,,,,,,,,,,,,,1098972.4783,,,,,209534.7,,122900.0,,,,8969600.0,,88140.0,,,,61620.12225,,,,38268.75,,,,,,,82358.7185,,438113.5539,,,,,,,,,,169051.383,,,,,,,,,,,,,,,,,,,,,,,,164619.432,,,,,,,,,,,,,,,,,,,,,,,,,,,,,,,,,,,,,474380.433,,,,,,175849.75595000002,,,,,,,,,,,,,,,,,,,,,,1621675762200.0,1621675762200.0,,,,3700500.0,,,,,,,107548.0,,,,,1229518.125,451402.03125,,,,,,,142695.1878,,,,,1088995978193260.8,491549.99999999994,176000.0,,,,,,,,,,,,,,,,,1088995978193260.8,,,,,,,,,,,,,,,185500.0,672963.242,267890.625,,,,1975069.9500000002,,,,,,,,,,,,,,,,,,,,,,,,,,,,,,,,,,,868781946144000.0,,,905519.5,,,,,,,266768.4,,,,,,,,,,,,,,,,3866800.0,,168924.32,,,,,,,,,,,,,,14779.05,,,,,,,,,,,,1429679.4204,,,,,,,,,,,,380000.0,,,,,,,
1989-01-31,,,,,,,,,9930.4288,,103625.47250028787,,,,,,,,,,,,,,,533967.5738,,,,,184720.2,,177560.0,,,,5144450.0,,78280.0,,,,280621.0335,,,,146177.0,,,,,,,,,287597.09294999996,,,,,,,,,,,,,,,,,,,,,,,,,,,,,,,,,,432918.279,,,,,,,,,,,,,,,,,,,,,,,,,,,,,,,,,,,,,334796.652,,,,,,26099.6996,,,,,,,,,,,,,,,,,,,,,,960636615250.0,960636615250.0,,,,7724375.0,,,,,,,214718.2,,,,,1126394.0625,525787.03125,,,,,,,103841.5224,,,,,946861956864625.8,96900.0,28560.0,,,,,,,,,71825.6,,,,,,,,946861956864625.8,,,,,,,,,,,,,,,231012.5,2086244.6296,365038.97500000003,,,,2018270.93,,,,,,,,,,,,,,,,,,,,,,,,,,,,,,,,,,,567315261278720.0,,,343529.6776,,,,,,,94582.8,,,,,,,,,,,,,,,,1836730.0,,1199539.4854000001,,,,,,,,,,,,,,13678.6,,,,,,,,,,,,1436553.1692,,,,,,,,,,,,312750.0,,,,,,,
1989-02-28,,,,,,,,,4591.1785500000005,,130541.3682870882,,,,,,,,,,,,,,,231995.6636,,,,,78000.0,,136940.0,,,,4728500.0,,15200.0,,,,183600.306,,,,59850.0,,,,,,,,,300111.94909999997,,,,,,,,,,,,,,,,,,,,,,,,,,,,,,,,,,672279.5175000001,,,,,,,,,,,,,,,,,,,,,,,,,,,,,,,,,,,,,55952.982,,,,,,29903.802000000003,,,,,,,,,,,,,,,,,,,,,,367897717900.0,367897717900.0,,,,2692350.0,,,,,,,29318.550000000003,,,,,1041215.0,746150.625,,,,,,,49279.1376,,,,,440700588933920.0,81000.0,25200.0,,,,,,,,,86732.76,,,,,,,,440700588933920.0,,,,,,,,,,,,,,,181037.5,2273057.15,504921.875,,,,494105.49,,,,,,,,,,,,,,,,,,,,,,,,,,,,,,,,,,,508644219595520.0,,,342191.55545,,,,,,,19978.0,,,,,,,,,,,,,,,,1306620.0,,201111.912,,,,,,,,,,,,,,5686.8,,,,,,,,,,,,1546283.13795,,,,,,,,,,,,215000.0,,,,,,,
1989-03-31,,,,,,,,,39872.8444,,359529.8405650229,,,,,,,,,,,,,,,433188.60000000003,,,,,46000.0,,88510.0,,,,5038292.5,,48000.0,,,,883679.067,,,,277055.2,,,,,,,,,627789.7653,,,,,,,,,,,,,,,,,,,,,,,,,,,,,,,,,,883338.995,,,,,,,,,,,,,,,,,,,,,,,,,,,,,,,,,,,,,233529.642,,,,,,81901.978,,,,,,,,,,,,,,,,,,,,,,684182252800.0,684182252800.0,,,,3344250.0,,,,,,,144271.6,,,,,570307.5,297948.75,,,,,,,77521.224,,,,,701686259495224.8,123930.0,42500.0,,,,,,,,,86633.29,,,,,,,,701686259495224.8,,,,,,,,,,,,,,,186875.0,5119359.6672,1240829.6572000002,,,,2094771.28,,,,,,,,,,,,,,,,,,,,,,,,,,,,,,,,,,,1385960139251840.0,,,241009.8457,,,,,,,128293.2,,,,,,,,,,,,,,,,22835930.000000004,,534933.8984000001,,,,,,,,,,,,,,8208.8,,,,,,,,,,,,1138774.9098,,,,,,,,,,,,179375.0,,,,,,,
1989-04-30,,,,,,,,,65777.1106,,195877.4175310314,,,,,,,,,,,,,,,914389.61115,,,,,146363.0,,314795.0,,,,4499125.0,,117359.99999999999,,,,717761.8049999999,,,,498671.25,,,,,,,8770234.5495,,142334.35934999998,,,,,,,,,,64864.227999999996,,,,,,,,,,,,,,,,,,,,,,,,404897.595,,,,,,,,,,,,,,,,,,,,,,,,,,,,,,,,,,,,,570855.168,,,,,,55673.549999999996,,,,,,,,,,,,,,,,,,,,,,1653349687355.5,1653349687355.5,,,,1657350.0,,,,,,,71350.04999999999,,,,,477776.875,531464.375,,,,,,,238933.8072,,,,,1917719872598321.5,153340.0,42000.0,,,,,,,,,151340.09,,,,,,,,1917719872598321.5,,,,,,,,,,,,,,,175450.0,1013941.384,115484.375,,,,15624156.55,,,,,,,,,,10326.0795,,,,,,,,,,,,,,,,,,,,,,,,,904631047052800.0,,,468877.27535,,,,,,,238731.59999999998,,,,,,,,,,,,,,,,5553170.0,,717837.1910499999,,,,,,,,,,,,,,36000.0,,,,,,,,,,,,1758488.2348,,,,,,,,,,,,741600.0,,,,,,,
1989-05-31,,,,,,,,,142136.6795,,776457.5020698949,,,,,,,,,,,,,,,3189184.44345,,,,,145353.6,,210599.99999999997,,,,1358862.5,,1180375.0,,,,1335799.221,,,,264080.0,,,,,,,25656.315499999997,,305233.54679999995,,,,,,,,,,386231.11265,,,,,,,,,,,,,,,,,,,,,,,,439096.1475,,,,,,,,,,,,,,,,,,,,,,,,,,,,,,,,,,,,,1007916.885,,,,,,66057.77040000001,,,,,,,,,,,,,,,,,,,,,,4463667723646.0,4463667723646.0,,,,4972437.5,,,,,,,126663.35,,,,,1343509.6875,704689.375,,,,,,,614029.6799999999,,,,,2292110497893523.0,80315.0,67230.0,,,,,,,,,378408.7,,,,,,,,2292110497893523.0,,,,,,,,,,,,,,,550800.0,1146064.6608,177660.15625,,,,17910179.1,,,2373313.008,,,,,,,17771.760049999997,,,,,,,,,,,,,,,,,,,,,,,,,1596147598551680.0,,,615418.54105,,,,,,,323824.79999999993,,,,,,,,,,,,,,,,7933100.0,,991820.1776,,,,,,,,,,,,,,78796.57500000001,,,,,,,,,,,,2417602.3226499995,,,,,,,,,,,,672000.0,,,,,,,
1989-06-30,,,,,,,,,49418.37985,,122712.08181699367,,,,,,,,,,,,,,,257897.08000000002,,,,,84552.09999999999,,125100.0,,,,613350.0,,1167600.0,,,,776079.81,,,,267598.5,,,,,,,154309.652,,164717.74599999998,,,,,,,,,,502355.47740000003,,,,,,,,,,,,,,,,,,,,,,,,178086.97999999998,,,,,,,,,,,,,,,,,,,,,,,,,,,,,,,,,,,,,408640.68,,,,,,64808.704,,,,,,,,,,,,,,,,,,,,,,6936585332300.001,6936585332300.001,,,,980000.0,,,,,,,107439.5,,,,,242581.875,254712.5,,,,,,,72020.124,,,,,1223532262944560.0,60800.0,48600.0,,,,,,,,,84753.25,,,,,,,,1223532262944560.0,,,,,,,,,,,,,,,170000.0,394603.468,160156.25,,,,6268563.68,,,,,,,,,,46673.8745,,,,,,17610377.9694,,,,,,,,,,,,,,,,,,,831062078023680.0,,,171537.9211,,,,,,,434091.6,,,,,,,,,,,,,,,,2420000.0,,1039418.9778,,,,,,,,,,,,,,36738.0,,,,,,,,,,,,2919713.3011,,,,,,,,,,,,212675.0,,,,,,,
1989-07-31,,,,,,,,,133513.008,,209778.39554936325,,,,,,,,,,,,,,,989873.95,,,,,65798.4,,153600.0,,,,1466400.0,,473250.0,,,,1062116.82,,,,132755.19999999998,,,,,,,,,142940.332,,,,,,,,,,,,,,,,,,,,,,,,,,,,,,,,,,267130.5,,,,,,,,,,151387.6,,,,,,,,,,,,,,,,,,,,,,,,,,,982246.23,,,,,,32559.3044,,,,,,,,,,,,,,,,,,,,,,4441349272950.0,4441349272950.0,,,,2654750.0,,,,,,,115113.75,,,,,245737.5,256094.6875,,,,,,,161883.084,,,,,803027631547321.6,98835.0,99330.0,,,,,,,,,122150.27,,,,,,,,803027631547321.6,,,,,,,,,,,,,,,93500.0,745567.9872000001,344500.0,,,,5575556.64,,,,,,,,,,,,,,,,10274571.0144,,,,,,,,,,,,,,,,,,,874504446347520.0,,,333284.73360000004,,,,,,,177013.80000000002,,,,,,,,,,,,,,,,2200000.0,,2662526.4414,,,,,,,,,,,,,,20238.75,,,,,,,,,,,,2864400.7811999996,,,,,,,,,,,,135700.0,,,,,,,
1989-08-31,,,,,,,,,428326.8444,,194875.1526582368,,,,,,,,,,,,,,,885979.865,,,,,106452.0,,39000.0,,,,2873850.0,,203500.0,,,,2489454.162,,,,97881.0,,,,,,,,,139841.1,,,,,,,,,,,,,,,,,,,,,,,,,,,,,,,,,,591221.735,,,,,,,,,,242487.0,,,,,,,,,,,,,,,,,,,,,,,,,,,985186.8,,,,,,31073.358249999997,,,,,,,,,,,,,,,,,,,,,,10804889205000.0,10804889205000.0,,,,730550.0,,,,,,,269894.05,,,,,319496.25,628875.3125,,,,,,,370596.6,,,,,557697885927840.0,62350.0,53900.0,,,,,,,,,98574.63,,,,,,,,557697885927840.0,,,,,,,,,,,,,,,20712.5,442545.00000000006,329847.711,,,,549006.1,,,,,,,,,,,,,,,,6187391.8319,,,,,,,,,,,,,,,,,,,622463773078400.0,,,317414.4016,,,,,,,216807.6,,,,,,,,,,,,,,,,5040000.0,,1299748.1369999999,,,,,,,,,,,,,,74393.09999999999,,,,,,,,,,,,4063481.1952,,,,,,,,,,,,107800.00000000001,,,,,,,
1989-09-30,,,,,,,,,367671.928,,72228.43594164275,,,,,,,,,,,,,,,651800.165,,,,,25924.8,,145600.0,,,,1050000.0,,380400.0,,,,340560.99,,,,84887.6,,,,,,,,,118557.0,,,,,,,,,,,,,,,,,,,,,,,,,,,,,,,,,,232736.91,,,,,,,,,,226249.6,,,,,,,,,,,,,,,,,,,,,,,,,,,442243.35,,,,,,26616.432,,,,,,,,,,,,,,,,,,,,,,9079968904890.5,9079968904890.5,,,,403300.0,,,,,,,369892.95,,,,,407595.0,295225.0,,,,,,,144199.44,,,,,590972073642284.9,38760.0,17155.0,,,,,,,,,42851.58,,,,,,,,590972073642284.9,,,,,,,,,,,,,,,38750.0,137735.0,131225.0,,,,4501844.529999999,,,,,,,,,,,,,,,,8988646.6179,,,,,,,,,,,,,,,,,,,465782408532479.94,,,295116.25,,,,,,,122438.4,,,,,,,,,,,,,,,,800000.0,,1147132.4324999999,,,,,,,,,,,,,,153738.65,,,,,,,,,,,,2691652.908,,,,,,,,,,,,293250.0,,,,,,,
1989-10-31,,,,,,,,,625588.6206,,139518.1754086437,,,,,,,,,,,,,,,2368299.92,,,,,50000.0,,63100.0,,,,1455200.0,,244200.0,,,,945762.5700000001,,,,153652.5,,,,,,,,,76712.0,,,,,,,,,,,,,,,,,,,,,,,,,,,,,,,,,,450003.735,,,,,,,,,,362758.0,,,,,,,,,,,,,,,,,,,,,,,,,,,374782.5,,,,,,50129.178499999995,,,,,,,,,,,,,,,,,,,,,,26492716796400.0,26492716796400.0,,,,1562400.0,,,,,,,180400.7,,,,,892460.625,1133468.75,,,,,,,319687.104,,,,,463380109396169.6,29600.0,107920.0,,,,,,,,,66364.8,,,,,,,,463380109396169.6,,,,,,,,,,,,,,,17700.0,355500.00000000006,230300.0,,,,3884438.1799999997,,,,,,,,,,,,,,,,5699078.32,,,,,,,,,,,,,,,,,,,817303480064640.0,,,908050.0,,,,,,11124191.15,396001.9,,,,,,,,,,,,,,,,1120000.0,,2345846.7161999997,,,,,,,,,,,,,,392000.0,,,,,,,,,,,,4015242.0324,,,,,,,,,,,,228000.0,,,,,,,
1989-11-30,,,,,,,,,425914.45379999996,,613560.4090849666,,,,,,,,,,,,,,,1887753.3875000002,,,,,116131.79999999999,,461700.0,,4034550.0,,3350700.0,,3996000.0,,,,2486400.0,,,,512077.92,,,,,,,,,188805.75,,,,,,,,,,,,,,,,,,,,,,,,,,,,,,,,,,930489.3475,,,,,,,,,,258203.6,,,,,,,,,,,,,,,,,,,,,,,,,,,391989.564,,,,,,67389.8359,,,,,,,,,,,,,,,,,,,,,,64321948670.0,64321948670.0,,,,2219337.5,,,,,,,194018.69999999998,,,,,2290085.0,1716870.625,,,,,,,168718.17599999998,,,,,182158312953.4,206250.0,227380.0,,,,,,,,,121111.8,,,,,,,,182158312953.4,,,,,,,,,,,,,,,68125.0,522585.0,210787.5,,,,2380524.0149999997,,,,,,,,,,,,,,,,3813599.8656,,,,,,,,,,,,,,,,,,,44668957410.0,,,1087668.8273,,,,,,3649366.5,529110.4,,,,,,,,,,,,,,,,1912500.0,,2170974.7592,,,,,,,,,,,,,,326009.77499999997,,,,,,,,,,,,2589756.786,,,,,,,,,,,,468850.0,,,,,,,
1989-12-31,,,,,,,,,410501.48015,,505925.87709349906,,,,,,,,,,,,,,,1447104.32375,,,,,99060.0,,197400.0,,776665.5,,2449300.0,,2181200.0,,,,1478930.595,,,,506017.95,,,,,,,,,123826.2,,,,,,,,,,,,,,,,,,,,,,,,,,,,,,,,,,892007.27,,,,,,,,,,80206.75,,,,,,,,,,,,,,,,,,,,,,,,,,,334042.497,,,,,,10402.56,,,,,,,,,,,,,,,,,,,,,,13389355973950.0,13389355973950.0,,,,2775250.0,,,,,,,38252.4,,,,,2338910.625,1051014.6875,,,,,,,2719.992,,,,,2399635513885267.0,404260.00000000006,150695.0,,,,,,,,,136499.51,,,,,,,,2399635513885267.0,,,,,,,,,,,,,,,147000.0,450750.0,73800.0,,,,3836288.75,,,,,,,,,,,,,,,,8452564.30615,,,,,,,,,,,,,,,,,,,1371840977784320.0,,,673950.0887,,,,,,3246532.4250000003,258039.3,,,,,,,,,,,,,,,,950000.0,,2559309.12925,,,,,,,,,,,,,,26782.0,,,,,,,,,,,,5551677.8364,,,,,,,,,,,,286000.0,,,,,,,
1990-01-31,,,,,,,,,114512.27279999999,,87443.97875690104,,,,,,,,,,,,,,,350434.52,,,,,26000.0,,65000.0,,172086.0,,1298525.0,,250800.0,,,,564161.64,,,,476543.36,,,,,,,13682.0516,,73184.0,,,,,,,,,,219381.2454,,,,,,,,,,,,,,,,,,,,,,,,205690.24000000002,,,,,,,,,,1676718.05,,,,,,,,,,,,,,,,,,,,,,,,,,,95938.344,,,,,,26331.539,,,,,,,,,,,,,,,,,,,,,,10398922721239.25,10398922721239.25,,,143000.0,998250.0,,,,,,,129279.80000000002,,,,,379096.25,106443.125,,,,,,,26000.04,,,,,780243672257888.0,32210.0,42640.0,,,,,,,10000.1574,,13125.78,,,,,,,,780243672257888.0,,,,,,,,,,,,,,,118000.0,820617.5,125750.0,,,,6975069.75,,,,,,,,,,23478.2955,,,,,,2505069.66885,,,,,,,,,,,,,,,,,,,532145611768640.0,,,226240.35830000002,,,,,,927792.8,84522.4,,,,,,,,,,,,,,,,,,494203.8685,,,,,,,,,,,,,,13652.0,,,,,,,,,,,,1189309.5214,,,,,,,,,,,,252750.0,,,,,,,
1990-02-28,,,,,,,,,76610.7476,,50621.63886508306,,,,,,,,,,,,5681400.0,,,236366.6175,,,,,62621.1,,39000.0,,125353.5,,1071037.5,,419750.0,,,,453679.98,,,,97364.8,,,,,,,43006.98915,,56295.9,,,,,,,,,,16443.14,,,,,,,,,,,,,,,,,,,,,,,,246706.46,,,,,,,,,,136344.0,,,,,,,,,,,,,,,,,,,,,,,,,,,134500.77000000002,,,,,,60616.9035,,,,,,,,,,,,,,,,,,,,,,8938982117050.0,8938982117050.0,,,31000.0,421350.0,,,,,,,87840.04999999999,,,,,393707.1875,75541.875,,,,,,,17000.28,,,,,432641255680935.2,22500.0,36900.00000000001,,,,,,,,,133388.63,,,,,,,,432641255680935.2,,,,,,,,,,,,,,,121900.0,336720.0,205439.99999999997,,,,6975069.75,,,,,,,,,,34435.0512,,,,,,2551056.2961,,,,,,,,,,,,,,,,,,,394033985820000.0,,,309120.6888,,,,6993.0,,1447688.95,76355.40000000001,,,,,,,,,,,,,,3050750.82,,5000000.0,,709360.97525,,,,,,,,,,,,,,4045.725,,,,,,,,,,,,975043.6103,,,,,,,,,,,,188475.0,,,,,,,
1990-03-31,,,,,,,,,187644.47595,,49386.96474642248,,,,,,,,,,,,223100.0,,,218611.565,,,,,84201.0,,32400.0,,76351.5,,1029862.5,,131400.0,,,,383940.0,,,,577742.5,,,,,,,82110.3598,,24699.0,,,,,,,,,,25782.369599999998,,,,,,,,,,,,,,,,,,,,,,,,166831.315,,,,,,,,,,102386.25,,,,,,,,,,,,,,,,,,,,,,,,,,,89041.581,,,,,,127867.839,,,,,,,,,,,,,,,,,,,,,,11829821220550.0,11829821220550.0,,,31465.6,518675.0,,,,,,,54545.74999999999,,,,,518379.375,155415.0,,,,,,,47999.159999999996,,,,,563953345949470.4,33940.0,49635.0,,,,,,,,,14665.87,,,,,,,,563953345949470.4,,,,,,,,,,,,,,,73750.0,182780.0,152639.99999999997,,,,7533075.95,,,,,,,,,,3913.0431999999996,,,,,,3250460.45025,,,,,,,,,,,,,,,,,,,382959882236657.56,,,235458.4375,,,,28415.12,,3157511.6,66865.2,,,,,,,,,,,,,,1736136.3699999999,,1950000.0,,925600.0219,,,,,,,,,,,,,,6956.5,,,,,,,,,,,,970122.25475,,,,,,,,,,,,195499.99999999997,,,,,,,
1990-04-30,,,,,,,,,82720.0371,,75315.12123829435,,,,,,,,,,,,62300.0,,,121383.10499999998,,,,,20409.9,,7200.0,,36000.0,,853100.0,,521550.0,,,,464118.58499999996,,,,93136.4,,,,,,,,,41055.0,,,,,,,,,,,,,,,,,,,,,,,,,,,,,,,,,,265322.10250000004,,,,,,,,,,30800.25,,,,,,,,,,,,,,,,,,,,,,,,,,,80515.224,,,,,,32032.822500000002,,,,,,,,,,,,,,,,,,,,,,5024782356150.0,5024782356150.0,,,3866.8,346425.0,,,,,,,59819.00000000001,,,,,315237.5,176433.125,,,,,,,40459.056,,,,,534109612328390.44,89370.0,91300.0,,,,,,,,,53627.04,,,,,,,,534109612328390.44,,,,,,,,,,,,,,,43750.0,150105.0,116307.49999999999,,,,,,,,,,,,,,,,,,,,1006639.50995,,,,,,,,,,,,,,,,,,,312691665667520.0,,,184276.3162,,,,16829.82,,941881.2,42863.99999999999,,,,,,,,,,,,,,892372.9750000001,,,,550301.8102,,,,,,,,,,,,,,8811.3,,,,,,,,,,,,1480100.1437,,,,,,,,,,,,112000.0,,,,,,,
1990-05-31,,,,,,,,,172488.555,,61007.42703969841,,,,,,,,,,,,88000.0,,,167871.84,,,,,18500.0,,29400.0,,14353.5,,658800.0,,200000.0,,,,51199.8,,,,108812.4,,,,,,,,,23601.0,,,,,,,,,,,,,,,,,,,,,,,,,,,,,,,,,,68104.3575,,,,,,,,,,38711.0,,,,,,,,,,,,,,,,,,,,,,,,,,,45718.236,,,,,,8717.36305,,,,,,,,,,,,,,,,,,,,,,5420821343350.0,5420821343350.0,,,65331.0,464475.0,,,,,,,124360.0,,,,,213039.6875,66012.5,,,,,,,13499.64,,,,,274697881308504.8,5740.000000000001,12600.0,,,,,,,,,66163.77,,,,,,,,274697881308504.8,,,,,,,,,,,,,,,5950.0,226190.0,122885.0,,,,26921969.04,,,,,,,,,,,,,,,,1444086.46565,,,,,,,,,,,,,,,,,,,252355974824000.0,,,189945.1526,,,,31538.43,,712735.2000000001,33548.8,,,,,,,,,,,,,,996507.775,,,,509071.3116,,,,,,,,,,,,,,2352.15,,,,,,,,,,,,1011165.9425,,,,,,,,,,,,79000.0,,,,,,,
1990-06-30,,,,,,,,,162446.6068,,116030.31599835982,,,,,,,,,,,,151200.0,,,284348.4525,,,,,36252.0,,24000.0,,89631.0,,1482512.5,,188700.0,,,,189360.18,,,,302606.5,,,,,,,,,15002.0,,,,,,,,,,,,,,,,,,,,,,,,,,,,,,,,,,42796.43,,,,,,,,,,60264.74999999999,,,,,,,,,,,,,,,,,,,,,,,,,,,141649.56,,,,,,17403.805249999998,,,,,,,,,,,,,,,,,,,,,,9445993943150.0,9445993943150.0,,,22399.2,592250.0,,,,,,,53521.950000000004,,,,,291659.6875,80987.8125,,,,,,,32401.71,,,,,427072484931494.8,11200.0,18400.0,,,,,,,,,45772.98,,,,,,,,427072484931494.8,,,,,,,,,,,,,,,51250.0,477680.0,115920.0,,,,3821438.055,,,,,,,,,,,,,,,,2689658.2495,,,,,,,,,,,,,,,,,,,260471405233280.0,,,337900.7389,,,,28671.300000000003,,1065566.85,91746.00000000001,,,,,,,,,,,,,,1033335.9500000001,,,,567640.2426,,,,,,,,,,,,,,40903.2,,,,,,,,,,,,1489943.3638,,,,,,,,,,,,88800.0,,,,,,,
1990-07-31,,,,,,,,,45587.0712,,36604.45622381906,,,,,,,,,,,,2620540.0,,,56647.74,,,,,23796.3,,21300.0,,109116.0,,529500.0,,91300.0,,,,108549.48000000001,,,,380185.69999999995,,,,,,,,,30736.0,,,,,,,,,,,,,,,,,,,,,,,,,,,,,,,,,,36396.555,,,,,,,,,,32715.149999999998,,,,,,,,,,,,,,,,,,,,,,,,,,,343443.672,,,,,,12982.90425,,,,,,,,,,,,,,,,,,,,,,13388032883400.0,13388032883400.0,,,530000.0,461250.0,,,,,,,25816.8,,,,,407887.5,158819.6875,,,,,,,21020.604000000003,,,,,472494116409600.0,41410.0,20650.0,,,,,,,,,47749.909999999996,,,,,,,,472494116409600.0,,,,,,,,,,,,,,,25625.0,275470.0,133210.0,,,,18115830.99,,,,,,,,,,,,,,,,996570.869,,,,,,,,,,,,,,,,,,,318178957289120.0,,,300537.7425,,,,101888.94,,657938.8,66400.0,,,,,,,,,,,,,,2605040.375,,,,250840.0734,,,,,,,,,,,,,,28120.949999999997,,,,,,,,,,,,1166642.1835,,,,,,,,,,,,45000.0,,,,,,,
1990-08-31,,,,,,,,,108342.14580000001,,100052.18034510552,,,,,,,,,,,,307200.0,,,84452.3825,,,,,22200.0,,113050.0,,66060.0,,448350.0,,98850.0,,,,166000.83,,,,184443.1,,,,,,,,,39335.0,,,,,,,,,,,,,,,,,,,,,,,,,,,,,,,,,,90810.5775,,,,,,,,,,180203.0,,,,,,,,,,,,,,,,,,,,,,,,,,,334844.64,,,,,,22699.0605,,,,,,,,,,,,,,,,,,,,,,8389007622449.999,8389007622449.999,,,145005.0,432300.00000000006,,,,,,,141203.4,,,,,310706.25,216737.5,,,,,,,35999.04,,,,,602722127700000.0,190920.0,101480.0,,,,,,,,,35587.0,,,,,,,,602722127700000.0,,,,,,,,,,,,,,,27125.0,681620.0,129015.0,,,,6480064.8,,,,,,,,,,,,,,,,1400448.9012,,,,,,,,,,,,,,,,,,,355466303332160.0,,,244712.0,,,,53682.78999999999,,1219341.5999999999,37153.8,,,,,,,,,,,,,,1389228.75,,1100000.0,,319675.449,,,,,,,,,,,,,,1537.4,,,,,,,,,,,,2186600.4205,,,,,,,,,,,,45000.0,,,,,,,
1990-09-30,,,,,,,,,74719.61249999999,,86630.54639637216,,,,,,,,,,,,165300.0,,,56441.155000000006,,,,,,,41000.0,,22998.000000000004,,169600.0,,59920.0,,,,111000.59999999999,,,,64720.0,,,,,,,,,21405.0,,,,,,,,,,,,,,,,,,,,,,,,,,,,,,,,,,30066.019999999997,,,,,,,,,,87408.75000000001,,,,,,,,,,,,,,,,,,,,,,,,,,,250514.397,,,,,,6974.955,,,,,,,,,,,,,,,,,,,,,,2952219409800.0,2952219409800.0,,,145005.0,101400.0,,,,,,,200709.0,,,,,207810.3125,124005.0,,,,,,,3249.84,,,,,360178983134880.0,13760.0,13760.0,,,,,,,,,62484.6,,,,,,,,360178983134880.0,,,,,,,,,,,,,,,38700.0,191005.0,86500.0,,,,15985959.36,,,,,,,,,,,,,,,,1922445.3665,,,,,,,,,,,,,,,,,,,161730830434800.0,,,1217056.7188499998,,,,63635.520000000004,,487960.0,10718.099999999999,,,,,,,,,,,,,,376478.375,,,,246333.7001,,,,,,,,,,,,,,10522.0,,,,,,,,,,,,1008646.8787500001,,,,,,,,,,,,41250.0,,,,,,,
1990-10-31,,,,,,,,,79438.9506,,180843.44443910607,,,,,,,,,,,,96250.0,,,68049.01999999999,,,,,46344.0,,19500.0,,31500.0,,363125.0,,86640.0,,,,50387.100000000006,,,,66645.25,,,,,,,,,123970.00000000001,,,,,,,,,,,,,,,,,,,,,,,,,,,,,,,,,,40278.225,,,,,,,,,,25382.5,,,,,,,,,,,,,,,,,,,,,,,,,,,135615.438,,,,,,36054.6436,,,,,,,,,,,,,,,,,,,,,,2415682857250.0,2415682857250.0,,,98330.0,231250.0,,,,,,,230224.125,,,,,51685.625,127798.125,,,,,,,23600.28,,,,,155093529320540.0,4200.0,13440.0,,,,,,,,,420191.895,,,,,,,,155093529320540.0,,,,,,,,,,,,,,,27875.0,791280.0,349800.0,,,,99901.11000000002,,,,,,,,,,,,,,,,2924658.5788000003,,,,,,,,,,,,,,,,,,,280462053032000.0,,,256937.5344,,,,14918.4,,958073.4,17307.100000000002,,,,,,,,,,,,,,507357.0,,,,432077.38,,,,,,,,,,,,,,11574.2,,,,,,,,,,,,1183420.2765,,,,,,,,,,,,153450.0,,,,,,,
1990-11-30,,,,,,,,,81482.3264,,204955.90369765376,,,,,,,,,,,,75600.0,,,93103.67249999999,,,,,54627.5,,30450.0,,10989.000000000002,,442775.0,,63800.0,,,,25062.42,,,,116785.6,,,,,,,,,41165.0,,,,,,,,,,,,,,,,,,,,,,,,,,,,,,,,,,39749.55,,,,,,,,,,51870.00000000001,,,,,,,,,,,,,,,,,,,,,,,,,,,128704.5,,,,,,5379.7419,,,,,,,,,,,,,,,,,,,,,,2041467017975.0,2041467017975.0,,,47500.0,247800.0,,,,,,,238095.0,,,,,209202.5,122236.87499999999,,,,,,,,,,,,181564588992552.4,9760.0,6720.0,,,,,,,,,36355.6,,,,,,,,181564588992552.4,,,,,,,,,,,,,,,21500.0,2579060.0,621455.0,,,,299905.83225,,,,,,,,,,,,,,,,3399584.119,,,,,,,,,,,,,,,,,,,389664693415040.0,,,132861.3,,,,19347.5,,684961.7999999999,18145.0,,,,,,,,,,,,,,609183.7499999999,,,,187445.7718,,,,,,,,,,,,,,18252.55,,,,,,,,,,,,2130072.5337,,,,,,,,,,,,155400.0,,,,,,,
1990-12-31,,,,,,,,,52424.7954,,403084.78579800716,,,,,,,,,,,,91150.0,,,92572.2,,,,,98953.0,,61000.0,,49950.00000000001,,214500.0,,417200.00000000006,,,,56437.245,,,,69943.0,,,,,,,,,1393832.25,,,,,,,,,,,,,,,,,,,,,,,,,,,,,,,,,,30080.090000000004,,,,,,,,,,80565.0,,,,,,,,,,,,,,,,,,,,,,,,,,,136686.33000000002,,,,,,8615.04355,,,,,,,,,,,,,,,,,,,,,,2249920970100.0,2249920970100.0,,,95000.0,201600.0,,,,,,,350650.0,,,,,157067.8125,60832.8125,,,,,,,35201.759999999995,,,,,568211649382710.4,34760.0,92999.99999999999,,,,,,,,,120588.74,,,,,,,,568211649382710.4,,,,,,,,,,,,,,,40775.0,10240864.972800002,2235127.5,,,,9990099.9,,,,,,,,,,,,,,,,4162593.03955,,,,,,,,,,,,,,,,,,,1136411931344000.0,,,198297.2875,,,,10769.1,,324091.2,8964.0,,,,,,,,,,,,,,342287.725,,,,229292.3626,,,,,,,,,,,,,,58085.0,,,,,,,,,,,,2071281.3092999998,,,,,,,,,,,,493150.0,,,,,,,
1991-01-31,,,,,,,,,97386.40595,,168380.49862956753,,,,,,,,,,,,423000.0,,,116550.67499999999,,,,,86345.6,,38250.0,,17712.0,,213525.0,,204350.0,,,,38000.4,,,,54731.5,,,,,,,,,208930.45,,,,,,,,,,,,,,,,,,,,,,,,,,,,,,,,,,20340.84,,,,,,,,,,29907.5,,,,,,,,,,,,,,,,,,,,,,,,,,,91763.595,,,,,,8971.73625,,,,,,,,,,,,,,,,,,,,,,2791432046850.0,2791432046850.0,,,20900.0,762000.0,,,,,,,806495.0,,,,,52575.0,55765.625,,,,,,,33601.92,,,,,223416592389714.8,60200.0,21560.0,,,,,,,,,12496.92,,,,,,,,223416592389714.8,,,,,,,,,,,,,,,40000.0,2828862.5,401350.0,,,,23476735.32,,,,,,,,,,,,,,,,1418756.49,,,,,,,,,,,,,,,,,,,519626702154560.0,,,122050.5,,,,22470.9,,503298.6,55767.4,,,,,,,,,,,,,,247215.5,,,,257044.9175,,,,,,,,,,,,,,31753.2,,,,,,,,,,,,2095997.9989999998,,,,,,,,,,,,140000.0,,,,,,,
1991-02-28,,,,,,,,,353950.7536,,85192.5141875784,,,,,,,,,,,,2993780.0,,,376559.82,,,,,47890.0,,22750.0,,59940.00000000001,,620050.0,,273600.0,,,,239923.39500000002,,,,386578.65,,,,,,,,,129414.9,,,,,,,,,,,,,,,,,,,,,,,,,,,,,,,,,,154434.3,,,,,,,,,,1220335.0,,,,,,,,,,,,,,,,,,,,,,,,,,,552727.8,,,,,,57571.645000000004,,,,,,,,,,,,,,,,,,,,,,22199511586806.5,22199511586806.5,,,57000.0,1337700.0,,,,,,,7359.3,,,,,282004.375,59745.0,,,,,,,32398.08,,,,,383936158607844.75,130720.0,49720.0,,,,,,,,,25702.979999999996,,,,,,,,383936158607844.75,,,,,,,,,,,,,,,43000.0,3536787.5,538384.0,,,,,,,,,,,,,,,,,,,,5908679.8356,,,,,,,,,,,,,,,,,,,866047327165440.0,,,216828.05625,,,,7400.95,,6750438.149999999,97170.20000000001,,,,,,,,,,,,,,4007370.2125,,,,714231.40035,,,,,,,,,,,,,,24870.0,,,,,,,,,,,,4708619.5417,,,,,,,,,,,,164650.0,,,,,,,
1991-03-31,,,,,,,,,222727.1325,,135196.8159933315,,,,,,,,,,,,2997800.0,,,638975.7000000001,,,,,62904.6,,75000.0,,133797.0,,563125.0,,185900.0,,,,548002.74,,,,236417.19999999998,,,,,,,,,477494.99999999994,,,,,,,,,,,,,,,,,,,,,,,,,,,1315000.0,,,,,,,302664.855,,,,,,,,,,3624753.75,,,,,,,,,,,,,,,,,,,,,,,,,,,376503.12,,,,,,50572.726200000005,,,,,,,,,,,,,,,,,,,,,,27187126969800.0,27187126969800.0,,,372278.3,1562400.0,,,,,,,73593.0,,,,,277250.0,118108.125,,,,,,,31499.16,,,,,610931066560000.0,62780.0,36960.0,,,,,,,,,55192.5,,,,,,,,610931066560000.0,,,,,,,,,,,,,,,118800.0,2661432.0,779884.0,,,,17732427.6,,,,,,,,,,,,,,,,3417713.662,,,,,,,,,,,,,,,,,,,1031548104423680.0,,,141067.225,,,,80477.775,,3038520.5999999996,208963.3,,,,,,,,,,,,,,1615221.0,,,,462014.344,,,,,,,,,,,,,,8292.0,,,,,,,,,,,,2994775.4578,,,,,,,,,,,,228000.0,,,,,,,
1991-04-30,,,,,,,,,193892.6829,,91365.8847808817,,,,,,,,,,,,3808080.0,,,667820.1799999999,,,,,61600.0,,22500.0,,102943.5,,240800.0,,80000.0,,,,189999.0,,,,206386.5,,,,,,,,,221188.50000000003,,,,,,,,,,,,,,,,,,,,,,,,,,,254925.0,,,,,,,27269.600000000002,,,,,,,,,,1852278.9999999998,,,,,,,,,,,,,,,,,,,,,,,,,,,232850.772,,,,,,28048.8775,,,,,,,,,,,,,,,,,,,,,,17943282992250.0,17943282992250.0,,,81630.70000000001,805000.0,,,,,,,172468.80000000002,,,,,66140.625,17070.0,,,,,,,16600.32,,,,,329041246411550.44,90300.0,88880.0,,,,,,,,,65619.195,,,,,,,,329041246411550.44,,,,,,,,,,,,,,,80250.0,2583328.0,634180.0,,,,4995049.95,,,,,,,,,,,,,,,,6840235.3464,,,,,,,,,,,,,,,,,,,611771204047360.0,,,182852.15,,,,8717.9,,1566436.2000000002,56361.5,,,,,,,,,,,,,,811245.88,,,,1297478.3724,,,,,,,,,,,,,,5182.5,,,,,,,,,,,,7153751.18,,,,,,,,,,,,97750.0,,,,,,,
1991-05-31,,,,,,,,,308091.9426,,34570.87532249576,,,,,,,,,,,,2461420.0,,,201592.2,,,,,75643.5,,70000.0,,46242.00000000001,,155000.0,,80000.0,,,,102375.62999999999,,,,96994.15000000001,,,,,,,,,51591.899999999994,,,,,,,,,,,,,,,,,,,,,,,,,,,77025.0,,,,,,,27269.600000000002,,,,,,,,,,582682.625,,,,,,,,,,,,,,,,,,,,,,,,,,,480397.149,,,,,,25793.0292,,,,,,,,,,,,,,,,,,,,,,15669641822350.0,15669641822350.0,,,29067.199999999997,348600.0,,,,,,,256883.55,,,,,48275.0,31442.5,,,,,,,35999.04,,,,,214955415294424.8,52080.0,7140.0,,,,,,,,,56314.76999999999,,,,,,,,214955415294424.8,,,,,,,,,,,,,,,26700.0,864842.0,178012.0,,,,4995049.95,,,,,,,,,,,,,,,,4734281.27185,,,,,,,,,,,,,,,,,,,290346536697600.0,,,141258.40625,,,,39021.3,10104.27,2346672.0,121228.8,,,,,,,,,,,,,,686405.9624999999,,1300000.0,,1038619.9469000001,,,,,,,,,,,,,,4765.0,,,,,,,,,,,,6205995.067749999,,,,,,,,,,,,96200.0,,,,,,,
1991-06-30,,,,,,,,,291206.83520000003,,24402.970815879347,,,,,,,,,,,,1068480.0,,,153384.03,,,,,28314.0,,15000.0,,31968.000000000004,,88000.0,,72500.0,,,,95475.0,,,,39999.0,,,,,,,,,120891.0,,,,,,,,,,,,,,,,,,,,,,,,,,,85500.0,,,,,,,42740.8,,,,,,,,,,283123.75,,,,,,,,,,,,,,,,,,,,,,,,,,,842511.06,,,,,,10705.1125,,,,,,,,,,,,,,,,,,,,,,7990090962900.0,7990090962900.0,,,17334.0,193100.0,,,,,,,401081.85000000003,,,,,47622.5,26840.625,,,,,,,127976.64000000001,,,,,144357238844920.0,46200.0,3280.0000000000005,,,,,,,,,100110.12,,,,,,,,144357238844920.0,,,,,,,,,,,,,,,16600.0,1351112.0,501668.0,,,,4995049.95,,,,,,,,,,,,,,,,6139742.619,,,,,,,,,,,,,,,,,,,300369550440960.0,,,120216.52500000001,,,,19114.4,42579.0,725917.4,9606.0,,,,,,,,,,,,,,549516.0,,,,1000158.4504000001,,,,,,,,,,,,,,21566.0,,,,,,,,,,,,6380474.4705,,,,,,,,,,,,66000.0,,,,,,,
1991-07-31,,,,,,,,,139481.1517,,64261.15648181565,,,,,,,,,,1638491.1659999997,,1508800.0,,,126142.85500000001,,,,,18876.0,,4800.0,,25812.0,,132800.0,,40950.0,,,,70925.54999999999,,,,94598.0,,,,,,,,,59767.95,,,,,,,,,,,,,,,,,,,,,,,,,,,86000.0,,,,,,,39151.45,,,,,,,,,,187098.0,,,,,,,,,,,,,,,,,,,,,,,,,,,403757.091,,,,,,78298.032,,,,,,,,,,,,,,,,,,,,,,5706442547850.0,5706442547850.0,,,26416.0,339300.0,,,,,,,209740.05,,,,,47302.5,67375.0,,,,,,,,,,,,60676814425700.0,58000.0,2310.0,,,,,,,,,109603.84,,,,,,,,60676814425700.0,,,,,,,,,,,,,,,36000.0,889322.5,221108.0,,,,9990099.9,,,,,,,,,,,,,,,,7081076.842499999,,,,,,,,,,,,,,,,,,,209105691276000.0,,,70012.15,,,,56923.02,7498.349999999999,94518.0,17969.0,,,,,,,,,,,,,,693789.25,,,,754368.8724,,,,,,,,,,,,,,994.8000000000001,,,,,,,,,,,,5484209.96885,,,,,,,,,,,,42500.0,,,,,,,
1991-08-31,,,,,,,,,116803.1729,,129604.46851469242,,,,,,,,,,803929.428,,1271160.0,,,59860.4725,,,,,46720.0,,8360.0,,9786.0,,187200.0,,70000.0,,,,49612.095,,,,239994.0,,,,,,,,,50382.9,,,,,,,,,,,,,,,,,,,,,,,,,,,88150.0,,,,,,,62163.57,,,,,,,,,,141650.0,,,,,,,,,,,,,,,,,,,,,,,,,,,307664.127,,,,,,6604.599,,,,,,,,,,,,,,,,,,,,,,5911288695341.5,5911288695341.5,,,52251.0,3019050.0,,,,,,,204220.575,,,,,165710.0,181820.625,,,,,,,,,,,,124112310060540.0,39250.0,,,,,,,,,,15126.81,,,,,,,,124112310060540.0,,,,,,,,,,,,,,,24000.0,709110.0,147967.5,,,,9990099.9,,,,,,,,,,,,,,,,4190576.5819999995,,,,,,,,,,,,,,,,,,,533848566262720.0,,,118978.4375,,,,24475.5,3661.89,1245444.5,13222.5,,,,,,,,,,,,,,804726.2999999999,,,,329975.98225,,,,,,,,,,,,,,994.8000000000001,,,,,,,,,,,,4060870.14915,,,,,,,,,,,,74875.0,,,,,,,
1991-09-30,,,,,,,,,165196.6633,,66672.40240767041,,,,,,,,,,692451.504,,748440.0,,,91457.905,,,,,207990.3,,30000.0,,4893.0,,150000.0,,74250.0,,,,69300.63,,,,129175.2,,,,,,,,,212240.55,,,,,,,,,,,,,,,,,,,,,,,,,,,45000.0,,,,,,,45913.00000000001,,,,,,,,,,123646.125,,,,,,,,,,,,,,,,,,,,,,,,,,,410558.544,,,,,,47790.756,,,,,,,,,,,,,,,,,,,,,,7013341134800.0,7013341134800.0,,,9000.0,3166800.0,,,,,,,10686.2,,,,,140550.0,29718.75,,,,,,,,,,,,69128013212910.0,38500.0,,,,,,,,,,217514.335,,,,,,,,69128013212910.0,,,,,,,,,,,,,,,36000.0,958070.0,156860.0,,,,9990099.9,,,,,,,,,,,,,,,,5809003.180500001,,,,,,,,,,,,,,,,,,,481643922425600.0,,,104426.5625,,,,24090.925000000003,980.21,232595.00000000003,19647.0,,,,,,,,,,,,,,1715156.0000000002,,,,529532.8958,,,,,,,,,,,,,,5551.3,,,,,,,,,,,,4854712.2407,,,,,,,,,,,,59500.0,,,,,,,
1991-10-31,,,,,,,,,133270.6362,,85410.39785557779,,,,,,,,,,423714.6936,,279040.0,,,73796.4675,,,,,48595.0,,34500.0,,9612.0,,162400.0,,60000.0,,,,147361.98,,,,112333.0,,,,,,,293469.1767,,302858.10000000003,,,,,,,,,,116767.0558,,,,,,,,,,,,,,,,,37200.0,,,,,,,29384.520000000004,,,,,,,,,,485677.5,,,,,,,,,,,,,,,,,,,,,,,,,,,1272929.9039999999,,,,,,14089.8112,,,,,,,,,,,,,,,,,,,,,,8878464140700.0,8878464140700.0,,,18466.8,2073925.0000000002,,,,,,,40250.0,,,,,23425.0,24137.5,,,,,,,,,,,,66626008900000.0,38500.0,5600.0,,,,,,,84997.79329999999,,4130.3,,,,,,,,66626008900000.0,,,,,,,,,,,,,,,41500.0,1225395.0,266944.0,,,,10980109.799999999,,,,,,,,,,1673.914,,,,,,4574495.9997000005,,,,,,,,,,,,,,,,,,,426457483847040.0,,,75156.25,,,,12063.0,522.66,2507976.0,25788.0,,,,,,,,,,,,,,652758.4,,1500000.0,,704905.167,,,,,,,,,,,,,,12174.400000000001,,,,,,,,,,,,5109603.7275,,,,,,,,,,,,85000.0,,,,,,,
1991-11-30,,,,,,,,,132220.17010000002,,37824.604764613,,,,,,,,,,708258.5460000001,,436800.0,,,32135.62,,,,,87471.0,,12000.0,,11214.0,,70000.0,,57500.0,,,,72724.725,,,,265585.5,,,,,,,105461.658,,970132.2,,,,,,,,,,43391.5632,,,,,,,,,,,,,,,,,46250.0,,,,,,,38400.0,,,,,,,,,,516584.25,,,,,,,,,,,,,,,,,,,,,,,,,,,513198.288,,,,,,12698.2492,,,,,,,,,,,,,,,,,,,,,,11469981115350.0,11469981115350.0,,,45182.5,4595600.0,,,,,,,,,,,,73649.375,7549.6875,,,,,,,,,,,,147495406691124.8,23100.0,,,,,,,,101498.67804999999,,26180.595,,,,,,,,147495406691124.8,,,,,,,,,,,,,,,137860.0,2555278.5,276000.0,,,,4995049.95,,,,,,,,,,18277.171000000002,,,,,,5295972.01475,,,,,,,,,,,,,,,,,,,974188725592320.1,,,93193.75,,,,9650.4,1706.3999999999999,4836275.4,42945.0,,,,,,,,,,,,,,1620991.7000000002,,1500000.0,,1022102.7809000001,,,,,,,,,,,,,,11881.8,,,,,,,,,,,,6081256.36835,,,,,,,,,,,,136500.0,,,,,,,
1991-12-31,,,,,,,,,70963.2018,,61007.42703969841,,,,,,,,,,997807.9824,,788400.0,,,66501.41,,,,,48125.0,,9200.0,,16020.0,,66875.0,,9300.0,,,,64999.50000000001,,,,203013.0,,,,,,,7694.196,,274924.0,,,,,,,,,,8070964.1604,,,,,,,,,,,,,,,,,1045499.9999999999,,,,,,,32800.0,,,,,,,,,,337740.0,,,,,,,,,,,,,,,,,,,,,,,,,,,275253.696,,,,,,62584.2282,,,,,,,,,,,,,,,,,,,,,,6951269435000.0,6951269435000.0,,,9500.0,1929625.0,,,,,,,,,,,,10993.75,11437.5,,,,,,,24001.559999999998,,,,,59467474080000.0,18480.0,,,,,,,,63998.30499999999,,73999.01,,,,,,,,59467474080000.0,,,,,,,,,,,,,,,37450.0,2625150.0,423850.0,,,,4995049.95,,,,,,,,,,43199.903999999995,,,,,,2425261.3353000004,,,,,,,,,,,,,,,,,,,609853575390720.0,,,48721.5625,,,,7132.8,1689.0,1567305.9999999998,29666.0,,,,,,,,,,,,,,293075.2,,2650000.0,,1162410.1295999999,,,,,,,,,,,,,,11095.8,,,,,,,,,,,,6223608.534,,,,,,,,,,,,93500.0,,,,,,,
1992-01-31,,,,,,,,,77501.76199999999,,61007.42703969841,,,,,,,,,,1635492.168,,1661400.0,,,509514.45,,,,,48125.0,,12000.0,,7500.0,,78375.0,,45500.0,,,,129375.525,,,,421657.50000000006,,,,,,,,,519918.0,,,,,,,,,,,,,,,,,,,,,,,,,,,,,,,,,,51840.0,,,,,,,,,,478192.0,,,,,,,,,,,,,,,,,,,,,,,,,,,800425.26,,,,,,38445.237499999996,,,,,,,,,,,,,,,,,,,,,,17358518868300.0,17358518868300.0,,,46667.5,822400.0,,,,,,,54727.4,,,,,27921.875,45750.0,,,,,,,,,,,,113607521205000.0,16000.0,800000.0,,,,,,,,,56403.39,,,761387.9373,,,,,113607521205000.0,,,,,,,,,,,,,,,49750.0,3453030.0,899480.0,,,,999009.9900000001,,,,,,,,,,,,,,,,4732405.7988,,,,,,,,,,,,,,,,,,,1221055769847680.0,,,261802.125,,,,46922.7,5034.719999999999,5578398.5,27114.0,,,,,,,,,,,,,,1385102.5500000003,,,,4408596.52625,,,,,,,,,,,,,,8904.5,,,,,,,,,,,,4167150.143,,,,,,,,,,,,85000.0,,,,,,,
1992-02-29,,,,,,,,,73411.98175,,73208.91244763804,,,,,,,,,,339129.018,,1057800.0,,,498351.25625,,,,,110687.5,,23600.0,,13980.0,,128500.0,,28750.0,,,,1460007.2999999998,,,,205755.0,,,,,,,,,1058849.0,,,,,,,,,,,,,,,,,,,,,,,,,,,7000.0,,,,,,,74240.0,,,,,,,,,,452707.75,,,,,,,,,,,,,,,,,,,,,,,,,,,164030.265,,,,,,39531.920000000006,,,,,,,,,,,,,,,,,,,,,,11001125011357.0,11001125011357.0,,,389345.5,1081000.0,,,,,,,32181.8,,,,,68100.0,23062.5,,,,,,,,,,,,100966137829775.0,8000.0,,,,,,,,,,75483.45,,,302051.2179,,,,,100966137829775.0,,,,,,,,,,,,,,,60600.0,872720.0,332840.0,,,,999009.9900000001,,,,,,,,,,,,,,,,4221613.5466,,,,,,,,,,,,,,,,,,,625187754518400.0,,,305794.125,,,,15384.4,590.24,2541846.6,17812.0,,,,,,,,,,,,,,403532.7,,208225000.0,,2180154.0287,,,,,,,,,,,,,,30436.0,,,,,,,,,,,,4689943.8224,,,,,,,,,,,,129375.0,,,,,,,
1992-03-31,,,,,,,,,33613.777500000004,,158619.31030321572,,,,,,,,,,403923.132,,488400.0,,,217290.4875,,,,,28593.0,,10000.0,,,,20250.0,,14300.0,,,,81250.5,,,,88687.5,,,,,,,,,155687.0,,,,,,,,,,,,,,,,,,,,,,,,,,,181750.0,,,,,,,35040.0,,,,,,,,,,316437.5,,,,,,,,,,,,,,,,,,,,,,,,,,,98133.84,,,,,,52884.0,,,,,,,,,,,,,,,,,,1419215.04,,,,5902373034462.0,5902373034462.0,,,103330.00000000001,383500.0,,,,,,,,,,,,36596.875,31412.5,,,,,,,,,,,,64426713231900.0,8000.0,3750.0,,,,,,,,,65568.69,,,402155.2232,,,,,64426713231900.0,,,,,,,,,,,,,,,101200.0,585100.0,131440.0,,,,999009.9900000001,,,,,,,,,,,,,,,,6225144.9088,,,,,,,,,,,,,,,,,,,344713430230560.0,,,74817.03125,,,,19685.2,43224.96,984592.8999999999,90764.5,,,,,,,,,,,,,,230736.0,,,,861234.1163999999,,,,,,,,,,,,,,8487.0,,,,,,,,,,,,4180500.2124,,,,,,,,,,,,71000.0,,,,,,,
1992-04-30,,,,,,,,,41631.06875,,101206.9637854996,,,,,,,,,,648137.7,,675750.0,,,1648423.875,,,,,28593.0,,,,,,13500.0,,,,,,71625.0,,,,78045.0,,,,,,,668169.9304000001,,186232.0,,,,,,,,,,,,,,,,,,,,,,,,,,,94000.0,,,,,,,21120.0,,,,,,,,,,2207727.0,,,,,,,,,,,,,,,,,,,,,,,,,,,221961.06,,,,,,85224.59999999999,,,,,,,,,,,,,,,,,,1899998.1,,,,15518314990500.0,15518314990500.0,,,30999.000000000004,204750.0,,,,,,,36363.5,,,,,20637.5,31006.25,,,,,,,,,,,,34628833120000.004,9775.0,,,,,,,,52349.1914,,11687.29,,,677084.9085,,,,,34628833120000.004,,,,,,,,,,,,,,,85900.0,426800.0,95270.0,,,,999009.9900000001,,,,,,,,,,399999.38,,,,,,4421884.1952,,,,,,,,,,,,,,,,,,,313621623320320.0,,,149989.125,,,,26923.0,16077.04,2348658.0,85110.0,,,,,,,,,,,,,,471408.0,,,,932748.0469999999,,,,,,,,,,,,,,4765.0,,,,,,,,,,,,3858261.1799999997,,,,,,,,,,,,50250.0,,,,,,,
1992-05-31,,,,,,,,,139022.2515,,259281.56491871818,,,,,,,,,,1712916.3744,,2869500.0,,,1427933.8875000002,,,,,72187.5,,,,180000.0,,53000.0,,33000.0,,,,180000.0,,,,296758.0,,,,,,,117099.0878,,1717992.3,,,,,,,,,,310461.1092,,,,,,,,,,,,,,,,,138650.0,,,,,,,52800.0,,,,,,,,,,2051875.0,,,,,,,,,,,,,,,,,,,,,,,,,,,4425303.87,,,,,,37329.174999999996,,,,,,,,,,,,,,,,,,2633366.7,,,,32953466215800.0,32953466215800.0,,,1456705.0,893750.0,,,,,,,,,,,,20368.75,30684.375,,,,,,,,,,,,126377510145720.0,26950.0,48000.0,,,,,,,43399.760500000004,,117733.0,,,962103.92435,,,,,126377510145720.0,,,,,,,,,,,,,,,53000.0,2502400.0,794670.0,,,,1098010.98,,,345363.55199999997,,,,,,,4250.004,,,,,,10432006.514649998,,,,,,,,,,,,,,,,,,,1419908162336960.0,,,460351.125,,,,7272.8,7183.860000000001,3985295.7,35100.0,,,,,,,,,,,,,,1717071.9,,2400000.0,,2790756.7770499997,,,,,,,,,,,,,,1157988.0,,,,,,,,,,,,7942920.770400001,,,,,,,,,,,,186500.0,,,,,,,
1992-06-30,,,,,,,,,271448.25,,209894.60017229605,,,,,,,,,,3586666.0031999997,,5275800.0,,,4171644.375,,,,,73404.0,,157500.0,,21000.0,,66500.0,,110000.0,,,,1220006.0999999999,,,,363829.0,,,,,,,60106.768,,2969843.8,,,,,,,,,,332762.1106,,,,,,,,,,,,,,,,,789449.9999999999,,,,,,,330240.0,,,,,,,,,,3333943.0,,,,,,,,,,,,,,,,,,,,,,,,,,,5034860.495999999,,,,,,75435.79999999999,,,,,,,,,,,,,,,,,,2607439.68,,,,64031983114782.0,64031983114782.0,,,1318550.0,487500.0,,,,,,,,,,,,180112.5,91631.25,,,,,,,,,,,,224421249581750.0,402900.0,162080.0,,,,,,,47949.9517,,173662.5,,,720958.6473,,,,,224421249581750.0,,,,,,,,,,,,,,,107800.0,5118655.0,1442475.0,,,,1098010.98,,,101227.24799999999,,,,,,,65199.85779999999,,,,,,8951658.3124,,,,,,,,,,,,,,,,,,,3084933275399053.0,,,886572.375,,,,31608.6,2711.2,5044873.799999999,300450.0,,,,,,,,,,,,,,1671174.25,,,,2488020.8904999997,,,,,,,,,,,,,,540052.2,,,,,,,,,,,,13942300.0,,,,5894553.991199999,,,,,,,,176625.0,,,,,,,
1992-07-31,,,,,,,2454488.8200000003,,139069.24025,,100662.25461550229,,,,,,,,,,743604.2352,,1188100.0,,,766754.25,,,,,43921.5,,127500.0,,80100.0,,137500.0,,120000.0,,,,495002.475,,,,79618.0,,,,,,,,,1335464.7,,,,,,,,,,,,,,,,,,,,,,,,,,,298900.0,,,,,,,278400.0,,,,,,,,,,5029563.125,,,,,,,,,,,,,,,,,,,,,,,,,,,1574166.2940000002,,,,,,35644.72,,,,,,,,,,,,,,,,,,1750869.81,,,,24112523550585.0,24112523550585.0,,,783599.05,491000.0,,,,,,,14909.0,,,,,53518.75,80718.75,,,,,,,,,,,,816570197986560.0,580560.0,174240.0,,,,,,,,,42631.840000000004,,,432130.562,,,,,816570197986560.0,,,,,,,,,,,,,,,1492875.0,1679510.0,433640.0,,,,1074521.0501,,,,,,,,,,,,,,,,4892853.722999999,,,,,,,,,,,,,,,,,,,1913337720124800.0,,,522721.875,,,,36223.7,3125.3599999999997,1852332.2,143121.0,,,,,,,,,,,,,,541722.45,,,,948344.9935999999,,,,,,,,,,,,,,342920.0,,,,,,,,,,,,5068475.0,,,,2686417.202,,,,,,,,270000.0,,,,,,,
1992-08-31,,,,,,,1397586.4840000002,,221686.8765,,43032.02442978726,,,,,,,,,,1217769.984,,613600.0,,,271590.14999999997,,,,,48125.0,,30000.0,,159795.0,,103125.0,,56250.0,,,,241500.0,,,,28952.0,,,,,,,,,2361436.0,,,,,,,,,,,,,,,,,,,,,,,,,,,130200.0,,,,,,,89440.0,,,,,,,,,,3417504.0000000005,,,,,,,,,,,,,,,,,,,,,,,,,,,2942944.1999999997,,,,,,47379.3125,,,,,,,,,,,,,,,,,,1530602.865,,,,17073912559100.0,17073912559100.0,,,1453994.0999999999,378000.0,,,,,,,44727.0,,,,,41825.0,52350.0,,,,,,,,,,,,235619411028590.38,138600.0,73150.0,,,,,,,,,178900.08000000002,,,752868.7847,,,,,235619411028590.38,,,,,,,,,,,,,,,261250.0,1463200.0,256400.00000000003,,,,2274548.05025,,,,,,,,,,,,,,,,6245068.2085,,,,,,,,,,,,,,,,,,,1368049919428281.5,,,269100.0,,,,25384.7,11200.000000000002,1234077.6,93020.0,,,,,,,,,,,,,,482982.75,,,,1327306.6488,,,,,,,,,,,,,,676252.5,,,,,,,,,,,,3274200.0,,,,888299.46,,,,,,,,185250.0,,,,,,,
1992-09-30,,,,,,,1069371.254,,72975.71515,,390447.5330540702,,,,,,,,,,707772.9132,,828200.0,,,246247.9375,,,,,138684.0,,486000.0,,180000.0,,75500.0,,105000.0,,,,204001.19999999998,,,,56760.0,,,,,,,,,1379865.4,,,,,,,,,,,,,,,,,,,,,,,,,,,29000.0,,,,,,,102000.0,,,,,,,,,,2169108.0,,,,,,,,,,,,,,,,,,,,,,,,,,,1248246.27,,,,,,92111.5,,,,,,,,,,,,,,,,,,2789070.9749999996,,,,15788833915071.3,15788833915071.3,,,374333.4,276000.0,,,,,,,,,,,,43584.375,20187.5,,,,,,,8000.5199999999995,,,,,227340563442490.0,145920.0,48340.0,,,,,,,,,197219.0,,,449101.15695,,,,,227340563442490.0,,,,,,,,,,,,,,,427750.0,1472400.0,182685.0,,,,8800198.0011,,,,,,,,,,,,,,,,5295370.5649,,,,,,,,,,,,,,,,,,,2064861778035200.2,,,114426.0,,,,34615.5,142800.0,2261499.0,36784.0,,,,,,,,,,,,,,303365.4,,,,911035.1691,,,,,,,,,,,,,,285948.0,,,,,,,,,,,,2705000.0,,,,1033909.8526,,,,,,,,253500.0,,,,,,,
1992-10-31,,,,,,,1100242.4440000001,,42853.9364,,699551.8300552083,,,,,,,,,,599107.2768,,599400.0,,,170851.32499999998,,,,,249000.00000000003,,300000.0,,239760.00000000003,,65000.0,,855000.0,,,,129874.5,,,,43428.0,,,,,,,90829.47344999999,,1382112.8,,,,,,,,,,251314.4929,,,,,,,,,,,,,,,,,55000.00000000001,,,,,,,47600.0,,,,,,,,,,1376452.0,,,,,,,,,,,,,,,,,,,,,,,,,,,3068533.1520000002,,,,,,26309.8875,,,,,,,,,,,,,,,,,,3136382.1,,,,13387579777700.0,13387579777700.0,,,1026000.0,350000.0,,,,,,,,,,,,99125.0,140087.5,,,,,,,,,,,,781381968114809.6,371980.0,160600.0,,,,,,,87998.9614,,295430.39999999997,,,557594.1903,,,,,781381968114809.6,,,,,,,,,,,,,,,602375.0,1259840.0,255430.0,,,,5985059.850000001,,,,,,,,,,150001.28,,,,,,5589940.9072,,,,,,,,,,,,,,,,,,,2432936018955520.0,,,197822.625,,,,26154.1,2062.3999999999996,1430882.8,45585.0,,,,,,,,,,,,,,382641.80000000005,,2000000.0,,927498.6144,,,,,,,,,,,,,,693564.0,,,,,,,,,,,,5239950.0,,,,1621316.382,,111125.0,,,,,,1825000.0,,,,,,,
1992-11-30,,,,,,,572449.024,,21626.922899999998,,130330.74740802235,,,,,,,,,,307999.152,,249500.0,,,137600.71875,,,,,101870.0,,110000.0,,18975.0,,65000.0,,125000.0,,,,157811.175,,,,14333.0,,,,,,,55609.05239999999,,1224000.0,,,,,,,,,,208300.286,,,,,,,,,,,,,,,,,107000.0,,,,,,,122400.0,,,,,,,,,,878179.5,,,,,,,,,,,,,,,,,,,,,,,,,,,695208.96,,,,,,26151.057500000003,,,,,,,,,,,,,,,,,,1666152.18,,,,8450213627000.0,8450213627000.0,,,903950.0,127500.0,,,,,,,308589.25,,,,,97375.0,35021.875,,,,,,,,,,,,190698554186880.0,374500.0,137950.0,,,,,,,22500.8766,,41355.84,,,192060.0933,,,,,190698554186880.0,,,,,,,,,,,,,,,156000.0,818400.0,294470.0,,,,2274548.05025,,,,,,,,,,19583.4144,,,,,,2449484.994,,,,,,,,,,,,,,,,,,,924039347866880.0,,,85458.75,,,,,2773.6,500350.70000000007,,,,,,,,,,,,,,,177532.4,,3000000.0,,614272.7668,,,,,,,,,,,,,,120842.5,,,,,,,,,,,,2374425.0,,,,518676.158,,43000.0,,,,,,562500.0,,,,,,,
1992-12-31,,,,,,,480914.7,,27143.8364,,96812.9764808546,,,,,,,,,,454730.382,,194200.0,,,152693.66875,,,,,134875.0,,58750.0,,66000.0,,92000.0,,58250.0,,,,109249.04999999999,,,,14190.0,,,,,,,45177.64585,,1926000.0,,,,,,,,,,192659.0906,,,,,,,,,,,,,,,,,5200.0,,,,,,,105000.0,,,,,,,,,,966884.5,,,,,,,,,,,,,,,,,,,,,,,,,,,1020449.2320000001,,,,,,,,,,,,,,,,,,,,,,,,884011.05,,,,6803924234000.0,6803924234000.0,,,1525199.9999999998,237999.99999999997,,,,,,,,,,,,19650.0,400250.0,,,,,,,,,,,,118252438003500.0,532910.0,141502.5,,,,,,,176001.3682,,1477118.88,,,171658.725,,,,,118252438003500.0,,,,,,,,,,,,,,,61250.00000000001,2529600.0,221910.0,,,,3982540.71,,,,,,,,,,1749.9987999999998,,,,,,4742686.056799999,,,,,,,,,,,,,,,,,,,1026187183342988.8,,,41210.0,,,,16783.0,5710.320000000001,1275948.6,13294.0,,,,,,,,,,,,,,107847.0,,1000000.0,,365051.39280000003,,,,,,,,,,,,,,190886.5,,,,,,,,,,,,4909625.0,,,,807415.1,,663375.0,,,,,,754000.0,,,,,,,
1993-01-31,,,,,,,616090.02,,44727.531749999995,,423347.9669219073,,,,,,,,,,568378.836,,552900.0,,,513223.00625000003,,,,,249687.5,,235500.0,,214830.0,,22000.0,,97500.0,,,,78750.0,,,,42399.0,,,,,,,23570.319199999998,,2441421.3,,,,,,,,,,,,,,,,,,,,732500.0,,,,,,,102000.0,,,,,,,149600.0,,,,,,,,,,2308791.75,,,,,,,,,,,,,,,,,,,,,,,,,,,1114758.126,,,,,,,,,,,,,,,,,437910.3,,,,,,,2566980.99,,,,12120594553750.0,12120594553750.0,,,2043900.0,396500.0,,,,,,,48408.8,,,,,230625.0,356625.0,,,,,,,,,,,,492059146965555.25,547410.0,209235.0,,,,,,,147348.2656,,35706.32,,,619175.9574,,,,,492059146965555.25,,,,,,,,,,,,,,,122500.00000000001,5714565.0,923040.0000000001,,,,,,,,,,,,,,28000.0776,,,,,,2152661.08655,,,,,,,,,,,,,,,,,,,2341088135753600.0,,,94901.625,,,,15385.0,6115.6,265777.2,54228.0,,,,,,,,,,,,,,894992.1000000001,,3000000.0,,998689.2004,,,,,,,,,,,,,,232396.80000000002,,,,,,,,,,,,3379800.0,,,,1531393.7999999998,,17200.0,,,,,,1903500.0000000002,,,,,,,
1993-02-28,,,,,,,1302655.5080000001,,99767.66040000001,,655829.8406767577,,,,,,,,,,1733079.888,,3265600.0,,,1346308.125,,,,,1114330.5,,101500.0,,84630.0,,40000.0,,120000.0,,,,96999.0,,,,173162.75,,,,,,,573662.71935,,960879.3,,,,,,,,,,86370.353,,,,,,,,,,,,,,,,,204800.0,,,,,,,112200.0,,,,,,,,,,2401982.0,,,,,,,,,,,,,,,,,,,,,,,,,,,3845836.8,,,,,,436733.25,,,,,,,,,,,328538.89999999997,,,,,,,4943120.175,,,,19928461947300.0,19928461947300.0,,,1549800.0,216000.0,,,,,,,7363.6,,,,,87950.0,116311.25,,,,,,,5500.4400000000005,,,,,410122883024500.0,1743275.0,315100.0,,,,,,,222497.984,,172954.68,,,1695225.2192,,,,,410122883024500.0,,,,,,,,,,,,,,,229999.99999999997,2473990.0,609300.0,,,,,,,,,,,,,,116666.98999999999,,,,,,4936743.0848,,,,,,,,,,,,,,,,,,,2336942559421440.0,,,348486.9375,,,,22378.0,60792.16,660091.3999999999,17970.0,,,,,,,,,,,,,,530489.25,,,,1642822.2615,,,,,,,,,,,,,,89512.5,,,,,,,,,,,,8048950.0,,,,1379390.28,,,,,,,,1800000.0,,,,,,,
1993-03-31,,,,,,,2157999.48,,80655.0524,,249839.93930543144,,,,,,,,,,883196.136,,3454000.0,,,1307868.7000000002,,,,,445000.0,,40000.0,,66000.0,,27000.0,,66000.0,,,,83949.45,,,,204245.75,,,,,,,105520.3399,,2658619.8000000003,,,,,,,,,,159862.46639999998,,,,,,,,,,4394000.0,,,,,,,989350.0,,,,,,,17400.0,,,,,,,,,,1483548.5,,,,,,,,,,,,,,,,,,,,,,,,,,,3871884.2399999998,,,,,,895450.9874999999,,,,,,,,,,,62724.48,,,,,,,2751520.59,,,,19315970805600.0,19315970805600.0,,,1088000.0,168000.0,,,,,,,29090.800000000003,,,,,125865.625,134025.0,,,,,,,55004.4,,,,,180087047913400.0,817530.0,129570.0,,,,,,,50401.7964,,113187.75,,,1503178.3196999999,,,,,180087047913400.0,,,,,,,,,,,,,,,134750.0,3303720.0,397420.0,,,,,,,,,,,,,,96833.6743,,,,,,4118418.6554,,,,,,,,,,,,,,,,,,,1447615054490880.0,,,152490.0,,,,33286.8,5306.400000000001,1688896.0,18604.0,,,,,,,,,,,,,,632648.35,,,,1831253.4856,,,,,,,,,,,,,,58436.0,,,,,,,,,,,,5761275.0,,,,1350545.28,,,,5550406.292400001,,,,913500.0,,,,,,,
1993-04-30,,,,,,,1460864.1039999998,,180294.46260000003,,249839.9393054314,,,,1122000.0,,,,,,571303.1303999999,,1749600.0,,,1402340.85,,,,,69875.0,,51500.0,,13560.0,,18000.0,,,,,,82800.9,,,,21972.0,,,,,,,143395.1255,,693660.9,,,,,,,,,,664498.3232,,,,,,,,,,3615000.0,,,,,,,198800.0,,,,,,,49000.0,,,,,,,,,,3937188.25,,,,,,,,,,,,,,,,,,,,,,,,,,,2196406.4112,,,,,,6269517.93,,,,,,,,,,,73434.375,,,,,,,4319324.6625,,,,27268512476822.5,27268512476822.5,,,657200.0,130000.0,,,,,,,41090.7,,,,,135156.25,134025.0,,,,,,,,,,,,107245822020000.0,240499.99999999997,83160.0,,,,,,,67997.5025,,142445.03,,,3106727.54,,,,,107245822020000.0,,,,,,,,,,,,,,,147000.0,357680.0,136775.0,,,,,,,,,,,,,,276000.516,,,,,,3423505.8211999997,,,,,,,,,,,,,,,,,,,1408146089240000.0,,,358272.6875,,,,29720.299999999996,529804.2000000001,1101949.7,177600.0,,,,,,,,,,,,,,415131.60000000003,,,,2164327.15035,,,,,,,,,,,,,,80597.75,,,,,,,,,,,,5238175.0,,,,1632911.54,,86000.0,,761073.45,,,,427750.0,,,,,,,
1993-05-31,,,,,,,1133019.1600000001,,115913.2648,,216067.9707655985,,,,517750.0,,,,,,1996780.032,,1754550.0,,,1854503.6700000002,,,,,64700.0,,17000.0,,799980.0,,27500.0,,30500.0,,,,318823.65,,,,212082.5,,,,,,,38781.1512,,547271.2,,,,,,,,,,852125.52,,,,,,,,,,,,,,,,,152400.0,,,,,,,45000.0,,,,,,,,,,11207812.5,,,,,,,,,,,,,,,,,,,,,,,,,,,714237.48,,,,,,4193430.4982000003,,,,,,,,,,,40000.32,,,,,,,4639979.7,,,,41632362562500.0,41632362562500.0,,,358750.0,115000.0,,,,,,,190795.35,,,,,637170.0,570600.0,,,,,,,19998.0,,,,,530614245318739.2,2583040.0,1251220.0,,,,,,,104748.20939999999,,34257.84,,,2986210.0209,,,,,530614245318739.2,,,,,,,,,,,,,,,318500.0,470730.00000000006,156890.0,,,,,,,,,,,,,,1491102.32128,,,,,,3339591.9232,,,,,,,,,,,,,,,,,,,1123967594995199.9,,,751469.0625,,,,56433.5,7066.5,1170482.2999999998,89195.0,,,,,,,,,,,,,,659824.0,,1000000.0,,3045457.914,,,,,,,,,,,,,,67336.5,,,,,,,,,,,,4085250.0,,,,1889254.0,,,,120004.8,,,,113125.0,,,,,,,
1993-06-30,,,,,,,451245.07999999996,,35898.70435,,135814.15305266154,,,,230000.0,,,,,,555497.892,,2741100.0,,,794104.05,,,,,25187.0,,14000.0,,39000.0,,13000.0,,5500.0,,,,89187.825,,,,151050.0,,,,,,,27469.9821,,241744.2,,,,,,,,,,142643.58705,,,,,,,,,,,,,,,,,163200.0,,,,,,,35700.0,,,,,,,,,,4019218.375,,,,,,,,,,,,,,,,,,,,,,,,,,,609020.0352,,,,,,1751116.2476499998,,,,,,,,,,,16312.5,,,,,,,1851941.34,,,,23791502245260.0,23791502245260.0,,,210000.0,140000.0,,,,,,,43636.5,,,,,91500.0,675920.0,,,,,,,9700.68,,,,,345386619231254.8,395010.0,165500.0,,,,,,,37350.9954,,82515.42,,,1988463.5913,,,,,345386619231254.8,,,,,,,,,,,,,,,144375.0,609960.0,138000.0,,,,,,,14303407.600000001,,,,,,,167900.0235,,,,,,3277915.2612000005,,,,,,,,,,,,,,,,,,,593238002144480.0,,,116805.0,,,,68950.40000000001,2244.5,1069335.2,90610.0,,,,,,,,,,,,,,340894.5,,,,1417699.73115,,,,,,,,,,,,,,38503.5,,,,,,,,,,,,3576000.0,,,,1373232.6600000001,,80550.0,,40001.6,,,,60000.0,,,,,,,
1993-07-31,,,,,279500.0,,2841989.8499999996,,85407.4988,,80253.81771293661,,,,217750.0,,,,,,2985922.8504,,12921350.0,,,952473.5725,,,,,64500.0,,95000.0,,19250.1,,59000.0,,98000.00000000001,,,,262373.025,,,,200874.75,,,,,,,6653.8628,,212117.5,,,,,,,,,,546608.57005,,,,,,,,,,2540000.0,,,,,,,19000.0,,,,,,,244000.0,,,,,,,,,,3993856.5,,,,,,,,,,,,,,,,,,,,,,,,,,,807964.8192,,,,,,3966200.7646,,,,,,,,,,,103028.75,,,,,,,6372207.27,,,,48130671090700.0,48130671090700.0,,,280000.0,572000.0,,,8077294.5,,,,21136.35,,,,,253687.5,250493.75,,,,,,,64500.479999999996,,,,,2484667407556973.0,1922060.0,429323.0,,,,,,,81997.8985,,59291.61,,,1575118.64185,,,,,2484667407556973.0,,,,,,,,,,,,,,,63250.0,779520.0,411700.0,,,,,,,,,,,,,,116350.18174999999,,,,,,10460700.116999999,,,,,,,,,,,,,,,,,,,1654132047592640.0,,,401742.25,,,,60840.0,11671.400000000001,2399014.6,85924.5,,,,,,,,,,,,,,614955.6000000001,,,,1728910.1099,,,,,,,,,,,,,,48131.25,,,,,,,,,,,,7306212.5,,,,1459974.3900000001,,4485000.0,,71505.85,,,,598000.0,,,,,,,
1993-08-31,,,,,250500.0,,2047203.18,,103669.5946,,215486.94765093445,,,,409750.00000000006,,,,,,2124644.634,,8541700.0,,,1019024.7525000001,,,,,83312.5,,95000.0,,74000.1,,75000.0,,35000.0,,,,749747.7,,,,922887.0,,,,,,,147770.91665,,615021.7,,,,,,,,,,119333.8697,,,,,,,,,,11704600.0,,,,,,,16000.0,,,,,,,1091400.0,,,,,,,,,,2967713.75,,,,,,,,,,,,,,,,,,,,,,,,,,,833452.7040000001,,,,,,10658976.7805,,,,,,,,,,,115500.0,,,,,,,2956481.7975,,,,61536696272124.0,61536696272124.0,,,464750.0,224000.0,,,2506047.575,28088907.0,,,25909.075000000004,,,,,265512.5,245000.0,,,,,,,57002.880000000005,,,,,1885701447382150.2,1041326.0,938779.9999999999,,,,,,,105597.9837,,68538.195,,,1420960.67775,,,,,1885701447382150.2,,,,,,,,,,,,,,,208250.00000000003,962480.0,266460.0,,,,1098010.98,,,,,,,,,,220833.5789,,,,,,8315590.303499999,,,,,,,,,,,,,,,,,,,1907620360596326.5,,,784565.03125,,,,59580.600000000006,22778.0,2821468.2,192720.0,,,,,,,,,,,,,,1874824.875,,,,1457783.9011499998,,,,,,,,,,,,,,98539.5,,,,,,,,,,,,6726850.0,,,,1181917.54,,3618500.0,,1140275.6,,,,536500.0,,,,,,,
1993-09-30,,,,,2212000.0,,2636663.505,,449960.1729,,663455.7690567201,,,,566500.0,,,,,,3302080.0416,,5391850.0,,,2114103.7925,,,,,59125.0,,33000.0,,13999.8,,7000.0,,,,,,203126.25,,,,1258827.0,,,,,,,30798.9018,,1396755.0,,,,,,,,,,25780.929999999997,,,,,,,,,,,,,,,,,290000.0,,,,,,,257599.99999999997,,,,,,,,,,6446736.449999999,,,,,,,,,,,,,,,,,,,,,,,,,,,1553801.2056,,,,,,5193047.0732,,,,,,,,,,,72495.0,,,,,,,6089002.0425,,,,77557990472078.5,77557990472078.5,,,236250.0,70000.0,,,6114425.275,15470799.75,,,168182.0,,,,,78568.75,12283.75,,,,,,,9700.02,,,,,1358119873924659.0,1072720.0,313730.0,,,,,,,39001.473000000005,,195124.22999999998,,,3344490.0919000003,,,,,1358119873924659.0,,,,,,,,,,,,,,,73500.0,586300.0,349200.0,,,,823508.54,,,13632500.0,,,,,,,229316.77878999998,,,,,,12636107.518399999,,,,,,,,,,,,,,,,,,,1920462066877120.0,,,322698.1875,,,,40839.600000000006,10606.1,4702441.9,126854.0,,,,,,,,,,,,,,1682790.9175,,,,3023176.6492999997,,,,,,,,,,,,,,134335.5,,,,,,,,,,,,12259212.5,,,,2344608.0,,1493900.0,,827755.9125000001,,,,299500.0,,,,,,,
1993-10-31,,,,,1801800.0,,2443472.22,,738023.7888,,130258.11951868956,,,,341000.0,,,,,,1739489.1264000002,,5712800.0,,,983844.67,,,,,48375.0,,51000.00000000001,,55000.5,,13400.0,,6000.0,,,,39750.299999999996,,,,1548825.6,,,,,,,86080.9552,,1061036.0,,,,,,,,,,313088.2314,,,,,,,,,,,,,,,,,200000.0,,,,,,,231000.0,,,,,,,,,,6587324.5,,,,,,,,,,,,,,,,,,,,,,,16352951.1306,,,,1716767.1792000001,,,,,,12968418.6112,,,,,,,,,,,35853.75,,,,,,,3996660.69,,,,82145708113293.0,82145708113293.0,,,210000.0,364000.0,,,2759744.25,11855035.5,,,81818.00000000001,,,,,109937.5,136200.0,,,,,,,11998.800000000001,,,,,1448918186163200.0,828160.0,610280.0,,,,,,,,,33415.72,,,2340362.4099999997,,,,,1448918186163200.0,,,,,,,,,,,,,,,392000.0,330080.0,326700.0,,,,,,,43950187.5,,,,,,,287133.43559999997,,,,,,11502783.6,,,,,,,,,,,,,,,,,,,1779247534937599.8,,,355008.87499999994,,,,20699.2,6600.0,6531200.0,206656.0,,,,,,,,,,,,,,972826.3999999999,,2400000.0,,2470104.9384,,,,,,,,,,,,,,46608.0,,,,,,,,,,,,17204000.0,,,,1021834.8600000001,,1318100.0,,521887.5375,,,,249750.00000000003,,,,,,,
1993-11-30,,,,,6581250.0,,2296891.76,,472179.28599999996,,559198.4339192356,,,,863500.0000000001,,,,,,2451715.5168,,4970000.0,,,3140566.0,,,,,102125.0,,191500.0,,,,39600.0,,50000.0,,,,143000.55,,,,4464702.4,,,,,,,243555.27959999998,,1371907.8,,,,,,,,,,,,,,,,,,,,,,,,,,,105000.0,,,,,,,331500.0,,,,,,,,,,7176875.5,,,,,,,,,,,,,,,,,,,,,,,12128896.0,,,,1355930.2655999998,,,,,,7537395.987999999,,,,,,,,,,,177331.25,,,,,,,7292788.605,,,,235431767344632.78,235431767344632.78,,,317000.0,678750.0,,,3473280.0,30445379.999999996,,,77272.5,,,,,188381.25,34050.0,,,,,,59477832.8,37497.899999999994,,,,,3318161757429760.5,2427980.0,871620.0,,,,,,,,,183779.28,,,2254003.1556,,,,7500.0,3318161757429760.5,,,,,,,,,,,,,,,985500.0,830580.0,458680.0,,,,,,,70365437.5,,,,,,,304749.6078,,,,,,11541280.74,,,,,,,,,,,,,,,,,,,3974128105113599.5,,,358130.5,,,,80560.0,51066.06,4712772.6,475000.0,,,,,,,,,,,,,,16861766.325,,1700000.0,,2458012.7442,,,,,,,,,,,,,,76434.75,,,,5806700.0,,,,,,,,14310450.0,,,,1134261.92,,1257575.0,,1402556.1,,,,367250.0,,,,,,,
1993-12-31,,,,,3465000.0,,2523561.5999999996,,860016.8088,,297338.578929197,,,,1200000.0,,,,,,6193142.3232,,9687100.0,,,3329495.29,,,,,63372.0,,440000.0,,79998.0,,200000.0,,29500.0,,,,918000.0,,,,3196680.9000000004,,,,,,,207074.27235,,1247880.6,,,,,,,,,,,,,,,,,,,,,,,,,,,37848500.0,,,,,,,1504000.0,,,,,,,,,,10396968.8,,,,,,,,,,,,,,,,,,,,,,,8413127.7375,,,,4234990.319999999,,,,,,5732627.5445,,,,,,,,,,,78725.0,,,,,,,4742533.35,,,,275375657713830.4,275375657713830.4,,,459000.0,779000.0,,,3873600.0,26797438.5,,,163636.00000000003,,,,,796537.5,383668.75,,,,,,43468514.0,56003.64,,,,,4372522296797881.5,4299168.0,920306.0,,,,,,,,,186782.63999999998,,,6592537.527799999,,,,126000.0,4372522296797881.5,,,,,,,,,,,,,,,866250.0,717460.0,393820.0,,,,,,,,,,,,,,1742399.5353599999,,,,,,15365120.017499998,,,,,,,,,,,,,,,,,,,6286786468989440.0,,,1818739.0,,,,76572.0,9475.8,4292000.0,1278765.5,,,,,,,,,,,,,,27534532.8,,,,9397554.6144,,,,,,,,,,,,,,68400.0,,,,4569400.0,,,,,,,,10443900.0,,,,3758304.88,,5212350.0,,1436307.45,,,,281500.0,,,,,,,
1994-01-31,,,,,826800.0,,3477592.4400000004,,1072782.7344,,1581835.429672182,,,,1144000.0,,,,,,6080446.4399999995,,6336000.0,,,1599255.46,,,,,89250.0,,153000.0,,,,35000.0,,96500.0,,,,558252.9,,,,1625595.0,,,,,,,310872.1646,,2718655.4,,,,,,,,,,,,,,,,,,,,,,,,,,,140000.0,,,,,,,735000.0,,,,,,,,,,6384807.0,,,,,,,,,,,,,,,,,,,,,,,10356015.012,,,,1053062.3376,,,,,,5558461.824,,,,,,,,,,,58227.5,,,,,,,3577851.81,,,,229090216317680.0,229090216317680.0,,,640500.0,487000.0,,,5635005.4,14591377.5,,,114545.20000000001,,,,,501907.5,310520.0,,,,,,44966124.6,19250.88,,,,,2098062482781638.2,4111800.0,1254809.0,,,,,,,,,2125384.65,,,6869283.7832,,,,20000.0,2098062482781638.2,,,,,,,,,,,,,,,106750.0,2516200.0,531990.0,,,,,,,,,,,,,,390800.20012000005,,,,,,25681820.592,,,,,,,,,,,,,,,,,,,8062344571868159.0,,,1292021.25,,,,105735.0,11671.68,2581348.0,218180.0,,,,,,,,,,,,,,17911992.9,,9350000.0,,9056863.6768,,,,,,,,,,,,4922000.0,,73045.0,,,,3984000.0,,,,,,,,26698175.0,,,,2247492.15,,2693280.0,,8285012.850000001,,,,369750.0,,,,,,,
1994-02-28,,,,,902400.0,,1583258.8199999998,,425095.167,,699406.5742765425,,,,132000.0,,,,,,1840985.7984,,2464200.0,,,1227036.69,,,,,10250.0,,48000.0,,,,7000.0,,,,,,136563.0,,,,568526.4,,,,,,,33288.186,1183042.9500000002,1587181.4,,,,,,,,,6301330.8125,206084.64175,,,,,,,,,,,,,,,,,,,,,,,,293250.0,,,,,,,,,,4509994.0,,,,,,,,,,,,,,,,,,,,,,,5177474.424,,,,777639.456,,,,,,3315442.4804999996,,,,,,,,,,,21975.0,,,,,,,4486144.5,,,,186854858093854.38,186854858093854.38,,,405000.0,90000.0,,,1576965.5999999999,10610754.0,,,65909.25,,,,,57045.0,51875.0,,,,,,23436346.5,,,,,,1299580750410841.5,2182896.0,1051512.0,,,,,,,,,3840485.0,,,1487365.3249000001,,,,,1299580750410841.5,,,,,,,,,,,,,,,19875.0,3610880.0,591100.0,,,,,,,,,,,,,,70000.073,,,,,,17041888.380999997,,,,,,,,,,,,,,,,,,,3733862322426879.5,,,394809.1875,,,,34825.2,3079.8,1833285.6,184327.49999999997,,,,,,,,,,,,,,5604448.64,,,,3941166.5176,,,,,,,,,,,,2331000.0,,23304.0,,,,1259845.08,,,,,,,,14551500.0,,,,1925900.67,,1314819.9999999998,,2351287.125,,,,279500.0,,,,,,,
1994-03-31,,,,,3084000.0,,4329159.895,,237693.93079999997,,324791.9210970608,,,,259500.0,,,,,,3612963.2256000005,,962750.0,,,716450.21,,,23450000.0,,167500.0,,40000.0,,,,24000.0,,,,,,143250.075,,,,960112.3999999999,,,,,,,991230.8,126563.46562499998,717373.2,,,,,,,,,3277024.6875,287153.6344,,,,,,,,,,,,,,,,,,,,,,,,397750.0,,,,,,,,,,4669950.050000001,,,,,,,,,,,,,,,,,,,,,,,8901751.77555,,,,1156452.3360000001,,,,,,1725308.0527500003,,,,,,,,,,,10687.5,,,,,,,2927250.45,,,,137111439739867.61,137111439739867.61,,,147000.0,182000.0,,,1044960.0,19387641.0,,,,,,,,215600.0,83737.5,,,,,,37148750.55,,,,,,1200353158204291.2,3263370.0,988172.0,,,,,,,,,2043688.185,,,5848926.269,,,,5000.0,1200353158204291.2,,,,,,,,,,,,,,,32250.0,481260.0,93800.0,,,,,,,,,,,,,,1350001.84,,,,,,24888840.3126,,,,,,,,,,,,,,,,,,,2405174441566931.0,,,430644.5,,,,17307.7,38189.52,1748656.5,112937.0,,,,,,,,,,,,,,5304362.005,,,,9869496.10035,,,,,,,,,,,,960000.0,,28695.0,,,,1371863.44,,,,,,,,29037287.5,,,,1214798.46,,998200.0,20886286.889999997,1662962.9625,,,,560000.0,,,,,,,
1994-04-30,,,,,2037400.0,,4469005.2299999995,,312305.55059999996,,337283.91806233244,,,,946000.0000000001,,,,,,3709057.8672,,1418700.0,,,1206187.6025,,,3425000.0,,76562.5,,24000.0,,,,30000.0,,6000.0,,,,165626.25,,,,839585.6499999999,,,,,,,297139.82790000003,268286.6625,2139693.0,,,,,,,,,8240814.0625,170201.59,,,,,,,,,,,,,,,,,,,,,,,,879625.0,,,,,,,,,,4275046.8,,,,,,,,,,,,,,,,,,,,,,,10619999.528749999,,,,5047164.7776,,,,,,3850544.1885,,,,,,,,,,,12900.0,,,,,,,7162424.73,,,,233070184378137.62,233070184378137.62,,,314250.0,308000.0,,,3258686.35,14784372.75,,,27272.75,,,,,328440.0,209600.0,,,,,,64128618.45,19998.0,,,,,1390869649178095.0,1881883.5,2320710.0,,,,,,,31950.9522,,1745731.345,,,11531015.39405,,,,127600.0,1390869649178095.0,,,,,,,,,,,,,,,46000.0,971080.0,348240.0,,,,6426064.26,,,20000.0,,,,,,,104312.55604,,,,,,57067954.46475,,,,,,,,,,,,,,,,,,,4244099166836934.0,,,2351212.5,,,,16153.8,171478.68,2336781.6,84547.25,,,,,,,,,,,,,,4282125.165,,,,15799525.30835,,,,,,,,,,,,540000.0,,130440.0,,,,1197280.23,,,,,,,,32750550.0,,,,829372.3899999999,,463450.0,12244427.34375,1258227.9375,,,,378000.0,,,,,,,
1994-05-31,,,,,1681200.0,,3213598.455,,741568.6915,,144674.75555128453,,,,244750.00000000003,,,,,,9116658.9936,,3990200.0,,,847509.63,,,5400000.0,,137500.0,,33750.0,,2700000.0,,55600.0,,,,,,275002.19999999995,,,,2725100.0999999996,,,,,,,97244.25600000001,113351.475,1146000.0,,,,,,,,,4021215.3750000005,73185.5197,,,,,,,,,,659000.0,,,,,,,,,,,,,,653250.0,,,,,,,,,,4135941.7,,,,,,,,,,,,,,,,,,,,,,,6945697.332,,,,5597077.032,,,,,,4226051.12,,,,,,,,,,,47663.75,,,,,,,5020498.9350000005,,,,214739341058000.0,214739341058000.0,,,237500.0,234000.0,,,1691759.9999999998,15145515.0,,,54545.5,,,,,305250.0,88673.75,,,,,,38374953.65,3999.6,,,,,1921960684860899.0,780219.0,1383300.0,,,,,,,20400.6276,,4053347.34,,,18943691.652,,,,377300.0,1921960684860899.0,,,,,,,,,,,,,,,37000.0,1355900.0,650360.0,,,,3213032.64,,,,,,,,,,2022997.7899999998,,,,,,53341741.97,,,,,,,,,,,,,,,,,,,3827619689074803.5,,,4385272.125,,,,35539.0,133892.0,3278691.6000000006,50000.0,,,,,,,,,,,,,,5421443.850000001,,,,26347676.019599997,,,,,,,,,,,,356400.0,,43480.0,,,,2165757.18,,,,,,,,42688750.0,,,,1425282.4000000001,,841465.0,14440823.930000002,470288.475,,,,312500.0,,,,,,,2025000.0
1994-06-30,,,,,1410000.0,,1625884.29,,246803.904,,282377.2337266044,,,,157500.0,,,,,,1884267.1872,,2365100.0,,,547778.4949999999,,,7650000.0,,,,37250.0,,,,123200.0,,33600.0,,,,440374.875,,,,668763.8,,,,,,,218483.4822,430286.15625,627000.0,,,,,,,,,2562382.75,125355.44840000001,,,,,,,,,,,,,,,,,,,,,,,,3195500.0,,,,,,,,,,1917403.5,,,,,,,,,,,,,,,,,,,,,,,3639664.87615,,,,4949446.5072,,,,,,2111945.5311000003,,,,,,,,,,,137253.125,,,,,,,3437709.255,,,,184863342399760.0,184863342399760.0,,,217000.0,600000.0,,,996800.0,14493921.75,,,86364.0,,,,,382812.5,225962.5,,,,,,27929637.799999997,27997.199999999997,,,,,1488122152208800.0,766690.0,276464.0,,,,,,,20000.779199999997,,3688810.29,,13218959.52,11620302.2386,,,,148000.0,1488122152208800.0,,,,,,,,,,,,,,,30125.0,593090.0,290700.0,,,,3600036.0,,,,,,,,,,706799.0424,,,,,,28241144.761099998,,,,,,,,,,,,,,,,,,,3375804146157696.0,,,3320123.0562499994,,,,39384.0,411696.0,7058425.0,521616.0,,,,,,,,,,,,,,2295089.04,,2425000.0,,23179877.11275,,,,,,,,,,,,260700.0,,36955.0,,,,2718658.65,,,,,,,,31599037.5,,,,907623.22,,768850.0,26218297.2525,273386.05,,,,225000.0,,,,,,,
1994-07-31,,,,,1027500.0,,4777500.0,,445197.396,,176485.77107912762,,,,68000.0,,,,,,6990939.359999999,,2285200.0,,,735317.78,,,3825000.0,,,,12000.0,,,,28800.0,,,,,,331252.5,,,,1620263.4,,,,,,,54134.803799999994,86245.6875,588000.0,,,,,,,,,1645021.875,115484.92335,,,,,,,,,,,,,,,,,,,,,,,,444000.0,,,,,,,,,,1422684.0,,,,,,,,,,,,,,,,,,,,,,,4414291.797599999,,,,2730290.9760000003,,,,,,1961791.4400000002,,,,,,,,,,,38095.0,,,,,,,2320627.05,,,,296321608453120.0,296321608453120.0,,,228750.0,360000.0,,,912000.0,17574070.5,,,45000.0,,,,,500062.5,353925.0,,,,,,70008803.8,7999.2,,,,,765221334276009.6,537840.0,325706.0,,,,,,,74999.103,,8750989.68,,11296935.0,7638957.007,,,,,765221334276009.6,,,,,,,,,,,,,,,6250.0,332880.0,398310.0,,,,6680046.7998,,,,,,,,,,1226025.62115,,,,,,15120002.700000001,,,,,,,,,,,,,,,,,,,2329721125201517.0,,,955350.8250000001,,,,27692.4,102176.0,1941727.9999999998,347638.75,,,,,,,,,,,,,,3469400.5,,1500000.0,,31666768.3515,,,,,,,,,,,61068883.4096,132000.0,,48696.0,,,,1292007.5999999999,,,,,,,,29617200.0,,,,754993.6799999999,,242249.99999999997,23802177.037499998,454494.94999999995,,,,100000.0,,,,,,,
1994-08-31,,,,,4640900.0,,10738996.51,,2547329.7244,,235314.3614388366,,,,1122000.0,,,,,,11396935.224,,7394400.0,,,1099480.5250000001,,,14450000.0,,48125.0,,21000.0,,,,78500.0,,105800.0,,,,506996.10000000003,,,,3505395.6,,,,,,,370258.47000000003,779549.9249999999,805500.0,,,,,,,50624999.983799994,,5286300.0,42355.3143,,,,,,,,,,,,,,,,,,,,,,,,2376000.0,,,,,,,,,,13418207.999999998,,,,,,,,,,,,,,,,,,,,,,,15246028.3131,,,,10151150.5152,,,,,,9405262.9296,,,,,,,,,,,286000.0,,,,,,,7347365.1899999995,,,,613494963022736.0,613494963022736.0,,,984000.0,20258551.3,,,3824480.0,40001172.75,,,100000.0,,,,,430023.125,161325.0,,,,,,89159453.6,7999.2,,,,,4820891459253734.0,1321452.0,508608.0,,,,,,,54900.08439999999,,7154961.05,,8085718.08,20301654.1695,,,,,4820891459253734.0,,,,,,,,,,,,,,,135250.0,526280.0,176510.0,,,,30179552.49,,,,,,,,,,2441425.7483,,,,,,24027584.790799998,,,,,,,,,,,,,,,,,,,1.3505785580470016e+16,,,1763261.4999999998,,,,72038.85,199272.0,3356672.9999999995,6482307.0,,,,,,,,,,,,,,10064280.2,,2850000.0,,29783223.983499996,,,,,,,,,,,28042910.0,702000.0,,29564.0,,,,3784215.65,,10165400.0,,,,,,41914400.0,,,,1258687.05,,2484215.0,16390850.985,778313.675,,,,140000.0,,,,,,,
1994-09-30,,,,,9708600.0,,5176850.0,,1570369.5690000001,,604990.3181436758,,,,825000.0000000001,,,,,,17302966.3944,,5918349.999999999,,,516205.1575,,,16650000.0,,407000.00000000006,,76250.0,,110002.20000000001,,63000.0,,137500.0,,,,1010305.875,,,,2036209.75,,,,,,,78218.04000000001,709628.7749999999,1555450.0,,,,,,,53124999.982999995,,5024800.0,125609.7408,,,,,,,,,,732200.0,,,,,,,,,,,,,,4007575.0,,,,,,,,,,5923240.45,,,,,,,,,,,,,,,,,,,,,,,14548678.5563,,,,4876548.3576,,,,,,3936441.6653,,,,,,,,,,,123900.0,,,,,,,2972640.99375,,,,519487047371658.0,519487047371658.0,,,1331000.0,7911700.0,,,2173288.0,16720778.025000002,,,89091.2,,,,,1189677.5,354227.5,,,,,,107242971.97999999,10000.320000000002,,,,,7027701713499456.0,1468838.0,1501470.0,,,,,,,72600.2925,,18408285.0,,13088311.559999999,12488858.778900001,,,,420000.0,7027701713499456.0,,,,,,,,,,,,,,,530750.0,1055655.0,543660.0,,,,3644991.44955,,,,197163199.20999998,,,,,,620575.52172,,,,,,37682323.5039,,,,,,,,,,,,,,,0.0,0.0,,,9512465588316940.0,,,3968101.39375,,,,128922.79999999999,220976.0,2038700.0,4926494.7,,,,,,,,,,,,,,7385331.682500001,,22650000.0,,18509244.89855,,,,,,,,,,,15869245.2121,2168850.0,,39130.0,,,,5935163.505,,2479200.0,,,,,,48024850.0,,,,1167406.79,,1943737.4999999998,11166898.6475,1173044.85,,,,237500.0,,,,,,,
1994-10-31,,,,,5910100.0,,6473824.609999999,,694726.9702999999,,142931.68620729315,,,,410000.0,,,,,,19121641.0992,,11204375.0,,,603617.4724999999,,,6500000.0,,247250.0,,52000.0,220000.0,78000.0,,56000.0,,52500.0,,,,208575.0,,,,7176660.6,,,,,,,358988.3996,564556.5153,753950.0,,,,,,,38749999.9876,,8208125.0,437187.8346,,,,,,,,,,,,,,,,,120000.0,,,,,,,864375.0,,,,,,,,,,7253049.35,,,,,,,,,,,,,,,,,,,,,,,25196918.204549998,,,,11754586.4688,,,,,,2973624.5342,,,,,,,,,,,123580.0,,,,,,,8583451.48125,,,,293816918418880.0,293816918418880.0,,,261000.0,13637052.35,,,3337728.0,13671680.399999999,,,32045.4,,,,,273542.5,53302.5,,,,,,68993288.225,30000.960000000003,,,,,3497072395345920.0,1735186.0,612080.0,,,,,,,125349.27799999999,,13420088.885,,20012897.79,9096392.6766,,,,290400.0,3497072395345920.0,216166.5,,,,,,,,,,,,,,114999.99999999999,809655.0,721140.0,,,,7200072.0,,,84500.0,93537876.49000001,,,,,,1416187.1097,,,,,,25941446.817,,,,,,,,,,,,,,,61967514005000.0,61967514005000.0,55330495.22,,8415173287450535.0,,,2794322.29375,,,,383691.15,160768.0,6269740.6,2656220.0,,,,,,,,,,,,,,9384587.0175,,5850000.0,,14195401.93155,,,,,,,,,,,22691408.503200002,3245400.0,,18260.0,,,,5102608.41,,1197670.0,,,,,,41027600.0,,,,3088153.69,,2294400.0,17625404.18875,678079.1000000001,,,,95000.0,,15750.0,,,,,
1994-11-30,,,,,1455350.0,,5253561.68,,812925.0094,,435331.5686618481,,,,938500.0,79842431.6,,,,,21348140.3928,,4944000.0,,,2103601.335,,,1880000.0,,152375.0,,18250.0,302500.0,3000.0,,101500.0,,24000.0,,,,155998.80000000002,,,,19892791.3,,,,,,,423704.49929999997,324666.5625,840300.0,,,,,,,4999999.9984,,4657900.0,239258.1156,,,,,,,,,,,,,,,,,69700.0,,,,,,,382950.0,,,,,,,,,,3213607.875,,,,,,,,,166250.0,,,,,,,,,,,,,,25161950.043,,,,4187378.0376000004,,,,,,1294164.0383000001,,,,,,,,,,,11125.0,,,,,,,905304.015,,,,272439632905936.4,272439632905936.4,,,157000.0,7200600.0,,,2420560.0,13121018.4,,,171600.0,,,,,208319.375,105773.75,,,,,,29122496.534999996,27502.2,,,,,3133605831222301.0,1264420.0,546195.5,,,,,,,138603.1425,,12363948.629999999,,14598072.072,9213179.3451,,,,242000.00000000003,3133605831222301.0,96105.07500000001,,,,,,,,,,,,,,17750.0,1042725.0,104000.0,,,,8000180.001,,,56000.0,113556601.725,,,,,,1672399.89917,,,,,,26496254.6334,,,,,,,,,,,,,,,64935547290000.0,64935547290000.0,15329165.4534,,7616701549537754.0,,,1331628.43125,,,,146768.4,205297.0,4360805.1,883140.0,,,,,,,,,14147250.0,,,,,9393871.254999999,,2600000.0,,13579184.771,,,,,,,,,,,26185755.46875,1494850.0,,23478.0,,,,1541323.7000000002,,947700.0,,,,,,31705612.5,,,,602903.2750000001,,1415400.0,8717621.8165,421549.17500000005,,,,272700.0,,13000.2,,,,,
1994-12-31,,,,,1195200.0,,4608589.6899999995,,677920.0917999999,,105165.183754147,,,,484500.0,13382401.6,,,,,16729889.601599999,,2004899.9999999998,,,1184238.4400000002,,,5950000.0,,69125.0,,33500.0,25000.0,40500.0,,65000.0,,42000.0,,,,133875.0,,,,16028280.0,,,,,,,401401.94039999996,212209.93125,1333800.0,,,,,,,37499999.988,,985600.0,167492.0598,,,,,,,,,,,,,,,,,3387500.0,,,,,,,313500.0,,,,,,,,,,3691661.4000000004,,,,,,,,,45000.0,,,,,,,,,,,,,,11587237.7796,,,,2096495.2079999999,,,,,,1208643.533,,,,,,,,,,,158900.0,,,,,,,3785081.58,,,,502959982236160.0,502959982236160.0,,,225000.0,4017000.0,,,2693952.0,10495815.75,,,24750.0,,,,,64981.25,17015.0,,,,,,16880808.96,40001.280000000006,,,,,1491720696649478.2,1152944.0,757152.0,,,,,,,62998.1859,,4790416.61,,11822004.018,7791999.128300001,,,,545530.0,1491720696649478.2,151970.775,,,,,,,,,,,,,,14625.0,215940.0,72670.0,,,,600036.0003,,,,67134960.0,,,,,,1137499.825,,,,,,23734315.333699998,,,,,,,,,,,,,,,40870300440000.0,40870300440000.0,5902577.1264,,6417592110217318.0,,,1116805.9500000002,,,,46307.8,503481.99999999994,1553419.2,825440.0000000001,,,,,,,,,14716466.440000001,,,,,7389958.42,,1000000.0,,17496932.2944,,,,,,,,,,,17460887.5,1527500.0,,7826.0,,,,1793077.6,,495000.00000000006,,,,,,33119100.0,,,,711569.2,,840800.0,11116433.922,105004.20000000001,,,,96000.0,,,,,,,177500.0
1995-01-31,,,,,5334000.0,,2462800.0,,846817.2080999999,,284338.18673859426,,,,270000.0,10073187.0,,,,,22143769.9344,,1080000.0,,,1976848.9949999999,,,8500000.0,,4401000.0,,136000.0,50000.0,9000.0,,77750.0,,80000.0,,,,82320.84000000001,,,,13524605.4,,,,,,,273746.11315,121909.2,223200.0,,,,,,,1249999.9996,,465870.0,103206.4917,,,,,,,,,,,,,,,,,,,,,,,,274050.0,,,,,,,,,,1206225.9,,,,,,,,,55500.0,,,,,,,,,,,,,,14079177.2511,,,,1427599.4688,,,,,,1182297.7488,,,,,,,,,,,60320.0,,,,,,,4014971.55,,,,444639629525424.0,444639629525424.0,,,74250.0,6481800.0,,,1050672.0,15470707.875,,,53125.0,,,,,23637.5,61841.25000000001,,,,,,10782307.08,9500.04,,,,,4360075083369222.5,572000.0,849160.0,,,,,,,90399.665,,11402941.5,,11500177.608000001,5167163.091,,,,2033000.0,4360075083369222.5,46881.45,,,,,,,,,,,,,,64750.0,305205.0,236599.99999999997,,,,2400054.0003,,,,41468080.0,,,,,,1003231.22273,,,,,,19218248.101099998,,,,,,,,,,,,,,,40922049600000.0,40922049600000.0,9071049.253600001,,9417811329040206.0,,,1039011.35,,,,111153.5,446484.0,2996632.6,501290.0,,,,,,,,,3045169.0300000003,,,,,10543252.899999999,,6400000.0,,27775377.8796,,,,,,,,,,,13166562.5,1085200.0,,17825.0,,,,1166000.0,,1105500.0,,,,,,21442875.0,,,,578354.7,,915800.0,6914058.75,297522.94000000006,,,,185250.0,,,,,,,66600.0
1995-02-28,,,,,6252500.0,,4338175.38,,765722.7642,,505925.87709349894,,,,157500.0,9847291.75,,,,,16970350.3056,,720000.0,,,1731010.9687500002,,,1225000.0,,2212900.0,,109000.0,88000.0,13249.95,,151500.0,,102250.0,,,,101498.985,,,,4699956.9,,,,,,,157795.70669999998,120003.50625,373800.0,,,,,,,6885000.001,,708260.0,134497.76295,,,,,,,,,,,,,,,,,,,,,,,,243000.0,,,,,,,,,,4947034.45,,,,,,,,,66000.0,,,,,,,,,,,,,,10639297.18485,,,,3677367.7007999998,,,,,,921536.16295,,,,,,,,,,,53495.0,,,,,,,3568785.39,,,,329269471331616.4,329269471331616.4,,,119000.0,5297900.0,,,1473328.0,11167411.5,,,92937.5,,,,,33675.0,9250.0,,,,,,20405146.509999998,8999.76,,,,,3192962928923360.0,606517.0,760843.0,,,,,,,133200.66499999998,,7788921.355,,8523798.318,7338280.59465,,,,1030240.0,3192962928923360.0,89260.04999999999,,,,,,,,,,,,,,138750.0,252745.0,177000.0,,,,15876159.12,,,2493862.5,89955833.73,,,,,,462825.1694,,,,,,22526798.042000003,,,,,,,,,,,,,,,18972035575000.0,18972035575000.0,5527650.85125,,6709506525699840.0,,,884439.15625,,,,33077.0,308296.0,1103253.6,289120.0,,,,,,,,,1288144.0699999998,,,,,3548325.3449999997,,46925000.0,,20936219.3886,,,,,,,,,,,12658281.40625,950000.0,,15434.5,,,,1792800.0,,3122400.0,,,,,,34969750.0,,,,924550.8,,963700.0,8573046.3695,189965.16500000004,15595800.0,,,225000.0,,,,,,,
1995-03-31,,,,,2223450.0,,2083400.0,,322434.6615,,111774.32168344731,,,,285000.0,7280355.9,,,,,7046911.0296,,631350.0,,,733804.1399999999,,,4600000.0,,709800.0,,34750.0,77050.0,24500.7,,35300.0,,117000.0,,,,28800.0,,,,3872935.8000000003,,,40398750.0,,,,226165.12240000002,47241.32235,204100.0,,,,,,,12824999.9988,,947520.0,268025.50555,,,,,,,,,,1464400.0,,,,,,,,,,,,,,228937.5,,,,,,,,,,1907609.8,,,,,,,,,8000.0,,,,,,,,,,,,,,9721968.314299999,,,,1548802.2528,,,,562800.0,,546752.416,,,,,,,,,,,25220.0,,,,,,,1894644.675,,,,211164861949764.0,211164861949764.0,,,276000.0,1891050.0,334900.0,,1483216.0,10152450.0,,,34125.0,,,,,36996.25,31218.75,,,,,,11576068.799999999,17999.52,,,,,1215738104482609.5,407691.0,868460.0,,,,,,,83998.5861,,10587043.8,,7392783.600000001,7518050.3937,,,,331200.0,1215738104482609.5,49128.75,,,,,,,,,,,,,,53250.0,178120.0,102200.0,,,,4189542.56,,,1796975.0,57922560.0,,,,,,754099.0301900001,,,,,,35226170.2302,,,,,,,,,,,,,,,16894295505000.0,16894295505000.0,2255097.8028,,3360277142828173.0,,,877005.6749999999,,,,95191.25,75276.0,522777.15,375250.0,,,,,,,,,1212126.66,,,,,2580692.805,,13325000.0,,13544594.069099998,,,,,,,,,,,17983440.091199998,120000.0,,18261.0,,,,2130000.0,,6884800.0,,,,,,31672725.0,,,,745536.96,,342500.0,24716849.927,141748.425,3751440.0,,,84000.0,,46800.0,,,16647538.489999998,,
1995-04-30,,,,,781150.0,,5285850.0,,239476.8075,,176485.77107912762,,,,594150.0,7167357.5,,,,,16733744.261999998,,352050.0,,,588667.1174999999,,,8000000.0,,3586150.0,,42000.0,200000.0,7000.200000000001,,34800.0,,78000.0,,,,31679.64,,,,4277303.3,,,23597625.0,,,,140369.573,171697.44374999998,478200.0,,,,,,,12199999.999,,1304440.0,371254.658,,,,,,,,,,2196600.0,,,,,,,,,,,,,,232500.0,,,,,,,,,,4107889.0999999996,,,,,,,,,45500.0,,,,,,,,,,,,,,12399406.035,,,,2174501.376,,,,294306.0,,1230640.4542999999,,,,,,20906600.0,,,,,36492.5,,,,,,,3031915.1625,,,,314489653117271.2,314489653117271.2,,,311250.0,1551000.0,118000.0,,947520.0,19027141.35,,,47250.0,,,,,106572.5,85335.0,,,,,,12725962.805,5999.400000000001,,,,,1911692521635185.5,657491.0,1344510.0,,,,,,,39001.2408,,5214851.6,,4432020.21,5162838.31195,,,,304920.0,1911692521635185.5,39303.0,,,,,,,,,,,,,,56875.0,278860.0,140140.0,,,,3591035.91,,,,34830519.370000005,,,,,,1186790.02684,,,,,,43087323.9738,,,,,,,,,,,,,,,16135964780000.0,16135964780000.0,893234.41625,,4862944232209190.0,,,1262407.25,,,,97114.5,425004.0,2938648.3000000003,226000.0,,,,,,,,,826712.225,,,,,2067848.4649999999,,5500000.0,,14514725.1834,,,,,,,,,,,16008939.796,120450.00000000001,,20000.0,,,,1553750.0,,8329480.0,,,,,,55596475.0,,,,576588.18,,644275.0,6165747.126,56955.36,10470550.0,,,102000.0,,1800.0,,,14082479.950000001,,
1995-05-31,,,,,707200.0,,4727806.14,,412512.82,,164720.0530071857,,,,7869000.0,30605288.3,,,,,21371868.4032,,780500.0,,,3389866.3,,,5700000.0,,858000.0,,35750.0,156000.0,30000.0,,95200.0,,1903000.0,,,,61544.97,,,,5892200.0,,,17301400.0,,,,409432.47010000004,90396.9,156000.0,,,,,,,22824999.9956,,1879020.0,53032.083,,,,,,,,,,8429600.0,,,,,,,,,,,,,,104300.0,,,,,,,,,,4094415.0,,,,,,,,,61250.0,,,,,,,,,,,,,,13876622.8929,,,,4678397.7984,,,,41601.6,,1104841.347,,,,,,8496600.0,,,,,251227.5,,,,,,,10611762.525,,,,377639274115360.0,377639274115360.0,,,224000.0,1728000.0,47750.0,,2713344.0,17109792.0,,,35875.0,,,,,330685.625,21906.25,,,,,,15766790.479999999,38251.619999999995,,,,,2388770627021318.5,744845.0,1015180.0,,,,,,,27700.9956,,33994894.93,,9038979.9,13663462.612799998,,,,1737400.0,2388770627021318.5,48156.899999999994,,,,118602950.0,,,,,,,,,,2048200.0000000002,445300.0,99280.0,,,,5463054.9350000005,,,4940987.5,72240480.0,,,,,,1068000.208,,,,,,61527924.5976,,,,,,,,,,,,,,,55811882874000.0,55811882874000.0,3695553.2532,,4455401642926553.5,,,1457778.8875,,,,66154.0,1095380.0,4873596.0,445740.0,,,,,,,,,1553150.97,,,,,3981784.495,,2625000.0,,12760636.3521,,,,,,,,,,,16173017.5864,121550.00000000001,,52387.5,,,,4450500.0,,551000.0,,,,,,110456250.0,,,,1021759.97,,560000.0,9426664.31,31499.649999999998,19403750.0,,,20325.0,,,,,5711016.300000001,,
1995-06-30,,,,,1386000.0,,6291426.0600000005,,348307.0146,,329440.1060143714,,,,5323800.0,10031366.7,,,,,14966270.424,,1116000.0,,,1798881.3499999999,,,5100000.0,,508800.0,,97500.0,131600.0,27000.0,,234000.0,,5724000.0,,,,620979.21,,,,5188120.3,,,4606800.0,,,,428931.4586,138095.30625,459050.0,,,,,,,2299700.0003945,,1193500.0,79552.8735,,,,,,,,,,4401300.0,,,,,,,,,,,,,,968000.0,,,,,,,,,,2548079.25,,,,,,,,,175750.0,,,,,,,,,,,,,,12273300.144000001,,,,1458602.1216,,,,55173.6,,1457057.5908000001,,,,,,1837150.0,,,,,178750.0,,,,,,,9170342.685,,,,317449428004800.0,317449428004800.0,,,96000.0,3588000.0,64000.0,,3641359.9999999995,16920288.0,,,25625.0,,,,,145925.0,251520.0,,,,,,12750392.809999999,,,,,,4053860208879283.0,404902.0,467500.0,,,,,,,27200.836799999997,,6925660.07,,3176170.452,11837608.5744,,,,500800.0,4053860208879283.0,140756.55,,,,33778250.0,,,,,,,,,,371950.0,443520.0,198250.0,,,,19422194.22,,,,49501981.1,,,,,,1050600.9888,,,,,,26192191.6879,,,,,,,,,,,,,,,33533898710000.0,33533898710000.0,2227146.9275,,6532867919359667.0,,,1573270.4000000001,,,,34615.0,910560.0,5143202.9,616720.0,,,,,,20509908.744,,,1360800.0,,,,,3123078.0,,17737500.0,,18471274.616,,,,,,,,,,,11531682.9504,456500.00000000006,,13044.0,,,,2836000.0,,465300.0,,,,,,39913750.0,,,,1223300.77,,1773100.0,5842497.949999999,181797.97999999998,3648750.0,,,80000.0,,,,,4652118.46,,
1995-07-31,,,,,6246799.999999999,,5686493.3100000005,,1448570.6439999999,,388268.6963740803,,,,4910280.0,13134631.8,,,,,25008851.735999998,,4921700.0,,,808762.5,,,147000000.0,,2167000.0,,68000.0,224900.0,13999.649999999998,,66000.0,,2552000.0,,,,507496.50000000006,,,,14342742.4,,,9063000.0,,,,627797.9971,115889.0796,224200.0,,,,,,,442199.99993399996,,2835000.0,1299392.0945,,,,,,,,,,,,,,,,,16000.0,,,,,,,187500.0,,,,,,,,,,3092858.0999999996,,,,,,,,,51000.0,,,,,,,,,,,,,,21979289.9368,,,,1664997.3360000001,,,,23260.8,,1023675.1785,,,,,,585600.0,,,,,122240.0,,,,,,,4542490.125,,,52250.0,492939253364280.06,492939253364280.06,7742012.800000001,,108500.0,1831500.0,124000.0,,20871400.0,8576568.0,,,12250.0,,,,,73818.75,484623.125,,,,,,14833656.0,619840.32,,,,,4059780879597081.5,438758.0,473720.0,,,,,,,14400.579600000001,,16510906.98,,5099751.36,8066347.5200000005,,,,1171800.0,4059780879597081.5,547978.2,,,,16488750.0,,,,,,,,,,294000.0,204000.00000000003,139200.0,,,,17982179.82,,,96062.5,30448072.979999997,,,,,,4552350.8866,,,,,,27887997.676000003,,,,,,,,,,,,,,,43687269000000.0,43687269000000.0,628520.2432,,9735848016672154.0,,,2291409.9,,,,26230.75,1815700.0,7946353.8,429430.0,,,,,,13176499.284,,,694270.9,,,,,2853775.1399999997,,10137500.0,,11909787.6436,,,,,,,,,,,33481502.080000002,383600.0,,36522.0,,,,9484800.0,,326700.0,,,,,,69534000.0,,,,1868196.0799999998,,595000.0,7975466.257499999,479815.65,2537370.0,,,85000.0,,,,,1701734.32,,
1995-08-31,,,,,2457000.0,,7637924.94,,560732.4737999999,,607459.666380997,,,,1667800.0,11247527.7,,,,,30735114.983999997,,2995300.0,,,485876.2675,,,124560000.0,,1491000.0,,24000.0,119900.0,44749.5,,156125.0,,1306800.0,,,,317051.22,,,,17863597.8,,,1917600.0,,,,373984.12005,139510.761,290000.0,,,,,,,381050.00008350005,,1432600.0,75575.7528,,,,,,,,,,,,,,,,,71600.0,,,,,,345449.1,742500.0,,,,,,,,,,9518039.0,,,,,,,,,365000.0,,,,,,,,,,,,,,31582957.225199997,,,,1385997.7824000001,,,,92920.0,,949005.4624,,,,,,347700.0,,,,,462000.0,,,,,,,5597912.722499999,,,224400.00000000003,681147864144000.0,681147864144000.0,3879120.0,,657500.0,1172300.0,501600.0,,13189620.0,8638906.5,,,35000.0,,,,,71437.5,26433.75,,,,,,7169600.399999999,5999.400000000001,,,,,3752682493303987.0,1443030.0,1367850.0,,,,,250450.0,,50751.4896,,28157028.56,,14626629.882000001,6909420.057,,,,79967500.0,3752682493303987.0,1311429.0750000002,,,,51611100.0,,,,,,,,,,157550.0,663000.0,355300.0,,,296000.0,14985150.96,,,598125.0,40081837.37,,,,,,2237947.2332800003,,,,1495000.0,,43493631.1444,,,,,,,,,,,,,,,65382734300940.0,65382734300940.0,1570577.8176,,1.25489791145984e+16,,,1441609.0,,,,647537.4,1949700.0,4860000.0,2578300.0,,,,,,3271762.4639999997,,,1676589.9,,,,,3302564.94,,46400000.0,,6991629.466399999,,,,,,,,,,,24663524.94895,396000.0,,40651.0,,,,9114300.0,,677300.0,,,,,,31053750.0,,,,528126.6900000001,,832500.0,10137446.443,252402.575,3717450.0,,,195250.0,,,,,1960564.54,,
1995-09-30,,,,,1533300.0,,4657671.899999999,,2085224.1696000001,,869501.0910943644,,,,1785600.0,7651870.8,,,,,20653846.5168,,19656450.0,,,914030.0,,,309600000.0,,540375.0,,68000.0,120000.0,210004.2,,806550.0,,2594200.0,,,,188498.7,,,,9063379.7,,,1872000.0,,,,505495.15715000004,66434.0625,665500.0,,,,,,,264450.0000615,,583200.0,101290.04860000001,,,,,,,,,,,,,,,,,64650.0,,,,,,63363.3,227500.0,,,,,,,,,,5647146.0,,,,,,,,,1380000.0,,,,,,,16226080.0,,,,,,,19202428.4842,,,,1087564.464,,,,330482.4,,641698.5344,,,,,,1116000.0,,,,,371200.0,,,,,,,4284509.7375,,,187500.0,435472817864868.0,435472817864868.0,7605120.0,,490000.0,1072000.0,371800.0,,8526420.0,6918408.0,,,14800.0,,,,,132235.0,127720.0,,,,,,4118400.0,45001.44,,,,,3109114719113581.0,409450.0,517320.0,,,,,128125.0075,,414002.3649,,5143215.95,,17800385.904,7101519.3003,,,,14411520.000000002,3109114719113581.0,1979802.0,,,,36634500.0,,,,,,,,,,518075.0,334800.0,233999.99999999997,,,216000.0,58653587.86000001,,,,21522494.93,,,,,,565583.03032,,,,1914000.0000000002,,24321000.0,,,,,,,,,,,,,,,37777567000000.0,37777567000000.0,3688977.4952,,2.0230665806686464e+16,,,741740.9999999999,,,,1956940.2,674960.0,2006800.0,616740.0,,,,,,3828838.6440000003,,,613600.0,,,,,2609054.68,,39425000.0,,11216382.0069,,,,,,,,,,,13871252.16,652500.0,,104340.0,,,,3591500.0,,1632800.0,,,,,,25726975.0,,,,490764.16,,612500.0,4259335.431,357041.65,2956800.0,,,165750.0,,,,,6806250.0,,
1995-10-31,,,,,4877100.0,,3195035.235,,876458.0364999999,,415939.92220994364,,,,1419780.0,7634496.8,,,,,14622468.408,,3797275.0,,,1207567.8312499998,,,117180000.0,,1119900.0,,93500.0,924000.0,18000.0,,1329900.0,,565750.0,,,,130500.0,,,,6461402.300000001,,,1638675.0,,,,1743053.0874,121479.955425,116350.0,,,,,,,451500.00010500004,,284500.0,98422.08480000001,,,,,,,,,,,,,,,,,45000.0,,,,,,38539.8,125000.0,,,,,,,,,,1913258.45,,,,,,,,,1365000.0,,,,48422855.496700004,,,2478000.0,,,,,,,13253720.648699999,,,,490067.0064,,,,122887.5,,356346.2957,,,,,,683200.0,,,,,333200.0,,,,,,,3825469.67625,,,1450800.0,423348252638864.75,423348252638864.75,3317910.0,,112000.0,556200.0,43500.0,,3653880.0,6203400.0,,,,,,,,70760.0,25862.5,,,,,,4012080.2,45001.44,,,,,2884824043911120.0,201120.0,215500.0,,,,,227700.02529999998,,785853.87855,,6755444.915,,6347102.507999999,11892178.32015,,,,3174080.0,2884824043911120.0,194828.7,,,,20376200.0,,,,,,,,,,873999.9999999999,7700150.000000001,193800.0,,,745500.0,21978219.78,,,4306.25,18229889.565,,,,,,1088551.1505,,,,1549900.0000000002,,15008676.767450001,,,,,,,,,,,,,,,29845142160000.0,29845142160000.0,1883508.2084,,9273748213528012.0,,,336180.8125,,,,8139881.5,3439660.0,1260396.3,150960.0,,,,,,1392466.146,,,743664.1000000001,,,,,925979.0800000001,,16000000.0,,10664169.587299999,,,,,,,,,,,21901889.7275,1012500.0,,38043.5,,,,571450.0,,5384380.0,,,,,,39521175.0,,,,327424.0,,416000.0,1229051.0459999999,160613.14,1048200.0,,,306000.0,,,,,2318496.84,,
1995-11-30,,,,,1145800.0,,9252500.0,,672912.3132,,127825.0852260344,,,,1736400.0,11123000.0,,,,,12992750.179200001,,1702450.0,,,183073.21749999997,,,63750000.0,,604450.0,,59500.00000000001,705600.0,87750.0,,2318400.0,,465000.0,,,,48787.155000000006,,,,9923480.8,,,4740750.0,,,,1497776.7612,52070.1792,209000.00000000003,,,,,,,449324.99996175,,177840.0,67877.33875,,,,,,,,,,,,,,,,,27000.0,,,,,,23996.999999999996,1039500.0,,,,,,,,,,2453376.25,,,,,,,,,480000.0,,,,1363344.846,,,880000.0,,,,,,,15310501.8252,,,,1083934.3103999998,,,,54001.200000000004,88263576.9288,630644.375,,,,,,46150.0,,,,,200800.0,,,,,,,9997400.025,,,420800.0,500677254420744.0,500677254420744.0,3286944.0,,42500.0,498950.0,23000.0,,4991500.0,7170922.5,,,10000.0,,,,,69640.0,45670.0,,,,,,9958975.0,30000.960000000003,,,,,1463974114662400.0,1240090.0,1087720.0,,,,,49500.0,,310396.60500000004,,7629050.1899999995,,7325043.228,8867362.2615,,,,1829879.9999999998,1463974114662400.0,145922.7,,,,37548700.0,,,,,,2200.0,,,,262200.0,2401500.0,2174400.0,,,324800.0,49197192.1,,,50537.5,20091775.34,,,,,,3968664.1690299995,,,,166250.0,,23730935.4809,,,,,,,,,,,,,,,30666103605540.0,30666103605540.0,2332402.3800000004,,5379484527155200.0,,,319420.4,,,,2980573.0999999996,67860.0,7040793.100000001,205800.0,,,,,,2187924.984,,,517450.0,,,,,1928817.49,,8887500.0,,6460706.600400001,,,,,,,,,,,22321958.4375,150200.0,,45652.5,,,,1445000.0,,438060.0,,,,,,38595375.0,,,,224596.77,,351000.0,9940054.67,136383.675,1491500.0,,,88000.0,,10500.12,,,1319545.3699999999,,
1995-12-31,,,,,1102000.0,,3920961.885,,1728376.4443,,176485.77107912762,,,,1749990.0,11340807.399999999,,,,,38658761.449200004,,896650.0,,,423718.37625,,,90530000.0,,700000.0,,21000.0,364400.0,,,2808950.0,,585000.0,,,,95850.0,,,,16889014.950000003,,,3864999.9999999995,,,,1617702.8035499998,74302.9206,117700.00000000001,,,,,,,491999.99992000003,,283940.0,89389.339,,,,,,,,,,,,,,,,,,,,,,,14977.599999999999,295750.0,5298280.0,,,,,,,,,4864448.675,,,,,,,,,459500.0,,,,2025364.9282499999,,,341600.0,,,,,,,25679954.0525,,,,1097083.4544000002,,,,281606.39999999997,11972111.99535,442320.0,,,,,,2567850.0,,,,,385300.0,,,,,,,6617250.0,,,118999.99999999999,765288626313600.0,765288626313600.0,834848.0,,125999.99999999999,272000.0,57000.0,,5211300.0,9955323.0,,,15000.0,,,,,58021.25,121230.0,,,,,,6161352.1,,,,,,1220685898129405.0,771435.0,757440.0,7987.2,,,,31500.0,,189549.1194,,26616857.919999998,,6722699.139,9556504.419999998,,,,565500.0,1220685898129405.0,104322.9,,,,46920650.0,,,,,,,,,,139750.0,303100.0,233250.0,,,423500.00000000006,68199982.37,,,105043.75,40090400.0,,,,,,2044235.40024,,,,472000.0,,80383583.9345,,,,,,,,,,,,,,,62717312190000.0,62717312190000.0,2378213.4960000003,,4509826158022964.0,,,589084.19375,,,,2771500.0,927990.0,6256050.0,220000.0,,,,,,3971794.668,,,928025.0,,,,,1956556.2375,,35000000.0,,15153176.32015,,,,,,,,,,,14681471.4775,210000.0,,114774.00000000001,,,,2577500.0,,322400.0,,,,,,38977937.5,,,,467144.62,,428500.0,12852694.262,114748.725,1488650.0,,,127500.0,,35000.4,,,3052598.505,,
1996-01-31,,,,,685000.0,,10105472.559999999,,803723.2737999998,,117657.1807194187,,,,2420840.0,14658867.8,,,,,61407451.2528,,5277000.0,,,611880.37875,,,63800000.00000001,,350750.0,,1180700.0,4719500.0,47551.05,,1291800.0,143539034.2,184700.0,,,,109999.20000000001,,,,17341979.2,,,11773125.0,,,,4257678.11365,346564.7445,126500.00000000001,,,,,,,471199.999886,,1009930.0,200697.1105,,,,,,,,,,,,,,,,,,,,,,,32678.399999999998,422500.0,7537715.0,,,,,,,,,5405193.5,,,,,,,,,110000.00000000001,,,,2541589.1147,,,789550.0,,,,,,,62006964.985,,,,1699218.1944,,,,676148.7,12076480.46475,2305493.6374,,,,,,649550.0,,,,,333500.0,,,,,,,8045090.268749999,,,420000.0,1102763592967696.0,1102763592967696.0,2421066.0,,178500.0,210000.0,76000.0,,7887680.0,22128309.0,,,,,,,,233480.0,73071.25,,,,,,11498431.8,38996.1,,,,,3231015467956675.0,1695170.0,1476865.0,42432.0,,,,49500.0,,140798.5749,,58924451.42,,9630453.177,19003007.126199998,,,,1169200.0,3231015467956675.0,,,,,49580600.0,,,,,,,,,,194350.0,98000.0,70500.0,,,339600.0,223328685.54000002,,,4138750.0,38584301.56,,,,,,935888.6328,,,,210000.0,,161489578.60095,,,,,,,,,,,,,,,171626550030000.0,171626550030000.0,3860497.245,,8154055140435226.0,,,935664.925,,,,5891900.0,348450.0,6561764.050000001,224200.0,,,,,,2220110.9639999997,,,491350.0,,,,,6104631.6525,,24000000.0,,19601438.155249998,,,,,,,,,,,28634807.109800003,221000.0,,62604.00000000001,,,,3380350.0,,244400.0,,,,,,38512725.0,,,,697741.53,,318000.0,32188957.734500002,103498.84999999999,1288700.0,,,66750.0,,,,,4773121.32,,
1996-02-29,,,,,663000.0,,6324900.0,,392467.9568,,352971.54215825524,,,,7463640.0,10987065.5,,,,,43346011.0752,,3507350.0,,,670467.2725,,,47300000.00000001,,215000.0,,145250.0,1140000.0,35750.4,,806400.0,16419223.600000001,435000.0,,,,34374.75,,,,7104617.4,,,3297825.0,,,,1978211.6773,111100.6704,189200.0,,,,,,,4342039.9991078,,864800.0,377457.6043,,,,,,,,,,,,,,,,,52250.0,,,,,,14616.8,637250.0,9603135.0,,,,,,,,,10577628.65,,,,,,,,,44176800.0,,,,5622381.2248,,,1693600.0,,,,,,,35630848.8844,,,,1959995.5200000003,,,,573343.6000000001,19772380.4499,1681176.385,,,,,,1863550.0,,,,,1904400.0,,,,,,,6102643.59,,,110200.0,1169953838052076.8,1169953838052076.8,3087932.0,,352000.0,135200.0,42050.0,,8421120.0,21473361.0,,,60000.0,,,,,641400.0,356141.25,,,,,,14904595.200000001,35996.4,,,,,1239823623294259.2,2298000.0,894000.0,35107.8,,,,16700.0,,52151.597550000006,,21225513.6,,4491948.906,11536633.452,,,,1890599.9999999998,1239823623294259.2,,,,,19199850.0,,,,,,,,,,112337.5,365400.0,103350.0,,,55000.00000000001,63749438.42,,,1523812.5,40489955.730000004,,,,,,1107680.1978,,,,500000.0,,96685272.1688,,,,,,,,,,,,,,,71255769750000.0,71255769750000.0,3536001.6999999997,,8958999577113292.0,,,1143829.7,,,,15880000.0,567720.0,9791482.6,585900.0,,,,,,1528284.288,,,628300.0,,,,,5526758.55,,27500000.0,,11519201.5085,,,,,,,,,,,21094341.4054,826000.0,,50868.0,,,,7558200.0,,50000.0,,,,,,54562900.0,,,,754983.02,,186000.0,27777228.248,912411.1499999999,1414400.0,,,183750.0,,,,,3662960.4,,
1996-03-31,,,,,2724600.0,,5400260.53,,665537.445,,661059.0487087322,,,,18769800.0,4660000.0,,,,,41926105.5696,,6768450.0,,,989637.74,,,70995000.0,,312000.0,,100000.0,2914000.0,69000.0,,426450.0,4311940.1,2498100.0,,,,35437.350000000006,,,,14499357.6,,,2143012.5,,,,2502663.8415,136603.1946,834600.0,,,,,,,2952599.999778,,377420.0,612786.5284,,,,,,,,,,,,,,,,,30000.0,,,,,,23946.0,87000.0,4048960.0,,,,,,,,,6646555.0,,,,,,,,,24664200.000000004,,,,1628003.8755,,,889200.0,,,,,,,31824514.639200002,,,,1243437.7392000002,,,,155984.4,4315131.4635,917320.4136000001,,,,,,505575.0,,,,,807300.0,,,,,,,3176272.6874999995,,,324900.0,1327998257472320.0,1327998257472320.0,1411488.0,,221250.0,691600.0,49350.0,,5975160.0,11543490.0,,,16500.0,,,,,497184.375,169880.0,,,,,,5587200.0,34999.8,,,,,1708032317207040.0,828750.0000000001,698560.0,32206.2,,,,10300.0,,87998.9614,,71660943.36,,2162654.784,5965082.0118,,,,1144440.0,1708032317207040.0,,,,,14296500.0,,,,,,23026.3,,,,505999.99999999994,1807100.0000000002,1278000.0,,,520000.0,44666547.36,,,1778143.75,15958750.0,,,,,,673620.2616,,,,473000.00000000006,,52100243.4328,,,,,,,,,,,,,,,133227561920000.02,133227561920000.02,2187018.1176,,2.85201607656448e+16,,,1322882.6,,,,7974000.0,530655.0,5360894.3,481900.0,,,,,,3889557.432,,,1190700.0,,,,,10420916.82,,10000000.0,,5004990.9081,,,,,,,,,,,24904953.4375,2485500.0,,48696.0,,,,1940000.0,,113250.0,,,,,,30758700.0,,,,608053.76,,366000.0,14285639.5605,5942008.485,819649.9999999999,,,340000.0,,,,,4531821.58,,1168000.0
1996-04-30,,,,,984650.0,,22142784.240000002,,1418846.4973999998,,674713.091903331,,,,12084910.0,12912598.05,,,,,66728243.448,,54600400.0,,,2817368.1125,,,27000000.0,,191440.0,,57000.0,460200.0,21999.6,,367200.0,5751208.800000001,306000.0,,,,63699.51,,,,19613382.049999997,,,10805950.0,,,,3510666.24625,64516.599,1506050.0,,,,,,,2985519.9995544,,570560.0,131355.5855,,,,,,,,,,,,,,,,,291100.0,,,,,,6256.15,178125.0,4367651.25,,,,,,,,,23793056.900000002,,,,,,,,,7652980.0,,,,9033626.7506,,,2552750.0,,,,,,,54416742.7182,,,,3573557.7408,,,,30888.0,41387386.69845,784316.2339999999,,,,,,24205200.0,,,,,1403600.0,,,,,,,6806244.3075,,,95400.0,1157020744533612.8,1157020744533612.8,2766336.0,,210750.0,1218750.0,29250.0,,5545880.0,10376110.5,,,6000.0,,,,,533692.5,688850.0,,,,,,8791154.35,46250.16,,,,,1740170382919030.5,646230.0,436485.0,23150.4,,,,14400.0,,111999.11970000001,,66422105.715,,26343688.670999996,10167410.757600002,,,,1139680.0,1740170382919030.5,,,,,14546350.0,,,,,,,,,,583225.0,661450.0,441050.0,,,122900.0,12078122.0,,,472656.25,18713280.814999998,,,,,,10773083.114750002,,,,500000.0,,69552744.1348,,,,,,,,,,,,,,,1495432700314809.5,1495432700314809.5,7637649.3754,,1.7766986357418444e+16,,,2126523.9124999996,,,,17992687.5,1627850.0,18656524.2,509250.0,,,,,,16099632.48,,,1633280.0,,,,,9768571.27,,16862500.0,,13916144.018400002,,,,,,,,,,,24983595.57395,3602400.0,,200008.0,,,,4132975.0,,351500.0,,,,,,37336800.0,,,,2399683.2800000003,,930500.0,21109661.291500002,2285677.785,1987300.0,,,589500.0,,,,,12833821.935,,45000.0
1996-05-31,,,,,797250.0,,15479100.0,,3241197.922,,1721876.525884022,,,,30308780.0,12326563.2,,,,,30001134.78,,42464000.0,,,1003862.2825,,,127660000.0,,278090.0,,55250.00000000001,364000.00000000006,60750.0,,208000.0,3855363.5999999996,1784100.0,,,,21800.085,,,,113019600.0,,,16887375.0,,,,1721679.4248,55138.35405,942050.0,,,,,,,11346659.9973144,,740520.0,948534.5961,,,,,,,,,,,,,,,,,63792049.99999999,,,,,,,368000.0,2175262.5,,,,,,,,,18003882.75,,,,,,,,,4596900.0,,,,30125062.3676,,,4550400.0,,,,,,,40585585.5261,,,,7797982.176000001,,,,1211706.8,50340855.941999994,6160146.872,,,,,,14001150.0,,,,,2834450.0000000005,,,,,,,7310939.985,,,217800.0,1709667436208563.0,1709667436208563.0,1215900.0,,202500.0,77700.0,58800.0,,5717880.0,10398150.0,,,12000.0,,,,,100732.5,65786.875,,,,,,29094188.1,,,,,,939123829427788.8,201400.0,381250.0,245973.0,,,,40300.0,,157499.98679999998,,46373452.23,,7202222.694,16414763.8353,,,76120.0,757590.0,939123829427788.8,,,,,23202400.0,,,,,,,,,,368100.0,3450500.0,1833450.0000000002,,,49600.0,11497617.530000001,,,775075.0,30074879.7,,,,,,4810317.209279999,,,,1001000.0000000001,,89669994.876,,,,,,,,,,,,,,,2513266089984000.0,2513266089984000.0,3068078.3084,,2.4217549805213388e+16,,,1150288.75,,,,6847750.0,2043139.9999999998,21228839.4,779000.0,,,,,,15634079.891999999,,,967279.9999999999,,,,,5715030.800000001,,6600000.0,,11700283.5725,,,,,,,,,,,19859202.048,1920000.0,,44346.0,,,,2259950.0,,504400.0,,,,,,42262500.0,,,,5155305.48,,500000.0,32184532.73,1391609.94,1429900.0,,,680000.0,,,,,21936620.2,,112700.0
1996-06-30,,,,,1371600.0,,9796500.0,,2738731.212,,6450518.618997444,,,,31633980.000000004,6546062.2,,,,,45073120.1184,,22679600.0,,,4292386.1975,,,745600000.0,,162480.0,,121250.0,819000.0,3999.8999999999996,,378000.0,3040374.8000000003,1847050.0,,,,38000.4,,,,59561609.35,,,11337700.0,,,,3907653.1,187601.9571,1410000.0,,,,,,,11171790.0027756,,978700.0,134151.017,,,,,,,,,,,,,,,,,12383675.0,,,,,,967.0999999999999,420000.0,3338062.5,,,,,,,,,15688553.4,,,,895060907.7696,,,,,19760760.0,,,,14286256.879999999,,,2540000.0,,,,,,,32893636.20055,,,,4025589.1199999996,,,,1834538.0,41925619.5696,3191447.52,,,,,,3580200.0,,,,,2915400.0,93650250.0,,,,,,3960647.3474999997,,,149800.0,2161021162311180.8,2161021162311180.8,1174784.0,,2065500.0,378000.0,110000.0,,4638440.0,7142099.999999999,,,4312000.0,,,,,298416.25,57175.0,,,,,,5991749.399999999,100551.0,,,,,1766928399332620.8,735630.0,768770.0,289933.8,,,,37700.0,,155249.34715,,35672521.18,,14164228.782000002,4967184.4002,,,268000.0,814960.0,1766928399332620.8,,,,,13158450.0,,,,,,,,,,1607375.0,1384800.0,1006200.0,,,350000.0,13615336.64,,,291156.25,42012250.0,,,,,,7946002.603,,,,4946400.0,,80403741.04360001,,,,,,,,,,,,,,,2475762791423501.0,2475762791423501.0,1249812.05165,,4.867767158510592e+16,,,1276050.75,,,,5450000.0,406750.0,14484600.0,1190400.0,,,,,,10298915.4,,,353340.0,,,,,4759510.98,,9900000.0,,7207195.4404,,,,,,,,,,,33342600.0,1038000.0,,918240.0,,,,2998800.0,,931770.0,,,,,,58248250.0,,,,3458331.2,,591500.0,9773974.66,39860030.400000006,771650.0,,,657000.0,,,,,15376477.05,,66500.0
1996-07-31,,,,,802750.0,,4532600.0,,737846.1334,,1523675.0158943324,,,,17989160.0,5539678.3,,,,,49420873.062,,9881550.0,,,1258608.4475,,,188700000.0,,492400.0,,228750.0,193000.00000000003,1105200.0,,1039500.0,1415823.6,1932000.0,,,,99999.0,,,,67943357.75,,,6777625.0,,,,2949554.1076,327269.81355,565200.0,,,,,,,11316219.998117648,,454760.0,397166.6008,,,,,,,,,,1379115.8,,,,,,,7912100.0,,,,,,42209.6,1544000.0,2093468.75,,,,,,,,,9574968.55,,,,106527011.87834999,,,,,4602070.0,,,,11445958.8245,,,320850.0,,,,,,,73840315.551,,,,2488878.4464,,,,161785.65000000002,13638157.2639,3410894.3182500005,,,,,,7482375.0,,,,,1826475.0,18559100.0,,,,,,4711039.66125,,,271200.0,1681400596290057.5,1681400596290057.5,1724364.0,,1351800.0,1071000.0,911800.0,,4124400.0,7487954.25,,,40000.0,,,,,163836.875,81263.75,,,,,,4899254.9,222007.10400000002,,,4503450.0,,2089424276629990.5,652945.0,308200.0,796224.0,,,,113400.0,,84525.42629999999,,38583581.62,,17686743.066,8178803.3733,,,72000.0,618750.0,2089424276629990.5,,,,,8574800.0,,,,,,24466.0,,,,1860000.0,1006499.9999999999,435600.0,,,1472500.0,11667717.21,,,521812.5,33430119.84,,,,,,1746250.2514600002,,,,2019700.0,,81588162.76245001,,,,,,,,,,,,,,,2519944771276800.0,2519944771276800.0,2251759.3625,,3.0076329492116276e+16,,,1334297.25,,,,8058050.0,1276140.0,7837748.65,13798000.0,,,,,,2670186.222,,,287570.0,,,,,2275620.0,,2875000.0,,7167367.699750001,,,,,,,,,,,32335952.128,676000.0,,480010.00000000006,,,,2145340.0,,1560700.0,,,,,,38352825.0,,,,4907235.965,,409250.0,9593203.308,11835475.125,1029525.0,,,372000.0,,,,,24550909.240000002,,469760.0
1996-08-31,,,,,183600.0,,1709550.0,,830761.9481500001,,1306619.305833808,,,,8552960.0,8229492.699999999,,,,,36747780.926400006,,5804150.0,,,501713.39749999996,,,550620000.0,,2628000.0,,28500.0,99000.0,109998.9,,161000.0,2550000.0,1149500.0,,,,59999.4,,,,38117113.4,,,5213800.0,,,,886299.8242500001,341987.05799999996,250000.0,,,,,,,2425140.0004490996,,651780.0,444250.90555,,,,,,,,,,937622.4,,,,,,,3880275.0,,,,,,15748.2,95125.0,3355906.25,,,,,,,,,7131013.475000001,,,,31467988.499849997,,,,,6881020.0,,,,5424912.9066,,,208050.0,,,,,,,52903266.8211,,,,1776838.9392,,,,85780.5,12387781.5984,1770315.18125,,,,,,4368650.0,,,,,1576750.0,10896900.0,,,,,,1085913.3599999999,,,21000.0,1037842649213934.5,1037842649213934.5,1162500.0,,361000.0,461999.99999999994,612900.0,,3434280.0,8864478.0,,,19250.0,,,,,111633.75,85140.0,,,,,,4123690.6999999997,187207.02,,,5107000.0,,494831271040000.0,261135.0,303780.0,,,,,57500.0,,104998.9863,,54110277.08499999,,9116591.121,5000350.78335,,,,265200.0,494831271040000.0,,,,,7345700.0,,,,,,19863.6,,,,462687.5,146300.0,139300.0,,,160000.0,6588068.32,,,474000.0,16434905.99,,,,,,805329.4513000001,,,,1243550.0,,34647860.145,,,,,,,,,,,,,,,2410060549376000.0,2410060549376000.0,1067849.76375,,1.214342772797326e+16,,,329634.33749999997,,,,8287500.0,1014700.0,5158691.0,1837190.0,,11156832.0,,,,3873552.378,,,236520.0,,,,,754023.03,,5500000.0,,6537450.089199999,,,,,,,,,,,15029250.048,443400.0,,52175.0,,,,1181120.0,,2565930.0,,,,,,24586137.5,,,,971491.585,,204000.0,6543610.9059999995,6208901.32925,600000.0,,,105000.0,,,,,12702274.64,,775000.0
1996-09-30,,,,,929900.0,,2871000.0,,3203571.2464,,637106.3708067173,,,,11552200.000000002,6182400.0,,,,,53933763.276,,8785100.0,,,839352.09,,,9633219891.199999,,2365500.0,,39250.0,1680500.0,232449.75,,73875.0,614400.0,700000.0,,,,64549.35,,,,86161538.39999999,,,1609300.0,,,,881419.0003000001,96871.12049999999,171000.0,,,,,,,2937060.0005439,,601960.0,97004.68854999999,,,,,,,,,,1769091.0,,,,,,,3822300.0000000005,,,,,,23629.05,154000.0,1188720.0,,,,,,,,,3461447.3,,,,36308147.459199995,,,97854000.0,,5839079.999999999,,,,3279817.9124999996,,,473100.0,,,,,,,48940796.5794,,,,1197000.0,,,,143064.2,16856958.8187,668684.2928,,,,,,2400000.0,,,,,575100.0,8463900.0,,,,,,2101803.39,,,22500.0,1354152668150374.2,1354152668150374.2,1568496.0,,627000.0,196000.0,58900.0,,3264720.0,5667070.5,,,8250.0,,,,,655476.25,97693.75,,,,,,2430499.9,43400.28,,,1712049.9999999998,,2292141676128697.5,402050.0,359310.0,5491.2,,,,120000.0,,210698.0706,,38549130.9,,11277235.799999999,6295329.0708,,,,744600.0,2292141676128697.5,,,,,13032600.0,,,,,,13058.0,,,,900800.0,185000.0,200000.0,,,166500.0,7339574.5600000005,,,471071.875,21362791.700000003,,,,,,937399.5356,,,,37067400.0,,71855122.2534,,,,,,,,,,,,,,,1555034456166400.0,1555034456166400.0,1754997.75,,4.706954485254697e+16,,,733518.0125,,,,5876300.0,255680.00000000003,5576000.0,1822740.0,,3290805.0,,,,3762316.224,,,121600.0,,39612000.0,,,2445224.7600000002,,15950000.0,,4633180.3012,,,,,,,,,,,16120000.0,333000.0,,124345.0,,,,267500.0,,1779400.0,,,,,,45332775.0,,,,1232283.78,,1377000.0,2094817.8854999999,17285650.0,529000.0,,,598500.0,,,,,8490042.44,,798660.0
1996-10-31,,,,,1054000.0,,2565000.0,,3877772.3244000003,,459705.4883219942,,,,9129200.0,9363000.0,,,,,113754089.016,,5118000.0,,,706117.6024999999,,,10089159526.4,,5133600.0,,61500.0,1446400.0,396000.0,,76000.0,347500.0,359850.0,,,,49999.5,,,,75186037.3,,,2797200.0,,,,7479197.2697,49282.81875,468000.0,,,,,,,11629060.0020166,,202920.0,28183.5788,,,,,,,,,,448820.0,,,,,,,3045750.0,,,,,,24602.0,68750.0,1948500.0,,,,,,,,,9293533.4,,,,14576005.6738,,,25239280.0,,2533440.0000000005,,,,5368996.3678,,,560000.0,,,,,,,51478988.327999994,,,,844237.7856000001,,,,14069200.0,45551256.660000004,517566.071,,,,,,19239000.0,,,,,732425.0,9417000.0,,,,,,2710544.1075000004,,,12000.0,1811133622960000.0,1811133622960000.0,1410080.0,,4731600.0,266000.0,356500.0,,2585700.0,7963956.0,,,20000.0,,,,,1588221.25,2155497.5,,,,,,8750596.4,72996.0,,,1501500.0,,1740838857090182.2,423300.00000000006,799514.9999999999,913068.0,,,,74750.0,,49400.8983,,43682143.12,,16519775.760000002,7300792.624299999,,,,818400.0,1740838857090182.2,,,,,5902000.0,,,,,,2666.6,,,,645500.0,120000.0,100000.0,,,133000.0,4395644.4,,,1317368.75,25168392.900000002,,,,,,1834547.6952,,,,11332200.0,,58962170.9502,,,,,,,,,,,,,,,666069616108800.0,666069616108800.0,3218977.5216,,3.100973592071168e+16,,,1953220.75,,,,2335000.0,357420.0,5312460.3,13152680.0,,734452.0,,,,3695015.88,,,210840.0,,13106500.0,,,1656149.04,,18000000.0,,16003412.327499999,,,,,,,,,,,37839200.0,552500.0,,127608.75,,,,328820.0,,178872960.0,,,,,,39310800.0,,,,1252408.04,,1111000.0,8682014.469999999,9984149.35,689080.0,,,187000.0,,,,,6123150.0,,2167550.0
1996-11-30,,,,,2180000.0,,2134875.0,,3431890.7914000005,,259208.93702938542,,,,5346840.0,4503825.0,,,,,56312360.892,9320291923886080.0,6639840.0,9320291923886080.0,,706884.1,,,5321940000.0,,12425380.0,,203250.0,992000.0,9305149.844999999,,277700.0,15465350.0,723800.0,,,,49999.5,,,,36268528.75,,,3029400.0,,,,78664956.6196,2782693.2375,608000.0,,,,,,,23733459.999306202,,800230.0,102692.0128,,,,,,,,,,235701.5,,,,,,,11400450.0,,,,,,55616.5,140000.0,1902337.5,,,,,,,,,8866352.975,,,,18602620.666500002,,,5848140.0,,3604970.0000000005,,,,3689492.6964999996,,,473700.0,,,4649079448000.0,4649079448000.0,,,30733595.35525,,,,1122758.0208,,,,6290266.75,74395180.14435,245418.66000000003,,,,,,15412250.0,,,,,3321200.0,7392300.0,,,,,,6367944.63375,,,408000.0,2148111483593976.0,2148111483593976.0,1599148.0,,1860600.0,4606000.0,90000.0,,2701075.0,5899183.5,,,384200.0,,,,,3525741.875,1860310.625,,,,,,4713194.1,178489.08000000002,,,917850.0,,9012474275631360.0,1379255.0,538200.0,2432133.5999999996,,,,33124.9975,,50402.028600000005,,41019226.075,,8315750.141999999,7990089.3425,,,,167691980.0,9012474275631360.0,,,,,24548300.0,,,,,,7999.8,,,,1475700.0,130000.0,115000.0,,,1393000.0,237262.5,,,1616531.25,24389514.7,,,,,,1042319.73912,,,,7926250.0,,59583865.7179,,,,,,,,,,,,,,,437280755065280.0,437280755065280.0,1254811.3462,,3.1336169152911924e+16,,,1506326.575,,,,3472600.0,459740.0,2673000.0,158618200.0,,792379.3,,,,2376941.148,,,1094870.0,,8983750.0,,,5162504.445,,5100000.0,,18608250.2162,,,,,,,,,,,35185348.992,592800.0,,317224.0,,,,1932860.0,,17565500.0,,,,,,33837100.0,,,,1045649.0650000001,,15215000.544,6840289.268749999,7186686.6625,794585.0,,,405000.0,,,,,7602938.585,,1927800.0
1996-12-31,,,,,262200.0,,6700400.0,,4681613.2977,,297934.12762172724,,,,2307200.0,7014550.0,,,,,48834273.51360001,5277711578408960.0,10761300.0,5277711578408960.0,,666538.7999999999,,,967510000.0,,2028000.0,,23000.0,773500.0,2160419.64,,156000.0,6909900.000000001,588000.0,,,,19999.8,,,,40505265.599999994,,,3938600.0,,,,30202363.367999997,369915.46875,494000.0,,,,,,,9219929.9994791,,580320.0,73880.7646,,,,,,,,,,237877.5,,,,,,,11558700.0,,,,,,18706.8,195750.0,1919750.0,,,,,,,,,4190103.9,,,,7899334.569800001,,,14241319.999999998,,7635100.0,,,,7855971.5361,,,806400.0,,,6802922137300.0,6802922137300.0,,,32382296.107200004,,,,2200278.6864,,,,4525544.0,21012401.0304,1188917.064,,,,,,30511800.0,,,,,1032500.0,4611000.0,,,,,,14190160.567499999,,,290000.0,1586024788791660.8,1586024788791660.8,1137136.0,,838800.0,2280000.0,81000.0,,4508400.0,4285050.0,,,58000.0,,,,,16746131.25,11209832.5,,,,,,7146647.7,163801.44,,,385950.00000000006,,2976957761582841.5,488425.0,420000.0,550368.0,,,,1264425.0,,46451.4939,,46214783.76,,3399472.8,24950068.5504,,,,9273880.0,2976957761582841.5,,,,,9787500.0,,,,,,18000.0,,,,990462.5,370000.0,110000.0,,,360000.0,356649.66000000003,,,1193750.0,19464757.2,,,,,,2376474.8359,,,,2638400.0,,33366345.7283,,,,,,,,,,,,,,,617901894823680.0,617901894823680.0,4340694.4350000005,,1.64956691089408e+16,,,1067095.575,,,,1669500.0,989570.0,2517461.25,86919360.0,,600776.0,,,,5347948.032,,,519480.0,,10070000.0,,,5795875.8,,18200000.0,,56524541.98639999,,,,,,,,,,,30192000.000000004,79200.0,,192653.25,,,,687360.0,,11528880.0,,,,,,48153000.0,,,,427408.61999999994,,1485000.0,9182218.815,7377250.0,1752300.0,,,202500.0,,,,,3820038.1999999997,,780000.0
1997-01-31,,,,,10332000.0,,7556500.0,,3112272.51675,,2226059.3336335276,,,,4041390.0,9027450.0,,,,,41698036.5912,1.810423501318656e+16,12350400.000000002,1.810423501318656e+16,,2318241.5700000003,,,1157235000.0,,2679890.0,,459250.0,1293500.0,4441943.88,,416000.0,4313750.0,680000.0,,,,69999.3,,,,119174925.60000001,,,3160500.0,38616669.5461,,,31368016.125,106206.52500000001,679250.0,,,,,,,5090429.99983485,,1006080.0,254086.75725,,,,,,,,,,201408.0,,,,,,,9876110.0,,,,,,2888353.585,338000.0,1468986.25,,,,,,,,,2692279.35,,,,27728210.32075,,,23469970.0,,2546100.0,,,,8508848.8044,,,399400.0,,,14015495664939.398,14015495664939.398,,,26091369.7984,,,,1814398.7256,,,,3395096.0,14002307.695349999,2600347.0464000003,,,,,,12028450.0,,,,,1481700.0,22900937.5,,,,,,11778010.30125,,,3952000.0,4587095386312800.0,4587095386312800.0,1883168.0,,2004000.0,9807500.0,639250.0,,4669000.0,7098882.0,,,48600.0,,,,,3174973.75,2045505.0,,,,,,19852483.58,813967.4400000001,,,470400.0,,4345400537501779.0,1191280.0,342210.0,330720.0,,,,4959000.0,,79998.7426,,64744916.32,,3484675.8,11191901.9507,,,,2775600.0,4345400537501779.0,,,,,3093700.0,,,,,,9000.0,,,,1413125.0,142500.0,50000.0,,,5649900.0,242480.25,,,1436843.75,41337875.0,,,,,,4003644.5757,,,,91370300.0,,61459516.0084,,,,,,,,,,,,,,,464063753395360.0,464063753395360.0,3002912.17575,,5.639414818057892e+16,,,950215.5,,,,4720150.0,2944340.0,4857600.0,8058080.0,,639960.3,,,,13065790.8,,,1417480.0,,26194400.0,,,9929331.265,,11400000.0,,19833925.164399996,,,,,,,,,,,34681600.0,1188200.0,,5295690.0,,,,2483190.0,,16831650.0,,,,,,61309100.0,,,,3240266.54,,3157750.0,12980271.63375,6861664.75,1926350.0,,,1107000.0,,,,,3875850.0,,865200.0
1997-02-28,,,,,13455050.0,,8974350.0,,5694623.0209,,3677033.832305555,,,,3508710.0000000005,9427050.0,,,,,62367702.256799996,3.134728584173568e+16,7522900.0,3.134728584173568e+16,,2052729.97625,,,1639109947.1999998,,23457090.0,,2083450.0,7811000.0,5576871.93,,641300.0,16610100.0,1273125.0,,,,139998.6,,,,49545292.65,,,2657400.0,12093781.59,,,40509473.47455,215607.31874999998,5104800.0,,,,,,,11269659.99940055,,3790710.0,68268.3378,,,,,,,,,,396102.39999999997,,,,,,,30726675.0,,,,,,5588351.324999999,750000.0,1228565.0,,,,,,,,,5794665.15,,,,28455912.8841,,,18734240.0,,6116000.0,,,,8972334.1064,,,1776100.0,,,10150192753218.5,10150192753218.5,,,34676849.103,,,,3731021.0352,,,,2162160.0,16712960.208749998,810400.0,,,,,,5482100.0,,,,,900000.0,7333375.0,,,,,,13181866.29,,,2521000.0,8625071055152818.0,8625071055152818.0,1594020.0,,7252000.0,4307600.0,1141000.0,,5699375.0,8515563.0,,,38450.0,,,,,34507354.724,15843696.75,,,,,,10334690.4,1965407.796,,,251625.0,,5.0544560518664296e+16,6308370.0,1040160.0,1562589.6,,,,6859099.7823,,81899.73400000001,,44881164.16,,5008671.720000001,6251832.89,,,313400.0,1202740.0,5.0544560518664296e+16,247722.75,,,,3549000.0,,4931663.15,,,,15000.0,,,,997350.0,944400.0,193050.0,,,23648500.0,343131.75,,,288093.75,41318791.019999996,,,,,,1341897.0180000002,,,,88319800.1,,46649881.819900006,,,,,,,,,,,,,,,406588223143040.0,406588223143040.0,3610176.0,,9.389439244725034e+16,,,1472434.275,,,,4287600.0,1655320.0,3800019.0,9579900.0,,617688.0,,,,7052487.18,,,1281300.0,,28835650.0,,,13568356.535,,166700.0,,22104248.785800003,,,,,,,,,,,28841551.264,2469750.0,,4206950.0,,,,768240.0,3326000000.0,61653425.0,,,,,,27732950.0,,,,3023702.45,,102324203.52,10626463.91,6795350.0,1123725.0,,,15189600.0,,1090008.72,,,4584510.6450000005,,393900.0
1997-03-31,,,,,16573500.0,,6275200.0,,1822045.6146,,1365404.3194599205,,,,4525200.0,5376850.0,,,,,45817196.1408,1.534263788220672e+16,4963500.0,1.534263788220672e+16,,68788152.52319999,,,1493250000.0,,8083720.0,,1207000.0,5472000.0,4088129.9399999995,,730800.0,19899800.0,5183750.0,,,,180397.95,,,,35035283.4,,,1680350.0,7543867.9799999995,,,23770881.321599998,109203.1698,1028500.0000000001,,,,,,,5435819.9989236,,790720.0,292888.62,,,,,,,,,,185834.7,,,,,,,7330750.0,,,,,,12316501.68,467125.0,2782620.0,,,,,,,,,3291157.5,,,,12241940.9376,,,17950680.0,,2322000.0,,,,1817392.7296,,,1646100.0,,,7853035809000.0,7853035809000.0,,,15637476.196299998,,,,1708100.9424,,,,1947344.2,24461181.7983,1176980.0,,,,,,3653650.0,,,,,1027950.0,4720325.0,,,,,,18453516.12,,,955500.0,5442676734038298.0,5442676734038298.0,428608.0,,732000.0,3360000.0,530250.0,,1539200.0,6883222.5,,,481250.0,,,,,28933279.999999996,28603260.0,,,,,,3037267.2,2138271.696,,,1459599.9999999998,,2.0933997681982692e+16,3909930.0,585200.0,3211260.0,,,,9076200.0,,41451.357149999996,,67462618.77000001,,3265396.02,5488575.3264,,,88000.0,570860.0,2.0933997681982692e+16,157905.0,,,,9063000.0,,1194700.0,,,,7666.500000000001,,,,324800.0,143000.0,81400.0,,,12928500.0,409113.0,,,664625.0,27957125.0,,,,,,1462001.3760000002,,,,62451000.0,,38108348.6805,,,,,,,,,,,,,,,214986176228209.6,214986176228209.6,1915673.8258,,4.564560792841472e+16,,,1196148.2,,,,694450.0,1820220.0,2626169.95,6168360.0,,350670.0,,,,5808398.448,,,1337500.0,,34486200.0,,,47616648.525599994,,1165500.0,,14675022.6629,,,,,,,,,,,25509097.472,455000.0,,1105600.0,,,,1008000.0,951060000.0,27494700.0,,,,,,25964700.0,,,,1070751.0799999998,,43470103.04,5147978.22,7362300.0,878700.0,,,2592000.0,,288000.0,30045400.0,,3030253.38,,664650.0
1997-04-30,,,,,4112800.0,,8618425.0,,1508063.10855,,416397.4779127415,,,,7339300.0,3075820.0,,,,,87902452.80000001,6228338851397120.0,4276000.0,6228338851397120.0,,6661320.29,,,528000000.0,,4201560.0,,394900.0,1730600.0000000002,1215771.69,,193500.0,5070650.0,1751250.0,,,,51600.6,,,,62184457.099999994,,1401600.0,2871150.0,2479584.36,,,21698006.4555,151280.775,891500.0,,,,,,,4117999.9995794,,511420.0,613024.8375,,,,,,,,,,334751.5,,,,,,,1186560.0,,,,,,4143210.9,228000.0,2076847.5,,,,,,,,,3309210.1,,,,79533469.364,,,2352000.0,,1036000.0,,,,5264962.7764,,,1279800.0,,,8213341186650.0,8213341186650.0,,,42461345.8026,,,,1596002.6879999998,,,,2395322.1,13105510.001999998,440600.0,,,,,,12166575.0,,,,,744600.0,3981200.0,,,,,,15360074.325,,,150400.0,1937176231885411.2,1937176231885411.2,569344.0,,931400.0,1160000.0,211850.0,,1257800.0,7513611.0,,,331475.0,,,,,6462302.5,9480310.0,,,,,,6627513.2,243594.78,,,690000.0,,1.2221928786179878e+16,1470500.0,246500.00000000003,299847.6,,,,3733250.0,,695370.3521499999,,84257505.72,,17149003.56,7600694.3160500005,,,29000.0,200640.0,1.2221928786179878e+16,49995.0,,,,2765400.0,,484675.2,,,,2733.4,,,,117650.0,95000.0,72000.0,,,6713375.0,321572.25,,,221875.0,35347380.18000001,,,,,,430125.234,,,,13610350.0,,57006543.0,,,,,,,,,,,,,,,428967736324000.0,428967736324000.0,2118290.1517000003,,1.8622402126177304e+16,,,1026723.18125,,,,821950.0,1310260.0,3526319.7,1880460.0,,32120.0,,,,9714242.406,,,727560.0,,19506500.0,,,19012264.485,,385112.5,,28338521.413050003,,,,,,,,,,,36529948.8,276000.0,,534600.0,,,,208440.0,218045000.0,9057600.0,,,,,,35043437.5,,,,3002390.5600000005,,38176700.607999995,8971132.635,2974710.75,325000.0,,,1127450.0,,27799.92,5273750.0,,903592.47,,113400.00000000001
1997-05-31,,,,,3713600.0000000005,,4581500.0,,667577.6681,,170820.79571115552,,,,1835399.9999999998,3292600.0,,,,,60473358.5612,5557779915509760.0,2475000.0,5557779915509760.0,,3190099.0,,,13250640.0,,1274000.0,,225000.0,722800.0,740404.35,,92000.0,3292800.0000000005,1248125.0,,,,,,,,58541788.800000004,,1003300.0,1309100.0,573711.27,,,73029373.54619999,262354.01550000004,481000.0,,,,,,,3555200.0011110003,,581440.0,1421098.5378999999,,,,,,,,,,321610.0,,,,,,,703100.0,,,,,,2000559.8,26250.0,1740500.0,,,,,,,,,9406760.45,,,,61746435.3644,,,2077600.0,,469199.99999999994,,,,3780043.2810000004,,,1372400.0,,,4885973913600.0,4885973913600.0,,,47206432.231800005,,,,1244063.268,,,,1041675.0,10964725.200000001,93280.0,,,,,,10335000.0,,,,,462000.0,7712800.0,,,,,,12577562.8875,,,436000.0,2115722650107270.2,2115722650107270.2,1046016.0,,351000.0,1485000.0,160000.0,,1896000.0,7512361.5,,,57000.0,,,,,3765125.0,4373292.5,,,,,,7104396.4,66751.74,,,800000.0,,7184482301568000.0,567180.0,130150.0,378892.8,,,,1522800.0,,518948.2037,,81298799.52,,10454032.08,8018299.291199999,,,57000.0,1054060.0,7184482301568000.0,111631.575,,,,2172800.0,,369600.0,,,,,,,,230000.0,99000.0,63000.0,,,3352800.0,201271.5,,,195625.0,61484443.0,,,,9967110.0,,832000.598,,,,9045700.0,,44260020.0,,,,,,,,,,,,,,,129161997536000.02,129161997536000.02,6600622.503199999,,1.6665056825610242e+16,,,225277.0,,,,747000.0,335160.0,1038006.0,1593000.0,,36750.0,,,,8347135.103999999,,,194880.0,,18999500.0,,,914275.875,,117000.0,,9935806.342,,,,,,,,,,,33777102.335999995,75000.0,,407500.0,,,,225260.0,77800000.0,6767800.0,,,,,,67308250.0,,,,1837822.5000000002,,12836400.384,5135176.42,1584063.36,798200.0,,,1486250.0,,64000.8,2895600.0,,1135742.3,,56700.00000000001
1997-06-30,,,,,8505600.0,,6365950.0,,682477.4412,,224638.06170688954,,,,650000.0,3456500.0,,,,,80401796.2444,5290689448980480.0,2208375.0,5290689448980480.0,,1094783.3825,,,15244080.0,,607200.0,,322300.0,859750.0,492003.0,,200000.0,2313050.0,1189500.0,,,,10399.800000000001,,,,58158646.8,,977900.0,702000.0,586500.255,,,25565061.29445,756051.975,357500.0,,,,,,,3074759.9993682,,687920.0,185761.65790000002,,,,,,,,,,9912.9,,,,,,,7429680.0,,,,,,1452248.6400000001,118500.0,3765847.5,,,,,,,,,2971295.4,,,,61486218.45240001,,,239790.0,,220000.00000000003,,,,8394276.196,,,525600.0,,,2559129900800.0,2559129900800.0,,,37718493.36050001,,,,1377609.9479999999,,,,754172.7,13526704.737,455875.0,,,,,,13909700.0,,,,,269080.0,2573600.0,,,,,,16277383.350000001,,,320000.0,2302389596974080.0,2302389596974080.0,3028637.5,,178500.0,1373500.0,68000.0,,1199250.0,18067927.5,,,127500.0,,,,,3382856.25,1847381.25,,,,,,6925077.45,265605.12,,,272500.0,,2756474788414448.0,411000.0,258550.0,167856.0,,,,979050.0,,1002406.7868,,73014068.87,,15354630.27,3747549.3725999994,,,165000.0,390400.0,2756474788414448.0,165627.0,,,,3643500.0,,492300.0,,,,,,,,262837.5,58500.0,62999.99999999999,,,10121125.0,130284.0,,,152687.5,18075300.0,,,,7382420.0,,1162347.417,,,,20694400.0,,22456720.0,,,,,,,,,,,,,,,578000167779520.0,578000167779520.0,2764300.0,,1.625993428929024e+16,,,589377.99375,,,,1990150.0,230400.0,1469829.0,2173900.0,,144660.0,,,,2816667.192,,,194400.0,,9095625.0,,,440530.4425,,56000.0,,10650158.47665,,,,,,,,,,,38832301.247999996,320000.0,,197500.0,,,,142560.0,115650000.0,5466050.0,,,,,,96850300.0,,,,1304066.85,,3267000.0,4088702.0650000004,954126.9975,977650.0,,,671500.0,,64000.8,2081630.0,,1226109.6099999999,,10200.0
1997-07-31,,,,,1218000.0,,3779100.0,,862394.3080000001,,192899.6740683799,,,,2147600.0,2424000.0,,,,,81390641.5932,3989250788469760.0,3483900.0,3989250788469760.0,,2737506.8150000004,,,30447040.0,,762200.0,,60000.0,423750.0,204003.0,,160700.0,1108900.0,503500.0,,,,13000.05,,,,53360000.0,,1208600.0,1923750.0,580785.48,,,63753144.81419999,42400.5,1874750.0,,,,,,,2997400.0006423,,1469400.0,675644.544,,,,,,,,,,46589.3,,,,,,,2681760.0,,,,,,588147.5,197600.0,2725360.0,,,,,,,,,4284489.0,,,,74937904.8572,,,306900.0,,261600.0,,,,4307004.3362,,,203700.0,,,3015939891500.0,3015939891500.0,,,24700465.1519,,,,1258074.1152000001,,,,852814.5,3749909.904,582800.0,,,,,,8956600.0,,,,,274460.0,3984900.0,,,,,,19435078.53,,,244200.0,1194650839150080.0,1194650839150080.0,10707300.0,,308400.0,676500.0,51000.0,,1390000.0,6238050.0,,,23700.0,,,,,3848790.0,2702480.0,,,,,,3761264.6999999997,88799.04,,,632700.0,,2478609194140800.0,418100.0,404670.0,101634.0,,,,382350.0,,552095.8287,,75020991.75999999,,8181868.32,4960146.008400001,,,,379950.0,2478609194140800.0,131967.0,,,,1536600.0,,234800.0,,,,1500.0,,,,101750.0,68000.0,102500.0,,,3881250.0,153913.5,,,412825.0,29536200.0,,,,102751450.0,,1186499.2227,,,,13617350.0,,45690150.0,,,,,,,,,,,,,,,1239188527175680.0,1239188527175680.0,1906498.9625,,1.2370162068032154e+16,,,498511.0,,,,546000.0,873200.0,1419600.0,1939200.0,,380700.0,,,,5272012.32,,,275200.0,,12271350.0,,,420000.0,,49500.0,,11306098.2606,,,,,,,,,,,29503200.0,420000.0,,238250.0,,,,113220.0,122175000.0,6156540.0,,,,,,141034750.0,,,,661257.8999999999,,3067500.0,4466434.6875,1493309.73,254400.0,,,655200.0,,18199.62,9545400.0,,1627122.31,,6990.0
1997-08-31,,,,,667800.0,,3613300.0,,1383920.1584,,289930.5342172333,,,,1188140.0,2753140.0,,,,,65724926.4688,2377360555486720.0,2626000.0,2377360555486720.0,,2754389.984,,,5820600.0,,475200.0,,144000.0,204000.0,505694.55000000005,,141000.0,708700.0,239900.0,,,,6000.0,,,,79885295.95,,3386500.0,193000.0,394604.1,,,43179902.1716,223987.50000000003,235500.0,,,,,,,3549600.00153,,783080.0,3479061.7862,,,,,,,,,,15810.0,,,,,,,2188500.0,,,,,,171504.8,340200.0,1809510.0,,,,,,,,,2366877.0,,,,10056044.9833,,,1126350.0,,60000.0,,,,3944890.4012,,,59150.0,,,2118995177940.0,2118995177940.0,,,50146683.697,,,,971948.1240000001,,,,913732.8,2942057.1959999995,96750.0,,,,,,8829750.0,,,,,481500.0,3354175.0,,,,,,14078691.315000001,,,90650.0,1065009694125374.5,1065009694125374.5,8511400.0,,159000.0,174000.0,159600.0,,895800.0,3965293.5,,,8000.0,,,,,4758828.125,3154145.0,,,,,,2795881.9,105003.36,,,910600.0,,2443923368458390.5,380000.0,278200.0,7005999.0,,,,69999.99,,377402.8248,,54200305.10000001,,5091432.3,5686752.1788,,,,319700.0,2443923368458390.5,123948.0,,,,1242925.0,,1407600.0,,,,44499.0,,,,970562.5,98000.0,60000.0,,,815400.0,93213.0,,,81250.0,26166800.0,,,,12808750.0,,210700.0588,,,,11357850.0,,31901800.0,,,,,,,,,,,,,,,141184990542190.0,141184990542190.0,4321801.715,,7391375985725056.0,,,341490.98750000005,,,,379860.0,947100.0,3544277.4,1099800.0,,281520.0,,,,3890276.5319999997,,,408150.0,,11381000.0,,,440799.99999999994,,39300.0,,4681801.7323,,,,,,,,,,,50200598.784,75250.0,,142500.0,,,,194010.0,67712500.0,3583020.0,,,,,,71544375.0,,,,647845.7400000001,,1648500.0,7903234.5735,1003734.375,257599.99999999997,,,306000.0,,23000.4,26631300.0,,3215858.25,,4040.0
1997-09-30,,,,,800350.0,,2578337.5,,1272290.6604,,232409.24586551765,,,,2348000.0,1514440.0,,,,,73157226.2784,1955979904471040.0,1705740.0,1955979904471040.0,,1458227.662,,,4353520.0,,190250.0,,65750.0,260000.0,127001.25,,234500.0,586500.0,205200.0,,,,22999.5,,,,57927417.05,,885700.0,323200.0,325632.945,,,72615690.7689,135991.5,229600.00000000003,,,,,,,990000.0,,141040.0,196844.16960000002,,,,,,,,,,60390.2,,,,,,,1082400.0,,,,,,86420.5,114000.0,2478470.0,,,,,,,,,1877120.9,,,,6913689.4344,,,610800.0,,160000.0,,,,2067682.3264000001,,,64000.0,,,3467063821450.0,3467063821450.0,,,42125620.848000005,,,,995910.7392,,,,556679.4,14908774.139999999,44000.0,,,,,,14667100.0,,,,,185500.0,1102000.0,,,,,,2370792.3,,,248900.0,1494076401965280.0,1494076401965280.0,11908562.5,,45000.0,175500.0,117500.0,,608800.0,12320206.5,,,22000.0,,,,,2755665.0,2014560.0,,,,,,1605544.7,52480.164,,,125000.0,,3875437787901152.0,3998065.0,1224295.0,766942.8,,,,85000.0,,267396.7079,,103118889.1,,2226213.0,6399219.981000001,,,,141750.0,3875437787901152.0,141240.0,,,,505920.0,,283700.0,,,,,,,,1312975.0,60000.0,21000.0,,,405300.0,165186.0,,,391250.0,29911100.0,,,,1843725.0,,186998.845,,,,4508400.0,,90002085.0,,,,,,,,,,,,,,,97286087951280.0,97286087951280.0,2097681.5442000004,,6122560064846234.0,,,428405.25,,,,592630.0,568760.0,1693171.5,420000.00000000006,,472000.0,,,,2081881.542,,,63600.0,,7470700.0,,,173400.0,,,,19774941.452200003,,,,,,,,,,,65790897.984,80900.0,,85500.0,,,,140400.0,18075000.0,15649330.0,,,,,,147947525.0,,,,654306.7000000001,,2324000.0,2456096.63,752461.56,212600.0,,,136300.0,,33001.2,1860160.0,,1016663.7250000001,,2600.0
1997-10-31,,,,,851180.0,,3938250.0,,1012337.9576,,159708.72864321046,,,,824280.0,1815600.0000000002,,,,,52892163.497200005,781147810598400.0,1288320.0,781147810598400.0,,276314.034,,,1108800.0,,508000.0,,63000.0,120000.0,298710.3,,86250.0,525725.0,125775.0,,,,24000.0,,,,49020156.0,,1274000.0,231300.0,146768.655,,,15080065.0238,32117.25,225600.0,,,,,,,173249.999945,,88500.0,73660.5555,,,,,,,,,,76770.5,,,,,,,111300.0,,,,,,31394.8,120000.0,4250360.0,,,,,,,,,772944.9,,,,6063725.75,,,4347000.0,,28500.0,,,,1039898.9589500001,,,42500.0,,,12634472025500.0,12634472025500.0,,,15366024.567,,,,646049.4336,,,,106220.0,11462725.989,156350.0,,,,,,2545200.0,,,,,35800.0,1147000.0,,,,,,821700.0000000001,,,14000.0,791698524306096.0,791698524306096.0,6324600.0,,53700.0,123000.0,130000.0,,1480000.0,2973411.0,,,7210.0,,,,,1454733.75,805747.5,,,,,,1530221.5999999999,33038.544,,,10680.0,,779032212394240.0,1728569.9999999998,647110.0,70106.40000000001,,,,31200.0,,431797.3716,,103456979.45,,6562007.640000001,11941999.317599999,,,25500.0,105600.0,779032212394240.0,68537.7,,,,247940.0,,119600.0,,,,,,,,290000.0,60500.0,33000.0,,,281700.0,60165.00000000001,,,,27941400.0,,,,1569600.0,,269925.0576,,,,1868400.0,,24028500.0,,,,,,,,,,,,,,,61106064052000.0,61106064052000.0,1673996.2800000003,,2465436716843520.0,,,1214898.75,,,,482040.0,1723950.0,1620260.6,1583900.0,,129200.0,,,,2624887.536,,,60000.0,,5866380.0,,,164000.0,,,,10867260.228,,,,,,,,,,,39813997.824,37500.0,,49200.0,,,,113400.00000000001,10230000.0,15569640.0,,,,,,133205800.0,,,,437641.41,,440999.99999999994,7357418.25,165752.95,246400.0,,,112400.0,,19999.2,467200.0,,893681.5800000001,,2200.0
1997-11-30,,,,,319070.0,,2490000.0,,16029142.5411,,339898.52207831986,,,,377000.0,1273440.0000000002,,,,,34801627.103,673382904284800.0,1598020.0,673382904284800.0,,179993.6,,,934800.0,,225700.0,,41750.0,266000.0,60000.0,,26800.0,824200.0,78400.00000000001,,,,150000.0,,,,24895734.6,,547050.0,176400.0,57194.28,,,24391534.675750002,18480.0,145550.0,,,,,,,524499.999815,,109350.0,67948.27189999999,,,,,,,,,,33917.100000000006,,,,,,,434600.0,,,,,,50765.4,34000.0,1795250.0,,,,,,,,,439825.5,,,,3027753.35,,,854000.0,,132000.0,,,,793494.5700000001,,,82100.0,,,22327260596940.0,22327260596940.0,,,11975443.7991,,,,1024495.6176,,,,73776.0,4722427.7685,231550.0,,,,,,4591637.5,,,,,68000.0,548025.0,,,,,,3787528.275,,,80000.0,448255505521721.56,448255505521721.56,2846950.0,,21450.0,159900.0,30800.0,,1431087.5,1387029.0,,,20000.0,,,,,793520.0,1260040.0,,,,,,5437203.15,19250.22,,,4000.0,,1024864062293980.8,2898500.0,1322300.0,460909.79999999993,,,,18200.0,,23750.577,,48753072.620000005,,6663680.37,8947577.152800001,,,,105750.0,1024864062293980.8,226149.0,,,,153600.0,,65200.0,,,,8899.800000000001,,,,171500.0,72750.0,50000.0,,,87400.0,53718.75000000001,,,3636512.5,11859825.0,,,,1222100.0,,218399.50659999996,,,,1304000.0,,14720925.0,,,,,,,,,,,,,,,44705547769000.0,44705547769000.0,1705233.3045,,2151087894090220.8,,,692931.6875,,,,271480.0,1604320.0,3297641.3000000003,160000.0,,98600.0,,,,2175405.12,,,46000.0,,2625000.0,,,156400.0,,24000.0,,14614585.4822,,,,,,,,,,,31030099.968000002,68250.0,,41000.0,,,,39500.0,20000000.0,9035500.0,,,,,,106955150.0,,,,488385.92,,464700.0,2966715.9499999997,133022.8,112500.0,,,41500.0,,123495.00000000001,313600.0,,135797.2,,15050.0
1997-12-31,,,,,323100.0,,3213450.0,,13420920.737000002,,271918.8176626561,,,,285000.0,1695240.0,,,,,45308014.3783,653631125817600.0,1212600.0,653631125817600.0,,156014.256,,,1660800.0,,502200.0,,41000.0,54000.0,88000.0,,19000.0,1072400.0,61500.0,,,,46900.05,,,,49093643.5,,346500.0,898920.0,254074.59,,,10927190.221199999,40258.125,96600.0,,,,,,,97149.999958,,46600.0,533416.99245,,,,,,,,,,36999.799999999996,,,,,,,1318400.0,,,,,,26645.000000000004,9150.0,2354352.0,,,,,,,,,507330.0,,,,7355365.500000001,,,745000.0,,351000.0,,,,120125.18594999998,,,67650.0,,,15517574708700.0,15517574708700.0,,,20218014.4064,,,,1502479.1808,,,,175120.0,5688619.56,155800.0,,,,,,2592062.5,,,,,79800.0,414375.0,,,,,,6951300.0,,,28750.0,680397013264800.0,680397013264800.0,7662750.0,,15000.0,52000.0,30599.999999999996,,1212750.0,3381451.5,,,7789.999999999999,,,,,195785.625,242715.0,,,,,,9448900.0,88005.72,,,28200.0,,474319170660000.06,215215.0,170000.0,24710.399999999998,,,,12000.0,,798992.7295,,45477993.9,,6111756.0,9899092.236000001,,,,85500.0,474319170660000.06,74902.57500000001,,,,165340.0,,125800.00000000001,,,,,,,,215200.0,24000.0,58800.0,,,45000.0,72216.0,,,236670.0,10560450.0,,,,151200.0,,105387.007,,,,786000.0,,9752700.0,,,,,,,,,,,,,,,67940111568000.0,67940111568000.0,1593408.5255,,2142921879000320.0,,,364832.0,,,,112200.0,623300.0,1715040.0,153000.0,,197800.0,,,,1535966.736,,,52450.0,,3474000.0,,,1633500.0000000002,,54000.0,,6532655.0003,,,,,,,,,,,42437998.08,39000.0,,65700.0,,,,74900.0,72150000.0,884000.0000000001,,,,,,105675700.0,,,,406725.2,,470800.0,5614206.275,171015.35,56000.0,,,49900.0,,36001.799999999996,135000.0,,508822.27,,1073450.0
1998-01-31,,,,,78000.0,,2085750.0,,13073886.65845,,634477.2412128635,,,,335500.0,1049940.0,,,,,77176007.8065,612720420142080.0,4026000.0,612720420142080.0,,108805.12,,,332000.0,,174800.0,,17000.0,50000.0,22400.000000000004,,38000.0,623170.0,90300.0,,,,,,,,71140339.60000001,,187000.0,204000.0,423584.69999999995,,,22223489.1616,25903.125,51300.0,,,,,,,44999.999990000004,,169000.0,365177.86199999996,,,,,,,,,,19478.0,,,,,,,1041250.0,,,,,,25223.4,2950.0,3856719.9999999995,,,,,,,,,445590.0,,,,1646041.0,,,1349400.0,,,,,,150699.97415000002,,,21600.0,,,8764366816799.999,8764366816799.999,,,15615260.261999998,,,,510873.048,,,,61110.0,8806506.345,110650.0,,,,,,2458900.0,,,,,131400.0,483525.0,,,,,,7058926.05,,,40000.0,892985792451801.6,892985792451801.6,7936800.0,,17000.0,68000.0,22000.0,,2193000.0,2231806.5,,,18000.0,,,,,210220.0,324791.25,,,,,,1182000.0,,,,20600.0,,230629000000000.0,101650.0,131300.0,33696.0,,,,25200.0,,105999.37879999999,,45513425.489999995,,2397267.0,9806390.1936,,,,38950.0,230629000000000.0,23157.75,,,,119000.0,,64800.00000000001,,,,,,,,328000.0,46000.0,72000.0,,,51750.0,54679.5,,,65000.0,14977350.000000002,,,,41000.0,,129599.71200000001,,,,572950.0,,7004400.0,,,,,,,,,,,,,,,48094137864000.0,48094137864000.0,843901.7399999999,,2062132173995520.0,,,231026.25000000003,,,,15600.0,443520.0,1428000.0,133400.0,,144000.0,,,,1499787.648,,,88400.0,,2810760.0,,,39600.0,,45060.0,,5832753.333000001,,,,,,,,,,,41972600.0,52000.0,,44000.0,,,,140400.0,2520000.0,2615200.0000000005,,,,,,200204400.0,,,,447710.73,,355200.0,2397995.64,48001.0,60000.0,,,38000.0,,12749.400000000001,150600.0,,252004.5,,4200.0
1998-02-28,,,,,265200.0,,4743375.0,,16664349.559,,396548.2757580396,,,,729300.0,15198240.0,,,,,127459734.95775,1417433682355200.0,11411600.0,1417433682355200.0,,196098.14500000002,,,1263150.0,,308100.0,,96000.0,160500.0,142200.0,,58400.0,547520.0,189940.0,,,,,,,,76952561.9,,549000.0,623700.0,1086456.03,,,41412365.961899996,46100.625,715200.0,,,,,,,2950100.002201,,208000.0,355616.1993,,,,,,,,,,63235.0,,,,,,,2928700.0,,,,,,91809.8,59050.0,9478779.0,,,,,,,,,1253532.0,,,,16266179.600000001,,,13299600.0,,,,,,2983933.45965,,,55199.99999999999,,,115172153208720.0,115172153208720.0,,,49266120.9558,,,,1744936.992,,,,161996.0,24764826.176999997,353600.0,,,,,,6115150.0,,,,,397050.0,2194425.0,,,,,,14232000.0,,,148650.0,1738990564531200.0,1738990564531200.0,6093237.5,,93000.0,171000.0,56000.0,,5198700.0,4339944.0,,,59950.0,,,,,521910.0,799665.625,,,,,,1974950.0,50001.600000000006,,,51200.0,,1199664104722540.8,596310.0,148720.0,268973.64,,,,108500.0,,99997.2673,,63903890.269999996,,25371321.3,18030896.888399996,,,,79750.0,1199664104722540.8,7408.5,,,,2805600.0,,159450.0,,,,,,,,1465375.0,162750.0,72000.0,,,469300.0,51210.0,,,132610.0,50582400.0,,,,242000.00000000003,,516246.5,,,,1501500.0,,16898175.0,,,,,,,,,,,,,,,146664442287680.0,146664442287680.0,1337812.5915,,4740605852175360.0,,,679375.125,,,,169200.0,1092240.0,2647232.75,1101600.0,,51000.0,,,,1465017.1439999999,,22000.1024,115200.0,,6397980.0,,,105000.0,,33600.0,,21127737.672250003,,,,,,,,,,,60683697.664,102400.0,,111750.0,,,,258700.0,6000000.0,4550900.0,,,,,,189725900.0,,,,891748.42,,1320150.0,7949141.550000001,1003924.7,170000.0,,,73500.0,,12000.0,986000.0000000001,,2599987.5,,79000.0
1998-03-31,,,,,108299.99999999999,,4055187.5,,12034615.889800001,,773632.2771748423,,,,1475430.0,2542700.0,,,,,86898243.68015,972019366311680.0,4409940.0,972019366311680.0,,435115.88399999996,,,2761950.0,,1806150.0,,114000.0,165000.0,203000.0,,153000.0,392270.0,132500.0,,,,,,,,52590313.400000006,,777500.0,983550.0,630664.6499999999,,,14529190.9886,100512.5625,1698500.0,,,,,,,1213849.999659,,405000.0,823539.8430000001,,,,,,,,,,91976.9,,,,,,,634700.0,,,,,,139965.1,30000.0,5579518.0,,,,,,,,,7407567.2,,,,54147295.6772,,,3025450.0,,192000.0,,,,1218393.9396,,,64600.0,,,55229456992080.0,55229456992080.0,,,24483952.2033,,,,1019635.014,,,,70642.0,8002306.026000001,798000.0,,,,,,6353075.0,,,,,125650.0,1800450.0,,,,,,3713484.3,,,272000.0,1189847274669726.5,1189847274669726.5,3746468.75,,130200.0,240900.0,34500.0,,3514425.0,2012955.0,,,61200.0,,,,,310516.25,343350.0,,,,,,4183000.0,62001.72,,,75860.0,,1209630471489859.2,489870.0,171250.0,112938.93,,,,50600.0,,67501.06245,,63116212.105000004,,33782428.8,5854099.4028,,,10000.0,130000.0,1209630471489859.2,47495.25,,,,663000.0,,146950.0,,,,,,,,1049750.0,150000.0,165000.0,,,810000.0,10489.5,,,260000.0,31067500.0,,,,5036800.0,,6198297.4548,,,,2824500.0,,14667000.0,,,,,,,,,,,,,,,180669650113760.0,180669650113760.0,3511563.0659999996,,3162413784144659.5,,,368988.75000000006,,,,159600.0,354960.0,2029602.75,860000.0,,195800.0,,,,1432052.4239999999,,24350.733999999997,285000.0,,10160850.0,,,644150.0,,63800.0,,10603763.434549998,,,,,,,,,,,40025051.168,125450.0,,130000.0,,,,448950.0,198080000.0,7540370.0,,,,,,117966625.0,,,,698695.79,,822050.0,3295989.7,309656.475,430850.0,,,178150.0,,15000.0,2316000.0,,4427900.95,,52750.0
1998-04-30,,,,,157550.0,,1195187.5,,19031275.3375,,438599.8236818317,,,,3730370.0,4287700.0,,,,,45523470.144,669578955093440.0,1220830.0,669578955093440.0,,140003.8,,,396000.00000000006,,193200.0,,180000.0,87500.0,24000.0,,21600.0,105060.0,236650.0,,,,2900.1,,,,20640128.700000003,,122500.0,250800.0,213363.15,,,3956718.7698,118507.5,1841200.0,,,,,,,82500.0,,180000.0,301632.3288,,,,,,,,,,43100.0,,,,,,,88850.0,,,,,,43698.6,42000.0,3207615.0,,,,,,,,,1296816.2999999998,,,,31385146.225,,,492150.0,,136400.0,,,,1071171.3381,,,201450.0,,,6552119673150.0,6552119673150.0,,,22559804.8779,,,,360525.0,,,,44408.0,5758892.2754999995,931100.0,,,,,,707725.0,,,,,167600.0,1505700.0,,,,,,4486083.15,,,195000.0,767209875745512.8,767209875745512.8,4767068.75,,39000.0,90000.0,22000.0,,452475.0,2393926.5,,,84000.0,,,,,618557.5,798187.5,,,,,,5437200.0,11998.8,,,40000.0,,1250222696477460.8,452850.0,535050.0,219024.0,,,,20600.0,,34700.664600000004,,30695646.795,,15078464.100000001,2925151.1585999997,,,,46000.0,1250222696477460.8,7655.999999999999,,,,396900.0,,58150.0,,,,,,,,1187500.0,66000.0,110500.0,,113200.0,421150.0,127372.5,,,126000.0,14331800.0,,,,2359500.0,,7398194.2452,,,,593400.0,,4975125.0,,,,,,,,,,,,,,,84608492718400.0,84608492718400.0,1424251.0150000001,,2178855527948937.5,,,98007.0,,,,132000.0,464890.0,2340851.85,151200.0,,60750.0,,,,666105.642,,13200.829600000001,65800.0,,4032470.0,,,69250.0,,,,8609703.75045,,,,,,,,,,,17757097.728,92400.0,,84000.0,,,,613200.0,162380000.0,618600.0,,,,,,104967975.0,,,,150734.83500000002,,251100.0,1574990.55,65002.600000000006,67050.0,,,80000.0,,37499.399999999994,1276000.0,,503707.93000000005,,8000.0
1998-05-31,,,,,859800.0,,2750275.0,,13323589.2,,226599.01471887968,,,,2494000.0,1780520.0,,,,,63291375.0,321093911239680.0,764960.0000000001,321093911239680.0,,208446.635,,,231000.0,,112500.0,,,22500.0,5800.0,,15000.0,440000.0,34800.0,,,,45000.0,,,,33609888.5,,22000.0,66000.0,16799.309999999998,,,11089983.107800001,15202.5,454800.0,,,,,,,96550.0000685,,90000.0,288936.032,,,,,,,,,,9487.5,,,,,,,88000.0,,,,,,15946.4,23500.0,3245808.0,,,,,,,,,1400632.4000000001,,,,10127630.8813,,,380000.0,,36500.0,,,,477006.192,,,38050.0,,,5840084991400.0,5840084991400.0,,,17255370.875,,,,187325.508,,,,60329.99999999999,1868714.874,315000.0,,,,,,3403800.0,,,,,92250.0,485100.00000000006,,,,,,5975146.649999999,,,65400.0,478825344388800.0,478825344388800.0,4432750.0,,27800.0,80000.0,,,385900.0,607299.0,,,,,,,,641987.5,470880.00000000006,,,,,,18886000.0,,,,20000.0,,457736515200000.0,89050.0,296100.0,65636.22,,,,1780.0,,34300.8162,,64803027.93,,2472573.6,2675201.9712,,,,52050.0,457736515200000.0,45474.0,,,,46000.0,,36000.0,,,,,,,,318250.0,43400.0,91000.0,,181120.0,199500.0,15248.25,,,,15583800.0,,,,2124240.0,,2826001.3188,,,,697500.0,,7406550.0,,,,,,,,,,,,,,,53009630526000.0,53009630526000.0,1413998.586,,1050897666846720.0,,,117295.75,,,,34980.0,1041600.0,1412220.15,260250.0,,181500.0,,,,330749.904,,,218500.0,,2550060.0,,,88200.0,,235199.99999999997,,12982782.4104,,,,,,,,,,,18326400.0,146000.0,,17400.0,,,,63150.0,47000000.0,767450.0,,,,,,102013600.0,,,,125523.84,,203000.0,3312016.1,49499.45,36300.0,,,9300.0,,199992.0,748800.0,,47760.46,,
1998-06-30,,,,,2000000.0,,1303312.5,,8632239.246,,200017.20722301086,,,,936100.0000000001,1154800.0,,,,,42881905.555199996,219762559519360.0,252900.0,219762559519360.0,,259854.384,,,241400.00000000003,,148000.0,,51000.0,24000.0,9000.0,,65000.0,358400.0,40000.0,,,,71598.75,,,,14270786.85,,20300.0,47520.0,39996.0,,,8012075.2125,21003.75,272700.0,,,,,,,145000.0002,,30000.0,186217.4017,,,,,,,,,,18039.0,,,,,,,230000.0,,,,,,5169.900000000001,24000.0,1529766.0,,,,,,,,,575267.05,,,,8116270.9741,,,130500.0,,139500.0,,,,141948.55075,,,130950.0,,,2241369292050.0,2241369292050.0,,,17376259.6952,,,,178300.554,,,,58054.5,1089471.2400000002,150450.0,,,,,,782450.0,,,,,47500.0,65100.0,,,,,,3056400.0,,,65000.0,335188683416385.6,335188683416385.6,4417818.75,42400.0,28000.000000000004,55500.0,14250.0,,457125.0,1543232.25,,,69000.0,,,,,276989.375,246510.00000000003,,,,,,14677200.0,4499.88,,,17250.0,,318150694858200.0,97200.0,352650.0,26778.96,,,,11400.0,,54001.8252,,31679528.759999998,,3213813.6,1533473.6538,,,,60000.0,318150694858200.0,139920.0,,,,164600.0,,86800.0,,,,8200.2,,,,414200.0,52800.0,50000.0,,,64450.0,21883.5,,,62500.0,14127350.0,,,,633750.0,,640089.5401999999,,,,361200.00000000006,,6150175.0,,,,,,,,,,,,,,,40976280951000.0,40976280951000.0,196249.9,,697341310405440.0,,,216978.125,,,,52000.0,288980.0,566620.0,89200.0,,65000.0,,,,294260.61600000004,,126394.6241,46800.0,,1873470.0,,,77900.0,,728000.0,,4564899.482,,,,,,,,,,,19904247.872,142800.0,,,,,,39900.0,17300000.0,657000.0,,,,,,93357800.0,,,,248887.94,,161000.0,2201048.4225,55004.5,5900.0,,,42000.0,,360000.0,258400.0,,209800.8,,9950.0
1998-07-31,,,,,10400.0,,894450.0,,10937729.3616,,99354.95260750904,,,,93000.0,972840.0,,,,,63624811.47840001,177589484885120.0,91550.0,177589484885120.0,,99998.2,,,72000.0,,70000.0,,13300.0,35500.0,16000.0,,45880.0,453600.0,20000.0,,,,4000.2,,,,26059460.4,,41800.0,63800.0,151984.8,,,8224455.2565,84015.0,111000.0,,,,,,,93000.000093,,40000.0,98873.5293,,,,,,,,,,28671.35,,,,,,,286900.0,,,,,,15260.0,25650.0,1825188.0000000002,,,,,,,,,669975.9,,,,6430026.05,,764192.5020000001,70500.0,,394450.0,,,,120001.374,,,43400.0,,,736293826300.0,736293826300.0,,,21047981.408,,,,405598.752,,,,103824.0,899598.96,184800.0,,,,,,791100.0,,,,,36400.0,198050.0,,,,,,2596000.0,,,28750.0,355433682626400.0,355433682626400.0,1103300.0,62400.0,10750.0,44000.0,18750.0,,179200.0,1348525.5,,,9000.0,,,,,872549.9999999999,411344.99999999994,,,,,,19858700.0,7801.2,,,59200.0,,134763432931000.0,78300.0,111599.99999999999,75766.86000000002,,,,10000.0,,259650.8884,,25131091.05,,2227030.2,2594398.6464,,,,32400.000000000004,134763432931000.0,,,,,35650.0,,216400.0,,,,,,,,124500.0,28800.0,30000.0,,,36000.0,1249758.99,,,101120.0,10361250.0,,,,660000.0,,2091345.1724,,,,317350.0,,9234100.0,,,,,,,,,,,,,,,45599011934000.0,45599011934000.0,337624.76,,563432618672000.0,,,903347.25,,,,121799.99999999999,472880.0,431134.99999999994,99200.0,,106000.0,,,,934092.51,,74803.4208,77600.0,,840450.0,,,90550.0,,,,16603943.892800001,,,,,,,,,,,26773502.080000002,52150.0,,12500.0,,,,60200.0,1870000.0,967300.0,,,,,,112594200.0,,,,230947.70500000002,,71750.0,2333280.195,35204.95,13900.0,,,18000.0,,,145250.0,,189004.2,,6000.0
1998-08-31,,,,,14300.0,,1951950.0,,18408715.712,,119037.11061674453,,,,96850.0,2570000.0,,,,,80900568.576,145426865126400.0,312800.0,145426865126400.0,,107996.16,,,32000.0,,75900.0,,4000.0,40000.0,24000.0,,21070.0,320000.0,45500.0,,,,17000.1,,,,9534174.0,,25500.000000000004,203200.0,35803.350000000006,,,21202868.394,39500.625,39000.0,,,,,,,202600.00010799998,,81600.0,1137647.889,,,,,,,,,,121830.0,,,,,,,27000.0,,,,,,15380.4,42000.0,977600.0,,,,,,,,,347025.0,,,,4242953.75,,315006.93,77750.0,,770400.0,,,,69450.55955,,,23250.0,,,986202059700.0,986202059700.0,,,13755660.5984,,,,273774.972,,,,44000.0,751420.8,137800.0,,,,,,1248275.0,,,,,49500.00000000001,369630.0,,,,,,3532200.0,,,22000.0,275348034844480.0,275348034844480.0,609000.0,104000.0,22700.0,44000.0,14000.0,,274400.0,439110.0,,,13860.0,,,,,137287.5,1321715.625,,,,,,5146300.0,,,,5000.0,,70617031200000.0,54600.0,64600.00000000001,55997.76,,,,6000.0,,93800.2761,,38439298.6,,1216782.0,1248899.3484,,,,57600.0,70617031200000.0,,,,,65000.0,,54350.0,,,,,,,,192500.0,11000.0,17400.0,,,45000.0,30377.25,,,62100.0,24771240.0,,,,88400.0,,1065597.632,,,,184950.0,,3558800.0,,,,,,,,,,,,,,,32947720699999.996,32947720699999.996,990000.0,,455574026360960.0,,,132244.125,,,,54150.0,212480.0,1362329.5,140400.0,,36800.0,,,,1055502.252,,44000.20480000001,31500.0,,280800.0,,,68950.00000000001,,,,10260095.840499999,,,,,,,,,,,32485798.144,31500.0,,21750.0,,,,51500.0,6280000.0,592500.0,,,,,,114610800.0,,,,391444.6,,31350.0,1456913.6099999999,60002.4,14000.0,,,8500.0,,,114400.0,,225005.0,,28000.000000000004
1998-09-30,,,,,3900.0,,750400.0,,13005977.5053,,152518.567599246,,,,15500.0,570000.0,,,,,55885055.975999996,94286021980160.0,89150.0,94286021980160.0,,124496.1,,,26000.0,,50000.0,,6000.0,31000.0,11625.0,,5500.0,302250.0,44000.0,,,,37249.5,,,,5672540.0,,98925.0,396250.0,12401.400000000001,,,9632360.44005,15603.749999999998,20000.0,,,,,,,74999.9998,,20000.0,1062097.386,,,,,,,,,,17180.0,,,,,,,48000.0,,,,,,16109.75,20200.0,197260.0,,,,,,,,,534900.0,,,,2187762.875,,340201.4496,30000.0,,,,,,44499.585300000006,,,77550.0,,,1071195942900.0,1071195942900.0,,,7978561.4245,,,,188124.3,,,,38560.0,379793.69999999995,1672150.0,,,,,,721200.0,,,,,85000.0,276000.0,,,,,,1109630.0,,,15000.0,192426188713566.4,192426188713566.4,1222750.0,72800.0,42000.0,5000.0,23900.0,,938962.5,225750.00000525,,,,,,,,53231.25,600590.625,,,,,,6239350.0,4799.5199999999995,,,9350.0,,47846857844000.0,36500.0,38500.0,111908.16,,,,16200.0,,150450.23565,,18917133.990000002,,1572725.7,2603251.3254,,,,28500.000000000004,47846857844000.0,26796.0,,,,48600.0,,62800.0,,,,,,,,100375.0,26000.0,48100.0,,,54250.0,4599.0,,,277900.0,7749500.0,,,,67250.0,,547601.5688,,,,80250.0,,7389350.0,,,,,,,,,,,,,,,19889941450000.0,19889941450000.0,2887500.0,,281326712261440.0,,,48507.0625,,,,89300.0,660300.0,804536.0,46250.0,,99000.0,,,,399015.0,,32249.491,42000.0,,346800.0,,,36950.0,,,,5871351.171399999,,,,,,,,,,,28274900.864,15900.0,,9000.0,,,,34800.0,4465000.0,624000.0,,,,,,368156975.0,,,,42935.1,,38650.0,1332889.9049999998,62634.75,8950.0,,,11750.0,,703981.2,161000.0,,20800.449999999997,,9500.0
1998-10-31,,,,,20000.0,,768500.0,,26446996.2515,,93835.23301820259,,,,166400.0,295740.0,,,,,84107816.64,316157892875520.0,552400.0,316157892875520.0,,100800.84,,,291200.0,,73150.0,,24000.0,88700.0,30600.0,,60000.0,336000.0,48750.0,,,,,,,,24366300.000000004,,163075.0,242900.0,444564.45,,,9251759.2752,12496.875,81600.0,,,,,,,91800.000028,,21000.0,464385.00930000003,,,,,,,,,,49196.0,,,,,,,166400.0,,,,,,46729.6,238.99999999999997,2234330.0,,,,,,,,,2201760.0,,,,8898424.0,,20000.0976,390000.0,,487750.00000000006,,,,2559456.9804,,,195000.0,,,1190802292000.0,1190802292000.0,,,31213300.3728,,,,679725.0,,,,46330.0,2129330.97,637050.0,,,,,,1302000.0,,,,,50000.0,330500.0,,,,,,7300000.0,,,105000.0,747722268961920.0,747722268961920.0,991700.0,52000.0,22500.0,78200.0,11000.0,,1984850.0,2643873.75,,,,,,,,192856.25,180464.99999999997,,,,,,17803500.0,49195.079999999994,,,17500.0,,371377226200000.0,108550.0,915650.0,59398.403999999995,,,,26600.0,,502896.01920000004,,44465084.55,,7436102.399999999,7521294.2904,,,,87050.0,371377226200000.0,69960.0,,,,478800.0,,90750.0,,,,,,,,268000.0,54600.0,18000.0,,,96750.0,13797.0,,,113000.0,45187200.0,,,,895500.0,,534601.4256,,,,996800.0000000001,,10005000.0,,,,,,,,,,,,,,,66852064730000.01,66852064730000.01,321750.495,,973130988272639.9,,,76493.625,,,,34500.0,1084800.0,2790645.0,287250.0,,184800.0,,,,680983.2,,,114000.0,,518699.99999999994,,,748200.0,,,,4492952.5674,,,,,,,,,,,42626800.0,28800.0,,10750.0,,,,34000.0,8610000.0,2566500.0,,,,,,310474450.0,,,,310273.86,,66150.0,3526959.84,47012.0,23100.0,,,24000.0,,,321300.0,,263610.05,,29000.0
1998-11-30,,,,,63550.0,,2317750.0,,26602324.2453,,223693.89914556072,,,,301500.0,282900.0,,,,,115738868.34719999,899099525130240.0,819000.0,899099525130240.0,,85004.0,,,7881000.0,,180000.0,,11000.0,175500.0,70400.0,,15000.0,232000.0,104500.0,,,,,,,,163576915.0,,240350.0,660400.0,809645.1,,,30840295.6007,73659.375,268650.0,,,,,,,409349.999927,,102550.0,182180.5278,,,,,,,,,,74960.0,,,,,,,1170800.0,,,,,,62080.200000000004,60300.0,2013200.0000000002,,,,,,,,,4213264.0,,,,44864743.0,,102799.9932,160000.0,,212000.0,,,,2257263.061,,,60500.00000000001,,,3010194915000.0,3010194915000.0,,,67946995.5456,,,,1407603.3120000002,,,,29390.0,4172056.2,489875.0,,,,,,3192000.0,,,,,165000.0,2068560.0,,,,,,4474600.0,,,45000.0,1337195170410739.2,1337195170410739.2,1727300.0,,11250.0,45000.0,32000.0,,1744200.0,3161340.0,,,20000.0,,,,,575940.625,1028800.0,,,,,,24185999.999999996,26949.78,,,60000.0,,728375315876921.6,305150.0,225000.0,2416073.4000000004,,,,15100.0,,1573993.9032,,90856473.60000001,,12099124.799999999,6464004.201599999,,,,27000.0,728375315876921.6,46299.0,,,,564000.0,,37200.0,,,,,,,,1425150.0,140400.0,37000.0,,,246000.0,,,,232720.0,17358000.0,,,,1195600.0,,319999.504,,,,8395000.0,,19803000.0,,,,,,,,,,,,,,,169935864225280.0,169935864225280.0,268125.4125,,2798161066598400.0,,,58808.75,,,,187600.0,627640.0,1260240.0,232550.0,,70250.0,,,,440690.67,,13998.9264,63000.0,,582200.0,,,415800.0,,,,11963709.1574,,,,,,,,,,,37529197.824,70000.0,,65500.0,,,,363000.00000000006,20500000.0,19527520.0,,,,,,428977200.0,,,,82776.015,,264000.0,3687006.1449999996,134579.9,35000.0,,,49000.0,,34998.0,429199.99999999994,,340003.015,,50000.0
1998-12-31,,,,,69100.0,,3331575.0,,18181842.09045,,157529.89196322122,,,,243500.0,603720.0,,,,,106133857.90560001,549931343404800.0,715900.0,549931343404800.0,,82997.4,,,711900.0,,151200.0,,13000.0,54000.0,41800.0,,20000.0,212800.00000000003,38000.0,,,,4400.099999999999,,,,34987266.3,,599850.0,377000.0,387161.27999999997,,,24336468.1186,84978.75,149400.0,,,,,,,331199.999856,,60000.0,2465280.695,,,,,,,,,,37480.0,,,,,,,8395000.0,,,,,,35333.2,77500.0,1558188.0,,,,,,,,,2869808.25,,,,13829866.649999999,,40000.1952,45000.0,,56000.00000000001,,,,1000075.9222500001,,,77000.0,,,1696284811200.0,1696284811200.0,,,43466404.367599994,,,,706848.3119999999,,,,28999.999999999996,624402.09,994300.0,,,,,,3364987.5,,,,,524660.0,409500.0,,,,,,6098175.0,,,25250.0,1202062964749710.5,1202062964749710.5,1109625.0,52000.0,9600.0,56000.0,7500.0,,426862.5,3045840.0000000005,,,50000.0,,,,,232470.0,674953.125,,,,,,16237400.0,10501.92,,,17950.0,,207903901160000.0,74400.0,126850.0,500760.0,,,,28200.0,,212003.3228,,84802616.08500001,,4047484.5,1475100.6336,,,,124800.0,207903901160000.0,13992.0,,,,173500.0,,112000.0,,,,,,,,413900.0,39000.0,10800.0,,,194900.0,,,,220500.0,13279475.0,,,,7963100.0,,239999.628,,,,1077750.0,,16283050.0,,,,,,,,,,,,,,,87791733218000.0,87791733218000.0,197599.688,,1714916680439040.0,,,101307.375,,,,35250.0,293810.0,918806.4999999999,109250.0,,164000.0,,,,817356.012,,4401.5568,55600.0,,172800.0,,,84550.0,,,,52080965.429900005,,,,,,,,,,,39775748.86399999,130000.0,,76500.0,,,,445300.0,35545000.0,30943475.0,,,,,,113086525.0,,,,34824.21,,115500.0,11028957.4125,20501.05,80000.0,,,22500.0,,,1650400.0,,2094349.4,,244999.99999999997
1999-01-31,,,,,52800.0,,2847937.5,,26323834.856250003,,226599.01471887968,,,,40000.0,1761030.0,,,,,145986980.6232,635934445046720.0,294400.0,635934445046720.0,,124402.88,,,615700.0,,63000.0,,9000.0,28750.0,45450.0,,41600.0,48250.0,17500.0,,,,3999.8999999999996,,,,78602814.30000001,,306900.0,182500.0,324942.75,,,52692868.376849994,42489.375,98700.0,,,,,,,147000.00007,,16250.0,408695.4253,,,,,,,,,,42090.99999999999,,,,,,,3662500.0,,,,,,20112.15,51000.0,3150910.0,,,,,,,,,4119439.25,,,,7251855.15,,71600.2056,679000.0000000001,,,,,,14606796.3057,,,39900.0,,,1865779872000.0,1865779872000.0,,,66271452.3772,,,,879822.8459999999,,,,26279.999999999996,347592.96,1123100.0,,,,,,6323625.0,,,,,557540.0,187200.0,,,,,,3220050.0,,,15300.0,1455378868238547.2,1455378868238547.2,4325275.0,64800.00000000001,14300.0,21000.0,59500.00000000001,,1141875.0,6501768.0,,,,,,,,266900.0,243066.25,,,,,,28089350.0,5000.160000000001,,,18450.0,,162251747169400.0,46499.99999999999,27899.999999999996,541413.6,,,,8100.0,,294547.27340000006,,91843883.69999999,,1567422.0,18146695.465800002,,,,44000.0,162251747169400.0,150414.0,,,,63450.0,,27800.0,,,,,,,,614900.0,116000.0,6000.0,,,78000.0,32400.0,,,25500.0,45731500.0,,,,2137000.0,,122399.8974,,,,1636800.0,,8258925.0,,,,,,,,,,,,,,,79714290500240.0,79714290500240.0,99999.9,,2021541059954953.5,,10200.0,23205.0,,,,83000.0,280280.0,1327172.0499999998,104000.0,,137050.0,,,,382838.376,,32999.368,67500.0,,244999.99999999997,,,35600.0,,,,29663994.8462,,,,,,,,,,,45773200.0,8500.0,,20000.0,,,,175600.0,22440000.0,14224740.0,,,,,,285205800.0,,,,307655.28,,98925.0,9344968.655000001,99014.99999999999,46650.0,,,21500.0,,69996.0,252000.0,,3863113.6500000004,,2100.0
1999-02-28,,,,,99000.0,,1636100.0,,8367224.1886,,123031.64453005811,,,,1814900.0,1132150.0,,,,,35044856.8056,311412874504000.0,128000.0,311412874504000.0,,95994.48,,,129000.0,,65050.0,,3000.0,40000.0,30800.000000000004,,19500.0,234600.0,17500.0,,,,,,,,41919375.8,,108000.0,21400.0,263776.425,,,17954295.173750002,50392.5,52500.0,,,,,,,32000.000032,,23200.0,1158229.4608,,,,,,,,,,65677.0,,,,,,,335000.0,,,,,,10986.0,30500.0,656182.0,,,,,,,,,438402.44999999995,,,,8822749.95825,,31300.0038,113250.00000000001,,,,,,2786321.1939000003,,,10400.0,,,967372764000.0,967372764000.0,,,12959299.0563,,,,296262.846,,,,21178.0,396762.79500000004,236250.0,,,,,,24082000.0,,,,,773800.0,97110.0,,,,,,4608910.0,,,9200.0,478609424077440.06,478609424077440.06,916550.0,53000.0,8950.0,11000.0,26500.0,,328987.5,1536858.75,,,84000.0,,,,,138900.0,87160.0,,,,,,23430350.0,6250.200000000001,,,12600.0,,109475000545000.0,34250.0,26999.999999999996,1250402.4,,,,17850.0,,53350.8525,,51546133.935,,739350.0,8106376.4958,,,,86800.00000000001,109475000545000.0,160908.0,,,,36400.0,,35300.0,,,,,,,,212000.0,26000.0,14000.0,,,45000.0,1296.0,,,125000.0,31547925.0,,,,642000.0,,160625.1526,,,,224400.00000000003,,5410525.0,,,,,,,,,,,,,,,33664986529000.0,33664986529000.0,551926.0725,,977032561726080.0,,10800.0,11496.874999999998,,,,18900.0,422520.0,1551300.0,26400.0,,55300.0,,,,447107.13600000006,,16998.3036,1377500.0,,57700.0,,,32400.0,,,,17195557.81405,,,,,,,,,,,29762648.832,10650.0,,18450.0,,,,68000.0,10035000.0,18831280.0,,,,,,122905550.0,,,,531576.66,,46025.0,6702688.577500001,23803.850000000002,23400.0,,,36550.0,,55996.8,218400.0,,1687879.9300000002,,
1999-03-31,,,,,4800.0,,2366400.0,,11718240.690000001,,192609.16251104814,,,,284200.0,907760.0,,,,,62236763.409600005,313306549418880.0,221200.0,313306549418880.0,,73351.5,,,203000.0,,105150.0,,54000.0,66000.0,46000.0,,16000.0,178000.0,30400.0,,,,3999.8999999999996,,,,19429849.2,,129000.0,78520.0,339266.06999999995,,,34644355.2576,4899.375,30000.0,,,,,,,35200.0,,26000.0,337042.3637,,,,,,,,,,24052.0,,,,,,,284000.0,,,,,,21551.4,29500.0,280560.0,,,,,,,,,904270.5,,,,34367175.0,,1492258.38,59150.0,,55500.0,,,,1385725.8016000001,,,150000.0,,,1842859215600.0,1842859215600.0,,,7409730.103200001,,,,2239200.0,,,,21024.0,458787.42000000004,331700.0,,,,,,30715750.0,,,,,169060.0,676200.0,,,,,,5905620.0,,,20000.0,439575222958720.0,439575222958720.0,1471300.0,18560.0,9000.0,5500.0,7500.0,,992000.0,1274736.75,,,27600.0,,,,,298901.875,229413.75,,,,,,24742800.0,5000.160000000001,,,13600.000000000002,,338868715800000.0,95700.0,228250.0,1434576.0,,,,24600.0,,58200.93,,56465302.22,,11518012.8,39404788.2624,,,,19200.0,338868715800000.0,71610.0,,,,25000.0,,34000.0,,,,,,,,645000.0,14900.0,6500.0,,,34400.0,16769.25,,,9000.0,11505749.999999998,,,,532800.0,,362699.9442,,,,232500.0,,8970900.0,,,,,,,,,,,,,,,77979792458560.0,77979792458560.0,454424.12400000007,,987733322301120.0,,17600.0,50009.375,,,,51500.0,305760.0,190932.0,71300.0,,98000.0,,,,1271073.576,,17998.096,65650.0,,335500.0,,,26800.0,,,,35385994.556,,,,,,,,,,,41425802.496,4800.0,,865000.0,,,,14700.0,6500000.0,20532600.0,,,,,,194216400.0,,,,104158.08,,46450.0,2828020.2,43737.375,131900.0,,,11100.0,,4849.799999999999,165200.0,,800800.0,,52500.0
1999-04-30,,,,,27000.0,,4092400.0,,27106921.0815,,225073.82904288714,,,,52000.0,5196880.0,705600.0,,,,169962662.232,1068074587564800.0,739200.0,1068074587564800.0,,168104.1,,,1251600.0,,75000.0,,83000.0,517000.0,36300.0,,18000.0,190000.0,16000.0,,,,,,,,46219682.4,,276000.0,356500.0,1213754.96,,,107575817.3408,94976.25,110000.0,,,,,,,36999.999959999994,,149100.0,1459057.4689500001,,,,,,,,,,11557.0,,,,,,,8965800.0,,,,,,2460.2,10350.0,1957644.0,,,,,,,,,2081331.5,,,,68566860.0704,,139199.3388,365250.0,,95200.00000000001,,,,8966719.056,,,117800.0,,,7214854887500.0,7214854887500.0,,,32568152.3076,,,,4533142.284,,,,25890.000000000004,4274613.72,3283050.0,,,,,,47881400.0,,,,,2273040.0,1153910.0,,,,,,18843400.0,,,23750.0,1061982362904336.0,1061982362904336.0,6465550.0,23700.0,96450.0,84000.0,13950.0,,3045600.0,6208524.0,,,26800.0,,,,,386100.0,414166.25,,,,,,70020000.0,14500.2,,,45600.0,,1071368887332038.4,426600.0,489600.0,2212938.0,,,,19500.0,,254995.4003,,121739874.3,,32620816.8,28264865.2308,,,235750.0,32600.0,1071368887332038.4,139920.0,,,,108000.0,,204000.00000000003,,,,,,,,1064550.0,180200.0,54600.0,,,137350.0,2837.25,,,277375.0,55347199.99999999,,,,1339300.0,,1139652.5481,,,,1113500.0,,61467000.0,,,,,,,,,,,,,,,210516514531680.0,210516514531680.0,857999.142,,3666690701132799.5,,39400.0,960435.125,,,,78150.0,848720.0,1310579.4499999997,387500.0,,135000.0,,,,10096089.743999999,,8999.048,18330.0,,870400.0,,,125000.0,,,,48636876.3639,,,,,,,,,,,81197097.21599999,10500.0,,,,,,179000.0,102575000.0,27734400.0,,,,,,290519950.0,,,,1769160.42,,63000.0,9359943.84,45008.125,49000.0,,,36000.0,,54996.0,550200.0,,455994.0,,25300.0
1999-05-31,,,,,399750.0,,12958000.0,,25005195.3669,,202544.65777179901,,,,86800.0,10999120.0,290000.0,,,,97715289.4848,1984278332661760.0,2154600.0,1984278332661760.0,,303611.22000000003,,,1025200.0,,173950.0,,62399.99999999999,150000.0,140000.0,,73000.0,133340.0,92800.0,,,,8800.199999999999,,,,49616879.4,,272000.0,1881899.9999999998,767712.88,,,76534565.76,99975.0,108000.0,,,,,,,2171400.001034,,228500.0,611238.7662,,,,,,,,,,35920.0,,,,,,,25161960.000000004,,,,,,35777.35,21000.0,5722400.0,,,,,,,,,3081300.3,,,,95397461.344,,165000.42,514600.0,,183600.0,,,,6559545.233200001,,,106500.0,,,7610124672500.0,7610124672500.0,,,24445146.8834,,,,9499789.296,,,,620840.0,20385159.912,2799000.0,,,,,,21248500.0,,,,,1249410.0,3231200.0,,,,,,12357550.0,,,18000.0,3286020870575155.0,3286020870575155.0,5279750.0,24820.0,,106500.0,19000.0,,5317700.0,6674041.500000001,,,205400.0,,,,,80070.00000000001,212475.0,,,,,,101762699.99999999,28797.12,,,41000.0,,1977859363900160.0,150000.0,230000.0,8418228.0,,,,25800.0,,117599.65075,,68377900.32,,88538622.48,36759787.996800005,,,,70800.0,1977859363900160.0,,,,,502150.0,,136800.0,,,,,,,,4632200.0,36000.0,40000.0,,,262350.0,45805.5,,,209600.0,28687500.0,,,,1045500.0,,155800.4712,,,,1025200.0,,41397480.0,,,,,,,,,,,,,,,266097217484800.0,266097217484800.0,603000.0,,6173683939348479.0,,46900.0,380071.25,,,,157500.0,734905.0,522663.4,644800.0,,320000.0,,,,7996055.183999999,,3000.9156,12980.0,,1708800.0,,,420000.0,,,,89636168.38,,,,,,,,,,,52209397.376,6800.0,,9200.0,,,,188300.0,12240000.0,88103400.0,,,,,,199122700.0,,,,2810242.215,,222700.0,9374445.57,72214.25,307100.0,,,52500.0,,126000.0,1720400.0,,2130174.31,,39000.0
1999-06-30,,,,,754300.0,,6886200.0,,18387086.252,,1093630.7575759229,,,,154700.0,4588360.0,278850.0,,,,119101290.0264,1625947271731200.0,1254300.0,1625947271731200.0,,883551.1680000001,,,2362000.0,,581000.0,,71750.0,300500.0,77800.0,,66000.0,209200.0,43100.0,,,,422409.6,,,,180807584.55,,287000.0,2236000.0,851683.8,,,42390234.6214,109972.5,582200.0,,,,,,,3944250.000141,,117000.0,390652.00905,,,,,,,,,,153751.05,,,,,,,8150910.0,,,,,,63547.3,149650.0,2434042.0,,,,,,,,,1228306.8,,,,87164619.1728,,40800.384,289700.0,,534300.0,,,,4483154.96325,,,69000.0,,,5108720445715.0,5108720445715.0,,,15170217.097350001,,,,22597271.268,,,,1362954.5,7669801.5615,1817960.0,,,,,,28047475.0,,,,,528030.0,10570890.0,,,,,,20362725.0,,,47500.0,3012193883670147.0,3012193883670147.0,2522343.75,28560.0,,64000.0,20000.0,,1079525.0,2789283.0000000005,,,70000.0,,,,,140906.25,198400.0,,,,,,68589900.0,17598.239999999998,,,13800.0,,748878413589440.0,336500.0,126100.0,52277596.8,,,,85860.0,,109048.90075,,38712484.365,,122836842.45,7491647.3808,,,,175000.0,748878413589440.0,133320.0,,,,934650.0,,193200.0,,,,,,,,3125875.0,180000.0,36000.0,,,780000.0,1984540.78,,,130000.0,10320700.0,,,,28280000.0,,179999.721,,,,4068750.0,,15447100.0,,,,,,,,,,,,,,,239813974561920.0,239813974561920.0,595900.0,,5012266256997158.0,,29500.0,164414.25,,,,37500.0,814405.0,1530009.0,770000.0,,552000.0,,,,4469977.734,,5999.2126,42240.0,,2401700.0,,,836100.0,,106750.0,,59197348.4245,,,,,,,,,,,42359100.0,33600.0,,28800.0,,,,1680800.0,4800000.0,306845212.5,,,,,,186245825.0,,,,862588.7000000001,,120900.0,6827358.87,564037.05,551000.0,,,102000.0,,11000.4,8921250.0,,61644141.1682,,25650.0
1999-07-31,,,,,2611720.0,,14470750.0,,19165990.6812,,1085932.2013066313,,,,78000.0,8531820.0,111199.99999999999,,,,64565100.0,0.0,529300.0,0.0,,333999.36,,,10961200.0,,180000.0,,805300.0,1060000.0,78300.0,,165600.0,668100.0,68500.0,,,,422409.6,,,,51996216.75,,690750.0,754500.0,569338.11,,,41386612.2305,35501.25,640100.0,,,,,,,1088249.9999855002,,136300.0,299373.37445,,,,,,,,,,270339.3,,,,,,,3771110.0,,,,,,76240.8,196500.0,1779800.0,,,,,,,,,614791.25,,,,48644361.4964,,29749.959,7563400.0,,762000.0,,,,5577048.042400001,,,78000.0,,,0.0,0.0,,,14347595.742000002,,,,14863756.379999999,,,,164445.0,4424999.1435,3874230.0,,,,,,19502850.0,,,,,192900.0,2252050.0,,,,,,14274975.0,,,384000.0,0.0,0.0,1485700.0,89000.0,249600.0,330000.0,30000.0,,2798000.0,2557065.0,,,73750.0,,,,,597270.0,416000.0,,,,,,84457650.0,22397.760000000002,,,22500.0,,0.0,582850.0,432500.0,26918860.800000004,,,,107650.0,,76498.7096,,76888496.73,,129634995.42,21593674.6571,,,,365900.0,0.0,48972.0,,,,1556950.0,,150000.0,,,,16500.0,,,,1787000.0,239700.0,57300.0,,22640.0,1338000.0,612838.915,,,366600.0,22437275.0,,,,26955900.0,,69124.9405,,,,3168700.0,,145871120.0,,,,,,,,,,,,,,,0.0,0.0,636900.0,,0.0,,78300.0,1408085.25,,,,56700.00000000001,605550.0,738597.5,994500.0,,585580.0,,,,4180539.756,,,10000.0,,2337260.0,,,665700.0,,26850.0,,58361875.0,,,,,,,,,,,60480600.0,10000.0,,36000.0,,,,422240.0,49390000.0,254853500.0,,,,,,322606500.0,,,,3965002.27,,589550.0,2828779.2,213129.6725,1389400.0,,,120350.0,,97500.36,10287780.0,,175659616.44,,73600.0
1999-08-31,,,,,731400.0,,9812600.0,,24465204.5911,,323339.36331040174,,,,24000.0,29177200.0,219815.0,,,,58197566.0448,0.0,200000.0,0.0,,2494955.09,,,10643600.0,,108600.0,,252250.0,560000.0,11400.0,,588250.0,204000.00000000003,50000.0,,,,5299.8,,,,73661447.1,,217350.0,287000.0,201121.14,,,28786688.1423,8002.5,134400.00000000003,,,,,,,131000.00000999999,,157500.0,696290.8914,,,,,,,,,,95533.2,,,,,,,652950.0,,,,,,109208.35,1892099.9999999998,449904.0,,,,,,,,,189912.0,,,,24801792.4,,55999.52,702000.0,,1042800.0,,,,613793.822,,,115950.0,,,0.0,0.0,,,9890957.453,,,,1680748.3800000001,,,,12222.0,773969.04,770095.0,,,,,,5986000.0,,,,,49200.0,742250.0,,,,,,3162000.0,,,443100.0,0.0,0.0,1453200.0,138600.0,103360.00000000001,38000.0,365499.99999999994,,1232000.0,1064931.0,,,96000.0,,,,,179781.25,156803.75000000003,,,,,,31962600.0,32996.7,,,28500.0,,0.0,309000.0,84200.0,8380709.999999999,,,,120550.0,,92275.18275,,47734076.849999994,,89964522.72,4452297.0624,,,,62500.0,0.0,21610.05,,,,1108200.0,,96200.0,,,,,,,,1045500.0,88000.0,57500.0,,,350000.0,1169108.66,,,358380.0,10337150.0,,,,3984000.0,,206999.53999999998,,,,3764500.0,,46547400.0,,,,,,,,,,,,,,,0.0,0.0,482950.0,,0.0,,40800.0,384408.375,,,,40000.0,863280.0,253335.0,168000.0,,127000.0,,,,1622241.558,,,6720.0,,1987440.0,,,95200.0,,,,37519271.79,,,,,,,,,,,31627497.599999998,29700.0,,158200.0,,,,27000.0,11500000.0,216303000.0,,,,,,201931200.0,,,,593900.7100000001,,112200.0,2228993.25,607176.885,150000.0,,,42100.0,,4361364.78,6118300.0,,126756717.78,,20400.0
1999-09-30,,,,,15243071.030000001,,26668750.0,,22303456.6866,,108506.06666346382,,,,84000.0,9109780.0,654300.0,,,,68283628.488,0.0,280500.0,0.0,,109998.02,,,2560800.0,,151200.0,,375500.0,310000.0,12400.0,,669600.0,176000.0,11300.0,,,,401700.0,,,,57555101.400000006,,227250.0,188000.0,79497.87999999999,,,36141588.6629,9600.0,152500.0,,,,,,,125999.99995,,92850.0,1703776.62085,,,,,,,,,,962175.6,,,,,,,497250.0,,,,,,267652.9,3949950.0,389466.0,,,,,,,,,551640.4,,,,5669564.4,,139250.335,276800.0,,679400.0,,,,562949.8614,,,37600.0,,,0.0,0.0,,,10640783.34625,,,,1526523.4139999999,,,,65868.0,1405807.8255,559140.0,,,,,,12249850.0,,,,,211500.0,559480.0,,,,,,3049800.0,,,222300.0,0.0,0.0,1379500.0,82895000.0,453150.0,135000.0,76900.0,,783475.0,719838.0,,,144500.0,,,,,368655.62500000006,246882.50000000003,,,,,,41563350.0,781523.6880000001,,,,,0.0,216300.0,185400.0,3327542.4,,,,1046500.0,,103499.6222,,61678165.995,,44748409.230000004,1630000.0926,5003300.0,,11000.0,70800.0,0.0,34485.0,,,,6725200.0,,48000.0,,,,,,,,1136562.5,90000.0,30800.000000000004,,,583350.0,4858825.99,,,369000.0,10518850.0,,,,2832400.0,,220875.457,,,,457800.0,,12128010.0,,,,,,,,,,,,,,,0.0,0.0,600000.0,,0.0,,10000.0,1232429.25,,,,75000.0,647530.0,309000.0,69700.0,,24000.0,,,,5543587.884000001,,,42160.0,,2414460.0,,,86600.0,,,,15328422.3895,,,,,,,,,,,53816548.896000005,65400.0,,71500.0,,,,64000.0,8450000.0,569948200.0,,,,,,192052500.0,,,,1476750.29,,128000.0,3989364.03,424028.0,69500.0,,,28050.0,,858746.7,2324400.0,,78189322.4,,44400.0
1999-10-31,,,,,3771040.0,,6437200.0,,18730748.8448,,202413.9275709992,,,,45000.0,3167099.9999999995,1019700.0000000001,,,,27819821.952,0.0,308000.0,0.0,,318528.0,,,3852000.0,,1070000.0,,179300.0,294250.0,96200.0,,412350.0,192500.00000000003,177500.0,,,,12300.150000000001,,,,49218322.599999994,,147000.0,177000.0,162553.49,,,68468164.79800001,149471.25,213300.0,,,,,,,2839000.0010019997,,35200.0,1349861.98855,,,,,,,,,,201369.0,,,,,,,9903700.0,,,,,,53112.65,7464600.0,224662.0,,,,,,,,,136600.0,,,,11822510.6,,28050.264000000003,441300.0,,706800.0,,,,368699.14605,,,55000.00000000001,,,0.0,0.0,,,12232734.7816,,,,1050001.2,,,,371930.0,763074.8775,354750.0,,,,,,14425100.0,,,,,169700.0,504200.0,,,,,,4334400.0,,,65200.0,0.0,0.0,1195350.0,28430100.0,108320.0,1019000.0,107999.99999999999,,673200.0,2281524.0,,,99000.0,,,,,582941.875,244320.0,,,,,,22342200.0,81914718.468,,,55000.0,,0.0,519799.99999999994,480250.0,6142297.2,,,,3080850.0,,119999.728,,53482069.44,,76699065.6,1972899.8255999999,3285000.0,,124800.0,93500.0,0.0,69960.0,,,,1590800.0,,18000.0,,,,4175.099999999999,,,,653875.0,78000.0,18700.0,,67920.0,328750.0,1234779.745,,,388240.0,4244500.0,,,,3505200.0,,180800.8136,,,,610500.0,,8082120.0,,,,,,,,,,,,,,,0.0,0.0,145500.0,,0.0,,27600.0,1159148.25,,,,164800.0,1488960.0,366331.0,101000.0,,55200.0,,,,1421159.8320000002,,,5040.0,,1457300.0,,,61950.0,,,,20260613.736,,,,,,,,,,,47278000.00000001,28750.0,,157300.0,,,,64500.0,3000000.0,722613450.0,,,,,,171258500.0,,,,5154770.824999999,,462500.0,1852491.875,430135.19,84700.0,,,253050.0,,1387491.12,1422000.0,,54001800.0,,28000.0
1999-11-30,,,,,39852000.0,,1904900.0,,11597584.7257,,61733.705933028155,,,,25000.0,3786280.0,5137500.0,,,,25239085.92,0.0,510750.0,0.0,,173199.59999999998,,,565500.0,,405900.0,,185000.0,272000.0,12700.0,,114700.0,223110.0,231500.0,,,,14299.8,,,,24966757.200000003,,98800.0,337500.0,45499.299999999996,,,37837855.202199996,24993.75,142800.0,,,,,,,585000.0001559999,,45000.0,1207453.7524,,,,,,,,,,72936.0,,,,,,,15537760.000000002,,,,,,59589.0,4851475.0,1328664.0,,,,,,,,,965484.0,,,,9385726.7117,,25000.015000000003,155700.0,,355500.0,,,,619988.9602,,,86400.0,,,0.0,0.0,,,3916165.1329,,,,812299.452,,,,120758.00000000001,339999.66000000003,575570.0,,,,,,12764800.0,,,,,53350.00000000001,5790400.0,,,,,,10468600.0,,,228800.0,0.0,0.0,1787500.0,3418275.0,60150.0,889200.0,37000.0,,2411750.0,709800.0,,,69800.0,,,,,208806.25,60052.50000000001,,,,,,15719700.0,20066830.872,,,,,0.0,164800.0,186100.0,5412856.8,,,,679212.5,,79899.27295000001,,36969518.0,,22631891.04,1952999.4792,50873150.0,,183100.0,2100000.0,0.0,139920.0,,,,722000.0,,21600.0,,,,190121.4,,,,77398325.0,84000.0,44000.0,,277340.0,160000.0,144920.25,,,176500.0,6893000.0,,,,1543800.0,,75000.03499999999,,,,342400.0,,7725200.0,,,,,,,,,,,,,,,0.0,0.0,750000.0,,0.0,,12600.0,203970.00000000003,,,,491600.0,403880.0,280500.0,10400.0,,260000.0,,,,1619188.032,,,3150.0,,1171230.0,,,43150.0,,10011770.0,,23347208.191999998,,,,,,,,,,,49458497.92,17600.0,,22650.0,,,,97550.0,15120000.0,736503300.0,,,,,,202487000.0,,,,3507116.9,,56950.0,1306793.0699999998,418220.5,146500.0,,,341999.99999999994,,3047521.1999999997,2556800.0,,24925120.0,,25000.0
1999-12-31,,,,,4099320.0,,12010900.0,,8344826.0984000005,,96340.89520019028,,,,35000.0,1604200.0,10948437.5,,,,40395863.808,0.0,989000.0,0.0,,331950.1,,,475000.0,,1224300.0,,85500.0,348500.0,135000.0,,143000.0,304800.0,4128150.0,,,,75499.5,,,,22634922.7,,40500.0,420000.0,28001.6,,,48884903.826000005,29992.5,161450.0,,,,,,,1469699.998965,,34800.0,1632709.1625,,,,,,,,,,183960.9,,,,,,,2185400.0,,,,,,73150.79999999999,700000.0,583892.0,,,,,,,,,127401.99999999999,,,,7486618.449999999,,34750.176,54000.0,,120000.0,,,,1170267.692,,,25000.0,,,0.0,0.0,,,12902640.0,,,,1007498.76,,,,21915.5,324262.57500000007,444620.0,,,,,,5414500.0,,,,,59200.0,457600.0,,,,,,2781300.0,,,109500.0,0.0,0.0,1854300.0,420000.0,34000.0,1288000.0,55500.0,,1231200.0,2160249.0,,,80000.0,,,112570.94,,134400.0,101118.75,,,,,,23763200.0,25960051.656,,,183650.0,,0.0,353100.0,93350.0,1024920.0,,,,136000.0,,91998.3218,,60776084.74,,15800349.6,3338348.508,20175000.0,,45500.0,63000.0,0.0,346302.0,,,,238000.00000000003,,10950.0,,,,46375.0,,,,93810000.0,2093000.0,217500.0,,,151500.0,718831.11,,,405380.0,4677750.0,,,,98300.0,,87000.0406,,,,153800.0,,3520000.0,,,,,,,,,,,,,,,0.0,0.0,87000.0,,0.0,,10000.0,54002.0,,,,80000.0,610020.0,455000.0,103000.0,,297000.0,,,,2881321.1459999997,,4501.488,9450.0,,1287600.0,,,20800.0,,1362700.0,,47191607.485,,,,,,,,,,,39309297.792,26000.0,,34450.0,,,,56999.99999999999,5810000.0,363222000.0,,,,,,203635950.0,,,,4448863.3,,26250.0,2310016.5,157506.3,30350.0,,,407100.0,,3632270.0399999996,1690000.0,,8485400.0,,38650.0
2000-01-31,,,,,1359816.24,,7683800.0,,27338546.5657,,263784.4940573627,,,,12000.0,3060200.0000000005,3152000.0,,,,42699726.72,0.0,567750.0,0.0,,1531121.12,,,346500.0,,202400.0,,119000.00000000001,275500.0,31250.0,,105190.0,517999.99999999994,399000.0,,107543789.955,,,,,,16919370.9,,53000.0,509200.0,63998.0,,,50907249.576,109976.25,153100.0,,,,,,,1095600.00066,,25800.0,1560446.5435,,,,,,,,,2472000.0,69518.53,,,,,,,4262500.0,,,,,,74780.5,777000.0,399840.0,,,,,,,,,310338.0,,,,5101239.0,,24374.8675,199800.0,,152800.0,,,,688499.5653,,,56000.00000000001,,,0.0,0.0,,,10858197.1426,,,,16275983.724000001,,,,11989.0,380016.0,666500.0,,,,,8228000.0,7795200.0,,,,,74400.0,1061030.0,,,,,,8115450.000000001,,,3256400.0,0.0,0.0,957000.0,4276850.0,45500.0,1077100.0,255500.0,,534750.0,2092655.25,,,117000.0,,,7899.9562000000005,,343633.75000000006,163439.99999999997,,,,,,62859000.0,18038896.919999998,,,161700.0,,0.0,505999.99999999994,288900.0,2547417.6,,,,125300.014,,28750.5396,,137261515.08,,20779401.060000002,3773248.1424000002,11245500.0,,24000.0,63000.0,0.0,94248.0,,,,123500.0,,17100.0,,,,19020.25,,,,34295000.0,1120000.0,50250.0,,826360.0,737000.0000000001,331668.00000000006,,,1510400.0,3090700.0,,,,431050.0,,204599.72280000002,,,,63800.0,,3562350.0,,,,,,,,,,,,,,,0.0,0.0,89700.0,,0.0,,22000.0,115009.37500000001,,,,24150.0,533745.0,553003.5,60050.0,,89920.0,,,,1736217.9648,,349993.2381,9600.0,,2130480.0,,,41600.0,,,,8027841.1620000005,,,,,,,,,,,29138402.303999998,18000.0,,18000.0,,,,43500.0,8400000.0,349575019.99999994,,,,,,170340000.0,,,,2362932.52,,586500.0,2541612.3550000004,742211.61,70350.0,,,90000.0,,33187304.784,581400.0,,17768200.0,,19200.0
2000-02-29,,,,,933300.0,,6729075.0,,30718043.5704,,366044.5622381906,,,,24500.0,5461020.0,700000.0,,,,54610716.384,0.0,540000.0,0.0,,945558.9,,,134600.0,,164000.0,,218500.0,908500.0,80400.0,,125000.0,314280.0,2591300.0,,105042167.02,,55998.0,,,,8218624.25,,24000.0,352800.0,106094.78,,,36015553.818900004,88481.25,165000.0,,,,,,,217000.00014,,41550.0,4092969.1751,,,,,,,,,2328150.0,99005.39,,,,,,,688200.0,,,,,,1878065.8,726525.0,145770.0,,,,,,,,,385128.00000000006,,,,5189409.5,,33450.126000000004,139200.0,,127750.0,,,,856545.811,,,17100.0,,,0.0,0.0,,,9172957.576100001,,,,8930775.762,,,,139470.0,343978.245,13708150.0,,,,,29474100.0,7878525.0,,,,,54000.0,382410.0,,,,,,15635900.0,,,22673250.0,0.0,0.0,10958262.5,1825900.0,11200.000000000002,802200.0,39191099.84,,3549250.0,314685.0,,,100000.0,,,16799.4834,,396183.75,248368.75,,,,,,34244350.0,5325971.904,,,24000.0,,0.0,3049620.0,1593820.0,1067281.7999999998,,,,619500.0,,78199.7431,,138634458.125,,10110702.42,2577350.5692,8802400.0,,15000.0,54600.0,0.0,33660.0,,,,290000.0,,24000.0,,,,15099.6,,,,11241512.5,408000.0,54500.0,,,6842400.0,112844.25,,,272000.0,7068600.0,,,,1537200.0,,400999.9895,,,,54400.00000000001,,2715750.0,,,,,,,,,,,,,,,0.0,0.0,171000.0,,0.0,,656600.0,55896.75,,,,85000.0,201600.0,340600.0,15400.0,,225680.0,,,,925184.6136,,232243.4076,6000.0,,15525780.0,,,12400.0,,,,7902274.9355,,,,,,,,,,,60529448.992,21600.0,,14300.000000000002,,,,24600.0,37380000.0,65501000.0,,,,,,187902625.0,,,,1186886.79,,306700.0,1313497.2249999999,225009.0,34500.0,,,67300.0,,167227867.764,107800.0,,6639340.0,,17500.0
2000-03-31,,,,,558622.7999999999,,3231800.0,,39266498.0906,,201339.03480887122,,,,23750.0,3970960.0,96125.0,,,,64752129.072000004,0.0,63800.0,0.0,,114704.84,,,3178700.0,,216000.0,,5776400.0,1730000.0,1357430.0,,190800.0,67150.0,3184500.0000000005,,55585695.74999999,,24999.0,,,,18223949.7,,86800.00000000001,594000.0,80724.82,,,18737490.27,12198.75,541800.0,,,,,,,1354500.000645,,17400.0,722401.6605,,,,,,,,,1757600.0,120996.2655,,,,,,,294000.0,,,,,,372331.95,1095350.0,144200.0,,,,,,,,,119624.99999999999,,,,6303950.399999999,,51000.48,220500.0,,117000.0,,,,180002.06100000002,,,79500.0,,,0.0,0.0,,,3756565.3758500004,,,,4391855.244,,,,6583237.0,98594.73,27181000.0,,,,,40694500.0,3378225.0,,,,,81600.0,114000.0,,,,,,3587040.0,,,36841350.0,0.0,0.0,1642562.5,1461600.0,88800.0,480000.0,80541400.0,,1300750.0,933660.0,,,100000.0,,,33002.424,,261500.0,76733.75000000001,,,,,,13785000.0,13540773.7301,,,,,0.0,1438500.0,448180.0,809374.7999999999,,,,14982000.0,,107798.3446,,78209396.75,,6368665.5,3331996.6679999996,13230000.0,,35000.0,36400.0,0.0,146652.0,,,,204600.0,,112500.0,,,,47434.05,,,,15371200.0,2010500.0,306000.0,,,7041100.0,41964.75,,,,2980000.0,,,,533800.0,,56999.712,,,,263000.0,,980100.0,,,,,,,,,,,,,,,0.0,0.0,75237.5,,0.0,,46400.0,22498.125,,,,81500.0,323050.0,263335.0,51300.0,,95700.0,,,,881023.9248000002,,200000.5938,20000.0,,8071200.0,,,27200.0,1435875.0,33082500.0,,9470407.892,,,,,,,,,,,39051398.144,20700.0,,22090.0,,,,12600.0,248040000.0,96611800.0,,,,,,96697200.0,,,,2455903.52,,173600.0,2170015.5,45019046.742,40000.0,,,382500.0,,255622500.0,24382400.000000004,,1263500.0,,57999.99999999999
2000-04-30,,,,,5926416.78,,4295925.0,,19962755.95605,,361686.88887821214,,,,7000.0,1050000.0,119250.0,,,,24095164.608000003,0.0,97050.0,0.0,,164999.40000000002,,,213900.0,,117000.0,,409750.0,1034500.0,358050.0,,54200.0,22110.0,1098550.0,,19167725.61,,14799.6,,,,3235400.0,,199800.0,615000.0,271418.39999999997,,,33571495.5044,83368.125,328000.0,,,,,,,676199.99931,,12000.0,571702.7930999999,,,,,,,,,592800.0,76998.83,,,,,,,52500.0,,,,,,36576.899999999994,588950.0,140400.0,,,,,,,,,236500.0,,,,3064641.9,,15500.02,13000.0,,7500.0,,,,821628.6312000001,,,13100.0,,,0.0,0.0,,,3494302.7421000004,,,,2173500.0,,,,521754.5,244197.72000000003,51035680.0,,,,,33737900.0,3802400.0,,,,,10000.0,355200.0,,,,,,8501600.0,,,6236750.0,0.0,0.0,519400.00000000006,236340.0,94020.0,375500.0,26241500.0,,892000.0,1251264.0,,,90000.0,,,,,121600.0,68100.0,,,,,,18986000.0,8586733.782000002,,,,,0.0,436600.0,121000.0,752193.0,,,,9882525.0,,9800.2332,,26039026.74,,6214919.399999999,3753375.1002,11254350.0,,12000.0,17750.0,0.0,81922.5,,,,352800.00000000006,,815200.0,,,,39999.0,,,,14521825.6125,412500.0,112500.0,,,708500.0,127372.5,,,3098250.0,4834080.0,,,,154000.0,,61962.3334,,,,189000.0,,2650950.0,,,,,,,,,,,,,,,0.0,0.0,707500.0,,0.0,,44550.0,15351.375,,,,51800.0,157790.0,665600.0,31200.0,,182100.0,,,,632323.2384,,332998.164,18400.0,,956410.0,,,118500.0,6099350.0,,,11159193.561999999,,,,,,,,,,,41721148.288,55000.0,,23920.0,,,,12300.0,13000000.0,22420200.0,,,,,,145564550.0,,,,303360.80000000005,,19200.0,1791994.4,4867279.3774999995,10000.0,,,42400.0,,88521794.214,1095900.0,,1031450.0,,16200.000000000002
2000-05-31,,,,,591620.88,,1043575.0,,25513956.73715,,273952.3985639792,,,,25000.0,720000.0,66250.0,,,,35141544.72,0.0,36650.0,0.0,,158401.32,,,810000.0,,10200.0,,312250.0,247000.0,71200.0,,50000.0,95700.0,257300.0,,37620555.120000005,,6000.0,,,,3401578.1,,22000.0,135000.0,138312.02,,,21274971.0162,9000.0,130700.0,,,,,,,862399.9991199999,,32500.0,1464327.442,,,,,,,,,280000.0,,,,,,,,93500.0,,,,,,25080.95,35500.0,67140.0,,,,,,,,,424028.0,,,,2162833.75,,161150.7205,62250.0,,66000.0,,,,235291.2254,,,18400.0,,,0.0,0.0,,,1749175.4617,,,,1890526.7999999998,,,,136457.0,107991.0,8490000.0,,,,,13633000.0,2290675.0,,,,,38000.0,1520000.0,,,,,,1428610.0,,,2142700.0,0.0,0.0,371250.0,250920.0,39220.0,76000.0,5982750.0,,644700.0,649136.25,,,250000.0,,,,,160000.0,36698.75,,,,,,24599100.0,2112381.48,,,,,0.0,397300.0,440000.0,274482.0,,,,3100860.0,,76800.40475,,54068967.1,,3139637.4,1157249.9641999998,8090150.0,,,42400.0,0.0,5869644.0,,,,22500.0,,401450.0,,,,4250.1,,,,8068100.0,245000.0,84500.0,,,215450.0,50809.5,,,436325.0,6010900.0,,,,118500.0,,50000.225,,,,100250.0,,2541500.0,,,,,,,,,,,,,,,0.0,0.0,487200.0,,0.0,,39600.0,22246.25,,,,80000.0,63240.0,306000.0,136250.0,,85000.0,,,,904977.6192000001,,914999.231,,,1228300.0,,,27000.0,25624650.0,,,12574040.138,,,,,,,,,,,25187351.648,150000.0,,,,,,14400.0,3660000.0,24497350.0,,,,,,167981500.0,,,,260749.361,,42450.0,1396509.975,5480291.88,5000.0,,,44000.0,,41464959.552,890600.0,,876299.9999999999,,
2000-06-30,,,,,258305.4,,1639950.0,,41394541.342,,197547.8589856904,,,,16000.0,1949240.0,37700.0,,,,30156000.0,0.0,51200.0,0.0,,110844.9,,,92000.0,,8250.0,,237500.0,590000.0,97500.0,,20200.0,157040.0,62900.0,,49317683.76,,10800.0,,,,10452487.4,,94600.0,126150.0,136404.4,,,17705072.947,29250.0,238700.0,,,,,,,1071000.0005100002,,9500.0,471258.36679999996,,,,,,,,,105000.0,,,,,,,,66000.0,,,,,,23364.8,12500.0,123420.0,,,,,,,,,178600.0,,,,1884720.05,,15100.054,210000.0,,61000.0,,,,511930.3791,,,4650.0,,,0.0,0.0,,,18418971.5808,,,,1946250.0,,,,5577915.0,196003.08000000002,5220400.0,,,,,10765000.0,8914550.0,,,,,207000.0,1920700.0,,,,,,1487400.0,,,308000.0,0.0,0.0,376375.0,1747079.9999999998,21600.0,120000.0,1058500.0,,427125.0,609966.0,,,45000.0,,,125791.68879999999,,221324.99999999997,95339.99999999999,,,,,,24825300.000000004,4218134.976000001,,,,,0.0,300300.0,225650.0,4784332.8,,,,1115100.0,,96498.164,,71939378.69,,23805959.400000002,830250.135,7905000.0,,,62250.0,0.0,,,,,537850.0,,159500.0,,,,14400.0,,,,4301250.0,607500.0,224000.0,,,71350.0,95548.5,,,150000.0,9014680.0,,,,188850.0,,164499.25799999997,,,,54000.0,,2566850.0,,,,,,,,,,,,,,,0.0,0.0,300000.0,,0.0,,130700.0,14502.3125,,,,142500.0,44000.0,254088.39999999997,54000.0,,144700.0,,,,707618.0736,,757959.3945,9000.0,,967379.9999999999,,,18000.0,25488600.0,,,10997993.655,,,,,,,,,,,31434298.303999998,50000.0,,51000.0,,,,3900.0,16460000.0,72235800.0,,,,,,96255600.0,,,,1335936.0,,20000.0,826800.7799999999,6081444.720000001,96000.0,,,89650.0,,7952618.712,189700.0,,1140800.0,,
2000-07-31,,,,,157992.0,,878850.0,,30167979.419,,429957.104851208,,,,22500.0,419720.0,15937.5,,,,24098833.8,0.0,56200.0,0.0,,142907.83999999997,,,19200.0,,49000.0,,96000.0,187500.0,58500.0,,4610.0,40800.0,248000.0,,27755520.0,,9600.0,,,,5682092.000000001,,48000.0,51000.0,39218.520000000004,,,10016634.9536,389775.0,1720500.0,,,,,,,322999.99985,,48800.0,288519.9915,,,,,,,,,124000.0,,,,,,,,126000.0,,,,,,25918.0,22500.0,49500.0,,,,,,,,,195216.0,,,,720649.8,,21375.068999999996,288000.0,,39000.0,,,,135004.6265,,,9000.0,,,0.0,0.0,,,6691828.0086,,,,933751.7999999999,,,,1710592.0,99204.88500000001,1857450.0,,,,,9500400.0,4472000.0,,,,,8500.0,1655500.0,,,,,,1653000.0,,,128300.0,0.0,0.0,4474800.0,1075000.0,15000.0,45000.0,157500.0,,414362.5,478800.0,,,154250.00000000003,,,390022.86699999997,,239653.125,65375.0,,,,,,7996650.0,1176030.9,,,4800.0,,0.0,145500.0,135800.0,1017159.0,,,,134520.0,,81002.3895,,41399309.07,,10309886.4,932200.632,7846650.0,,,72500.0,0.0,78993.75,,,,133800.0,,101950.0,,,,48812.5,,,,770125.0,1503000.0,636500.0,,,90050.0,890088.22,,,30550.0,4604240.0,,,,37000.0,,42500.04,,,,48500.0,,3022750.0,,,,,,,,,,,,,,,0.0,0.0,300000.0,,0.0,,56000.00000000001,12000.625,,,,98750.0,164880.0,280500.25,,,169050.0,,,,561479.5584,,49998.566399999996,17000.0,,461850.0,,,21000.0,22425000.0,,,17046506.619999997,,,,,,,,,,,18646651.584000003,26200.0,,,,,,69550.0,3400000.0,16781850.0,,,,,,58120600.0,,,,76339.20000000001,,14525.0,1377014.0250000001,892354.0575000001,50000.0,,,30500.0,,4417200.0,118100.0,,716800.0,,6750.0
2000-08-31,,,,,147000.0,,598500.0,,13092333.5052,,127825.0852260344,,,,12500.0,120000.0,6500.0,,,,17055528.72,0.0,40000.0,0.0,,37094.45,,,140400.0,,29250.0,,46250.0,111000.0,39200.0,,41400.0,153000.0,128100.0,,33620380.0,,4999.5,,,,1973549.5,,64500.0,41020.0,37351.600000000006,,,42584510.6875,,98600.0,,,,,,,798999.99949,,50000.0,253817.52639999997,,,,,,,,,80000.0,9000.49,,,,,,,159000.0,,,,,,19932.0,13799.999999999998,47480.0,,,,,,,,,424585.0,,,,1311313.95,,49249.96000000001,16000.0,,12000.0,,,,59321.48255,,,12000.0,,,0.0,0.0,,,2481966.0752999997,,,,599888.0819999999,,,,3559680.0,71502.21,8620920.0,,,,,3390750.0,4290000.0,,,,,39000.0,321500.0,,,,,,1759500.0,,,234000.0,0.0,0.0,4248937.5,685950.0,27000.0,12000.0,404750.0,,588950.0,318696.0,,,24000.0,,,13999.46955,,32951.875,78643.75,,,,,,16649100.0,623391.384,,,12000.0,,0.0,92999.99999999999,116400.0,497101.8,,,,127800.0,,92748.88579999999,,55342219.4,,2057951.9999999998,934149.843,9343800.0,,,2164050.0,0.0,28437.75,,,,34000.0,,193799.99999999997,,,,13500.0,,,,438750.0,138000.0,39000.0,,,105000.0,143910.0,,,26150.0,1241600.0,,,,39000.0,,42750.3285,,,,81975.0,,3485000.0,,,,,,,,,,,,,,,0.0,0.0,150450.0,,0.0,,36000.0,11249.875,,,,70000.0,190580.0,90173.0,12100.0,,41500.0,,,,378669.6,,48999.6032,,,344800.0,,,16500.0,23020200.0,,,5676201.124,,,,,,,,,,,12632701.632,9200.0,,20000.0,,,,94500.0,8930000.0,11220450.0,,,,,,92512000.0,,,,71171.055,,46500.0,1000991.3375,2397573.36,100000.0,,,33000.0,,5568767.82,71250.0,,280800.0,,18900.0
2000-09-30,,,,,113994.0,,359750.0,,23155939.2454,,169949.26103915996,,,,11600.0,1167360.0,2761250.0,,,,23062200.0,0.0,36000.0,0.0,,61444.62000000001,,,34500.0,,60000.0,,39000.0,36000.0,39000.0,,19000.0,106700.0,104000.0,,40117280.0,,8001.0,,,,2382941.0,,155000.0,444000.00000000006,148827.8,,,26714028.6144,5501.25,37000.0,,,,,,,274099.99988250004,,39200.0,1182906.5507999999,,,,,,,,,80000.0,21601.176,,,,,,,272700.0,,,,,,31575.0,47700.0,13330.0,,,,,,,,,250217.0,,,,1393841.4,,67999.57,12000.0,,86800.0,,,,215997.544,,,23400.0,,,0.0,0.0,,,2415429.375,,,,5528990.88,,,,4858245.0,83000.0,44021600.0,,,,,3123400.0,2765700.0,,,,,4042500.0,888000.0,,,,,,3471000.0,,,66700.0,0.0,0.0,2551900.0,210000.0,31200.0,19500.0,325500.0,,570000.0,898243.5,,,39520.0,,,5300.570900000001,,76593.75,27877.5,,,,,,9481050.0,547220.5199999999,,,40000.0,,0.0,186150.0,135800.0,275402.4,,,,173840.0,,94524.51449999999,,63883288.92,,2117224.8,4092601.4359999998,7295600.0,,,8300.0,0.0,33775.5,,,,48000.0,,159300.0,,,,5333.2,,,,986000.0,100500.0,42000.0,,,50500.0,91163.25,,,,3212840.0,,,,70200.0,,216287.57864999998,,,,46800.0,,8034550.0,,,,,,,,,,,,,,,0.0,0.0,129600.0,,0.0,,20400.0,93193.75,,,,35000.0,135800.0,94666.0,9600.0,,164000.0,,,,504892.8,,34998.1236,,,151320.0,,,11000.0,23721500.0,6796800.0,,8295689.842,,,,,,,,,,,14910351.456,3400.0000000000005,,14500.0,,,,57000.0,3400000.0,10032900.0,,,,,,90131100.0,,,,29285.28,,15300.0,754605.39,467242.125,81000.0,,,39200.00000000001,,3441750.0,140100.0,,90800.0,,
2000-10-31,,,,,45003.6,,614075.0,,18050166.1399,,288913.74376657186,,,,5000.0,198400.0,15454487.5,,,,27815326.380000003,0.0,62500.0,0.0,,55995.2,,,48300.0,,90000.0,,51500.0,52600.0,70200.0,,32300.0,85200.0,78000.0,,30318850.0,,,,,,606770.5,,66000.0,153780.0,103876.08,58450.0,,17509071.9342,99975.0,39000.0,,,,,,,52500.000025,,,710261.17065,,,,,,,,,66000.0,10999.6605,,,,,,,168000.00000000003,,,,,263350.0,14580.6,12000.0,74510.0,,,,,,,,,309092.0,,,,1042463.5,,5000.003000000001,10000.0,,,,,,642412.7776,,,28000.0,,,0.0,0.0,,,4106699.6552999998,,,,1303102.5119999999,,,,494400.0,219900.0,288200.0,,,,,1492150.0,5640400.0,,,,,140000.0,2053200.0,,,,,,372000.0,,,110000.0,0.0,0.0,447162.5,288800.0,39000.0,36750.0,149400.0,,1357000.0,987840.0,,,26000.0,,,5000.2284,,46020.0,40080.0,,,,,,12917850.0,319218.24,,,350000.0,,0.0,206999.99999999997,35250.0,160524.0,,,,45150.0,,18000.492299999998,,49165591.949999996,,5200032.6,909299.5449999999,11429350.0,,,24050.0,0.0,23463.0,,,,14500.0,,176699.99999999997,,,,12458.5,,,,469775.0,43800.0,45600.0,,,73200.0,182735.94499999998,,,11700.0,2370600.0,,,,21850.0,,2461544.94465,,,,17500.000000000004,,2768300.0,,,,,,,,,,,,,,,0.0,0.0,195000.0,,0.0,,49300.0,137548.125,,,,105000.0,9860.0,161333.0,42500.0,,90100.0,,,,464501.376,,440301.77129999996,75000.0,,156000.0,,,4900.0,24114125.0,,,4531950.290999999,,,,,,,,,,,57520598.72,9200.0,,,,,,100000.0,1575000.0,5046890.0,,,,,,127515200.0,,,,275852.5,,11250.0,2093728.9275,77831.36249999999,105600.0,,,19200.0,,2211191.2800000003,57050.0,,228000.0,,
2000-11-30,,,,,79647.0,,13161400.0,,44278942.1657,,294578.7191345435,,,,5300.0,220500.0,6089600.0,,,,35953605.0,0.0,157800.0,0.0,,121509.9,,,149650.0,,51000.0,,30000.0,45000.0,34400.0,,28000.0,189960.0,40000.0,,16548650.0,,,,,,494180.0,,92700.0,170030.0,25650.9,45000.0,,14446346.190200001,,47200.0,,,,,,,150199.9999885,,7150.0,1353663.9967999998,,,,,,,,,25000.0,15800.324,,,,,,,21000.0,,,,,62300.0,25259.999999999996,18025.0,53320.0,,,,,,,,,87530.0,,,,316384.55000000005,,28800.12,14000.000000000002,,,,,,561016.8979999999,,,7400.0,,,0.0,0.0,,,3313763.7894,,,,2414250.0,,,,109476.5,103200.0,897312.0,,,,,1102700.0,2745000.0,,,,,41450.0,2724400.0,,,,,,203550.0,,,169400.0,0.0,0.0,2004743.75,257500.0,39000.0,35000.0,649000.0,,2606650.0,1421910.0000000002,,,68400.0,,,19205943.2344,,23804.0,31262.0,,,,,,20331100.0,3463226.3064,,,11900.0,,0.0,69600.0,31500.0,24437.4,,,,69000.0,,47001.2274,,25678013.325,,6289218.0,2661001.1835000003,8950425.0,,,53300.0,0.0,46173.600000000006,,,,30000.0,,21200.0,,,,12500.0,,,,587600.0,75900.0,23500.0,,,432000.0,100737.0,,,62500.0,727920.0,,,,8000.0,,23000.042999999998,,,,10000.0,,863575.0,,,,,,,,,,,,,,,0.0,0.0,121800.0,,0.0,,3200.0,96811.0,,,,30000.0,,12774839.999999998,33000.0,,110200.0,,,,236701.44,,727402.5697999999,,,224750.00000000003,,,25450.0,21971950.0,,,29801376.5665,,,,,,,,,,,29229299.200000003,14000.0,,,,,,137000.0,3725000.0,7124850.0,,,,,,132059500.0,,,,38007.25,,15000.0,73099.405,85250.0,58500.0,,,181450.0,,2100016.8,273000.0,,626800.0,,
2000-12-31,,,,,4899.6,,8563050.0,,20331314.00625,,247152.70740011183,,,,27000.0,65000.0,13114456.25,,,,15675125.399999999,0.0,39600.0,0.0,,23502.5,,,250200.0,,24000.0,,22000.0,9200.0,50400.00000000001,,73250.0,52020.0,69300.0,,20019230.0,,,,,,987456.0,,12375.0,184920.0,118998.0,128700.00000000001,,8154760.12235,5100.0,16000.0,,,,,,,391449.9993415,,4000.0,2684417.2928000004,,,,,,,,,25000.0,,,,,,,,10550.0,,,,,22450.0,11973.0,33700.0,58800.0,,,,,,,,,68789.0,,,,1378997.2,,50000.030000000006,10000.0,,147000.0,,,,624036.72,,,44500.0,,,0.0,0.0,,,3454499.454,,,,2490787.5,,,,146010.0,54950.0,386000.0,,,,,514375.0,4815350.0,,,,,61200.00000000001,1808850.0,,,,,,137650.0,,,47500.0,0.0,0.0,5713062.5,629200.0,41500.0,35500.0,75000.0,,1607600.0,531930.0,,,49500.0,,,24001.3488,,21640.0,44702.0,,,,,,6269400.0,313533.0,,,,,0.0,39150.0,72000.0,83616.0,,,,38900.0,47090.0,43501.509,,32220917.995,,1954435.1999999997,345574.757,9502725.0,,,,0.0,,,,,54500.0,,40900.00000000001,,,,25000.0,,,,233425.0,71400.0,16800.0,,,125999.99999999999,27204.75,,,,1031000.0,,,,54400.0,,19312.5075,,,,30000.0,,528875.0,,,,,,,,,,,,,,,0.0,0.0,194975.0,,0.0,,15750.0,390136.5,,,,36000.0,,932519.9999999999,8400.0,,87600.0,,,,179468.352,,417002.9175,25000.0,,261600.0,,,29900.000000000004,31108450.0,,,24233020.0035,,,,,,,,,,,18160000.0,6950.0,,35000.0,,,,48800.0,1875000.0,17262020.0,,,,,,71129975.0,,,,36831.649999999994,,25000.0,26400.09,58800.0,60000.0,,,60000.0,,1251006.3,254800.0,,79500.0,,36450.0
2001-01-31,,,,,40597.2,,3249000.0,,21249849.9864,,116204.62293275922,,,,11400.0,409230.0,19356.25,,,,75215542.8,0.0,69350.0,0.0,,97207.92,,,231000.0,,63450.0,,40500.0,69000.0,75600.0,,15000.0,118800.00000000001,55000.00000000001,,25713900.0,,,,,,522421.0,,16000.0,242520.0,152492.56,25200.0,,24589074.5262,119760.0,52300.0,,,,,,,152099.9999475,,213200.0,3178386.04815,,,,,,,,,60000.0,,,,,,,,175500.0,,,,,48500.0,83358.0,18000.0,226250.0,,,,,,,,,368197.0,,,,9839641.5,,14400.06,50000.0,,97500.0,,,,1691096.99685,,,19500.0,,,0.0,0.0,,,18363978.8,,,,2518624.584,,,,208766.0,181300.0,704000.0,,,,,913500.0,5228775.0,,,,,20000.0,979999.9999999999,,,,,,719050.0,,,375000.0,0.0,0.0,1910243.75,592900.0,53050.0,49000.0,394800.0,,4463700.0,977161.4999999999,,,34000.0,,,62193.796800000004,,21810.0,19922.0,,,,,,20522825.0,249638.4,,,20000.0,,0.0,177300.0,180000.0,73164.0,,,,145800.0,35880.0,79998.7426,,37613116.97,,6826677.0,1798600.782,5312225.0,,,8000.0,0.0,232402.5,,,,160000.0,,108000.0,,,,37500.0,,,,682125.0,90900.0,146500.0,,,159000.0,19980.0,,,150000.0,7897190.0,,,,105400.0,,21999.978,,,,492500.0,,2952225.0,,,,,,,,,,,,,,,0.0,0.0,223500.0,,0.0,,54000.0,350418.25,,,,64150.0,,797296.6499999999,26000.0,,94000.0,,,,162517.34159999999,,45300.8602,35000.0,,2205450.0,,,169600.0,17634550.0,,,6173920.3515,,,,,,,,,,,94898649.02399999,19500.0,,,,,,96000.0,21840000.0,4206600.0,,,,,,120871225.0,,,,304308.48,,25000.0,85499.28,164000.0,99100.0,,,36000.0,,3782177.16,171500.0,,726350.0,,8600.0
2001-02-28,,,,,34200.0,,662300.0,,9776543.86545,,35297.15421582553,,,,39500.0,472530.0,9968.75,,,,59126332.14,0.0,40000.0,0.0,,30797.36,,,496800.0,,,,42000.0,137500.0,52000.0,,9200.0,338800.0,155400.0,,9976860.0,,,,,,1505399.0,,107500.0,203300.0,129998.0,7650.0,,16139315.476400001,35006.25,66250.0,,,,,,,50400.00009,,549400.0,364633.64095,,,,,,,,,90000.0,,,,,,,,154250.0,,,,,25800.0,12629.999999999998,75500.0,66780.0,,,,,,,,,487749.5,,,,2802808.75,,30549.8375,105000.0,,,,,,1891130.0703000003,,,20000.0,,,0.0,0.0,,,15911566.25325,,,,4998075.294,,,,346902.0,58500.0,249540.0,,,,,533775.0,7752400.0,,,,,41500.0,1462000.0,,,,,,4345320.0,,,95700.0,0.0,0.0,380506.25,131200.0,37500.0,19500.0,150000.0,,1981925.0,2275612.5,,,28600.0,,,2314337.4982,,63277.5,31738.0,,,,,,7369050.0,991267.2000000001,,,42000.0,,0.0,241799.99999999997,320849.99999999994,54990.0,,,,144600.0,17000.0,116999.31825,,13421240.594999999,,4442149.800000001,760724.3655000001,5497400.0,,,13300.0,0.0,244975.5,,,,20750.0,,315900.0,,,,17999.55,,,,535500.0,121000.0,315000.0,,,134900.0,37377.0,,,,7724790.0,,,,38500.0,,128249.53349999999,,,,81000.0,,3166600.0,,,,,,,,,,,,,,,0.0,0.0,207800.0,,0.0,,31400.0,28603.25,,,,53250.0,161160.0,307664.5,17000.0,,67200.0,,,,483778.56960000005,,2800069.4136,,,896000.0,,,100000.0,12901950.0,98327900.00000001,,5786447.7165,,,,,,,,,,,52920147.744,19200.0,,14000.0,,,,12000.0,4185000.0,4483800.0,,,,,,45545025.0,,,,167540.94,,17100.0,392002.8,229850.0,60000.0,,,48400.0,,14508540.719999999,78700.0,,464500.0,,44100.0
2001-03-31,,,,,28500.0,,659850.0,,8872111.6209,,150049.21936192477,,,,31500.0,965520.0,12350.0,,,,26026256.340000004,0.0,13200.0,0.0,,30547.72,,,108750.0,,30000.0,,74000.0,55000.0,25900.0,,43100.0,226800.00000000003,106350.0,,14485280.0,,,,,,1325059.5,,13800.0,93660.0,25361.16,13450.0,,12927918.885,60000.0,39700.0,,,,,,,21000.00001,,68750.0,279696.821,,,,,,,,,148500.0,98597.593,,,,,,,47300.0,,,,,17000.0,9061.75,25500.0,26790.0,,,,,,,,,216086.0,,,,1287105.2999999998,,,42000.0,,,,,,868765.728,,,20000.0,,,0.0,0.0,,,21858161.6287,,,,3254368.6500000004,,,,109344.0,74200.0,342600.0,,,,,794100.0,1800900.0,,,,,70400.0,321900.0,,,,,,3127500.0,,,61000.0,0.0,0.0,543600.0,31800.0,51000.0,76500.0,102500.0,,1991025.0,740701.5,,,71200.0,,,4400.1757,,67072.0,82862.5,,,,,,10589800.0,225731.88,,,7250.0,,0.0,111599.99999999999,92999.99999999999,27775.800000000003,,,,52750.0,85880.0,45600.8292,,19787248.555,,1598734.2,429375.38600000006,6163650.0,,,,0.0,97371.45,,,,73800.0,,191700.0,,,,26666.0,,,,112350.0,41200.0,73400.0,,,96000.0,18981.0,,,,3936690.0,,,,13350.0,,33799.9948,,,,136000.0,,4805800.0,,,,,,,,,,,,,,,0.0,0.0,378250.0,,0.0,,25900.0,16003.0,,,,48000.0,23020.0,125200.5,42000.00000000001,,91000.0,,,,218980.944,,25597.801199999998,,,237300.0,,,55100.0,3738350.0,,,2180075.4910000004,,,,,,,,,,,17511100.992,16000.0,,455000.0,,,,32800.0,11200000.0,2618400.0,,,,,,52364950.0,,,,478946.04000000004,,28000.0,455246.015,122975.0,147000.0,,,8325.0,,8745284.16,22000.0,,123100.0,,
2001-04-30,,,,,18000.0,,891650.0,,11404425.02265,,63912.542613017366,,,,3500.0,2262000.0,12375.0,,,,18108344.52,0.0,,0.0,,51304.18,,,56500.0,,,,18000.0,23000.0,52000.0,,18000.0,64400.0,129750.0,,15907715.0,,,,,,2677200.0,,4600.0,125800.0,20139.24,14000.0,,11677982.0256,45000.0,59350.0,,,,,,,11999.999968,,31500.0,355756.336,,,,,,,,,252000.0,734382.072,,,,,,,388500.0,,,,,27200.0,6223.25,14000.0,25080.0,,,,,,,,,126880.0,,,,584944.05,,,16000.0,,,,,,290693.2062,,,29550.000000000004,,,0.0,0.0,,,11921397.6893,,,,2097051.804,,,,65892.0,21800.0,414000.0,,,,,194520.0,5475000.0,,,,,24000.0,147200.0,,,,,,4440690.0,,,23100.0,0.0,0.0,134200.0,2800.0000000000005,34000.0,15000.0,36300.0,,5515312.5,1413300.0,,,,,,2199.7399,,26919.0,4396.0,,,,,,17515750.0,79497.0,,,,,0.0,43500.0,26100.0,15912.0,,,,24300.0,24300.0,39601.71,,22313584.884999998,,1951035.0,1578351.115,5541350.0,,,,0.0,68310.0,,,,14700.0,,47250.0,,,,,,,,88000.0,37800.0,12600.0,,,30000.0,,,,,3220320.0,,,,152000.0,,12999.998,,,,12000.0,,846300.0,,,,,,,,,,,,,,,0.0,0.0,135000.0,,0.0,,18600.0,41643.875,,,,,,,120000.0,,38000.0,,,,793799.7696,,,,,313900.0,,,27000.0,4534275.0,,,818249.3714999999,,,,,,,,,,,29751451.104000002,7200.0,,4200.0,,,,55500.00000000001,7000000.0,535000.0,,,,,,53859000.0,,,,118593.09000000001,,2500.0,463494.85,62100.0,99000.0,,,21600.0,,4702919.4,21600.0,,180900.0,,
2001-05-31,,,,,51097.2,,432000.0,,8474934.5487,,63912.542613017366,,,,16800.0,1080540.0,20300.0,,,,18737733.84,0.0,34000.0,0.0,,135228.25,,,18000.0,,57999.99999999999,,22000.0,15000.0,30000.0,,41500.0,211350.0,40400.0,,25547220.0,,,,,,515584.5,,18700.0,148000.0,32858.76,9000.0,,48040804.8225,18000.0,8250.0,,,,,,,51000.00015,,20500.0,781532.7222500001,,,,,,,,,36000.0,,,,,,,,129400.0,,,,,78800.0,11972.5,31900.0,68650.0,,,,,,,,,94825.5,,,,938693.25,,96600.777,16000.0,,,,,,237448.3072,,,56000.0,,,0.0,0.0,,,9478986.4092,,,,3899393.5680000004,,,,60165.0,63200.0,2767400.0,,,,,313200.0,3144000.0,,,,,51900.0,409800.0,,,,,,15189360.0,,,25200.0,0.0,0.0,192000.0,26100.0,42500.0,4200.0,32000.0,,2785750.0,343140.0,,,,,,,,106500.0,110300.0,,,,,,3688500.0,73750.38,,,2000.0,,0.0,62999.99999999999,49500.0,119808.0,,,,42500.0,8100.000000000001,87498.6528,,35925508.02,,705744.0,1965599.0640000002,5846400.0,,,,0.0,40774.8,,,,5850.0,,52800.0,,,,30625.0,,,,68975.0,29400.0,21000.0,,,155700.0,20970.0,,,,8648800.0,,,,25700.0,,4437.4935000000005,,,,11250.0,,3735000.0,,,,,,,,,,,,,,,0.0,0.0,26550.0,,0.0,,17400.0,97500.0,,,,178120.0,,296714.5,18000.0,,108000.0,,,,250550.9424,,,20000.0,,184700.0,,,4900.0,6943300.0,19350000.0,,1585300.0,,,,,,,,,,,29747600.0,4850.0,,5600.000000000001,,,,234950.0,3000000.0,299250.0,,,,,,47755500.0,,,,96873.82500000001,,21600.0,386995.69999999995,55275.0,60000.0,,,17000.0,,3998962.8,25650.0,,158000.0,,
2001-06-30,,,,,81501.6,,308525.0,,7697807.2236,,76840.30691428678,,,,67600.0,1906740.0000000002,16875.0,,,,25152801.840000004,0.0,30300.0,0.0,,1728453.64,,,36000.0,,52000.0,,60500.0,46000.0,47250.0,,32500.0,72000.0,40280.0,,44018470.0,,,,,,1281759.5,,59750.0,78100.0,30597.600000000002,63600.0,,21086470.6119,,42450.0,,,,,,,58249.999863000005,,7600.0,934829.0844,,,,,,,,,66000.0,263996.678,,,,,,,150000.0,,,,,8000.0,2189412.6,29350.0,156600.0,,,,,,,,,314056.0,,,,2265980.7,,25999.93,42000.0,,,,,,295689.71030000004,,,18150.0,,,0.0,0.0,,,9424217.2901,,,,7006119.894,,,,200550.0,59100.0,816112.0,,,,,576600.0,4075650.0,,,,,686250.0,3540300.0,,,,,,35448575.0,,,81700.0,0.0,0.0,101100.0,57000.0,60000.0,12600.0,22800.0,,2331912.5,308621.24999999994,,,,,,13799.58375,,107800.0,58456.0,,,,,,19140300.0,92502.96,,,12000.0,,0.0,125999.99999999999,322800.0,79438.944,,,,608500.0,23700.0,46501.532999999996,,34347638.825,,1602384.0,1275850.323,4892925.0,,,335100.0,0.0,172111.5,,,,16100.0,,57150.0,,,,28875.0,,,,250650.0,36200.0,42000.0,,,173150.0,,,,9750.0,25681880.0,,,,132450.0,,14212.478500000001,,,,21000.000000000004,,1282600.0,,,,,,,,,,,,,,,0.0,0.0,132000.0,,0.0,,36300.0,345960.875,,,,38400.0,295200.0,79466.9,50000.0,,87000.0,,,,102545.4816,,57912400.596,6000.0,,247500.0,,,8400.0,8846425.0,13755000.0,,1479325.0,,,,,,,,,,,21744100.0,4850.0,,6000.0,,,,69000.0,16800000.0,1182600.0,,,,,,75780625.0,,,,87249.86,,51000.0,334997.99000000005,73800.0,50000.0,,,7500.0,,4227957.720000001,12450.0,,56100.0,,
2001-07-31,,,,,189306.0,,156025.0,,7172872.98985,,69722.77375965529,,,,12700.0,559660.0,5000.0,,,,12145050.0,0.0,47450.0,0.0,,135018.9,,,39100.0,,32900.0,,49250.0,24200.0,92500.0,,48000.0,128000.0,59740.0,,9791935.0,,,,,,2121631.5,,80825.0,72960.0,9200.4,10000.0,,13687532.593199998,4500.0,15000.0,,,,,,,18199.999961,,39000.0,903875.2758000001,,,,,,,,,222000.0,,,,,,,,292150.0,,,,,8800.0,1238162.0,20800.0,36920.0,,,,,,,,,118610.5,,,,766108.15,,34800.252,25000.0,,45500.0,,,,113997.6084,,,42000.0,,,0.0,0.0,,,2543526.4351500003,,,,11193613.991999999,,,,32386.0,84200.0,354832.0,,,,,173200.0,2063600.0,,,,,22500.0,440400.0,,,,,,5989220.0,,,180400.00000000003,0.0,0.0,64006.25,19500.0,46970.0,33000.0,163400.0,,1650000.0,285600.0,,,880000.0,,,43004.619000000006,,132048.0,35366.0,,,,,,10047320.0,74197.85999999999,,,12250.0,,0.0,224999.99999999997,468000.0,148909.8,,,,2564790.0,49200.0,162000.9853,,7694007.09,,738502.8,398650.252,4276450.0,,,1900.0,0.0,23899144.5,,,,4900.0,,95200.0,,,,52000.0,,,,179950.0,79200.0,59800.0,,,140800.0,,,,,4837720.0,,,,31200.0,,6000.027,,,,14000.000000000002,,718900.0,,,,,,,,,,,,,,,0.0,0.0,210000.0,,0.0,,17100.0,243997.8125,,,,46750.0,4750060.0,336002.39999999997,72000.0,,52800.0,,,,110562.8544,,25997.351599999998,,,89300.0,,,43400.00000000001,12622025.0,,,3317075.0,,,,,,,,,,,9374402.016,10000.0,,3100.0,,,,42000.0,32590000.0,575500.0,,,,,,32432025.0,,,,73975.48,,9500.0,21899.91,19375.0,50000.0,,,54250.0,,1054699.62,1036800.0,,148800.0,,
2001-08-31,,,,,27998.4,,322000.0,,8177745.44285,,75533.00490629325,,,,7000.000000000001,378840.0,6737.5,,,,26184000.0,0.0,157850.0,0.0,,202492.8,,,,,90000.0,,22000.0,20300.0,52500.0,,17500.0,33000.0,39000.0,,11596200.0,,90000.0,,,,1080000.0,,295250.0,33400.0,54001.200000000004,15000.0,,7791139.415,13500.0,29700.0,,,,,,,29999.99992,,14800.0,1274465.6694,,,,,,,,,664000.0,68305.9975,,,,,,,1833750.0,,,,,6000.0,1098444.8,18900.0,5200.0,,,,,,,,,74799.0,,,,249711.0,,43150.318,,,,,,,43999.271499999995,,,14600.0,,,0.0,0.0,,,2676588.7720000003,,,,4758906.563999999,,,,7866.0,22000.0,927744.0,,,,,160450.0,295800.0,,,,,46200.0,561440.0,,,,,,1729000.0,,,99750.0,0.0,0.0,36300.0,31899.999999999996,34200.0,16800.0,48000.0,,1542875.0,273283.5,,,,,,48505.455,,33898.0,100550.0,,,,,,3928460.0,215592.96,,,26250.0,,0.0,15600.0,186200.0,224589.3,,,,1123200.0,24000.0,66299.14480000001,,9077126.58,,806758.7999999999,864501.33,2777575.0,,,13000.0,0.0,50534.55,,,,407000.0,,94000.0,,,,,,,,132000.0,11000.0,44000.0,,,28500.0,7087.5,,,,2628080.0,,,,34500.0,,26125.0495,,,,,,23966000.0,,,,,,,,,,,,,,30500.0,0.0,0.0,73750.0,,0.0,,42500.0,49901.3125,,,,69000.0,1081200.0,93266.25,30000.0,,131400.0,,,,111891.98879999999,,12998.675799999999,,,31500.0,,,5800.0,3241450.0,,,2386200.0,,,,,,,,,,,15359400.0,7800.0,,3100.0,,,,14250.0,10475000.0,267000.0,,,,,,51782250.0,,,,91353.75,,,475104.21499999997,42900.0,50000.0,,,38000.0,,1084813.56,39600.0,,109200.00000000001,,75000.0
2001-09-30,,,,,54896.399999999994,,386750.0,,13537950.900199998,,45900.82605843973,,,,10000.0,375960.0,4800.0,,,,45349444.739999995,0.0,20000.0,0.0,,61604.200000000004,,,12000.0,,43000.0,,55000.0,45000.0,15000.0,,21000.0,110000.00000000001,17000.0,,7858265.0,,,,,,234000.0,,80075.0,36800.0,21001.199999999997,15750.0,,23164699.3895,22500.0,30000.0,,,,,,,29999.99992,,54000.0,426608.47500000003,,,,,,,,,455000.0,,,,,,,,554400.0,,,,,67100.0,180182.1,9850.0,15600.0,,,,,,,,,45403.5,,,,283281.80000000005,,48000.2,6500.0,,,,,,72246.0521,,,3450.0,,,0.0,0.0,,,1920703.7734,,,,3622619.598,,,,224694.0,76200.0,1728000.0,,,,,118700.0,650000.0,,,,,5000.0,121979.99999999999,,,,,,1192950.0,,,32500.0,0.0,0.0,232500.00000000003,6200.0,12740.0,23000.0,59400.0,,649000.0,156072.0,,,,,,72499.26415,,41160.0,103688.0,,,,,,4720100.0,186304.13999999998,,,6000.0,,0.0,,45000.0,47998.08,,,,203350.0,39000.0,64050.641650000005,,6161611.655,,1062688.8,952764.054,2643525.0,,,7600.0,0.0,36889.875,,,,10500.0,,39400.0,,,,,,,,60600.0,11100.0,18000.0,,,8000.0,32850.0,,,5000.0,2640480.0,,,,21000.0,,2199.9978,,,,,,4971400.0,,,,,,,,,,,,,,12500.0,0.0,0.0,111150.0,,0.0,,12600.0,85800.0,,,,130000.0,528750.0,88000.0,36000.0,,125500.0,,,,151987.9968,,,,,44300.0,,,3200.0,2593300.0,,,2947975.0,,,,,,,,,,,26350100.96,7500.0,,,,,,35750.0,7125000.0,424950.0,,,,,,50578712.5,,,,80750.53,,3599.9999999999995,566697.69,38250.0,38000.0,,,39600.0,,548990.64,28000.0,,75250.0,,
2001-10-31,,,,,19598.4,,175950.0,,13405484.9605,,67979.7044156639,,,,3900.0,140000.0,3062.5,,,,22505990.64,0.0,1500.0,0.0,,115463.23999999999,,,7000.000000000001,,28600.0,,18400.0,4800.0,49500.0,,18100.0,24200.0,32400.0,,9487800.0,,,,,,73710.0,,32000.0,68400.0,12799.6,28250.0,,37533607.318399996,8002.5,25000.0,,,,,,,19999.999965000003,,28000.000000000004,1634507.6105,,,,,,,,,52500.0,,,,,,,,169000.0,,,,,,361433.6,1300.0,20400.0,,,,,,,,,65250.0,,,,795662.0,,49499.912,9000.0,,,,,,31497.588,,,15900.0,,,0.0,0.0,,,5439276.382,,,,2277003.96,,,,56880.0,31600.0,8748448.0,,,,,142000.0,129250.0,,,,,12500.0,155680.00000000003,,,,,,1901340.0,,,16500.0,0.0,0.0,255600.0,50500.0,14250.0,10200.0,26850.0,,1096500.0,629160.0000000001,,,,,,79967.8251,,37840.0,78400.0,,,,,,4268800.0,99990.0,,,27000.0,,0.0,77000.0,70500.0,130749.06,,,,56000.0,7500.0,71176.08535,,7518180.41,,744537.6,482299.576,1470600.0,,17726940.0,134000.0,0.0,69960.0,,,,3000.0,,38400.0,,,,,,,,33375.0,15000.0,23200.0,,,13000.0,,,,,3821279.9999999995,,,,18200.0,,33315.0268,,,,,,2237200.0,,,,,,,,,,,,,,,0.0,0.0,29000.0,,0.0,,13600.000000000002,8399.625,,,,122200.0,333680.0,72533.9,21000.0,,176750.0,,,,91375.236,,6502.1748,,,52500.0,,,20000.0,10263000.0,,,3713000.0,,,,,,,,,,,19639201.792,22500.0,,,,,,,6800000.0,301000.0,,,,,,40413000.0,,,,39015.25,,1588000.0,168099.18,128000.0,40000.0,,,15000.0,,490591.07999999996,15750.0,,17500.0,,
2001-11-30,,,,,56802.0,,155925.0,,43101999.076799996,,101243.27773016639,,,,155000.0,284200.0,6375.0,,,,42381975.0,0.0,32500.0,0.0,,91987.6,,,14000.000000000002,,44000.0,,62000.0,16500.0,11000.0,,30250.0,19000.0,45000.0,,23657820.0,,,,,,153909.0,,39900.0,95000.0,14998.5,4000.0,,17844888.5901,34987.5,60000.0,,,,,,,55999.99988,,7500.0,612793.9675,,,,,,,,,96000.0,8000.904750000001,,,,,,,262500.0,,,,,14400.0,426187.19999999995,3000.0,80169.99999999999,,,,,,,,,90625.0,,,,1281608.3,,15000.009,4600.0,,62000.0,,,,189606.6072,,,21600.0,,,0.0,0.0,,,11435973.6632,,,,6699487.044,,,,150000.0,5700.0,4760508.0,,,,,738250.0,716750.0,,,,,6600.0,418000.0,,,,,,5207240.0,,,90000.0,0.0,0.0,627900.0,2200.0,7500.0,4800.000000000001,20000.0,,1977287.5,153615.0,,,,,,165025.77599999998,,41442.5,58800.0,,,,,,5318400.0,32807.28,,,29700.0,,0.0,46500.0,70000.0,87999.6,,,,153800.0,,68999.9023,,19114330.29,,2309145.6,1421248.4,2522000.0,,,,0.0,18958.5,,,,,,5000.0,,,,,,,,116575.0,24500.0,7800.0,,,52000.0,1998.0000000000002,,,10000.0,11309939.999999998,,,,30000.0,,420003.1,,,,,,14045750.0,,,,,,,,,,,,,,5000.0,0.0,0.0,87000.0,,0.0,,25300.0,3449.0625,,,,28000.0,1371400.0,38400.3,13000.0,,248000.0,,,,321664.9824,,,,,299200.0,,,,6315900.0,,,5006100.0,,,,,,,,,,,37296000.0,9000.0,,14034600.0,,,,,7200000.0,243600.0,,,,,,42789600.0,,,,2377067.8049999997,,20000.0,398200.61,43475.0,3700.0,,,1700.0000000000002,,1677939.48,17000.0,,347600.0,,
2001-12-31,,,,,40197.6,,435000.0,,14538249.144,,58102.31146637944,,,,16000.0,154000.0,6500.0,,,,21379200.0,0.0,146200.0,0.0,,45006.3,,,130000.0,,,,6400.0,8000.0,18000.0,,355850.0,74850.0,19000.0,,6944960.000000001,,,,,,1094457.0,,22050.0,91199.99999999999,24248.4,4000.0,,30698395.9152,24007.5,94500.00000000001,,,,,,,22000.000022,,18000.0,656905.3083,,,,,,,,,295250.0,7500.2072499999995,,,,,,,530400.0,,,,,191150.0,99660.0,12400.0,37230.0,,,,,,,,,63747.0,,,,1118432.5,,115000.069,30000.0,,13500.0,,,,92003.51800000001,,,35200.0,,,0.0,0.0,,,8716714.9008,,,,4309993.104,,,,63120.0,83600.0,7572600.0,,,,,4802400.0,753075.0,,,,,21000.0,49500.0,,,,,,4675900.0,,,39200.0,0.0,0.0,293650.0,20000.0,108130.0,6800.000000000001,27000.0,,618600.0,256777.5,,,,,,26395.869000000002,,37840.0,94600.0,,,,,,9012000.0,31401.48,,,2700.0,,0.0,37250.0,84000.0,12200.76,,,,340400.0,,68997.96800000001,,5553219.44,,3310028.4,332475.572,2079000.0,,,,0.0,140151.0,,,,86100.0,,30000.0,,,,22334.0,,,,101000.0,371250.0,242000.0,,,57500.0,769236.66,,,,7542920.0,,,,34000.0,,170000.765,,,,,,4525200.0,,,,,,,,,,,,,,,0.0,0.0,407625.0,,0.0,,34000.0,24505.0,,,,47550.0,1965540.0,71499.45000000001,153000.0,,280000.0,,,,510214.32,,,8000.0,,248300.0,,,11000.0,8532725.0,,,12777850.0,,,,,,,,,,,34833502.08,7500.0,,5006100.0,,,,10200.0,4500000.0,49500.0,,,,,,31008800.0,,,,1274040.69,,13500.0,565350.5225,40800.0,40000.0,,,48300.0,,984179.2799999999,13200.0,,94100.0,,24000.0
2002-01-31,,,,,73695.6,,638400.0,,62928506.24419999,,46481.84917310352,,,,8000.0,1593330.0,6075.0,,,,58849216.08,0.0,140250.0,0.0,,77996.7,,,10000.0,,21250.0,,27300.0,44000.0,30000.0,,135000.0,132000.0,58000.0,,11905365.0,,10002.0,,,,539819.0,,,137640.0,17497.7,30000.0,,33343468.0053,49987.5,26600.000000000004,,,,,,,440000.00044000003,,15500.0,378598.2926,,,,,,,,,337500.0,12288.2025,,,,,,42750.0,2513200.0,,,,,9550.0,360105.89999999997,22000.0,199800.0,,,,,,,,,386400.0,,,,3683544.875,,17800.092,6000.0,,,,,,467148.0861,,,47600.0,,,0.0,0.0,,,20770654.441200003,,,,8003811.677999999,,,,645008.0,90950.0,18066720.0,,,,,2175250.0,590675.0,,,,,64000.0,60350.0,,,,,,9712825.0,,,270000.0,0.0,0.0,160600.0,20550.0,24000.0,16400.0,197999.99999999997,,2853900.0,539952.0,,,170000.0,,,250952.691,,69274.0,117600.0,,,,,,11528600.0,100799.16,,,5400.0,,0.0,30800.0,73000.0,78269.568,,,,260400.0,,62598.741949999996,,9375449.375,,3052662.0,2766397.568,1520650.0,,,72000.0,0.0,20476.5,,,,31600.0,,69000.0,,,,,,,,93625.0,222000.0,174000.0,,,105400.0,9990.0,,,,16708840.0,,,,5950.0,,6599.993399999999,,,,23500.0,,822250.0,,,,,,,,,,,,,,22455.0,0.0,0.0,129675.0,,0.0,,24500.0,10148.9375,,108823.79999999999,,96400.0,1431570.0,4306.7,30000.0,,40000.0,,,,491142.64320000005,,,,,184800.0,,,34500.0,2682675.0,,,4094800.0,,,,,,,,,,,43558248.96,44000.0,,9150.0,,,,219500.00000000003,13585000.0,149400.0,,,,,,67195300.0,,,,1637201.64,,8000.0,260997.09999999998,67500.0,51200.0,,,49350.0,,2696256.54,18700.0,,119450.0,,6000.0
2002-02-28,,,,,61203.6,,585000.0,,27343877.026499998,,117657.1807194187,,,,10000.0,1937280.0,6537.5,,,,102140700.0,0.0,122250.0,0.0,,100014.0,,,210800.00000000003,,309600.0,,23400.0,60000.0,40000.0,,83700.0,41480.0,52750.0,,18658980.0,,,,,,5246142.0,,110000.0,183540.0,14801.6,6000.0,,30778711.835399996,99975.0,28950.0,,,,,,,563550.0007225,,80000.0,758523.2855,,,,,,,,,760000.0,6394.45,,,,,,29925.0,3920000.0,,,,,10000.0,615045.5000000001,24120.0,183600.0,,,,,,,,,449400.0,,,,3144355.3,,50000.030000000006,19200.0,,209500.0,,,,761391.7808,,,37000.0,,,0.0,0.0,,,32108722.4192,,,,14304150.0,,,,628417.0,711300.0,15032800.0,,,,,1514700.0,3101750.0,,,,,121950.0,265200.0,,,,,,9627000.0,,,98700.0,0.0,0.0,182750.0,27500.0,22800.0,18000.0,1934999.9999999998,,5120550.0,795984.0,,,11000.0,,,396061.4448,,210150.0,694377.0,,,,,,20043000.0,58746.6,,,3400.0000000000005,,0.0,78000.0,39000.0,78335.712,,,,336000.0,2460100.0,50499.71369999999,,14631923.8,,2022710.4000000001,5381750.0,2455775.0,,,2650.0,0.0,124175.70000000001,,,,62100.0,,42400.0,,,,5416.5,,,,328249.99999999994,216000.0,90000.0,,,149000.0,60750.00000000001,,,10000.0,15216800.0,,,,42300.0,,32550.0527,,,,70200.0,,608000.0,,,,,,,,,,,,,,,0.0,0.0,43500.0,,0.0,,62999.99999999999,243067.49999999997,,288500.10000000003,,212600.0,2062199.9999999998,162800.0,18000.0,,50400.0,,,,395967.30480000004,,,40500.0,,290500.0,,,19400.0,11811600.0,,,10603200.0,,,,,,,,,,,33741000.0,79200.0,,,,,,8400.0,7600000.0,145850.0,,,,,,73457300.0,,,,4157372.61,,,274998.35000000003,118250.0,48000.0,,,40000.0,,2076936.12,34500.0,,108800.00000000001,,
2002-03-31,,,,,35002.8,,895450.0,,15694731.969999999,,145255.77866594843,,,,10000.0,1172530.0,2025.0,,,,72274587.0,0.0,18000.0,0.0,,91756.13,,,108500.0,,65150.0,,21000.0,20000.0,21000.0,,48000.0,68400.0,1259650.0,,6806800.0,,,,,,2562472.0,,30200.0,132000.0,37598.0,38000.0,,20815222.4124,99975.0,24150.0,,,,,,,160000.00005,,64800.0,1627608.94125,,,,,,,,,42000.0,95916.75,,,,,,28500.0,1825200.0,,,,,7200.0,263423.35,179600.0,47360.0,,,,,,,,,267384.0,,,,1273293.7999999998,,,20500.0,,,,,,726646.6383,,,77700.0,,,0.0,0.0,,,12323430.6416,,,,10690264.02,,,,295389.0,423650.0,19463680.0,,,,,303400.0,977675.0,,,,,32000.0,338300.0,,,,,,5739900.0,,,63000.0,0.0,0.0,98750.0,196000.0,40500.0,30500.0,1033500.0,,1717450.0,194880.0,,,,,,,,111650.0,140100.0,,,,,,9578800.0,105803.94,,,3300.0,,0.0,75000.0,112500.0,47998.08,,,,135000.0,,80999.356,,5301835.819999999,,3274852.8,4413506.79,2122550.0,,,75000.0,0.0,96888.0,,,,4600.0,,30650.0,,,,11916.3,,,,283000.0,96200.0,69250.0,,,118200.0,25199.100000000002,,,,7603680.0,,,,130000.0,,140425.4247,,,,120000.0,,151200.0,,,,,,,,,,,,,,8640.0,0.0,0.0,49950.0,,0.0,,30050.0,52518.375,,78625.54000000001,,132240.0,2873520.0,126347.20000000001,21500.0,,82800.0,,,,169344.48239999998,,31199.493,55080.0,,64750.0,,,13000.0,22791000.0,,,5082800.0,,,,,,,,,,,26759800.0,79900.0,,9250.0,,,,27300.0,3800000.0,92800.0,,,,,,38415350.0,,,,554146.46,,220000.0,766855.4775,24300.0,40000.0,,,42000.0,,730800.0,10800.0,,111600.0,,
2002-04-30,,,,,14650.2,,524600.0,,28686869.2614,,58102.31146637944,,,,881100.0,710720.0,3375.0,,,,60601956.48,0.0,32000.0,0.0,,50850.72,,,14000.000000000002,,33000.0,,6000.0,16600.0,10500.0,,35000.0,26840.0,164500.0,,7814450.0,,,,,,6009600.0,,12000.0,232140.0,38403.200000000004,3800.0,,48325594.467599995,22500.0,18000.0,,,,,,,176900.000244,,20000.0,1140513.099,,,,,,,,,473500.0,,,,,,,28500.0,916500.0,,,,,3500.0,476024.80000000005,15000.0,16800.0,,,,,,,,,157380.0,,,,573666.0,,227901.33299999998,8200.0,,,,,,641847.5103499999,,,48700.0,,,0.0,0.0,,,33528513.494,,,,7036990.92,,,,191793.0,76000.0,8733928.0,,,,,93000.0,6520800.0,,,,,60800.0,66000.0,,,,,,5980800.0,,,29400.0,0.0,0.0,56900.0,117800.0,113400.00000000001,13600.000000000002,198000.0,,3117400.0,243106.5,,,2600.0,,,7921.036800000001,,109581.0,160615.0,,,,,,4684800.0,30000.96,,,64000.0,,0.0,50200.0,22200.0,17999.28,,,,146250.0,,59997.896,,6126977.949999999,,1520250.0,1509302.795,3523500.0,,,48500.0,0.0,41662.5,,,,18000.0,,24000.0,,,,,,,,65800.0,47999.99999999999,23000.0,,,55150.0,5760.0,,,48000.0,7070920.0,,,,76000.0,,10500.017,,,,24250.0,,330000.0,,,,,,,,,,,,,,,0.0,0.0,114000.0,,0.0,,24700.0,24001.25,,100016.0,,48000.0,823680.0,144214.40000000002,63000.0,,62300.0,,,,66501.8424,,9750.769,32400.0,,135050.0,,,37500.0,20772450.0,,,6849600.0,,,,,,,,,,,59712198.016,9000.0,2033040.0,,,,,11400.0,12950000.0,38650.0,,,,,,71298000.0,,,,438618.05999999994,,20000.0,50100.325,54375.0,41600.0,,,80000.0,,478789.92,,,32500.0,,
2002-05-31,,,,,23997.6,,278400.0,,8467983.5166,,172781.74872314592,,,,18200.0,1547230.0,26500.0,,,,26483234.34,0.0,10550.0,0.0,,22802.56,,,180000.0,,21250.0,,2000.0,12800.0,,,129800.0,61320.0,95625.0,,3818000.0,,15000.0,,,33852409.9632,784427.0,,18200.0,68500.0,36000.8,3800.0,,62316502.347,117000.0,21000.0,,,,,,,37499.999955,,31450.0,182218.397,,,,,,,,,131000.0,,,,,,,28500.0,363000.0,,,,,,141344.0,,10550.0,,,,,,,,,53580.0,,,,350428.0,,5000.003000000001,,,,,,,319208.8305,,,9000.0,,,0.0,0.0,,,7922245.194150001,,,,5841820.74,,,,193980.0,36400.0,16764050.0,,,,,52899.99999999999,12375150.0,,,,,56700.0,238500.0,,,,,,2727450.0,,,15000.0,0.0,0.0,69000.0,41300.0,8200.0,8300.0,94300.0,,1949737.5,1056615.0,,,,,,39606.0192,,142662.0,130295.0,,,,,,1685100.0,39996.0,,,22500.0,,0.0,123000.00000000001,98400.00000000001,49998.0,,,,321900.0,,55350.45595,,3006241.7600000002,,2378760.0,773275.3489999999,1988400.0,,,27000.0,0.0,17325.0,,,,45600.0,,47750.0,,,,31415.699999999997,,,,56499.99999999999,133200.0,72600.0,,,13000.0,8497.575,,,80000.0,12784420.0,,,,170000.0,,,,,,12500.0,,1132400.0,,,,,,,,,,,,,,,0.0,0.0,26500.0,,0.0,,52800.0,102017.5,,95974.0,,41100.0,316260.0,430663.5,20000.0,,80000.0,,,,1177732.8575999998,,,28500.0,,75550.0,,,45000.0,10285800.0,,,5014675.0,,,,,,,,,,,21938700.992,14400.0,288150.0,113000.0,,,,26000.0,6400000.0,27750.0,,,,,,43771150.0,,,,730810.315,,20000.0,905445.025,27500.0,12000.0,,,44800.00000000001,,463800.95999999996,,,31250.0,,
2002-06-30,,,,,21748.800000000003,,309825.0,,7072009.8916,,220788.7835722416,,,,26000.0,1630960.0,7425.0,,,,49246641.84,0.0,3450.0,0.0,,19001.08,,,,,28000.000000000004,,,3200.0,15750.0,,176000.0,145200.0,108000.0,,9618000.0,,7002.0,,,21874021.935000002,194404.0,,3950.0000000000005,24900.0,9000.2,5700.0,,27159524.584400002,49987.5,20000.0,,,,,,,51299.999905000004,,35200.0,592218.3612,,,,,,,,,75000.0,,,,,,,28500.0,108500.0,,,,,,102979.20000000001,13950.0,14400.0,,,,,,,,,330255.0,,,,331200.0,,10000.006000000001,,,,,,,168001.9236,,,6000.0,,,0.0,0.0,,,10144334.8732,,,,2284095.984,,,,31555.0,48000.0,4075350.0,,,,,37350.0,7062000.0,,,,,115500.0,134400.0,,,,,,1644000.0,,,33000.0,0.0,0.0,66000.0,20000.0,,17000.0,37000.0,,2248125.0,742087.5,36900.0,,1260.0,,,27501.018600000003,,124685.0,115050.0,,,,,,2365200.0,54991.2,,,60250.0,,0.0,30650.0,52950.0,17999.28,,,,18200.0,,65549.29699999999,,7698196.67,,1619127.6,483587.9125,1682000.0,,,,0.0,18958.5,,,,51000.0,,35000.0,,,,108330.0,,,,57000.0,135000.0,25600.0,,,12000.0,22000.275,,,,4406400.0,,,,28600.0,,35999.92,,,,30000.0,,1394475.0,,,,,,,,,,,,,,,0.0,0.0,18550.0,,0.0,,18700.0,50017.5,,52257.15,,196200.0,527350.0,162719.99999999997,15000.0,,305500.0,,,,124156.08000000002,,,15600.0,,102000.00000000001,,,12750.0,1977950.0,,,5088000.0,,,,,,,,,,,24508600.0,28600.0,181440.0,,,,,,7500000.0,59100.0,,,,,,47663950.0,,,,313030.56,,41250.0,103498.85,17100.0,70400.0,,,24000.0,,472611.12,,,10500.0,,
2002-07-31,,,,,33996.0,,134400.0,,6418319.8674,,284701.3261852592,,,,12000.0,12360060.0,9750.0,,,,41487360.900000006,0.0,3600.0,0.0,,50395.68,,,,,,,14400.0,9600.0,10500.0,,64000.0,8119.999999999999,27500.0,,12083700.0,,33510.0,,,1287697.42525,538705.0,,42000.00000000001,32700.0,28998.199999999997,3800.0,,19558510.8551,39000.0,25000.0,,,,,,,20000.000020000003,,28000.0,456452.6778,,,,,,,,,39000.0,,,,,,,28500.0,102000.00000000001,,,,,385000.0,34807.5,,7550.0,,,,,,,,,89750.0,,,,838424.75,,34749.9085,10000.0,,3600.0,,,,267790.5846,,,6000.0,,,0.0,0.0,,,3425803.26475,,,,22391994.119999997,,,,175320.0,35150.0,5161650.0,,,,,59500.0,1026600.0,,,,,,142000.0,,,,,,1364610.0,,,24000.0,0.0,0.0,35600.0,15500.0,9000.0,22200.0,43500.0,,995500.0,186480.0,17600.0,,,,,22501.2645,,57510.0,43960.0,,,,,,1035900.0,70012.8,,,,,0.0,37000.0,130450.0,69997.2,,,,111600.0,,31800.718800000002,,9708579.11,,1293474.0,189075.1115,1205200.0,,,338800.00000000006,0.0,48972.0,,,,8000.0,,10800.0,,,,,,,,43000.0,249000.0,11200.0,,,39600.0,,,,,3962340.0,,,,9500.0,,1590007.155,,,,9250.0,,324800.0,,,,,,,,,,,,,,,0.0,0.0,64350.0,,0.0,,6150.0,58768.125,,35500.5,,85000.0,333200.0,450670.00000000006,20000.0,,110600.0,,,,69612.88320000001,,,7150.0,,79250.0,,,,756800.0,,,2617900.0,,,,,,,,,,,26738250.944,52000.0,5913000.0,,,,,10100.0,3150000.0,92000.0,,,,,,41423300.0,,,,683791.0,,13750.0,13500.0225,73125.0,36800.0,,,13050.0,,318490.19999999995,,,159400.0,,
2002-08-31,,,,,6600.6,,112525.0,,3940117.4871000005,,114752.06514609972,,,,24000.0,948820.0,,,,,39167700.72,0.0,16000.0,0.0,,54004.4,,,,,15500.0,,,6000.0,14400.0,,3160.0,115999.99999999999,36000.0,,8291075.0,,12495.0,,,6080315.7657,145803.0,,,60329.99999999999,7999.2,6800.0,,20944558.062349997,27000.0,11000.0,,,,,,,15200.000023999999,,3500.0,157094.3234,,,,,,,,,52000.0,,,,,,,28500.0,172000.0,,,,,,30084.2,,6000.0,,,,,,,,,60349.0,,,,389965.0,,4499.991999999999,5000.0,,41300.0,,,,85921.48684999999,,,35600.0,,,0.0,0.0,,,6270484.4676,,,,8354125.0,,,,113760.0,184500.0,3028800.0,,,,,27300.0,279625.0,,,,,4300.0,48400.0,,,,,,1037000.0,,,17250.0,0.0,0.0,62300.0,10500.0,77500.0,15000.0,44800.0,,2727375.0,180148.5,,,,,,,,55606.0,67072.0,,,,,,1562000.0,60007.2,,,19200.0,,0.0,56000.0,35000.0,28797.600000000002,,,,24000.0,,30801.0978,,6641679.779999999,,1208649.6,173550.267,740650.0,,,155000.0,0.0,50589.0,,,,31500.0,,27600.0,,,,775000.0,,,,38700.0,168300.0,13500.0,,,25200.0,23400.9,,,,1215060.0,,,,20000.0,,200000.9,,,,9300.0,,105200.0,,,,,,,,,,,,,,,0.0,0.0,27000.0,,0.0,,27000.0,121589.8125,,56202.225,,33350.0,196000.0,86666.00000000001,15000.0,,203100.0,,,,63429.551999999996,,,10000.0,,182900.0,,,18000.0,1102325.0,,,16633175.0,,,,,,,,,,,24267550.976,77500.0,151360.0,2000.0,,,,20000.0,1500000.0,47000.0,,,,,,36022300.0,,,,344418.35000000003,,8000.0,116999.85,25000.0,32000.0,,,18000.0,,65799.12,,,66000.0,,
2002-09-30,,,,,21397.8,,177750.0,,13081535.412,,114752.06514609972,,,,7000.000000000001,726000.0,,,,,18369866.400000002,0.0,10600.0,0.0,,40005.6,,,12000.0,,67300.0,,5400.0,,3750.0,,83200.0,72000.0,55000.00000000001,,5249600.0,,15000.0,,,3639452.7996,176904.0,,,44000.0,39996.0,3800.0,,38601747.328600004,10597.5,21500.0,,,,,,,60450.0001545,,33000.0,1220234.1732,,,,,,,,,55000.00000000001,,,,,,,285000.0,56000.00000000001,,,,,,27468.0,,12410.0,,,,,,,,,61536.0,,,,514476.07500000007,,90000.054,7400.0,,88500.0,,,,109622.22499999999,,,52700.0,,,0.0,0.0,,,6135800.0,,,,5274100.0,,,,166020.0,13750.0,2717800.0,,,,,56950.0,623100.0,,,,,75000.0,40200.0,,,,,,960160.0,,,11000.0,0.0,0.0,47000.0,15600.0,72000.0,15000.0,71000.0,,2338000.0,192265.5,170340.0,,5040.0,,,226009.34325,,16564.0,50304.0,,,,,,570400.0,33603.24,,,4000.0,,0.0,20700.0,93150.0,69997.2,,,,30400.0,,85550.38799999999,,4216472.26,,618615.0,155799.75400000002,929800.0,,,24800.0,0.0,53295.0,,,,23800.0,,31800.0,,,,15950000.0,,,,21500.0,52000.0,13000.0,,,12650.0,7399.8,,,,2421900.0,,,,48500.0,,100000.45,,,,15000.0,,217000.0,,,,,,,,,,,,,,,0.0,0.0,72800.0,,0.0,,11900.0,97351.3125,,10378.75,,33180.0,159450.0,21666.500000000004,,,119650.0,,,,534229.9056,,26126.1336,35000.0,,47250.0,,,40000.0,868800.0,,,10242750.0,,,,,,,,,,,25726400.0,30250.0,83660.0,,,,,20000.0,420000.0,78200.0,,,,,,20536425.0,,,,129403.34000000001,,4500.0,214799.99,13900.0,32000.0,,,49000.0,,187200.0,,,56700.00000000001,,
2002-10-31,,,,,14400.0,,146387.5,,6481936.588500001,,57376.0325730497,,,,67000.0,183059.99999999997,9500.0,,,,30315777.12,0.0,7650.0,0.0,,17701.53,,,,,41500.0,,1800.0,12500.0,1500.0,,112000.0,499319.99999999994,25000.0,,5103000.0,,,,,1512982.45,355700.0,,31000.0,21400.0,23100.0,3800.0,,15014147.84635,,18000.0,,,,,,,38000.00006,,10600.0,585167.1144,,,,,,,,,38500.0,,,,,,,156750.0,71500.0,,,,,,16063.3,,10080.0,,,,,,,,,15870.5,,,,502754.7,,105000.06300000001,10000.0,,,,,,7200.2771999999995,,,28000.0,,,0.0,0.0,,,2278380.16,,,,3190475.0,,,,110680.0,10000.0,4360200.0,,,,,40500.0,998400.0,,,,,11600.0,27300.0,,,,,,1588400.0000000002,,,18000.0,0.0,0.0,55125.0,10500.0,25800.0,12000.0,22500.0,,2962912.5,70218.75,,,,,,198011.69700000001,,41574.0,22008.0,,,,,,403450.0,51288.6,,,,,0.0,35000.0,144050.0,27253.200000000004,,,,2150.0,,224197.5307,,4129614.095,,585651.0,349075.5675,1081200.0,,,513000.0,0.0,10329.0,,,,510000.00000000006,,30600.0,,,,500000.0,,,,20000.0,47999.99999999999,26000.0,,,15500.0,,,,,1322000.0,,,,10000.0,,47500.0625,,,,6000.0,,187000.0,,,,,,,,,,,,,,,0.0,0.0,147900.0,,0.0,,18700.0,17403.75,,53762.5,,13400.0,105300.0,185099876.55,30000.0,,36500.0,,,,72100.79999999999,,,,,45500.0,,,65000.0,2233150.0,,,8602150.0,,,,,,,,,,,12353001.76,14400.0,120140.0,,,,,,3000000.0,27300.0,,,,,,26983025.0,,,,231769.16,,,70000.5,19000.0,32000.0,,,20500.0,,174356.34,,,46000.0,,
2002-11-30,,,,,42495.0,,164650.0,,7034779.3965,,116204.62293275922,,,,16000.0,938400.0,,,,,16602825.0,0.0,5000.0,0.0,,109669.38,,,,,54000.0,,2400.0,9000.0,,,66450.0,466650.0,15450.0,,3915300.0,,900.0,,,679482.11625,331695.0,,31500.0,29700.0,15399.999999999998,3900.0,,21230294.83595,23808.75,8000.0,,,,,,,27349.999929999998,,31000.0,1447448.4094499997,,,,,,,,,28750.0,,,,,,,28500.0,25200.0,,,,,3000.0,15557.199999999997,,7520.0,,,,,,,,,489860.0,,,,296271.625,,96000.4,7700.0,,,,,,96001.0992,,,20000.0,,,0.0,0.0,,,2265100.0,,,,3091725.0,,,,134450.0,26900.0,4325500.0,,,,,40000.0,2570250.0,,,,,,23600.0,,,,,,397600.00000000006,,,11000.0,0.0,0.0,90100.0,27300.0,13000.0,11200.000000000002,29400.0,,2450250.0,157500.0,,,325600.0,,,21601.3278,,40560.0,55850.0,,,,,,503500.0,20000.640000000003,,,13200.0,,0.0,62100.0,72550.0,38255.1,,,,15600.0,,144399.3527,,3185635.95,,379680.0,554700.1405,1307700.0,,,213600.0,0.0,51876.0,,,,150000.0,,67300.0,,,,,,,,28000.0,55000.0,28000.0,,,11000.0,10500.300000000001,,,66000.0,1321590.0,,,,20000.0,,150000.675,,,,16800.0,,255150.0,,,,,,,,,,,,,,,0.0,0.0,36450.0,,0.0,,19200.0,17506.125,,92218.5,,73500.0,76000.0,86666.00000000001,6000.0,,143000.0,,,,156111.3216,,,,,17500.0,,,30000.0,1134600.0,,,5541550.0,,,,,,,,,,,21649251.776,9000.0,6450.0,1200.0,,,,,1530000.0,64600.0,,,,,,44127750.0,,,,114549.11499999999,,24500.0,38500.275,14000.000000000002,29500.0,,,,,89996.40000000001,4000.0,,22000.0,,
2002-12-31,,,,,10999.8,,185625.0,,3546609.445,,305763.414091822,,,,,1526560.0,6250.0,,,,18092964.48,0.0,21500.0,0.0,,53998.08,,,,,6150.0,,12750.0,85700.0,12250.0,,162000.0,345800.0,23400.0,,6498000.0,,,,,832464.1279999999,417600.0,,49000.0,80000.0,37499.0,,,27888880.2471,154961.25,24000.0,,,,,,,11999.99999,,6200.0,999279.3866,,,,,,,,,14400.0,,,,,,,28500.0,22000.0,,,,,7248250.0,7239.6,,6440.0,,,,,,,,,71620.0,,,,480886.87499999994,,17600.215999999997,15000.0,,330600.0,,,,113295.04019999999,,,36300.0,,,0.0,0.0,,,664400.0,,,,1737600.0,,,,52220.0,79200.0,1508075.0,,,,,34500.0,3881250.0,,,,,267400.0,70900.0,,,,,,890879.9999999999,,,9500.0,0.0,0.0,82500.0,22500.0,140000.0,5600.000000000001,24000.0,,10138275.0,86530.5,,,,,,180010.68540000002,,80068.0,30959.5,,,,,,319000.0,,,,2000.0,,0.0,41400.0,,72009.59999999999,,,,14650.0,,132999.1454,,5313689.5,,817740.0,221299.53999999998,705600.0,,,3380450.0,0.0,9999.0,,,,420000.0,,66300.0,,,,,,,,63000.0,22000.0,55000.0,,,10000.0,,,,24000.0,1048740.0,,,,,,250001.125,,,,9900.0,,227500.0,,,,,,,,,,,,,,,0.0,0.0,463750.0,,0.0,,17250.0,152553.375,,43935.0,,22400.0,20400.0,479336.75,20000.0,,50700.0,,,,125166.41279999999,,3251.202,7800.0,,15400.0,,,25000.0,1152000.0,,,7681800.0,,,,,,,,,,,14215001.600000001,25700.0,,,,,,8000.0,11400000.0,48000.0,,,,,,27099900.0,,,,138746.0,,2000.0,158224.0725,14700.0,29500.0,,,9000.0,,194707.08,124800.0,,62400.0,,
2003-01-31,,,,,6600.000000000001,,324825.0,,6011014.98715,,237202.6865614939,,,,,959099.9999999999,1875.0,,,,20839335.060000002,0.0,14000.000000000002,0.0,,919601.87,,,12000.0,,11200.0,,,204000.0,8100.000000000001,,33640.0,641160.0,16750.0,,3923050.0,,,,,461510.65800000005,296951.0,,22000.0,100650.0,134996.4,3800.0,,23759401.597,12000.0,8000.0,,,,,,,10450.0,,36400.0,457355.75,,,,,,,,,6150.0,,,,,,,29500.0,42500.0,,,,,,17959.5,590000.0,26600.0,,,,,,,,,74761.0,,,,333960.0,,9174.9825,9650.0,,,,,,25650.8963,,,41250.0,,,0.0,0.0,,,1959600.0,,,,2255800.0,,,,28440.0,49000.00000000001,5122325.0,,,,,50000.0,1096825.0,,,,,,78200.0,,,,,,738710.0,,,30000.0,0.0,0.0,124000.0,,10300.0,9800.000000000002,77600.0,,4304762.5,432127.5,,,,,,,,1081470.0,95927.5,,,,,,387675.0,80997.84,,,4000.0,,0.0,35000.0,7000.0,47502.0,,,,3200.0,,30376.287899999996,,3191937.3400000003,,1812787.2,3003207.9000000004,1342850.0,,,15000.0,0.0,18158.25,,,,,,60000.0,,,,100000.0,,,,25800.0,38400.0,36400.0,,,32750.0,,,,30000.0,2338940.0,,,,,,20000.09,,,,15000.0,,176800.0,,,,,,,,,,,,,,,0.0,0.0,285000.0,,0.0,,,104422.5,,58788.0,,81000.0,86900.0,58493.200000000004,,,31700.0,,,,143858.7936,,,15600.0,,20850.0,,,25000.0,1328175.0,,,3115200.0,,,,,,,,,,,20740600.8,13250.0,5022400.0,1200.0,,,,1394000.0,1450000.0,19750.0,,,,,,25350300.0,,,,68447.63,,2999.9999999999995,65575.645,45000.0,30000.0,,,3900.0,,93099.29999999999,200500.0,,148500.0,,
2003-02-28,,,,,16998.0,,112800.0,,3373975.8975,,238219.47701215555,,,,88000.0,735550.0,5000.0,,,,7717050.0,0.0,60500.00000000001,0.0,,84011.76000000001,,,40000.0,,30400.0,,,21400.0,4050.0000000000005,,50760.0,264880.0,40000.0,,900600.0,,,,,637377.39,274280.0,,,131400.0,175010.0,,,12298133.4476,12000.0,28000.000000000004,,,,,,,11000.0,,15000.0,1035415.0491,,,,,,,,,34700.0,,,,,,,29500.0,48000.0,,,,,,8150.800000000001,385000.0,7540.0,,,,,,,,,72500.0,,,,57054.37499999999,,20949.851,5150.0,,,,,,28200.56935,,,21700.0,,,0.0,0.0,,,1765400.0,,,,974399.9999999999,,,,,68000.0,4109300.0,,,,,237600.0,56100.0,,,,,100800.0,16800.0,,,,,,551870.0,,,,0.0,0.0,15750.0,11000.0,26000.0,16000.0,62100.0,,984900.0,656670.0,75600.0,,,,,,,43908.0,192082.5,,,,,,272050.0,79192.08,,,,,0.0,46200.0,77000.0,45505.2,,,,4650.0,,31001.021999999997,,742255.8,,1025088.0,293301.03,2059050.0,,,40000.0,0.0,38486.25,,,,7000.000000000001,,144000.0,,,,100000.0,,,,31925.0,28600.0,14399.999999999998,,,56000.0,,,,28500.0,1828600.0,,,,20000.0,,510002.295,,,,10000.0,,79750.0,,,,,,,,,,,,,,,0.0,0.0,34325.0,,0.0,,1800.0,42763.5,,28497.0,,19900.0,49000.0,334765.0,,,95000.0,,,,124467.84,,,53000.0,,,,,11000.0,1449600.0,,,10881900.0,,,,,,,,,,,8044401.664,8200.0,16000.0,,,,,191700.0,3600000.0,40500.0,,,,,,20870550.0,,,,160475.28,,,87724.76000000001,9600.0,30000.0,,,9750.0,,72052.62,297100.0,,175150.0,,
2003-03-31,,,,,30995.999999999996,,56250.0,,3932517.5178,,490688.5459114407,,,,66000.0,228480.0,,,,,17639760.36,0.0,51000.00000000001,0.0,,52802.02,,,8500.0,,77000.00000000001,,38750.0,29500.0,1350.0,,114400.00000000001,204480.0,22600.0,,1444500.0,,,,,1196308.332,1000253.0,,42000.00000000001,106350.0,72998.2,,,12621441.985000001,60000.0,9000.0,,,,,,,33500.00005,,25200.000000000004,266448.3044,,,,,,,,,24000.0,251374.2887,,,,,,29000.0,91500.0,,,,,,21422.7,383500.0,18330.0,,,,,,,,,237664.0,,,,658384.2000000001,,9449.919000000002,9800.0,,,,,,21999.0196,,,89400.0,,,0.0,0.0,,,2916400.0,,,,1873300.0,,,,151980.00000000003,31500.0,3456000.0,,,,,806950.0,137000.0,,,,,,25500.0,,,,,,297500.0,,,20000.0,0.0,0.0,122250.0,24900.0,30000.0,5400.0,84000.0,,5155200.0,121128.00000000001,,,13200.0,,,,,108200.0,56573.0,,,,,,5270400.0,39596.04,,,,,0.0,33000.0,96600.0,22503.0,,,,90000.0,,26600.3676,,1200099.8399999999,,608554.8,1077403.58,2620850.0,,,27000.0,0.0,,,,,650000.0,,2008800.0,,,,70000.0,,,,71250.0,34900.0,5200.0,,,43000.0,2200.05,,,,2598800.0,,,,9500.0,,575002.5875,,,,39000.0,,118750.0,,,,,,,,,,,,,,,0.0,0.0,45900.0,,0.0,,12000.0,35012.25,,95967.5,,3160.0,46300.0,49280.4,,,76000.0,,,,70133.04000000001,,,,,13800.0,,,14000.0,3090000.0,,,2515500.0,,,,,,,,,,,17540125.759999998,2100.0,15400.0,,,,,20000.0,3600000.0,64000.0,,,,,,16559375.0,,,,159575.52000000002,,7500.0,102601.62,31025.0,28000.000000000004,,,3900.0,,91303.31999999999,51800.0,,12200.0,,
2003-04-30,,,,,35004.0,,296400.0,,15506192.4293,,361686.88887821214,,,,5600.000000000001,226980.0,,,,,19935582.12,0.0,31750.0,0.0,,183774.54,,,14000.0,,7500.0,,9750.0,27200.0,14000.000000000002,,52520.0,563700.0,11600.0,,1831150.0,,,,,1146676.855,1612026.0,,26250.0,517440.0,57252.8,,,20471664.4704,99975.0,8000.0,,,,,,,29999.999920000002,,53200.0,2020544.3301499998,,,,,,,,,22750.0,29969.46,,,,,,29000.0,192375.0,,,,,59500.0,30137.45,40200.0,139040.0,,,,,,,,,3859277.0,,,,926771.2000000001,,25199.784000000003,2800.0,,144000.0,,,,5900.7312,,,54400.0,,,0.0,0.0,,,6752200.0,,,,1437800.0,,,,87660.0,115200.0,7228100.0,,,,,481800.0,976000.0,,,,,4800.0,30900.0,,,,,,505080.0,,,40300.0,0.0,0.0,162900.0,20800.0,39500.0,32000.0,87000.0,,5463250.0,416178.0,737800.0,,12000.0,,,33301.928400000004,,96700.0,44660.0,,,,,,1920900.0,59994.0,,,2000.0,,0.0,17250.0,146000.0,58292.52,,,,105000.0,,30000.24,,1526680.3199999998,,890922.0,1102604.47,1001000.0,,,,0.0,55836.0,,,,33250.0,,721000.0,,,,50000.0,,,,151575.0,99200.0,26000.0,,,47500.0,3100.05,,,93500.0,11552640.0,,,,26000.0,,4250019.125,,,,17750.0,,408200.0,,,,,,,,,,,,,,18000.0,0.0,0.0,43200.0,,0.0,,3000.0,13004.0625,,90890.25,,6240.0,244800.0,21066.5,,,76000.0,,,,82194.912,,,67500.0,,48000.0,,,26500.0,2296900.0,,,2523000.0,,,,,,,,,,,24963000.0,6000.0,17160.0,,,,,26000.0,700000.0,90000.0,,,,,,59966400.0,,,,113452.375,,6750.0,244798.2,50000.0,33000.0,,,7500.0,,358788.95999999996,104000.0,,190000.0,,
2003-05-31,,,,,9900.0,,125500.0,,7343043.592250001,,464818.4917310353,,,,,252999.99999999997,,,,,27913661.82,0.0,30450.0,0.0,,30004.2,,,19000.0,,10000.0,,10000.0,21000.0,5800.0,,55100.0,143000.0,246380.0,,2071800.0,,,,,456277.8048,373821.0,,33000.0,182700.0,12448.7,,,33992100.28125,11801.25,28000.0,,,,,,,69999.99985000001,,,304283.3248,,,,,,,,,16500.0,9012.555,,,,,,29000.0,118899.99999999999,,,,,102000.0,25891.499999999996,6000.0,36120.0,,,,,,,,,593120.0,,,,115481.85,,,4200.0,,28000.0,,,,39999.14485,,,28350.0,,,0.0,0.0,,,7008750.0,,,,1515700.0,,,,132660.0,21000.0,21728400.0,,,,,145000.0,1162600.0,,,,,9600.0,262800.0,,,,,,337280.0,,,33000.0,0.0,0.0,60350.0,22000.0,58400.0,22400.0,171600.0,,6073825.0,94962.0,33400.0,,4800.0,,,73804.4892,,97380.0,116750.0,,,,,,1518000.0,70012.8,,,,,0.0,21300.0,81200.0,43201.08,,,,60000.0,,38625.889500000005,,1733856.4000000001,,493764.0,620400.0,2007050.0,,,70000.0,0.0,113190.0,,,,10800.0,,383660.0,,,,100000.0,,,,67800.0,58500.0,26000.0,,,20750.0,,,,51000.0,9750710.0,,,,342000.0,,10000.045,,,,16600.0,,941625.0,,,,,,,,,,,,,,,0.0,0.0,53000.0,,0.0,,82050.0,38008.75,,36887.4,,55300.0,93600.0,113040.90000000001,,,64000.0,,,,442552.31999999995,,2500.8012,,,,,,14000.0,1640250.0,,,2807250.0,,,,,,,,,,,13439075.776,28999.999999999996,45000.0,,,,,13000.0,4480000.0,29400.0,,,,,,59046825.0,,,,240882.56,,10000.0,1000011.25,48750.0,22500.0,,,1300.0,,131047.98,55000.0,,49450.0,,
2003-06-30,,,,,12550.2,,665500.0,,40314947.6032,,116204.62293275922,,,,28000.000000000004,533960.0,2612.5,,,,34138078.32,0.0,17000.0,0.0,,114001.74,,,47500.0,,14000.000000000002,,,410400.0,27000.0,,39500.0,833130.0,294060.0,,19176250.0,,,,,3699214.2339000003,4673429.5,,30000.0,190400.0,46807.200000000004,19800.0,,58665519.56185,45000.0,15000.0,,,,,,,57600.000128,,45000.0,126445.399,,,,,,,,,38500.0,55016.4,,,,,,29000.0,254000.0,,,,,27050.0,69396.0,4500.0,34410.0,,,,,,,,,545327.5,,,,2922840.0,,21600.304,15700.0,,110000.00000000001,,,,138002.067,,,48600.0,,,0.0,0.0,,,12965239.6544,,,,14234287.5,,,,175320.0,136000.0,55044450.0,,,,,420000.0,1512500.0,,,,,4800.0,779000.0,,,,,,2307625.0,,,22000.0,0.0,0.0,131750.0,23000.0,48200.0,14000.000000000002,253500.0,,7574037.5,817362.0,,,390960.0,,,5400.189600000001,,41116.0,79128.0,,,,,,9675600.0,114008.4,,,20000.0,,0.0,56000.0,60350.0,24999.0,,,,111000.0,,56697.7404,,15718051.819999998,,2815293.6,8022023.130000001,2554200.0,,,10000.0,0.0,413143.5,,,,28000.0,,95040.0,,,,190000.0,,,,203399.99999999997,104000.0,58800.0,,,52000.0,3600.0,,,38000.0,8992970.0,,,,390200.0,,95000.73,,,,83200.0,,2994300.0,,,,,,,,,,,,,,31000.0,0.0,0.0,236875.0,,0.0,,30500.0,21799.375,,58484.399999999994,,260700.0,160000.0,310082.4,,,105300.0,,,,1089370.512,,,98000.00000000001,,50250.0,,,432300.0,1807725.0,,,6474600.0,,,,,,,,,,,67250400.896,22400.000000000004,15000.0,12000.0,,,,10800.0,7000000.0,146500.0,,,,,,79390850.0,,,,684610.3200000001,,19750.0,300997.55,56450.0,28800.0,,,23500.0,,66947.94,37200.0,,42000.00000000001,,
2003-07-31,,,,,24502.800000000003,,598525.0,,43056003.3628,,107198.76465547028,,,,15000.0,733080.0,33125.0,,,,31097596.080000002,0.0,31200.0,0.0,,93600.78,,,187000.0,,34000.0,,17500.0,168000.0,27500.0,,13500.0,224640.0,81450.0,,7080400.0,,,,,3549094.1750000003,3082581.0,,46000.0,316800.0,1444080.0,3200.0,,24498768.796,10501.875,80500.0,,,,,,,109000.00010900002,,31000.0,1672211.571,,,,,,,,,126500.00000000001,378020.6546,,,,,,29500.0,1370000.0,,,,,100000.0,111245.3,13799.999999999998,110400.0,,,,,,,,,362522.0,,,,2858667.6999999997,,12200.14,24000.0,,,,,,38879.733199999995,,,28650.0,,,0.0,0.0,,,9965760.0,,,,18462000.0,,,,854536.0,321350.0,37884000.0,,,,,3209700.0,753300.0,,,,,25000.0,34150.0,,,,,,1827000.0,,,45400.0,0.0,0.0,1633440.0,32550.0,178500.0,30600.000000000004,186875.0,,5486250.0,630630.0,12000.0,,32400.000000000004,,,105450.258,,83840.0,48010.0,,,,,,14458600.0,220494.12,,,6000.0,,0.0,98000.0,196000.0,30200.82,,,,204000.0,,20325.394800000002,,5760878.4,,2767968.0,9402914.466,1257450.0,,,8400.0,0.0,29807.25,,,,17000.0,,53150.0,,,,,,35600.0,,209000.00000000003,124200.0,207400.0,,,55200.0,5150.025,,,47500.0,8415680.0,,,,88000.0,,199501.533,,,,59040.0,,1400000.0,,,,,,,,,,,,,,16950.0,0.0,0.0,137500.0,,0.0,,9250.0,162045.0,,430090.225,,29640.0,45000.0,327600.0,,,98940.0,,,,2289914.7264,,41111265.5734,48000.0,,93500.0,,,384300.0,2438000.0,27000.0,,4685200.0,,,,,,,,,,,22905501.952,38550.0,51000.0,8000.0,,,,28800.0,5400000.0,29100.0,,,,,,100769200.0,,,,1581948.9000000001,,33250.0,324497.8,47250.0,30000.0,,,23100.0,,321090.12,18000.0,,75300.0,,
2003-08-31,,,,,54600.0,,670975.0,,19354368.3196,,117657.1807194187,,,,21500.0,113100.0,,,,,23586068.520000003,0.0,867950.0,0.0,,33296.13,,,33500.0,,60000.0,,57000.0,36000.0,18600.0,,18000.0,20400.0,111850.0,,5654900.0,,,,,1705120.7512,2208068.5,,39000.0,111750.0,292463.49,6400.0,,20329736.0112,,52000.0,,,,,,,51400.000069,,32000.0,932815.9953,,,,,,,,,535500.0,92297.25,,,,,,30500.0,423875.0,,,,,2050.0,520125.85000000003,3000.0,58580.0,,,,,,,,,129530.0,,,,1228993.5,,,18700.0,,126500.00000000001,,,,97522.5944,,,53000.0,,,0.0,0.0,,,6910400.0,,,,13455550.0,,,,271416.0,84700.0,13194725.0,,,,,489150.0,955500.0,,,,,25000.0,50050.0,,,,,,2807750.0,,,32500.0,0.0,0.0,248500.0,35200.0,85000.0,18000.0,262500.0,,2844975.0,270658.5,,,20000.0,,,18001.0116,,135557.0,50667.5,,,,,,14311300.0,50001.600000000006,,,5400.0,,0.0,39500.00000000001,102700.00000000001,15448.68,,,,120000.0,,34650.277200000004,,4617666.9399999995,,2387704.8,6444281.6295,1740225.0,,,9000.0,0.0,31127.25,,,,42300.0,,50700.0,,,,100000.0,,,,95950.0,95200.0,33100.0,,,82500.0,1600.2,,,,6546720.0,,,,100000.0,,28200.017999999996,,,,51950.0,,589050.0,,,,,,,,,,,,,,,0.0,0.0,136250.0,,0.0,,60000.0,123012.5,,135010.0,,119500.0,51800.0,317399.99999999994,,,100000.0,,,,1507557.2399999998,,,62100.0,,84150.0,,,348725.0,1477700.0,,,3104950.0,,,,,,,,,,,28148901.888,17400.0,161150.0,322500.0,,,,22500.0,1350000.0,66400.0,,,,,,84540700.0,,,,2035930.71,,10250.0,1339290.92,29400.0,30000.0,,,18000.0,,172894.68,99000.0,,334900.0,,
2003-09-30,,,,,21002.4,,259787.5,,20644148.6026,,83376.81695425448,,,,32000.0,976300.0,,,,,28216382.04,0.0,390900.0,0.0,,137711.22,,,54000.00000000001,,3000.0,,14500.0,17100.0,11400.0,,,42250.0,18000.0,,8012400.0,,,,,1170652.68,819458.0,,20000.0,77970.0,342254.88,2240000.0,,43794542.6457,28005.0,36000.0,,,,,,,87999.99979100001,,6400.0,401103.33135,,,,,,,,,101000.0,37787.58,,,,,,30250.0,173250.0,,,,,3750.0,234585.75,14900.0,145750.0,,,,,,,,,132803.0,,,,364877.75,,8999.877,38100.0,,34000.0,,,,102001.4925,,,9000.0,,,0.0,0.0,,,4250600.0,,,,7772637.5,,,,87723.0,58900.0,13299325.0,,,,,501000.0,2138775.0,,,,,65000.0,287000.0,,,,,,582400.0,,,26000.0,0.0,0.0,424800.0,12000.0,43000.0,18000.0,172800.0,,7437912.5,351099.0,24000.0,,12000.0,,,32251.022100000002,,87920.0,91280.5,,,,,,9276550.0,73603.2,,,9500.0,,0.0,180400.00000000003,164000.0,30997.199999999997,,,,60000.0,,45000.36,,6574958.05,,2668679.4000000004,4353610.0575,548375.0,,,9000.0,0.0,56595.0,,,,,,52500.0,,,,,,5610.0,,44850.0,37000.0,20800.0,,,24250.0,16798.95,,,8500.0,3261250.0,,,,167750.0,,94000.06,,,,3900.0,,1504500.0,,,,,,,,,,,,,,21200.0,0.0,0.0,135000.0,,0.0,,4600.0,40608.75,,142945.0,,164000.0,36000.0,28000.199999999997,,,303500.0,,,,690189.984,,,25000.0,,56000.0,,,199500.0,1998300.0,,,4628000.0,,,,,,,,,,,68464000.0,5700.0,33900.0,10000.0,,,,15000.0,8500000.0,37000.0,,,,,,77761550.0,,,,707220.0549999999,,7000.0,216599.05000000002,39000.0,26000.0,,,14000.000000000002,,102046.85999999999,22400.0,,52800.0,,
2003-10-31,,,,,21600.0,,888250.0,,20558441.837500002,,46481.84917310352,,,,37600.0,2206600.0,,,,,21866134.56,0.0,160900.0,0.0,,55996.78,,,12000.0,,12000.0,,54100.0,87400.0,21000.0,,,170430.0,34000.0,,8010900.0,,,,,509040.42,1667338.5,,11000.0,42840.0,240240.0,,,31445847.7778,56010.0,52000.0,,,,,,,97999.99979,,36000.0,2687238.3315500002,,,,,,,,,71250.0,,,,,,,33000.0,538150.0,,,,,5975.0,173196.09999999998,49520.0,43500.0,,,,,,,,,117600.0,,,,418025.0,,52499.2825,33000.0,,6800.000000000001,,,,161499.0765,,,6200.0,,,0.0,0.0,,,8175679.999999999,,,,6796300.0,,,,75390.0,61750.0,61248400.0,,,,,198900.0,731600.0,,,,,275000.0,118250.0,,,,,,934800.0,,,26600.0,0.0,0.0,180060.0,7150.0,20800.0,51000.0,144000.0,,7331250.0,150738.0,150960.0,,,,,18001.0116,,870009.0,1918092.0,,,,,,3625199.9999999995,30103.92,,,3200.0,,0.0,592950.0,834600.0,75004.8,,,,57000.0,2430.0,112497.024,,6655460.04,,4655958.0,3823964.43,304000.0,,,1478700.0,0.0,101112.0,,,,8400.0,,30000.0,,,,100000.0,,,,91075.0,83200.0,28800.0,,,95000.0,6799.499999999999,,,,3040100.0,,,,115500.0,,38049.902,,,,52500.0,,1358500.0,,,,,,,,,,,,,,50000.0,0.0,0.0,133750.0,,0.0,,9300.0,260729.625,,178923.90000000002,,165000.0,35500.0,40799.7,,,47000.0,,,,62744.544,,,26000.0,,34100.0,,,63000.0,2894250.0,,,2954950.0,,,,,,,,,,,35166600.0,45500.0,42000.0,,,,,287100.0,6840000.0,28000.000000000004,,,,,,159565050.0,,,,252572.075,,21000.0,87000.375,31500.0,40500.0,,,38500.0,,476041.26,20700.0,,22800.0,,
2003-11-30,,,,,10198.8,,270875.0,,56840002.892799996,,23531.436143883657,,,,24000.0,243600.0,,,,,45708514.32,0.0,45000.0,0.0,,7700.13,,,42000.0,,,,10000.0,12600.0,,,,63500.0,27200.000000000004,,3645200.0,,,,,543185.8470000001,953471.0,,12950.0,3600.0,167640.0,,,34473114.9084,64987.5,40000.0,,,,,,,247800.00011800003,,13200.0,2324974.21485,,,,,,,,,77000.0,14503.3365,,,,,,33000.0,204700.0,,,,,45000.0,82612.4,,23750.0,,,,,,,,,82230.0,,,,673877.0,,32999.549,12000.0,,128000.0,,,,16000.3455,,,3600.0,,,0.0,0.0,,,2273440.0,,,,9788600.0,,,,511920.0,38400.0,38037600.0,,,,,445400.0,732000.0,,,,,,440000.0,,,,,,1026900.0,,,64800.0,0.0,0.0,81370.0,57999.99999999999,23250.0,105400.00000000001,41000.0,,2971650.0,305550.0,102000.0,,2200.0,,,10001.0889,,573645.0,1217349.0,,,,,,2051999.9999999998,55994.399999999994,,,6450.0,,0.0,184450.0,226000.0,21198.84,,,,57000.0,,38500.8498,,3048119.2,,2131239.0,2508294.426,1108825.0,,,98650.0,0.0,37933.5,,,,11700.0,,50000.0,,,,250000.0,,,,46550.0,30000.0,19200.0,,,10000.0,10650.15,,,,2080600.0,,,,36900.0,,,,,,12599.999999999998,,196100.0,,,,,,,,,,,,,,,0.0,0.0,97375.0,,0.0,,7200.0,55951.1875,,115626.75,,73150.0,27599.999999999996,15886.649999999998,,,100000.0,,,,46889.280000000006,,,104000.0,,35200.0,,,14300.0,2743650.0,7000.0,,2784950.0,,,,,,,,,,,47827000.0,31050.0,60000.0,,,,,14550.0,1700000.0,93500.0,,,,,,115444750.0,,,,39732.799999999996,,7000.0,287848.73750000005,13650.0,54000.0,,,47500.0,,175196.4,22400.0,,35000.0,,
2003-12-31,,,,,16749.0,,194650.0,,37441762.9744,,69722.77375965533,,,,16000.0,456750.0,3975.0,,,,33648000.0,0.0,90000.0,0.0,,42999.7,,,12500.0,,17400.0,,3300.0,6800.0,22000.0,,97000.0,264000.0,17000.0,,7114500.0,,,,,443909.8635,650785.0,,16000.0,53390.0,83081.23999999999,,,20986039.7335,26805.0,23100.0,,,,,,,72700.00018599999,,26400.0,889600.8219000001,,,,,,,,,18000.0,12004.675000000001,,,,,,33000.0,95850.0,,,,,15000.0,41712.299999999996,48840.0,12960.0,,,,,,,,,330476.0,,,,282590.65,,8999.877,3599.9999999999995,,225600.0,,,,64401.84645,,,10500.0,,,0.0,0.0,,,2274480.0,,,,7151250.0,,,,215119.99999999997,66300.0,59497550.0,,,,,118400.0,304000.0,,,,,4640000.0,173400.0,,,,,,1107200.0,,,58300.00000000001,0.0,0.0,36700.0,30449.999999999996,140000.0,79200.0,86000.0,,6821850.0,82908.0,,,58300.00000000001,,,18804.0072,,282692.0,760665.0,,,,,,830400.0,11998.8,,,,,0.0,97850.0,103000.0,36597.6,,,,28500.0,4865630.0,37501.461,,5910742.14,,1135065.0,2473506.596,795800.0,,,,0.0,,,,,25800.0,,50400.0,,,,100000.0,,,,15150.0,144000.0,96000.0,,,16500.0,3100.0499999999997,,,,6497499.999999999,,,,15050.0,,135000.60749999998,,,,14500.0,,345037.5,,,,,,,,,,,,,,26000.0,0.0,0.0,132500.0,232300.1616,0.0,,10500.0,248356.875,,29333.05,,89860.0,39600.0,192665.25,,,147000.0,,,,266167.8,,56515282.4686,43500.0,,28999.999999999996,,,62800.0,1873300.0,11100.0,,2343600.0,,,,,,,,,,,30725102.016,28500.0,102000.0,,,,,17000.0,5115000.0,57500.0,,,94530.0,,,128484000.0,,,,53079.57,,85750.0,54000.55,40775.0,86000.0,,,70000.0,,102303.72,32550.0,,18500.0,,
2004-01-31,,,,,13200.000000000002,,875925.0,,49396738.9113,,58828.59035970919,,,,9600.0,1220600.0,,,,,45490038.95999999,0.0,21000.0,0.0,,193207.14,,,36000.0,,17250.0,,15500.0,38000.0,22500.0,,19500.0,235840.0,38400.0,,15485250.0,,,,,1538888.2478,1705429.0,,15000.0,23450.0,335280.0,,,29264801.622899998,63011.25,18600.0,,,,,,,64350.0000825,,6700.0,1052853.7056,,,,,,,,,66000.0,32997.775,,,,,,32500.0,70000.0,,,,,20000.0,46441.600000000006,20400.0,46150.0,,,,,,,,,404123.0,,,,1013898.6500000001,,,9000.0,,104000.0,,,,150999.8805,,,90000.0,,,0.0,0.0,,,10227089.830400001,,,,26367962.5,,,,235195.0,21850.0,75658625.0,,,,,320550.0,1099150.0,,,,,20000.0,86840.0,,,,,,2768325.0,,,14750.0,0.0,0.0,100750.0,3000.0,132000.0,3500.0,64499.99999999999,,5470762.5,473340.0,965340.0,,,,,16201.138200000001,,329127.0,440002.5,,,,,,10450050.0,16798.32,,,4100.0,,0.0,96350.0,120000.0,116001.6,,,,36000.0,,49298.5544,,12829778.94,,5355707.880000001,19161651.201,1313000.0,,,3000.0,0.0,7491.0,,,,22500.0,,49200.0,,,,10000.0,,,,21375.0,66000.0,80000.0,,,72000.0,3000.1499999999996,,,,24474860.0,,,,21000.0,,119049.90350000001,,,,46000.0,,477500.0,,,,,,,,,,,,,,25000.0,0.0,0.0,132500.0,152100.0,0.0,,20400.0,171990.0,,52502.1,,24470.0,81600.0,18773.2,,,178500.0,,,,250622.4096,,,75000.0,,77500.0,,,33000.0,2473400.0,,,6978975.0,,,,,,,,,,,64034649.024000004,110000.0,46150.0,,,,,12750.0,2450000.0,41600.0,,,27600.000000000004,,,218938550.0,,,,162311.735,,,483000.80499999993,14950.0,91000.0,,,80000.0,,243600.0,33000.0,,156100.0,,4000.0
2004-02-29,,,,,33000.0,,356600.0,,12630061.394100001,,117657.1807194187,,,,52300.0,153600.0,,,,,18026537.16,0.0,5750.0,0.0,,109998.02,,,51000.0,,7500.0,,25000.0,5600.0,45000.0,,20000.0,138600.0,115250.0,,5759000.0,,,,,353702.412,142800.0,,5000.0,145600.0,158400.0,,,32432907.448200002,,18000.0,,,,,,,34000.0001,,17000.0,668513.09005,,,,,,,,,99000.00000000001,27001.47,,,,,,34125.0,118300.0,,,,,100000.0,13673.8,14800.0,9600.0,,,,,,,,,402163.5,,,,566353.725,,3799.998,3400.0000000000005,,21850.0,,,,60000.687,,,13600.0,,,0.0,0.0,,,3551710.176,,,,9218625.0,,,,68395.0,39100.0,42815550.0,,,,,,170500.0,,,,,12000.0,518320.0,,,,,,1296000.0,,,70000.0,0.0,0.0,118999.99999999999,20300.0,52439.99999999999,,88000.0,,5004600.0,91875.0,,,56925.0,,,5400.189600000001,,182413.0,279130.0,,,,,,5652200.0,30505.199999999997,,,26500.0,,0.0,46499.99999999999,106700.0,30597.840000000004,,,,66000.0,3447290.0,27875.90025,,4815683.2,,3142425.6,1780352.739,1237575.0,,2950.0,3350.0,0.0,17968.5,,,,15000.0,,22680.0,,,,9833.0,,,,5350.0,18000.0,16000.0,,,26250.0,3000.1499999999996,,,,7243500.0,,,,34100.0,,57000.438,,,,27500.0,,168625.0,,,,,,,,,,,,,,26500.0,0.0,0.0,137800.0,1527198.5280000002,0.0,,9800.000000000002,117024.375,,20405.6,,89270.0,19500.0,296108.8,,,100000.0,,,,189510.84,,1574951.7327999999,14500.0,,108000.0,,,35000.0,2145900.0,2650.0,,6376950.0,,,,,,,,,,,44258849.055999994,4000.0,10840.0,,,,,13500.0,540000.0,8000.0,,,72880.0,,,195160000.0,,,,84709.35,,,225201.05000000002,8750.0,122200.0,,,8725.0,,54451.979999999996,7150.0,,20450.0,,
2004-03-31,,,,,11800.8,,641550.0,,20861965.9248,,235314.3614388366,,,,,149350.0,,,,,26487921.78,0.0,10100.0,0.0,,59998.92,,,45000.0,,12000.0,,10000.0,177000.0,2400.0,,9540.0,61500.0,61200.0,,4529250.0,,,,,1157363.517,454263.0,,25000.0,50000.0,104280.0,6400.0,,13017999.931,,30000.0,,,,,,,55999.99988,,7100.0,1082919.4412,,,,,,,,,35000.0,23243.222500000003,,,,,,39000.0,159225.0,,,,,26000.0,9438.5,31100.0,30000.0,,,,,,,,,89343.0,,,,443100.17500000005,,,10000.0,,86400.0,,,,200002.29,,,3600.0,,,0.0,0.0,,,1969920.0,,,,6973725.0,,,,121005.0,66000.0,38130000.0,,,,,,230850.0,,,,,45000.0,909860.0,,,,,,387000.0,,,45000.0,0.0,0.0,29380.0,26000.0,33000.0,,74000.0,,7010875.0,206944.5,,,14000.0,,,1699.9858,,76930.0,120240.0,,,,,,2655000.0,15503.4,,,2400.0,,0.0,54749.99999999999,79049.99999999999,38800.32,,,,48000.0,,18900.1512,,3820031.6700000004,,1610382.0,1262403.945,957575.0,,,1500.0,0.0,184981.5,,,,8000.0,,1493399.9999999998,,,,100000.0,,,,44500.0,22400.0,32000.0,,,37500.0,12000.599999999999,,,,5411700.0,,,,25000.0,,54599.556,,,,28500.0,,209150.0,,,,,,,,,,,,,,,0.0,0.0,270000.0,143250.0,0.0,,20750.0,68415.75,,48990.0,,80500.0,31500.0,237566.99999999997,,,246500.0,,,,187944.8616,,8899.160399999999,4150.0,,38400.0,,,214200.0,1058850.0,,,3903200.0,,,,,,,,,,,29580600.895999998,4000.0,39240.0,,,,,9100.0,8320000.0,30000.0,,,,,,150353100.0,,,,143260.69,,9000.0,1242349.6575,14450.0,52000.0,,,7000.000000000001,,235292.75999999998,15321250.0,,29200.0,,
2004-04-30,,,,,3000.0,,292000.0,,14980127.9648,,47643.8954024311,,,,12000.0,780800.0,,,,,37079144.28,0.0,25125.0,0.0,,59998.92,,,18000.0,,1200.0,,,56000.0,9372500.0,,132000.0,124000.0,45000.0,,5432500.0,,,,,1614570.9174,285981.0,,,89280.0,95040.0,,,36002820.958000004,,20000.0,,,,,,,71999.999808,,9350.0,169205.78879999998,,,,,,,,,71300.0,9000.49,,,,,,41437.5,54000.0,,,,,15000.0,32090.899999999998,5500.0,50000.0,,,,,,,,,153840.0,,,,762938.75,,,37400.0,,,,,,225002.57624999998,,,3500.0,,,0.0,0.0,,,2639760.0,,,,13581500.0,,,,182770.0,191700.0,50068800.0,,,,,,406000.0,,,,,,845640.0,,,,,,423000.0,,,99000.0,0.0,0.0,13125.0,26000.0,72000.0,,41500.0,,5475800.0,211165.5,,,,,,206398.7142,,158769.0,87516.0,,,,,,3858899.9999999995,73592.64,,,6100.0,,0.0,21750.0,31500.0,14999.4,,,,15000.0,,51498.58105,,4574336.62,,3627540.0,1452752.2349999999,881300.0,,,1081600.0,0.0,4999.5,,,,24000.0,,49500.0,,,,,,,,23750.0,11200.0,34500.0,,,,,,,,10917650.0,,,,24000.0,,26999.94,,,,20100.0,,149500.0,,,,,,,,,,,,,,,0.0,0.0,247775.0,52899.936,0.0,,5400.0,59504.25,,37501.5,,81000.0,56050.0,171534.0,,,72250.0,,,,196268.40000000002,,,22000.0,,85000.0,,,44200.0,1415025.0,,,7599200.0,,,,,,,,,,,51828000.0,3550.0,72000.0,11000.0,,,,35000.0,320000.0,54250.0,,,47600.0,,,179161200.0,,,,76043.775,,,919754.245,8250.0,115000.0,,,3450.0,,523441.5,1431250.0,,21000.0,,
2004-05-31,,,,,,,344875.0,,16334264.1695,,72337.37777564235,,,,22000.0,335775.0,,,,,29708400.0,0.0,89075.0,0.0,,73596.4,,,15000.0,,,,10000.0,5600.0,14550.0,,125500.0,906500.0,30000.0,,7130462.5,,59214.0,,,526616.958,252000.0,,,83200.0,159601.2,,,17693118.9072,29992.5,20000.0,,,,,,,12999.99998,,4100.0,754939.0945,,,,,,,,,51500.0,18755.042500000003,,,,,,39000.0,23000.0,,,,,,14312.0,14000.0,34730.0,,,,,,,,,76920.0,,,,530692.8,,6200.008000000001,40800.0,,,,,,19401.3312,,,3700.0,,,0.0,0.0,,,1831680.0,,,,22315050.0,,,,182770.0,123200.0,27253950.0,,,,,789600.0,366525.0,,,,,8200.0,264670.0,,,,,,347700.0,,,27000.0,0.0,0.0,29820.0,,68000.0,,60800.0,,4714000.0,55786.5,,,,,,,,113718.5,63825.0,,,,,,2601200.0000000005,40308.84,,,37000.0,,0.0,16600.0,8700.0,39998.4,,,,30000.0,,8400.2994,,6029163.779999999,,1503275.52,1383149.383,513600.0,,,59800.0,0.0,49995.0,,,,,,14420.0,,,,,,,,47500.0,19600.0,27000.0,,,37500.0,,,,,12200775.0,,,,11000.0,,65999.934,,,,8700.0,,118750.0,,,,,,,,,,,,,,,0.0,0.0,27000.0,93249.96,0.0,,14000.000000000002,16997.5,,200308.15,,202500.0,33700.0,112999.99999999999,,,120400.0,,,,69625.7856,,9998.8404,23000.0,,33000.0,,,34000.0,1732125.0,,,3343000.0,,,,,,,,,,,18726400.0,17600.0,47240.0,1400.0000000000002,,,,15000.0,3200000.0,20000.0,,,34000.0,,,165972100.0,,,,139132.0,,,98999.475,14400.0,91000.0,,,9600.0,,121004.4,,,702100.0,,
2004-06-30,,,,,42000.0,,565875.0,,14930785.414,,188251.48915106957,,,,7250.0,735875.0,,,,,10965782.76,0.0,224000.00000000003,0.0,,38400.32,,,37500.0,,8500.0,,50500.0,208200.0,12500.0,,884000.0,71500.0,20450.0,,13148575.0,,117990.0,,,4123227.402,325923.0,,,27000.0,132000.0,6000.0,,25380115.6464,9498.75,430500.0,,,,,,,53749.999886000005,,129600.0,1198297.8800000001,,,,,,,,,88000.0,45593.634999999995,,,,,,16250.0,,,,,,4000.0,38023.4,19200.0,314480.0,,,,,,,,,223068.0,,,,1704990.0,,2599.993,40900.0,,12000.0,,,,36801.4072,,,10500.0,,,0.0,0.0,,,2223040.0,,,,16699525.0,,,,295790.0,444400.00000000006,21303575.0,,,,,245370.0,383500.0,,,,,4000.0,100060.0,,,,,,230750.0,,,11000.0,0.0,0.0,9580.0,13750.0,156680.0,66000.0,120000.0,,6365887.5,16905.0,55000.00000000001,,,,,15999.8454,,358274.0,317040.0,,,,,,3298100.0,63993.6,,,12550.0,,0.0,155900.0,226199.99999999997,28251.6,,,,10000.0,30380.0,54999.9894,,10956075.785,,604081.2000000001,1239175.63,830250.0,,,12000.0,0.0,39831.0,,,,,,40000.0,,,,50000.0,,,,254800.0,1058800.0,396500.0,,,52500.0,33001.983349999995,,,127500.0,5458475.0,,,,17250.0,,50000.225,,,,5800.0,,195050.0,,,,,,,,,,,,,,108000.0,0.0,0.0,10800.0,217749.96000000002,0.0,,20000.0,66650.1875,,198771.175,,172200.0,24000.0,85879.99999999999,,,90000.0,,,,152393.78879999998,,,6900.0,,19800.0,,,40350.0,1386000.0,,,2737925.0,,,,,,,,,,,9869550.944,48800.0,50880.0,11200.000000000002,,,,26000.0,5575000.0,25000.0,,,50320.0,,,121031050.0,,,,168312.97999999998,,96200.0,1791994.4,11450.0,91000.0,,,22900.0,,253200.0,,,105300.0,,
2004-07-31,,,,,299578.80000000005,,408287.5,,9811178.313000001,,643018.2809984211,,,,23200.0,355350.0,5300.0,,,,11332688.94,0.0,94475.0,0.0,,29397.48,,,18000.0,,15000.0,,82525.0,54000.0,48000.0,,205000.0,98310.0,32000.0,,3376100.0,,46016.1,,,839378.9299999999,1121476.5,,11250.0,25000.0,166320.0,12000.0,,16447855.4064,4998.75,224950.0,,,,,,,353349.99913949997,,338200.0,657725.4378500001,,,,,,,,,125000.0,37802.058,,,,,,6500.0,,,,,,,61208.4,64500.0,1339800.0,,,,,,,,,914210.0,,,,2586626.0,,7650.072,164000.0,,59000.0,,,,9399.984400000001,,,,,,0.0,0.0,,,1786530.1632000003,,,,8700750.0,,,,1508015.0,269800.0,54922575.0,,,,,50180.0,469050.0,,,,,38900.0,2483600.0,,,,,,1176450.0,,,90000.0,0.0,0.0,64900.0,23000.0,154000.0,74800.0,72750.0,,5760000.0,83160.0,1200.0,,,,,268798.06065,,140623.0,298132.5,,,,,,2146800.0,111588.84,,,37000.0,,0.0,1275950.0,1267800.0,475562.87999999995,,,,62000.0,3000.0,64999.248,,2814751.04,,1461189.3,1629724.107,672000.0,,,42000.0,0.0,32670.0,,,,32200.000000000004,,20400.0,,,,19334.0,,,,363600.0,452800.0,112799.99999999999,,,51000.0,83251.11,45760.8,,9200.0,10692275.0,,,,30000.0,,523500.36529999995,,,,100000.0,,111600.0,,,,,,,,,,,,,,,0.0,0.0,18900.0,369000.0,0.0,,53200.0,42904.875,,57563.25,,38640.0,64000.0,92000.0,,,134400.0,,,,3006551.5344000002,,7099.3508,57999.99999999999,,37000.0,,,58625.0,928475.0,,,3322875.0,,,,,,,,,,,21167951.872,12600.0,50490.0,23800.0,,,,15000.0,2000000.0,140250.0,,,78520.0,,,98239850.0,,,,133366.5,,21500.0,2623991.8,110250.0,250100.00000000003,,,30850.0,,288000.0,,,206000.0,,4000.0
2004-08-31,,,,,99250.8,,205837.5,,21211108.08475,,206117.9499269809,,,,59850.0,102300.0,4718.75,,,,11114007.54,0.0,600000.0,0.0,,491327.07000000007,,,27500.0,,9000.0,,26000.0,230399.99999999997,31000.0,,262100.0,148480.0,31640.0,,3071475.0,,24798.0,,,1358079.0865500001,8461221.0,,133000.0,38000.0,344520.0,,,10315876.046400001,22500.0,62950.0,,,,,,,499099.999783,,140600.0,598089.9393,,,,,,,,,162500.0,14502.130000000001,,,,,,9750.0,,,,,,,27822.0,12700.0,5715082.0,,,,,,,,,724672.0,,,,903013.3500000001,,51999.86,108800.0,,,,,,51949.45495,,,7000.0,,,0.0,0.0,,,4756800.0,,,,10161850.0,,,,2933020.0,248250.0,63147475.0,,,,,85400.0,350750.0,,,,,104500.00000000001,1495620.0,,,,,,7021475.0,,,27000.0,0.0,0.0,487829.99999999994,27000.0,226440.0,35200.0,43000.0,,5812500.0,143692.5,3247860.0,,7000.0,,,24799.9122,,462262.0,598804.0,,,,,,3721150.0,107363.51999999999,,,59400.0,,0.0,3513515.0,4713035.0,310261.536,,,,42000.0,,46938.3796,,2576268.24,,1645542.96,1084125.7349999999,643800.0,,3500.0,17600.0,0.0,106136.25,,,,8400.0,,208080.0,,,,80000.0,,,,807850.0,443200.0,116000.0,,,67500.0,65087.99999999999,42500.0,,,3558200.0,,761755.54,,66000.0,,994253.8539999999,,,,30600.000000000004,,89862.5,,,,,,,,,,,,,,,0.0,0.0,270000.0,155650.14,0.0,,23000.0,336789.375,,127454.5,,55260.0,176200.0,44093.34999999999,,,63250.0,,,,607212.288,,2140.728,100100.0,,181300.0,,,66000.0,1141150.0,,,3679350.0,,,,,,,,,,,40227749.088,18700.0,63600.0,38400.0,,,,22400.000000000004,6750000.0,67000.0,,,33500.0,,,125768425.0,,,,136523.275,,70000.0,834302.575,1083400.0,91450.0,,,38000.0,,108000.0,95800.0,,122100.0,,
2004-09-30,,,,,78503.4,,288775.0,,41206776.510900006,,216111.54749919826,,,,25050.0,709500.0,3187.5,,,,38565419.94,0.0,177000.0,0.0,,408777.60000000003,,,28000.000000000004,,5250.0,,11000.0,114000.0,27000.000000000004,,79650.0,302400.0,35820.0,,5875375.0,,21600.0,,,953178.1864499999,3380546.0,,63500.0,51000.0,149604.4,3800.0,,55363596.7032,,88900.00000000001,,,,,,,1316349.9994645,,165000.0,840575.09235,,,,,,,,,462000.0,209955.12999999998,,,,,,8125.0,155250.0,,,,,5000.0,67957.2,115910.0,2220288.0,,,,,,,,,424400.0,,,,8871021.225,,11499.825,111800.0,,18000.0,7000.0,,,194506.232,,,9450.0,,,0.0,0.0,,,9501939.6736,,,,12035750.0,,,,1840055.0,264000.0,74489250.0,,,,,599430.0,360000.0,,,,,28250.0,12332640.0,,,,,,4863600.0,,,75400.0,0.0,0.0,523720.0,23350.0,142560.0,160000.0,181125.0,,2854800.0,326970.0,149640.0,,18000.0,,,33599.979,,120802.5,161094.0,,,,,,5555800.0,143011.44,,,18000.0,27060.0,0.0,1369500.0,1647380.0,425412.0,,,,141000.0,6900.0,43559.7965,,4867836.765000001,,5417266.08,387886.9225,962700.0,,,12750.0,0.0,38857.5,,,,10000.0,,319480.0,,,,9833.0,,,,3237625.0,220000.0,113400.0,,,90600.0,19980.0,45499.5,,,5877175.0,,164173.685,,221650.0,,489801.708,,,,91200.0,,60750.0,,,,,,,,,,,,,,,0.0,0.0,275000.0,8059.9968,0.0,,22500.0,104060.9375,,375015.0,,27200.0,143200.0,275335.3,,,82000.0,,,,683988.6888000001,,,38000.0,,58050.0,,,357900.0,1778550.0,,,2202800.0,,,,,,,,,,,51229848.992,8800.0,18400.0,18600.0,,,,8300.0,9640000.0,135500.0,,,14000.000000000002,,,152761000.0,,,,166457.09999999998,,31850.0,993653.245,632125.0,142100.0,,,45600.0,,246000.0,294000.0,,98600.0,,
2004-10-31,,,,,193392.0,,409712.5,,41751679.1694,,218537.31900291966,,,,5200.0,10080150.0,3575.0,,,,41684245.199999996,0.0,64000.0,0.0,,275241.056,,,14000.000000000002,,76750.0,,38250.0,210000.0,57999.99999999999,,405000.0,168000.0,45000.0,,2910600.0,,25998.0,,,4311769.005,2267110.0,,13500.0,114750.0,227040.0,,,90199651.7088,4601.25,264000.0,,,,,,,269999.999676,,287350.0,1853660.1104,,,,,,,,,359750.0,55239.6025,,,,,,16250.0,135000.0,,,,,,54743.299999999996,22500.0,4889460.0,,,,,,,,,604800.0,,,,8232670.6,,,63700.0,,56000.0,6000.0,,,49102.2258,,,5250.0,,,0.0,0.0,,,7195200.0,,,,7713900.0,,,,525730.0,960000.0,33103200.0,,,,,308240.0,469050.0,,,,,280000.0,8265840.0,,,,,,3615899.9999999995,,,37700.0,0.0,0.0,222700.0,33000.0,243600.0,91200.0,119250.0,,4581500.0,890946.0,333200.0,,4600.0,,,6400.1406,,381930.0,191682.0,,,,,,3195500.0000000005,165093.06,,,42000.0,120000.0,0.0,2042569.9999999998,1688580.0,125896.68000000001,,,,90000.0,,14880.188699999999,,2405064.375,,4479014.4,524475.666,1329250.0,,,5150.0,0.0,54400.5,,,,12500.0,,145500.0,,,,,,2040.0,,1888125.0,299000.0,156400.0,,,96250.00000000001,10980.0,92500.5,,,4770500.0,,137800.0,,248200.00000000003,,255149.43300000002,,,,69300.0,,293250.0,,,,,,,,,,,,,,,0.0,0.0,283250.0,111999.84000000001,0.0,,59400.00000000001,494471.25,,64975.00000000001,,43000.0,157500.0,315348.89999999997,40000.0,,87000.0,,,,654778.4256,,,133000.0,,68750.0,,,90300.0,1655000.0,,,3071250.0,,,,,,,,,,,42129600.0,8400.0,147000.0,28500.0,,,,12600.000000000002,9880000.0,1050900.0,,,28000.000000000004,,,137225600.0,,,,313695.67000000004,,17400.0,632096.81,986900.0,143400.0,,,53775.0,,830674.44,740000.0,,77700.0,,
2004-11-30,,,,,201691.8,,748650.0,,36414023.1412,,76869.35807001978,,,,2700.0,7192450.0,3900.0,,,,35659200.0,0.0,88450.0,0.0,,528529.276,,,35000.0,,65100.0,,5200.0,1390400.0,37400.0,,295800.0,280720.0,34800.0,,5430375.0,,26842.2,,,24267035.1078,1182840.0,,8100.000000000001,91000.0,54940.82,12500.0,,51585005.073599994,157460.625,65000.0,,,,,,,512999.99905000004,,215000.0,2789171.5964,,,,,,,,,472500.0,6750.3675,,,,,,16250.0,52000.0,,,,,,21862.8,15000.0,5842920.0,,,,,,,,,337143.0,,,,3083016.6,,,34100.0,,35750.0,,,,18799.968800000002,,,38500.0,,,0.0,0.0,,,6001559.6544,,,,9153000.0,,,,537800.0,376300.0,27274650.0,,,,,193360.0,1343250.0,,,,,23500.0,4000300.0000000005,,,,,,2211600.0,,,33000.0,0.0,0.0,150150.0,27750.0,629520.0,39900.0,21500.0,,6988800.0,4648119.0,,,,,,,,219358.5,700116.0,,,,,,15920999.999999998,143447.04,,,270390.0,35000.0,0.0,1796259.9999999998,2532700.0,341068.41599999997,,,,37000.0,6000.0,22601.187,,4476932.984999999,,1702320.48,617400.784,1124200.0,,,,0.0,100526.25,,,,31500.0,,58900.0,,,,200000.0,,,,556800.0,131400.0,105600.0,,,55000.0,,6159340.2,,,7596800.0,,120349.38500000001,,219450.0,,164800.7416,,,,52000.0,,179862.5,,,,,,,,,,,,,,142600.0,0.0,0.0,253650.0,45999.936,0.0,,19750.0,596531.8125000001,,68421.5,,130500.0,93600.0,364464.1,830000.0,,100050.0,,,,4199037.84,,,9900.0,,78000.0,,,124249.99999999999,1702350.0,,,2604650.0,,,,,,,,,,,45609448.768,6000.0,83400.0,14700.0,,,,14800.0,6625000.0,206300.0,,,117600.00000000001,,,176281200.0,,,,561401.4,,27000.0,84599.86499999999,1293750.0,75400.0,,,40000.0,,259200.0,153600.0,,149250.0,,
2004-12-31,,,,,96300.0,,333000.0,,28167933.59115,,56736.90714691952,,,,56000.00000000001,6990275.0,19937.5,,,,42508601.94,0.0,118500.0,0.0,,352190.61100000003,,,14000.000000000002,,15500.0,,69000.0,1040049.9999999999,28950.0,,349600.0,59640.0,30900.0,,7496150.0,,127992.0,,,33716823.976799995,2240923.5,,15949.999999999998,46500.0,136004.0,4800.0,,73738072.8,,92100.0,,,,,,,287699.99987299996,,377500.0,551430.6876,,,,,,,,,450000.0,14502.130000000001,,,,,,51000.0,240000.0,,,,,,15805.8,251100.0,1898575.0,,,,,,,,,336000.0,,,,1882111.275,,19124.9125,30000.0,,37500.0,,,,265193.42459999997,,,6850.0,,,0.0,0.0,,,7530060.0,,,,23003300.0,,,,349569.99999999994,375850.0,45493550.0,,,,,75000.0,2508550.0,,,,,23600.0,2794840.0,,,,,,2946900.0,,,90000.0,0.0,0.0,102750.0,86000.0,296400.0,46800.0,39100.0,,4122525.0,1925043.75,,,517499.99999999994,,,60006.5334,,4384665.0,12696678.5,,,,,,7926100.0,250789.44,,,240720.0,46750.0,0.0,4537300.0,5745370.0,3936114.0,,,,20000.0,9260.0,30299.716249999998,,6238550.785,,2005440.66,686625.2085,724425.0,,,,0.0,44550.0,,,,13000.0,,42100.0,,,,9333.0,,,,630700.0,239200.0,144000.0,,,20000.0,38430.0,3978837.2,,,7213625.0,,152501.83000000002,,124850.0,,105600.4752,,,,838600.0,,81025.0,,,,,,,,,,,,,,67200.0,0.0,0.0,285000.0,66600.0,0.0,,16200.0,2722395.0,,98289.8,,86000.0,34800.0,147999.0,148000.0,,42000.0,,,,2031839.0784,,,10200.0,,26600.0,,,56000.0,1089000.0,,,3559250.0,,,,,,,,,,,49671100.0,24800.0,25200.0,4200.0,,,,4500.0,32000.0,1971030.0,,,28000.000000000004,,,218122875.0,,,,138090.4,,68500.0,199500.735,957600.0,75500.0,,,85200.0,,116552.1,190400.0,,131400.0,,
2005-01-31,,,,,739465.2000000001,,646387.5,,63468650.696,,457831.68877720326,,,,355200.0,6387800.0,19125.0,,,,88880400.0,0.0,49500.0,0.0,,640991.8589999999,,,1255900.0,,31450.0,,155600.0,2340000.0,28500.0,,3300499.9999999995,161200.0,29600.0,,25751000.0,,304500.0,,,20765228.871400002,4353857.0,,28000.0,100000.0,408012.0,35000.0,,50057551.756799996,5501.25,408000.00000000006,,,,,,,198999.99983599997,,100300.0,486944.45584999997,,,,,,,,,816500.0,55993.665,,,,,,17500.0,225000.0,,,,,44525.0,83058.8,115500.0,6713420.0,,,,,,,,,1290688.0,,,,7354872.6213,,22799.56,140800.0,,175000.0,5500.0,,,520944.8556,,,,,,0.0,0.0,,,8907960.0,,,,30284050.0,,,,726029.9999999999,565500.0,66775500.0,,,,,160000.0,2295300.0,,,,,2610100.0,27953100.0,,,,,,8257300.0,,,140000.0,0.0,0.0,152600.0,52000.0,596700.0,210400.0,70500.0,,4086500.0,822150.0,,,32500.0,,,34004.287299999996,,12206282.0,17297970.0,,,,,,16631999.999999998,149351.4,,,51920.0,142200.0,0.0,7259610.0,7935000.0,3543945.6,,,,351000.0,6000.0,88800.6558,,21308881.48,,2909300.4,1883697.816,968175.0,,,13500.0,0.0,85445.25,,,,22000.0,,31050.0,,,,9833.0,,11220.0,,1747875.0,1287000.0,578250.0,,1664040.0,60500.00000000001,52875.0,24730143.1,,,13838000.0,,169003.12,,547400.0,,307999.692,,,,865000.0,,591500.0,,,,,,,,,,,,,,40950.0,0.0,0.0,38000.0,513124.92000000004,0.0,,,10393927.375,,137542.3,,50400.0,197200.0,356162.39999999997,222600.0,,69600.0,,,,1634930.1216000002,,,20400.0,,121600.0,,,237150.0,1225325.0,,,3607600.0,,,,,,,,,,,64535997.440000005,40000.0,38880.0,23200.0,,,,10800.0,108000.0,3289000.0000000005,,,35000.0,,,211224400.0,,,,643050.0599999999,,461650.0,250800.4525,350300.0,89100.0,,,134100.0,,681600.0,73600.0,,200450.0,,
2005-02-28,,,,,1793065.2,,919800.0,,77138573.1998,,1807606.4864526603,,,,939800.0,3564450.0,40162.5,,,,83755800.0,0.0,585000.0,0.0,,875596.8160000001,,,5834400.0,,82900.0,,391200.0,1027000.0,45000.0,,4226400.0,1409440.0,31319.999999999996,,87529950.0,,460800.0,,,19197220.8756,51417591.0,,225000.0,95000.0,338110.52,101000.0,,54353109.2832,103991.25,312400.0,,,,,,,815999.99932,,470750.0,1042010.2850000001,,,,,,,,,736000.0,705938.31,,,,,,17500.0,5960200.0,,,,,5000.0,275429.4,148850.0,5845440.0,,,,,,,,,1728660.0,,,,27428479.799999997,,5699.89,780000.0,,99000.0,,,,1029171.7893000001,,,7000.0,,,0.0,0.0,,,11193760.0,,,,87573700.0,,,,5084280.0,491400.0,31908300.0,,,,,314600.0,5210100.0,,,,,2425560.0,41482800.0,,,,,,7629400.0,,,127400.0,0.0,0.0,453220.0,184300.0,755300.0,138000.0,210000.0,,16410800.0,1714938.75,,,1420.0,,,5160.2444000000005,,6402660.0,12434774.0,,,,,,58023340.0,3109081.8,,,132000.0,103250.0,0.0,3169200.0,9554760.0,656214.0,,,,468000.0,20100.0,36750.79775,,70179410.0,,13276169.28,1221298.584,971600.0,,,12500.0,0.0,201432.00000000003,,,,118800.0,,109800.0,,,,160800.0,,,,3426625.0,851500.0,325500.0,,113200.0,153600.0,26334.0,7075563.899999999,,,8855000.0,,161699.07,,1207500.0,,239849.9631,,,,6548100.0,,1729800.0,,,,,,,,,,,,,,50400.0,0.0,0.0,12000.0,201300.168,0.0,,,3864388.125,,175172.6,,44200.0,279000.0,161200.0,1521000.0,,211000.0,,,80243385.9327,1715317.056,,22800.7742,59200.0,,300900.0,,,909600.0,1676750.0,,,3767700.0,,,,,,,,,,,30593800.0,38400.0,101699.99999999999,126000.0,,,,17500.0,54000.0,5332080.0,,,42000.00000000001,,,193168800.0,,,,819573.48,,167750.0,238700.09499999997,476000.00000000006,262300.0,,,219750.0,,339600.0,346750.0,,455000.0,,3000.0
2005-03-31,,,,,1313347.74,,876700.0,,50933304.04435,,470258.3206420755,,,,341700.0,4174300.0,30625.0,,,,50294132.1,0.0,220750.0,0.0,,4735568.336999999,,,987850.0,,59550.0,,127500.0,966350.0,65600.0,,1623900.0,114970.0,32800.0,,27154300.0,,227598.75,,,23552923.067999996,14268558.1,,292500.0,20000.0,500301.12,80000.0,,37429085.0448,323960.625,160000.0,,,,,,,568499.99921,,676080.0,801797.6142000001,,,,,,,,,568250.0,280584.8465,,,,,,17500.0,1894400.0,,,,,,228220.0,77000.0,2351945.0,,,,,,,,,877339.9999999999,,,,8790867.077399999,,,192500.0,,126500.00000000001,,,,785608.6056,,,3500.0,,,0.0,0.0,,,10518909.695999999,,,,50017200.0,,,,4631250.0,342000.0,27055850.0,,,,,209100.0,1494800.0,,,,,1489820.0,12714575.0,,,,,,3507000.0,,,50500.0,0.0,0.0,39205.0,258499.99999999997,670375.0,65000.0,250000.0,,6014125.0,1673259.0,,,,,,,,1780169.9999999998,3621747.5,,,,,,33506760.0,8541139.068,,,125000.0,164500.0,0.0,835770.0,1745715.0,372091.2,,,,715500.0,57600.0,49679.071,,21669359.57,,6986013.12,1693125.39,1305250.0,,38750.0,15000.0,0.0,54573.75,,,,180000.0,,216350.0,269030400.0,,,84000.0,,,,3003750.0,856500.0,234000.0,,,255000.0,34038.0,2518327.55,,49000.0,19556950.0,,215002.32,,721500.0,,2169749.736,,,,1599875.0,,2691200.0,,,,,,,,,,,,,,40300.0,0.0,0.0,127250.0,362850.168,0.0,,,1283494.3875000002,,322117.3,,41650.0,1072770.0,2558415.6,172800.0,,237660.0,,,55527607.45995,3954702.9239999996,,,31600.0,,338000.0,,,461700.00000000006,748175.0,,897184243.8000001,6048650.0,,,,,,,,,,,54692897.408,301000.0,23200.0,5200.0,,,,51500.0,26400.0,1855700.0000000002,,,42000.00000000001,,,197228675.0,,,,1042772.885,,115200.0,1704747.81,466350.0,153700.0,,,118650.0,,2964446.0999999996,281100.0,,427000.0,,21000.0
2005-04-30,,,,,199508.4,,392575.0,,24377606.880000003,,190038.13522866016,,,,91850.0,1300650.0,6900.0,,,,67989242.16000001,0.0,70000.0,0.0,,981580.3720000001,,,285000.0,,36000.0,,59850.0,195000.0,58900.0,,902200.0,96580.0,27200.000000000004,,14442750.0,,306400.05000000005,,,9888327.910799999,6568125.3,,178750.0,17000.0,311640.0,144500.0,,51620283.5472,37995.00000000001,106200.0,,,,,,,332399.999723,,346500.0,641405.95765,,,,,,,,,122500.0,49008.03,,,,,,17500.0,343000.0,,,,,,50932.200000000004,24000.0,2260720.0,,,,,,,,,1168947.0,,,,3192409.2,,,47000.0,,21250.0,,,,112930.9694,,,7600.0,,,0.0,0.0,,,6619680.4608,,,,21475200.0,,,,562200.0,85200.0,21369200.0,,,,,151200.0,454800.0,,,,,405000.0,1941000.0,,,,,,5175900.0,,,31200.0,0.0,0.0,6500.0,79900.0,208275.0,35000.0,60199.99999999999,,4847850.0,692422.5,,,,,,,,908579.9999999999,2206096.0,,,,,,11606400.0,2966124.744,,,41500.0,16000.0,0.0,970259.9999999999,2023909.9999999998,94731.0,,,,122000.0,14750.0,20800.476000000002,,11726279.17,,3736936.8000000003,354375.945,1345525.0,,18750.0,29000.0,0.0,27126.0,,,,36000.0,,62750.0,26626500.0,,,300000.0,,9600.0,,1031875.0,210000.0,52000.0,,,22800.0,15468.75,1595792.0999999999,,,6580800.0,,107380.91,,404800.0,,111250.54599999999,,,,1089650.0,,1251350.0,,,,,,,,,,,,,,,0.0,0.0,54400.0,525000.0,0.0,,,1437650.9874999998,,57946.200000000004,,68500.0,225000.0,2517226.4,50200.0,,76000.0,,,9173048.336399999,1546677.432,,,60550.0,,34400.0,,,28350.0,880000.0,,305087390.3948,4691100.0,,,,,,,,,,,26529002.367999997,119800.0,99000.0,39700.0,,,,2600.0,,672000.0,,,35100.0,,,203377050.0,,,,203901.36,,46500.0,540464.0395,130000.0,145000.0,,,105000.0,,562011.24,19000.0,,151200.0,,
2005-05-31,,,,,111499.8,,213675.0,,19745024.617799997,,99935.97572217273,,,,103250.0,4172199.9999999995,17100.0,,,,38607796.800000004,0.0,80000.0,0.0,,492799.63,,,227050.0,,63100.00000000001,,95500.0,260000.0,21800.0,,406500.0,739800.0,45250.0,,16341600.0,,316003.95,,,12877999.36,6303158.8,,33000.0,40000.0,110000.0,72800.0,,57257559.676800005,8501.25,15300.000000000002,,,,,,,279400.0,,170250.0,455709.80079999997,,,,,,,,,54250.0,40502.205,,,,,,15750.0,145500.0,,,,,,41079.6,64000.0,641784.0,,,,,,,,,263025.0,,,,2330578.5,,2849.945,33000.0,,,,,,284496.1718,,,102000.0,,,0.0,0.0,,,8904000.0,,,,14452500.0,,,,312840.0,209100.0,30343900.0,,,,,20800.0,346000.0,,,,,176830.0,2543900.0,,,,,,2974800.0,,,29550.0,0.0,0.0,3900.0,14000.0,214200.0,20000.0,23400.0,,7215200.0,65940.0,,,7100.0,,,22488.8256,,292896.0,1256816.0,,,,,,8151000.0,1927910.16,,,57770.0,73775.0,0.0,487025.0,646000.0,49155.600000000006,,,,214500.0,27500.000000000004,128312.63735,,13181375.88,,2428871.7600000002,159125.285,1175000.0,,,14000.000000000002,0.0,44203.5,,,,15000.0,,17000.0,26359200.0,,,,,,,170500.0,55000.0,48000.0,,,20000.0,58320.00000000001,1694431.7999999998,,255000.0,7313400.0,,87501.05,,208000.0,,54374.859,,,,510400.0,,1168500.0,,,,,,,,,,,,,,,0.0,0.0,44200.0,104199.984,0.0,,,615777.5,,93150.0,,102850.0,150250.0,1752708.7999999998,29100.0,,92000.0,,,13209597.177600002,629425.5552,,,17150.0,,77000.0,,,74000.0,1016400.0,,149489962.6275,3767400.0,,,,,,,,,,,33667600.0,28850.0,88740.0,19650.0,,,,24050.0,40000.0,111200.0,,,31250.0,,,173104050.0,,,,1314317.04,,23000.0,1979349.57675,175500.0,28999.999999999996,,,62000.0,,324000.0,4800.0,,107500.0,,
2005-06-30,,,,,232011.59999999998,,677250.0,,36877939.269,,116676.70421342328,,,,112000.0,5007800.0,4200.0,,,,79832399.16,0.0,17850.0,0.0,,467875.446,,,52300.0,,144000.0,,47200.0,499750.0,7050.0,,4170200.0,92600.0,25200.0,,17930775.0,,,,,26918511.516,8452026.0,,26100.0,36000.0,143820.0,18000.0,,63614088.6192,42506.25,42000.0,,,,,,,123750.0000275,,276000.0,475825.5975,,,,,,,,,120250.0,80485.61499999999,,,,,,7000.0,322250.0,,,,,3000.0,38567.100000000006,54000.0,910120.0,,,,,,,,,859410.0,,,,3376628.85,,9505.1845,26600.0,,,11200.0,,,244246.71240000002,,,44550.0,,,0.0,0.0,,,8844480.0,,,,17299500.0,,,,810000.0,115000.0,55468800.0,,,,,15600.0,70250.0,,,,,202070.0,3058050.0,,,,,,7321850.0,,,73000.0,0.0,0.0,30000.0,8000.0,179400.0,12000.0,30150.0,,7148600.0,5242224.75,,,,,,215725.85450000002,,1659308.0,2676432.0,,,,,,15643079.999999998,1680732.7680000002,,,56650.0,13500.0,0.0,706500.0,1451890.0,160446.0,,,,210000.0,40240.0,25900.003749999996,,14622313.615,,6405058.800000001,260399.832,1652625.0,,5672800.0,52000.0,0.0,59004.0,,,,17600.0,,133500.0,34463000.0,,,,,,,658000.0,201500.0,105000.0,,,72000.0,21870.0,4902000.0,,17000.0,9687800.0,,160804.02000000002,,62000.0,,48000.216,,,,481399.99999999994,,5366700.0,,,,,,,,,,,,,,28550.0,0.0,0.0,100300.0,747499.2000000001,0.0,,,911547.0,,101250.6,,120700.0,16800.0,109633.5,26000.0,,99000.0,,,10767428.4146,1295693.6400000001,,16611.2428,21600.0,,59150.0,,,36750.0,2331600.0,,92644016.0,3475100.0,,,,,,,,,,,43608800.0,12400.0,125000.0,16000.0,,,,9100.0,6600.000000000001,237000.0,,,31740.000000000004,,,379897100.0,,,,680424.2,,66700.0,1184545.977,181050.0,54000.0,,,90000.0,,343800.0,,,164050.0,,12500.0
2005-07-31,,,,,83995.20000000001,,579700.0,,37961527.0748,,155568.93895123072,,,,430950.0,2717100.0,,,,,143065535.46,0.0,55500.0,0.0,,1749865.642,,,52800.0,,1219350.0,,150000.0,276750.0,26000.0,,517375.0,51330.0,32000.0,,18011700.0,,65001.0,,,20803616.708750002,7834084.65,,27100.0,40000.0,119340.0,,,68138822.4984,42506.25,53000.0,,,,,,,66150.00017449999,,297500.0,506187.3125,,,,,,,,,222000.0,45991.78,,,,,,7875.0,367200.0,,,,,,51349.5,26500.0,927370.0,,,,,,,,,311894.0,,,,1915686.1,,,28000.0,,5000.0,5600.0,,,142394.7296,,,37950.0,,,0.0,0.0,,,7003320.217599999,,,,39501400.0,,,,332040.0,49850.0,21223675.0,,,,,30770.0,307750.0,,,,,100000.0,1114400.0,,,,,,5546900.0,,,15475.0,0.0,0.0,41180.0,238900.0,221425.0,25200.0,22100.0,,6172075.0,1872696.0,,,,,,9568.341250000001,,332310.0,991575.0,,,,,,9117260.0,1888739.4900000002,,,52000.0,3000.0,0.0,642070.0,530400.0,136648.19999999998,,,,165000.0,14325.0,27551.3427,,14964141.9,,5502817.5,825249.0785,955400.0,,,10000.0,0.0,47850.0,,,,33900.0,,62100.0,14499650.0,,,,,1956750.0,,254812.5,227500.0,126500.0,,,45000.0,8775.0,4726814.75,,3272000.0,9181225.0,,72649.2,,27000.0,,42000.068,,,,354200.00000000006,,1637600.0,,,,,,,,,,,,,,,0.0,0.0,91950.0,56000.064,0.0,,,334108.125,,223870.5,,108800.0,185500.0,61666.99999999999,57000.0,,160000.0,,,5934886.039650001,3527320.824,,,13800.0,,85500.0,,,96000.0,3836500.0,,125055775.85634999,6112075.0,,,,,,,,,,,46083000.0,182700.0,68300.0,2500.0,,,,1200.0,7500.0,124000.0,,,27800.000000000004,,,399218300.0,,,,208597.19999999998,,39400.0,797597.5075000001,30000.0,52000.0,,,34800.0,,78201.84,143650.0,,57000.0,,
2005-08-31,,,,,75000.0,,542800.0,,28231699.598899998,,355353.73692837654,,,,384600.0,2767500.0,17100.0,,,,37835239.92,0.0,225250.0,0.0,,1240282.304,,,130000.0,,270100.0,,410000.0,399000.0,12500.0,,2059300.0,390100.0,240000.0,,14375200.0,,145998.0,,,17265895.5105,3725969.5,,28999.999999999996,15000.0,96720.0,,,66217443.0696,22500.0,548700.0,,,,,,,20500.000026,,198950.0,223243.3486,,,,,,,,,198750.0,158600.4575,,,,,,7000.0,1199250.0,,,,,,161098.8,209160.0,928825.0,,,,,,,,,327658.0,,,,867042.5,,20650.037,30000.0,,63700.0,,,,173791.89779999998,,,36300.0,,,0.0,0.0,,,6672820.223999999,,,,14085375.0,,,,139890.0,126000.0,30676250.0,,,,,132130.0,622500.0,,,,,161500.0,1323000.0,,,,,,2239650.0,,,55000.0,0.0,0.0,33500.0,7800.0,76950.0,17000.0,43000.0,,7096000.0,2625871.5,,,,,,67503.7935,,984390.0,676698.5,,,,,,3879800.0,1693817.5320000001,,,223280.0,46125.0,0.0,130820.0,267920.0,63881.99999999999,,,,147500.0,600.0,34198.7232,,11878413.75,,4404428.52,387187.7625,1157250.0,,,8500.0,0.0,47850.0,,,,22500.0,,356400.0,12537900.0,,,,,378189000.0,,147000.0,360000.0,315000.0,,,20000.0,40275.0,4306838.7,,,5780000.0,,435595.16000000003,,99000.0,,141750.2295,,,,168750.0,,1983350.0,,,,,,,,,,,,,,,0.0,0.0,33000.0,321089.6304,0.0,,,859986.5625,,590610.1,,79050.0,73500.0,123000.0,95350.0,,100000.0,,,7374144.84,4567173.336,,,6900.0,,161600.0,,,53100.0,1775025.0,,71820651.0949,9421475.0,,,,,,,,,,,36716501.184,40050.0,,13650.0,,,,1700.0,,83800.0,,,28000.000000000004,,,201970725.0,,,,252803.75999999998,,197100.0,822623.5775,185850.0,98000.0,,,187500.0,,209954.94,47450.0,,64000.0,,
2005-09-30,,,,,48997.200000000004,,474075.0,,28534333.6346,,229839.335935274,,,,110000.0,2477500.0,31625.0,,,,65549457.36,0.0,62250.0,0.0,,2729705.3279999997,,,75000.0,,285750.0,,594800.0,371000.0,18000.0,,3168400.0,265110.0,32000.0,,10681425.0,,97200.0,,,11331836.927749999,2159251.0,,40600.00000000001,,88200.0,,,51056803.3752,32004.375,149500.0,,,,,,,42650.000079499994,,162600.0,422312.892,,,,,,,,,195000.0,30048.48575,,,,,,7000.0,230000.0,,,,,,53247.3,46000.0,897000.0,,,,,,,,,499550.0,,,,1305259.2,,,28000.0,,,11200.0,,,119284.036,,,3300.0,,,0.0,0.0,,,4992000.0,,,,24544550.0,,,,211375.0,101200.0,27460800.0,,,,,12600.0,748225.0,,,,,129100.0,1845825.0,,,,,,6177700.0,,,74800.0,0.0,0.0,7185.0,54000.0,174050.0,11700.0,30000.0,,7489525.0,539647.5,,,7100.0,,,,,1254635.0,2268880.5,,,,,,3637320.0,2464822.272,,,94360.0,34650.0,0.0,573050.0,1239000.0,75348.0,,,,136000.0,23750.0,31798.497649999998,,8874926.105,,3322484.7,242987.206,1343025.0,,3657260.0,,0.0,113025.00000000001,,,,70000.0,,93600.0,24834100.0,,,,,34800.0,,357000.0,396000.0,399500.0,,11320.0,18000.0,23985.0,1372500.0,,3576000.0,5557700.0,,518700.0,,149400.0,,206951.2005,,,,339325.0,,385000.0,,,,,,,,,,,,,,,0.0,0.0,13600.0,168000.19199999998,0.0,,,2425031.375,,179952.0,,383350.0,38500.0,6834000.0,46050.0,,131950.0,,,11114073.89455,1214690.328,,6959.1416,6000.0,,166400.0,,,76000.0,1318875.0,,37982291.52375,4273875.0,,,,,,,,,,,45825548.896000005,84700.0,17000.0,13500.0,,,,4500.0,4800.0,45000.0,,,28000.000000000004,,,166678000.0,,,,83275.73999999999,,89900.0,169999.9,132750.0,101400.0,,,79250.0,,121596.95999999999,26000.0,,108000.0,,
2005-10-31,,,,,55996.8,,146075.0,,22860747.16585,,91511.1405595478,,,,25050.0,506925.0,28750.0,,,,86374795.68,0.0,30125.0,0.0,,1421650.82,,,48000.0,,354200.0,,125500.0,243750.0,,,1236000.0,410640.0,31200.0,,5832000.0,,82999.5,,,8329548.3236,860280.0,,12500.0,28800.0,100000.0,,,52583553.324,127800.0,70000.0,,,,,,,51000.00015,,92000.0,651004.58715,,,,,,,,,71500.0,42010.33,,,,,,6125.0,42500.0,,,,,,20539.8,37150.0,293880.0,,,,,,,,,663434.0,,,,615861.8,,73999.06,23000.0,,117600.0,11200.0,,,755991.404,,,,,,0.0,0.0,,,1844210.2079999999,,,,22229075.0,,,,232465.0,36000.0,13754100.0,,,,,54000.0,261000.0,,,,,119500.0,2562000.0,,,,,,4332000.0,,,10000.0,0.0,0.0,33920.0,49300.0,118800.00000000001,20000.0,71000.0,,9407075.0,3572940.0,,,13840.0,,,7500.4214999999995,,1148722.5,1615713.0,,,,,,2103300.0,552893.286,,,125050.0,15875.0,0.0,289000.0,126875.0,23852.399999999998,,,,40000.0,211505.0,53761.212100000004,,4845232.08,,1916125.6799999997,251099.442,1151050.0,,4200.0,,0.0,54252.00000000001,,,,15800.0,,21900.0,16606700.0,,,100000.0,,21000.0,,181750.0,120000.0,168750.0,,,27000.0,,1446450.0,,,5865150.0,,407595.76,,129500.0,,161501.241,,,,162500.0,,229500.0,,,,,,,,,,,,,,,0.0,0.0,23800.0,7251441.9984,0.0,,,1929700.5,,45262.275,,873760.0,49000.0,3778841.75,7500.0,,95200.0,,,4078562.12335,759042.0,,,25000.0,,305500.0,,,382950.0,1025100.0,,54763948.60385,3815500.0,,,,,,,,,,,39690701.184,26000.0,575310.0,16350.0,,,,6050.0,18800.0,123600.0,,,28000.000000000004,,,154106650.0,,,,192211.89500000002,,87500.0,123749.775,173900.0,166600.0,,,36250.0,,137596.56,60000.0,,26300.0,,
2005-11-30,,,,,132992.4,,866700.0,,70962986.0625,,110617.8622148376,,,,63000.0,3671999.9999999995,11500.0,,,,66490779.95999999,0.0,58500.0,0.0,,382195.996,,,155000.0,,393600.0,,124800.0,227500.0,5550.0,,3625000.0,189660.0,27600.0,,24364150.0,,168002.1,,,25196023.1932,5907874.0,,120000.0,40000.0,154000.0,95500.0,,83371702.464,127507.5,20000.0,,,,,,,34000.0001,,464280.0,497177.78175,,,,,,,,,67500.0,38749.76375,,,,,,8625.0,202500.0,,,,,,74316.3,107250.0,1540440.0,,,,,,,,,1315188.0,,,,3835478.85,,39999.810000000005,33750.0,,,16800.0,,,863236.20605,,,3500.0,,,0.0,0.0,,,6292820.454399999,,,,27290200.0,,,,387380.0,122400.0,27011600.0,,,,,30000.0,419875.0,,,,,255000.0,7106250.0,,,,,,6686400.0,,,15000.0,0.0,0.0,20900.0,75000.0,265200.0,28500.0,142500.0,,15899200.0,2759064.0,,,,,,27001.422499999997,,1550440.0,2139270.0,,,,,,5484600.0,676004.076,,,64800.0,44200.0,0.0,663000.0,1088640.0,30342.0,,,,70000.0,527787.5,40800.9219,,20022843.115000002,,9289507.5,350548.76999999996,1497000.0,,9857500.0,,0.0,45210.0,,,,33000.0,,109200.0,28830100.0,,,,,21000.0,,490250.0,140000.0,150000.0,,,24250.0,7155.0,8172600.0,,,23925200.0,,303098.9,,896250.0,,276299.507,,,,978475.0,,2025450.0,,,,,,,,,,,,,,,0.0,0.0,15700.0,251699.8776,0.0,,,3496780.7874999996,,149027.34999999998,,34000.0,206999.99999999997,3210681.0,32700.0,,154100.0,,,12024924.7608,5757133.4496,,,4200.0,,135000.0,,,637500.0,2801400.0,,51737097.599999994,4693000.0,,,,,,,,,,,43051600.0,71500.0,168000.0,30150.0,,,,7800.0,,96000.0,,,35000.0,,,183819300.0,,,,186084.76,,92500.0,394012.80449999997,149150.0,96100.0,,,49000.0,,1108772.28,57500.0,,71250.0,,
2005-12-31,,,,,65248.200000000004,,206975.0,,91631938.58,,157323.181816658,,,,85500.0,2095200.0,6125.0,,,,44748156.78,0.0,69700.0,0.0,,538738.13,,,106000.0,,755950.0,,68800.0,198500.0,8100.000000000001,,1484700.0,308740.0,37500.0,,21720000.0,,180848.85,,,15650292.9554,5001224.5,,64000.0,35850.0,21840.0,,,48775038.444,91987.5,20000.0,,,,,,,31500.00007,,498960.00000000006,521588.60555,,,,,,,,,105000.0,19954.906750000002,,,,,,7925.0,139750.0,,,,,4000.0,27386.4,99000.0,319030.0,,,,,,,,,1258050.0,,,,1359424.2000000002,,127475.30600000001,40600.0,,27000.0,,,,102070.0755,,,22200.0,,,0.0,0.0,,,3455640.2176,,,,32770875.0,,,,163290.0,110000.0,42943750.0,,,,,25960.0,692737.5,,,,,134640.0,10979200.0,,,,,,2239350.0,,,22000.0,0.0,0.0,27500.000000000004,30050.0,230550.0,39900.0,46000.0,,11481750.0,2402400.0,,,8000.0,,,106506.26999999999,,690563.5,1296478.0,,,,,,7800920.0,493567.272,,,65270.0,32250.0,0.0,880230.0,1850000.0,119907.84,,,,40000.0,178750.0,16200.013500000001,,17588561.76,,2586268.1999999997,399001.064,505600.0,,200000.0,,0.0,30624.0,,,,50000.0,,11550.0,12614100.0,,,,,,,212000.0,224250.0,116250.0,,,47500.0,49455.0,1650000.0,,,12570800.000000002,,93749.5,,115500.0,,272999.595,,,,132500.0,,685125.0,,,,,,,,,,,,,,,0.0,0.0,21150.0,161700.1848,0.0,,,1975701.0,,120625.8,,115600.0,39750.0,358332.5,20750.0,,408320.0,,,7482512.78615,1503664.7327999999,,,3250.0,,29400.0,,,90000.0,1184400.0,,23106964.50105,7330750.0,,,,,,,,,,,67477797.504,87200.0,48000.0,78000.0,,,,,4600.0,72000.0,,,28000.000000000004,,,118394425.0,,,,247549.30000000002,,27000.0,472676.036,582900.0,70000.0,,,19000.0,,864778.3799999999,109950.0,,27000.0,,
2006-01-31,,,,,521766.6,,94987.5,,40786824.75659999,,228721.9837916902,,,,190800.0,926349.9999999999,9375.0,,,,60539513.304000005,0.0,2145600.0,0.0,,607151.419,,,109600.0,,336000.0,,1570360.0,344500.0,44200.0,,2517200.0,95000.0,47120.0,,22890700.0,,195901.65,,,21201800.00035,3851100.0,,121250.0,75000.0,83640.0,129000.0,,56356191.072,109406.25,122450.0,,,,,,,207000.00045999998,,1728560.0000000002,829223.6553000001,,,,,,,,,65000.0,98507.1055,,,,,,5700.0,322500.0,,,,,,391883.94999999995,66420.0,521325.0,,,,,,,,,6370305.7,,,,4575902.325,,43799.808,19800.0,,,,,,383997.00299999997,,,,,,0.0,0.0,,,6912650.2464000005,,,,37023000.0,,,,304370.0,244800.0,21775075.0,,,,,24200.000000000004,230000.0,,,,0.0,108000.0,8721950.0,0.0,,,,,7880775.0,,,37400.0,0.0,0.0,25450.0,25000.0,345000.0,47900.0,70000.0,,8407825.0,5081501.25,,,,,,54013.039399999994,,1108904.0,2197368.0,,,,,,7804080.000000001,3852445.608,,,28000.0,130000.0,0.0,718829.9999999999,1070835.0,238117.698,,,,160000.0,86625.0,17899.6842,,18581513.505000003,,8772185.5,358875.0,725000.0,,,40000.0,0.0,246394.50000000003,,,,40000.0,,62500.0,14361750.0,,,,,840000.0,,278250.0,195000.0,262500.0,,,50000.0,58320.00000000001,8223300.0,,6750.0,17518625.0,,507996.19000000006,,120000.0,,125999.71999999999,,,,189000.00000000003,,801600.0,,,,,,,,,,,,,,,0.0,0.0,357000.0,396249.72000000003,0.0,,,4204397.925,,107619.875,,34000.0,153500.0,153999.30000000002,28000.000000000004,,296000.0,,,7309167.7748,5557573.8144000005,,,22000.0,,18000.0,,,186900.0,896700.0,,35151180.82095,6608000.0,,,,,,,,,,,40534001.216,46250.0,63860.0,13500.0,,,,4700.0,8500.0,172800.0,,,35000.0,,,134242200.0,,,,195008.45,,121500.0,519851.40499999997,169000.0,57999.99999999999,,,116950.0,,9142844.82,53300.0,,94100.0,,
2006-02-28,,,,,236011.8,,673250.0,,29445385.84725,,159110.94524639274,,,,99400.0,1922800.0,6500.0,,,,81430098.93,0.0,641400.0,0.0,,1245942.1800000002,,,44000.0,,618850.0,,244395.0,78000.0,34200.0,,3750450.0,107500.0,192000.0,,26561775.0,,85800.0,,,9435500.89955,2322400.0,,264000.0,75600.0,53530.0,109100.0,,71500154.00400001,118800.0,277500.0,,,,,,,731149.9995305,,3016170.0,1289478.8934,,,,,,,,,112250.0,106673.30075,,,,,,6650.0,171600.0,,,,,,170208.3,91760.0,285200.0,,,,,,,,,6191393.6,,,,2232698.55,,23700.072,50400.0,,49250.0,,,,2059811.6445,,,72000.0,23679426.075000003,,0.0,0.0,,,5318410.2336,,,,15913600.0,,,,304370.0,165500.0,35997950.0,,,,,132000.0,808950.0,,,,0.0,62000.0,3767099.9999999995,0.0,,,,,3411637.5,,,33000.0,0.0,0.0,30159.999999999996,23000.0,243750.0,20000.0,66500.0,,15735600.0,3091924.5,,,10500.0,,,,,749975.5,985608.0,,,,,,3734880.0,3512019.7199999997,,,15600.0,15000.0,0.0,936700.0000000001,1532020.0,40877.46000000001,,,,150000.0,72900.0,41179.3308,,21446033.4,,11185926.05,494862.97849999997,1421200.0,,2500000.0,30000.0,0.0,48856.5,,,,763750.0,,45600.0,26972050.0,,,9333.0,,,,357000.0,430250.0,223000.0,,679200.0,93000.0,55080.0,4094100.0,,26000.0,13385300.0,,138998.535,,87000.0,,206401.8,,,,203450.0,,279075.0,,,,,,,,,,,,,,28800.0,0.0,0.0,227750.0,146000.16,0.0,,,9812441.925,,71471.35,,19500.0,49000.0,520664.30000000005,573800.0,,518400.0,,,6108756.9158,966757.7304,,,3800.0,,172200.0,,,325000.0,1183725.0,,20850803.08635,6662200.0,,,,,,,,,,,38510100.0,80100.0,35600.0,40000.0,,,,209800.0,110000.0,189000.0,,,177500.0,,,227413775.0,,,,354084.5,,78000.0,49104000.0,953400.0,196000.00000000003,,,57800.0,,6732101.22,325500.0,,724000.0,,
2006-03-31,,,,,185245.2,,262125.0,,68075197.2425,,257605.53670334167,,,,115750.0,2705000.0,9750.0,,,,48478500.0,0.0,845250.0,0.0,,991219.3200000001,,,110000.0,,554400.0,,520150.0,201500.0,37800.0,,5878800.0,200840.0,16000.0,,26291300.0,,99948.6,,,12951546.6233,3392400.0,,684000.0,48000.0,120200.0,,,106044880.4064,67200.0,319200.0,,,,,,,397899.999827,,2923200.0,1111025.9081000001,,,,,,,,,71500.0,71897.74799999999,,,,,,5700.0,440000.0,,,,,,26370.3,58500.0,250160.0,,,,,,,,,3617715.0,,,,5477680.0,,27999.76,54000.0,,859750.0000000001,,,,5792478.09,,,10800.0,6254017.77,,0.0,0.0,,,5619680.0,,,,27028000.0,,,,553400.0,607750.0,26100800.0,,,,,39640.0,828000.0,,,,0.0,156900.0,3074500.0,0.0,,,,,8665800.0,,,92300.0,0.0,0.0,45340.0,86400.0,166000.0,60000.0,52300.0,,6045800.0,4700556.0,,,9000.0,,,12991492.9408,,1020481.0,1003960.0,,,,,,3705000.0,2615256.072,,,16560.0,20300.0,0.0,335980.0,550200.0,262635.75,,,,124000.0,46875.0,12600.4491,,20997261.3,,9019704.0,563549.558,960000.0,,,26400.0,0.0,25954.5,,,,1994800.0,,80300.0,22528000.0,,,9800.0,,6000.0,,323312.5,540000.0,153000.0,,198100.0,55000.00000000001,14265.0,5818300.000000001,,25500.0,14665500.0,,106198.755,,131500.0,,164400.885,,,,392450.0,,509625.0,,,,,,,,,,,,,,,0.0,0.0,217000.0,580899.3936000001,0.0,,,16257933.25,,170234.5,,14250.0,48299.99999999999,3192105.05,1971000.0000000002,,884820.0,,,1968301.5044,1614281.76,,57499.344249999995,14000.0,,77250.0,,,259200.0,1032000.0,,116136292.8921,5172750.0,,,,,,,,,,,30037802.496,102200.0,3600.0,71850.0,,,,589500.0,90000.0,132000.0,,,,,,122651400.0,,,,298902.5,,188500.0,15552600.0,1074400.0,153700.0,,,92800.0,,2002030.8,286650.0,,386400.0,,
2006-04-30,21320.0,,,,356979.60000000003,,428137.5,4086375.0,35278672.7633,,291181.96861804795,,,,86550.0,4108500.0,11500.0,,,,92017403.352,0.0,384000.0,0.0,,589950.0,,,410000.0,,674500.0,,10932825.0,1848000.0,18000.0,,15562500.0,561200.0,24000.0,,20050350.0,,1926233.25,19999.92,,10507107.425099999,6532840.0,,342250.0,15600.0,,180000.0,,81769146.3504,90990.0,1206000.0,,105000.0,,3800.0,19162.332000000002,,341000.00022,53900.0,1419600.0,1153653.0852,,,,,,,,,931000.0,98392.488,,,54000.0,28800.0,,7712.5,306475.0,,,,,,82734.95,143800.0,1808920.0,,,,,,,,,5966230.0,,,,12961750.0,,22950.0,26000.0,,144000.0,5800.0,,,2773050.0,,1358500.0,5550.0,3440354.16,,17038101300.0,17038101300.0,26700.0,18400.0,8342640.0,,1489600.3199999998,,28470250.0,,,,,379500.00000000006,27163250.0,,,,,100800.00000000001,2664300.0,,,,228450997690.0,549400.0,4949625.0,228450997690.0,,,,,10392350.0,,,59150.0,101490189170.0,101490189170.0,84500.0,20800.0,467500.0,51500.0,72000.0,435000.0,9606300.0,4724181.0,,35000.0,6000.0,,,,,22473250.0,11180250.0,6478400.0,,,,,2944250.0,1236340.0,,,34020.0,30000.0,10699637847330.0,14010200.0,4927200.0,687063.0,,54000.0,,,28000.0,24700.0,,15418383.309999999,123625.0,92469125.0,255362.5,1625000.0,,,7700.000000000001,10699637847330.0,25591.5,,,,314600.0,,66500.0,15896900.0,,,,,,,4443000.0,3432000.0,1101000.0,,582753.6,120000.0,,5189950.0,,25750.0,19824900.0,142500.0,1366700.0,,63000.0,27500.0,,,,,512875.0,28700.0,440300.0,15250.0,,,,,,,330000.0,,,,,35500.0,,132195219275.0,132195219275.0,203350.0,697175.1048,6879226521075.0,40000.0,,32729600.0,,787050.0,,7600.0,163350.0,3072700.0,1136500.0,,2809725.0,,,14418276.729899999,2855275.4664000003,193788932790.0,,19000.0,,95200.00000000001,,,,1274400.0,,27913554.23125,6958700.0,,,,,,,,,,,20823601.216,79200.0,12600.0,82900.0,,,,106700.0,,,193788932790.0,,27600.000000000004,,,209404475.0,,,,201090.96,193875.0,453500.0,29685450.0,6980780.0,56000.00000000001,,,352300.0,,3308000.0,249600.0,,399400.0,,
2006-05-31,,,,,144498.6,,2088900.0,,129059554.37835,,518563.12983743637,,,,122050.0,7789300.0,6625.0,,,,166645299.54000002,0.0,586300.0,0.0,,7209186.87,,,336000.0,,3411840.0,,27646525.0,1498500.0,24650.0,,30702650.0,524700.0,312400.0,,36304100.0,,934228.725,,,9969837.2801,8750302.05,,904750.0,84700.0,300000.0,180000.0,,159803270.424,68394.375,672900.0,,,,,,,514600.000332,,3797230.0,2673586.7199999997,,,,,,,,,264000.0,94283.14899999999,,,,,,10125.0,223025.0,,,,,,133118.25,206400.0,1779300.0,,,,,,,,,7930575.6,,,,16311774.8,,70249.245,114300.0,,36250.0,,,,3246472.4496,,,,14469471.719999999,,0.0,0.0,,,12922620.0,,,,32093425.0,,,,4951764.0,377000.0,62566000.0,,,,,141240.0,1587975.0,,,,0.0,380000.0,5561850.0,0.0,,,,,15927262.5,,,21750.0,0.0,0.0,159750.0,33800.0,589000.0,203750.0,45700.0,,11267350.0,7493304.0,,,40000.0,,,76767524.2814,,7602244.5,6291153.0,,,,,,9474730.0,1315411.812,,,23390.0,34000.0,0.0,4580870.0,2293620.0,2281601.4000000004,,,,348000.0,57750.0,12900.4515,,28709544.795,,70867753.2,507687.1195,640300.0,,6250000.0,12000.0,0.0,87780.0,,,,137500.0,,96200.0,29347150.0,,,,,404000.0,,3642250.0,4001800.0,1004900.0,,4097840.0,38750.0,103529.25,9329925.0,,26700.0,24405350.0,,32749064.257,,132300.0,,241798.41400000002,,,,796700.0,,1208225.0,,,,,,,,,,,,,,805640.0000000001,0.0,0.0,440000.0,500000.39999999997,0.0,,,54135506.9125,,1595123.6,,13860.0,210000.0,4231341.805,860800.0,,3965500.0,,,6684022.42625,8048672.870399999,,,24000.0,,59000.0,,,75950.0,1171500.0,,31705615.84875,8400000.0,,,,,,,,,,,49216448.672000006,367875.0,135000.0,201600.0,,,,280800.0,611150.0,198400.0,,,15000.0,,,315018525.0,,,,512339.4,,312000.0,66589262.5,3323060.0,145300.0,,,1162800.0,,7103150.34,187000.0,,885900.0,,8250.0
2006-06-30,,,,,104006.4,,407400.0,,60912015.596,,192854.97998263646,,,,252000.0,1890000.0000000002,3281.25,,,,119890831.10399999,0.0,87050.0,0.0,,3410320.0,,,106000.0,,614100.0,,,482250.0,29400.0,,5558000.0,300000.0,34000.0,,27047500.0,,,,,10299534.44,2090880.0,,111000.0,292300.0,193050.0,1400.0,,69404258.304,29953.125,280000.0,,,,,,,372599.99931000004,,539100.0,638020.099,,,,,,,,,192250.0,15998.189999999999,,,,,,8200.0,106700.0,,,,,,25104.2,26800.0,670710.0,,,,,,,,,2489790.0,,,,4359171.600000001,,,47600.0,,16500.0,6000.0,,,915210.9984,,,3900.0,2752825.725,,0.0,0.0,,,8276480.0,,,,10128500.0,,,,996120.0,90000.0,50607600.0,,,,,96000.0,968200.0,,,,0.0,42500.0,5398000.0,0.0,,,,,17738750.0,,,14100.0,0.0,0.0,761010.0,41250.0,170475.0,35000.0,56000.0,,14337500.0,3048045.0,,,68750.0,,,229527.66199999998,,1213986.0,673365.0,,,,,,6339860.0,251298.564,,,66000.0,,0.0,877210.0,682590.0,471744.0,,,,141000.0,138650.0,36460.80129999999,,22006840.51,,25975892.400000002,203500.0,398200.0,,40000.0,,0.0,43890.0,,,,30000.0,,14600.0,10713600.0,,,,,,,2242500.0,1206500.0,292500.0,,946352.0,23250.0,74925.0,2182500.0,,86700.0,13586100.0,,8651500.0,,22400.000000000004,,204575.49255,,,,168000.0,,1056250.0,,,,,,,,,,,,,,43200.0,0.0,0.0,284700.0,220500.0,0.0,,,29768700.0,,390274.35,,105490.0,,994833.3,163300.0,,1263600.0,,,2656511.5207,6151052.2535999995,,18630.7375,,,28600.0,,,100000.0,1919000.0,,17311807.0648,6314200.0,,,,,,,,,,,44359697.536,113050.0,79200.0,78250.0,,,,21000.0,44400.0,45600.0,,,136000.0,,,179600000.0,,,,524553.9,,183600.0,19153375.0,1427580.0,44000.0,,,151200.0,,5973000.0,99000.0,,285600.0,,
2006-07-31,,,,,174990.0,,763950.0,,46398068.382400006,,245817.4715885284,,,,694400.0000000001,1751900.0,5400.0,,,,103984242.55200002,0.0,228000.0,0.0,,1457850.0,,,95000.0,,513000.0,,9870000.0,328750.0,41100.0,,5218750.0,380800.0,32000.0,,30542150.0,,,,,24676306.0095,5276686.5,,77000.0,81400.0,45900.0,12600.0,,51440477.178,20998.125,90000.0,,,,,,,266499.99959,,1042920.0,710968.9911000001,,,,,,,,1198800.0,78750.0,254734.37749999997,,,,,,8200.0,2875550.0,,,,,,64727.1,29900.0,794850.0,,,,,,,,,3558115.1000000006,,,,2512400.0,,6899.895,38300.0,,30000.0,,,,425605.78200000006,,,7200.0,1173923.1,,0.0,0.0,,,5084990.0,,,,20547950.0,,,,8649120.0,136000.0,24261750.0,,,,,76600.0,492100.0,,,,0.0,128000.0,1032850.0,0.0,,,,,2085962.5,,,12000.0,0.0,0.0,124460.0,,317200.0,78000.0,40000.0,,13671125.0,1357765.5,5004.08,,335500.0,,,10800.379200000001,,3220800.0,1890483.9999999998,,,,,,4927350.0,215729.05199999997,,,88450.0,32500.0,0.0,3979750.0,2083230.0,301930.2,,,,68000.0,105250.0,212201.85009999998,,24245686.995,,21501776.7,722960.931,1060650.0,,100000.0,1000.0,0.0,192596.25,,,,15300.0,,18600.0,18742600.0,,,9800.0,,,,2278000.0,1152200.0,252999.99999999997,,695614.0,45000.0,13770.0,2347050.0,,13250.0,12462250.0,,3233463.5515,,153800.0,,168613.00994999998,,,,169250.0,,350150.0,,,,,,,,,,,,,,28950.0,0.0,0.0,163800.0,315000.0,0.0,,,14562737.23125,,726962.6,,75500.0,,711174.235,273000.0,,2854800.0,,,1834651.9422,1432429.9488000001,,,,,124200.0,,,164000.0,848400.0,,17990197.48125,3405600.0,,,,,,,,,,,22755951.264,133550.0,28640.0,148200.0,,,,13800.0,50000.0,53000.0,,,469200.00000000006,,,235133775.0,,,,139711.25,,510600.0,14139475.0,999180.0,49200.0,,,216250.0,,2217315.96,45000.0,,183600.0,,
2006-08-31,2440.0,,,,263256.6,,386362.5,4505000.0,43963512.181899995,,108159.68749895232,,,,92350.0,886700.0,5875.0,,,,78968413.93200001,0.0,250050.0,0.0,,502200.0,,,1115650.0,,337250.0,,11915450.0,708000.0,16000.0,,6188900.0,421850.0,52700.0,,15281350.0,,,,,28875581.94225,4038398.0999999996,,326350.0,35000.0,102000.0,108000.0,,42047837.010000005,28801.5,124800.0,,,,8200.0,14207.36625,,1431750.0003344999,123250.0,1344540.0,706380.7224,,,,,,,,411130.0,289000.0,140014.325,,,,,,8200.0,660975.0,,,,,7000.0,249411.2,182250.0,617665.0,,,,,,,,91000.0,3048000.0,,,,2997200.0,,30800.377999999997,760950.0,,,,,,279051.603,,393400.0,41325.0,2889946.35,,2719162695.0,2719162695.0,,,10915100.0,,303499.995,,25677925.0,,,,61122174.0,224000.0,28477850.0,,,,,122400.0,555062.5,,,,144986071840.0,101300.0,2882350.0,144986071840.0,,,,,5547862.5,,,361000.0,213299490120.0,213299490120.0,225740.0,386750.0,243000.0,182000.0,157500.0,,7894300.0,1375468.5,9000.0,40000.0,12600.0,,,,,1548475.0,1659115.0,,,,,,1939550.0,1618970.958,,,50030.0,19800.0,4088589895470.0,7105750.0,3100650.0,560149.2,,4225.0,3800.0,1182000.0,234599.99999999997,101200.00000000001,,11932529.364999998,156000.0,55660297.25,1354336.045,560000.0,,,25500.0,4088589895470.0,21285.0,,,,115150.0,,26250.0,33809600.0,,,21065.999999999996,,,,3520000.0,1408200.0,335400.0,,1281010.82,357500.0,39960.0,5381250.0,,27500.0,12085750.0,224000.0,2181600.0,,208000.0,133875.0,74699.955,,,,1313125.0,,682500.0,31000.0,,,,,,,60000.0,,,,,34400.0,79920.0,115051567730.0,115051567730.0,231000.0,1057545.0,4121189249780.0,39500.0,,14728066.662500001,,420750.0,,19500.0,372000.0,1450350.0,1876150.0,,6545500.0,,,1632796.2569,2827535.1912,223900132640.0,16500.0768,2100.0,,148500.0,,,39100.0,1168500.0,,16412774.4,4755850.0,,,,,,,,,,,29138000.0,187000.0,15680.0,599800.0,,,60000.0,,,168000.00000000003,223900132640.0,,220000.0,,,245891925.0,220000.0,,,564544.89,4086249.9999999995,824500.0,17419650.0,1121250.0,100000.0,,,303800.0,17100.0,3164521.8200000003,178650.0,,144000.0,,
2006-09-30,13679.999999999998,,53600.0,,397500.0,,623900.0,929312.5,81261368.305,,477891.5118109705,,,,116600.0,1534000.0,2125.0,,,,103356603.89999999,0.0,96500.0,0.0,,574280.0,,,594000.0,,902700.0,,8573100.0,7626000.0,29600.0,,7929600.0,1748650.0,28500.0,14800.0,18213450.0,,413550.70499999996,74399.715,,28320536.6083,4187100.0,,310250.0,12800.0,,35200.0,,74718301.87200001,221475.0,364500.0,,,,41600.0,142073.6625,,684549.999903,153750.0,2147600.0,875095.6664,,,,,,,,2775600.0,248000.0,49997.36,,,195300.0,227200.0,,8200.0,533800.0,,,,,,122700.3,129600.00000000001,654900.0,,,,,,,,18000.0,2650520.0,,,,5202000.0,,22000.0,203625.0,,48000.0,,,,4026000.0,,53900.0,41000.0,15437898.660000002,,14462212160.000002,14462212160.000002,,,17266920.0,,160249.86,,44110000.0,,,,,215000.0,38497800.0,,,,,97350.0,753025.0,,,,186313361850.0,142200.0,4390650.0,186313361850.0,,,,,4545125.0,,,212550.0,501714750010.0,501714750010.0,115750.0,18734800.0,159500.0,126000.0,150500.0,,11685300.0,3999239.9999999995,63000.0,42500.0,15500.0,,,,,2695450.0,1379350.0,,,,,,11518720.0,8982680.0,,,18520.0,12800.0,8529658365149.999,6638500.000000001,4750200.0,766584.0,,41600.0,96750.0,,43175.0,27000.0,,14005635.84,115300.0,95740598.0,2720000.0,898650.0,,,49650.0,8529658365149.999,21945.0,,,,79750.0,,21650.0,22995000.0,,,,,,,3267000.0,1031250.0,528000.0,,1105737.6,87150.0,,4868750.0,,13800.0,19442750.0,1702000.0,1597400.0,,99000.0,39825.0,,,,,252200.0,50250.0,362250.0,102600.0,,,,,,,290000.0,,,,,24300.0,,210265691020.0,210265691020.0,182750.0,335600.15520000004,6515159510800.001,807175.0,,18221250.0,,326250.0,,24500.0,224100.0,9695537.5,1419600.0,,2211900.0,,,4015138.2660000003,4431430.648800001,124612130400.0,,12700.0,,185600.0,,,,1767300.0,,216892389.60480002,4231500.0,,,,,,,,,,,22526200.0,199100.0,45140.0,434699.99999999994,,,1600.0,,,377550.0,124612130400.0,,309650.0,,,438326900.0,,,,210803.02,454500.0,263200.0,41257800.0,1479000.0,552200.0,,,197350.0,8000.0,1479000.0,38325.0,,343100.0,,16500.0
2006-10-31,28850.0,,13000.0,,187500.0,,1953900.0,11636950.0,159610390.625,,299953.18294518394,,,,163900.0,4171999.9999999995,28875.0,,,,120507000.0,0.0,152000.0,0.0,,1570699.9999999998,,,627500.0,,809600.0,,11328000.0,870000.0,38000.0,,4752000.0,717600.0,38600.0,,53833000.0,,196002.0,,,90625532.517,4717440.0,,128575.0,35000.0,,40000.0,21600.0,103243279.08,948318.0,459200.00000000006,,,,9400.0,4191.760125,,575999.99952,54600.0,969000.0,3260079.9560000002,,,,,,,,6941900.0,80000.0,107494.324,,,75000.0,44000.0,,8200.0,275600.0,,,,,20500.0,102464.0,50100.0,673200.0,,,,,,,,9000.0,8161080.0,,,,6540800.000000001,,23000.0,245000.0,,51000.0,,,,2891150.0,,114750.0,28850.0,12616985.94,,14083764480.0,14083764480.0,7000.0,,26451560.0,,5908599.69,,25651500.0,,,,,2086800.0,61418550.0,,,,29500.0,69300.0,904500.0,,,,223784926200.0,1176260.0,13227800.0,223784926200.0,,,,,5251350.0,,,94500.0,505318187160.0,505318187160.0,292340.0,8099520.0,203925.0,118500.0,46000.0,,29012650.0,10884027.0,,44800.00000000001,12320.0,14800.0,,75204.2302,,688450.0,639900.0,,,,,,11471040.0,7428960.0,,,29000.0,51000.0,3251397097600.0005,3706500.0,2118300.0,1172121.6,,28500.0,50000.0,,26500.0,125000.0,,41409787.9,100000.0,58419300.1,6774300.0,1619000.0,,,107400.0,3251397097600.0005,36184.5,,,,397800.0,,30000.0,25480000.0,,,,,130000.0,,1311000.0,300000.0,80250.0,,368183.0,190500.0,,9802575.0,,63000.0,13724000.0,822800.0000000001,1123500.0,,210800.0,80000.0,,,,,678375.0,85800.0,517500.0,49500.0,,,,,,,143750.0,,,,,30850.0,,177429481440.0,177429481440.0,112550.0,567700.08,4613977336320.0,215000.0,,22438500.0,,349200.0,,54650.0,727160.0,66264325.0,865200.0,,1042500.0,,,6108001.8785999995,4427676.4608,231337838550.0,48749.25,138300.0,,688500.0,,,,806000.0,,85750088.5202,6596800.0,,,,,,,,,,,64362399.99999999,200900.0,3800.0,184470.0,,,,,,114300.0,231337838550.0,,18200.0,,,532405000.0,100450.0,,,103151.56,272800.0,327100.0,53661100.0,1875110.0,,,,391000.0,8300.0,4419200.0,65000.0,,1990600.0,,303600.0
2006-11-30,74100.0,,73050.0,36000.0,656032.7999999999,,2257600.0,7646500.0,90609780.9771,,478729.5259186588,,,,231999.99999999997,3961500.0,,,,,66518566.5,0.0,217600.0,0.0,,1957500.0000000002,,,3026400.0,,1339200.0,,8923200.0,4144799.9999999995,77600.0,,7020000.0,1163225.0,871520.0,231999.99999999997,182843500.0,,81899.1,3450.0149999999994,,51094537.2864,9943360.000000002,,3053675.0,93600.0,,,,116930741.39999999,13108057.200000001,1216000.0,,,,423849.99999999994,69322.55399999999,,1132000.001132,49000.0,1521000.0,5180066.2724,,,,,,,,2040500.0,1953000.0,145021.3,,,27000.0,97250.0,,8200.0,1446000.0,,,,,13000.0,214147.80000000002,17130.0,1201560.0,,,,,,,,12000.0,4016849.9999999995,,,,6064200.0,,19800.0,283750.0,,65000.0,,,,2891050.0,,712000.0,9600.0,2810472.3,,21790260960.0,21790260960.0,8000.0,,11040000.0,,14832600.0,,24199800.0,,,,50067650.0,385000.0,60299600.0,,,,41800.0,65720.0,1362125.0,,,,843513872850.0,1224490.0,16898000.0,843513872850.0,,,,,16220050.0,,,153000.0,449535789550.0,449535789550.0,323440.0,2727340.0,332500.0,240000.0,148500.0,,12491500.0,8006449.5,,69800.0,5100.0,1500.0,,49202.573,,3844800.0000000005,2895000.0,,,,,,18746520.0,2570880.0,,,15640.0,35000.0,6519064625150.001,4222800.0,3259200.0,847267.2,,16800.0,30700.0,,12500.0,50000.0,,128880555.57000001,184000.0,185415576.60000002,3998550.0,437400.0,,,64000.0,6519064625150.001,15963.75,,,,450000.0,,37800.0,42046200.0,,,,,97500.0,,3500999.9999999995,700000.0,189050.0,,709877.2,690000.0,,14526100.0,,93450.0,12716000.0,1603800.0,1504800.0,,471700.0,185800.0,,,,,1212000.0,47600.0,4217850.0,78200.0,,,,,,,370500.0,,,,,41610.0,,411166495050.0,411166495050.0,105600.0,691600.4256,8107982796000.0,45000.0,,46633550.00000001,,3903350.0,,59800.0,511980.0,46061350.0,35136000.0,,610500.0,,,7738238.001499999,10952579.980800001,325054884600.0,11999.789999999999,79100.0,,251999.99999999997,,,,1546600.0,,88030547.1452,6104600.0,,,,,,,,,,,49466503.04,138000.0,36800.0,224939.99999999997,,,,,,45599.99999999999,325054884600.0,,1374840.0,,,324647100.0,,,,518423.36,1528450.0,575300.0,40223050.0,2048200.0,,,,924000.0,,3968000.0,131500.0,,3277000.0,,66000.0
2006-12-31,195000.0,,63600.0,6500.0,272508.0,,753512.5,4872000.0,132329432.0623,,430716.904308845,,,,227500.0,6482900.0,75600.0,,,,101036266.038,0.0,90000.0,0.0,,1349825.0,,,1787400.0,,3166220.0,,4395900.0,920150.0,32900.0,,24079850.0,792150.0,237600.0,5000.0,64243400.0,,558000.0,497499.0,,50355079.449499995,3890240.0,,1277750.0,73000.0,,,11750.0,135062087.232,2043573.3,516000.0,,,,,145255.642875,,848000.000848,229999.99999999997,611200.0,2140889.7742,,,,,,,,2258250.0,342000.0,89609.168,,,37000.0,95000.0,,5700.0,465000.0,,,,,,84601.6,221510.0,3826800.0,,,,,,,,6000.0,2790925.0,,,,5583600.0,,,156000.0,,165000.0,,,,3296700.0,,48000.0,19600.0,22147381.424999997,,11538640100.0,11538640100.0,80000.0,10200.0,16846900.0,,13923910.02,,51800075.0,,340600.0,,19456200.0,317400.0,30790125.0,,,,3750.0,23400.0,657775.0,,,,334982018010.0,795750.0,20863000.0,334982018010.0,,,,,4334675.0,,,106950.0,856631833160.0,856631833160.0,252800.0,2101240.0,536450.0,146500.0,52500.0,,26129300.0,9830079.0,,113500.0,28600.0,52500.0,,42652.2772,,1694100.0,1259250.0,,,,,,13758630.0,2922200.0,,,83360.0,3800.0,5509563824130.0,4420500.0,2257000.0,782199.6000000001,,32200.0,3600.0,,33900.0,20400.0,,49408200.230000004,48300.0,105017886.3,12512650.0,1555200.0,,,84000.00000000001,5509563824130.0,65835.0,,,1692000.0,432100.0,,24950.0,41601000.0,,,,,21600.0,,4834250.0,500000.0,237600.0,,769194.0,148200.0,,6893125.0,,29000.0,15622200.0,2349750.0,1325000.0,,425250.0,52000.0,,,,,394375.0,90400.0,1121400.0,111000.0,,,,,,,458550.0,,,,,38000.0,,312450130970.0,312450130970.0,96000.0,525000.0,7560478299625.0,5000.0,,25312500.0,,4092750.0,,79500.0,174900.0,30887437.5,18304650.0,,545600.0,,,2155684.5797,4277677.4352,165917633440.0,23849.594999999998,36600.0,,201500.0,,,,1572325.0,,68580258.9527,4775100.0,,,,,,,,,,,77720998.43200001,138000.0,38420.0,166860.0,,,6500.0,,,100300.0,165917633440.0,,4162200.0,,,365935300.0,,,,216788.1,1640800.0,1459700.0,21187475.0,770575.0,,,,15585460.0,,1936000.0,48600.0,,1009200.0,,
2007-01-31,366620.0,,50600.0,19500.0,369009.0,,1198825.0,6187650.0,116747890.45650001,,663427.8352531301,,,,227500.0,18366250.0,27000.0,,,,196687900.68,0.0,120000.0,0.0,,1102000.0,,,3184400.0,,1505920.0,,2167700.0,1204800.0,88350.0,,9577200.0,520699.99999999994,112790.0,35750.0,234082575.0,,343452.0,19999.92,,75279770.1753,4182000.0,,8448000.0,207500.0,,25000.0,,114058471.266,1636320.0000000002,577100.0,,,,,159686.1,,2361599.998032,34800.0,1043200.0,4730131.255,,,,,,,,1000125.0,462000.00000000006,62103.381,,,91000.0,182000.0,,7700.0,229500.0,,,,,1377500.0,135566.90000000002,105400.0,1962440.0,,,,,,,,19500.0,6196500.0,,,,21955900.0,,2500.0,259875.0,,24000.0,,,,10828800.0,,102500.0,14700.0,24848053.619999997,,465258047680.0,465258047680.0,30000.0,,75397620.0,,28171020.0,,78308600.0,,179700.0,,27945200.0,3627600.0,67925100.0,,,,,198000.0,434600.0,,,,825963430730.0,1477500.0,9800000.0,825963430730.0,,,,,13372800.0,,,338300.0,3555136504970.0,3555136504970.0,1634320.0,4807320.0,216500.0,263500.0,370125.0,,21706500.0,8817697.35,,83200.0,65000.0,322000.0,,,,2335500.0,1096200.0,98400.0,,,,,67010300.0,2966000.0,,,26630.0,56250.0,441844432890.0,8602000.0,5480800.0,585312.0,,,21600.0,,15750.0,30000.0,,184625064.69,127599.99999999999,126347880.0,21260050.0,627550.0,,,41600.0,441844432890.0,133369.5,,,871200.0,135000.0,,52350.0,34679700.0,,,,,9900.0,,2164500.0,1488000.0,933400.0,,1117804.72,261000.0,,5984600.0,,45900.0,23307750.0,2741200.0,1630000.0,,108800.00000000001,125999.99999999999,,,,,544500.0,,2551500.0,54000.0,,,,,,,16250.0,,,,,15000.0,,867553467640.0,867553467640.0,192000.0,1721437.608,11383285028810.0,,,22762000.0,,12913400.0,,17400.0,776960.0,50330700.0,7376700.0,,438900.0,,,3741642.6488,5002787.0952,830085178619.9999,39699.494999999995,85150.0,,319500.0,,,,1234900.0,,98806882.5975,5286400.0,,,,,,,,,,,78370973.2,131200.0,35600.0,274560.0,,,,,,145100.0,830085178619.9999,,2380000.0,,,341050000.0,,,,1436862.8250000002,1380400.0,1058200.0,33449500.0,994659.9999999999,,,,6114960.0,9300.0,3844799.9999999995,54600.00000000001,,564000.0,,2600.0
2007-02-28,45000.0,,171600.0,13400.0,3741408.0,,3541200.0,8815900.0,104571938.33255,,1233891.9721600516,,,,358350.0,92431300.0,16710900.0,,,,203889003.294,0.0,1659000.0,0.0,,1865500.0,,,3061800.0,,7721219.999999999,,4209000.0,1815000.0,207000.0,,11167200.0,275400.0,73500.0,18000.0,277439625.0,,928257.9,70000.2,,86392041.41080001,29777280.0,,6273300.0,115600.00000000001,,56000.0,,106560039.24000001,4008486.3,2130000.0,,,,8400.0,361642.05000000005,,1028999.9989499999,41500.0,2570100.0,6003730.6252,,,,,,,,6998250.0,1092650.0,392102.24475,,,78200.0,139200.0,,5925.0,901000.0000000001,,,,,37500.0,232654.40000000002,72800.0,1604160.0,,,,,,,,40500.00000000001,8848950.0,,,,37453500.0,,35680.0,483000.00000000006,,,,,,15404800.0,,334200.0,25900.0,18040127.25,,636905439450.0,636905439450.0,15800.0,,242711700.0,,62944401.480000004,,65112000.0,,117800.0,,223165800.0,7511600.0,75265200.0,,,,,183180.0,2606100.0,,,,1407004206950.0,3072000.0,43304000.0,1407004206950.0,,,,,26448000.0,,,79800.0,4578880522320.0,4578880522320.0,524790.0,9774000.0,809600.0,1017500.0,165000.0,,33632500.0,17996709.15,6100.0,19580.0,86830.0,218950.0,,75997.43,,5273100.0,1539900.0,52200.0,,,,,85122800.0,9368880.0,,,6850.0,22500.0,1482375907400.0,8665800.0,5826100.0,4209894.0,,110500.0,97200.0,,64500.0,59160.0,,205764387.14,418450.0,175620600.0,20119550.0,825000.0,,,528500.0,1482375907400.0,39039.0,,,830400.0,278800.0,,10200.0,51004800.0,,,,,13500.0,,4828200.0,2172800.0,403000.0,,6995873.2,404000.0,,15956500.0,,148325.0,45998400.0,11614500.0,1414175.0,,178000.0,237300.0,,,,,3498000.0,33000.0,4681800.0,52200.0,,,,,,,24700.0,,,,,69100.0,73000.0,1545582753680.0,1545582753680.0,1121750.0,7717275.0,17082077318220.0,,,26436799.999999996,,15104500.0,,41610.0,413440.0,95879525.0,29096000.0,,465075.0,,,3858412.5935,30114229.3776,1311123307830.0,13999.755,215000.0,,391550.0,,,,1848000.0,,136723711.51125002,5726500.0,,,,,,,,,,,92494487.52000001,419310.0,9200.0,309760.0,,,,,,642600.0,1311123307830.0,,2410940.0,,,478601000.0,13000.0,,,1185756.3900000001,,1173000.0,78952450.0,1304000.0,,,,10026000.0,20000.0,14029199.999999998,267400.0,,3321200.0,,409200.0
2007-03-31,131400.0,,17500.0,,2573736.84,,1983012.5,10400000.0,139854247.93150002,,692613.0732435505,,,,374900.0,22038300.0,15211000.0,,,,185911707.234,0.0,1760500.0,0.0,,1302850.0,,,3626550.0,,18240020.0,,2688000.0,1998000.0,36000.0,,41072750.0,382500.0,38000.0,55800.0,115260000.0,,259250.025,51300.0,,75760869.8162,12427820.0,,2560000.0,34500.0,,30000.0,,110809883.07,945000.0,6040250.0,,,,14250.0,56430.24975,,662699.999577,134000.0,1706000.0,2090716.5,,,,,,,,2671500.0,1998000.0,359143.07775,,,86000.0,162300.0,,6000.0,765000.0,,,,,209950.0,287614.0,77500.0,2096410.0,,,,,,,,50000.0,11215025.0,,,,15749050.0,,,1610000.0000000002,,104000.0,,,,1495000.0,,145800.0,48000.0,22254882.06,,443140374160.0,443140374160.0,100000.0,,55235220.0,,21106211.58,,32278000.0,,35150.0,,136241170.0,2440750.0,46062825.0,,,,7485500.0,515970.0,393750.0,,,,1064290587775.0,560300.0,7762000.0,1064290587775.0,,,,,43352100.0,,,158850.0,2372166353690.0,2372166353690.0,156255.0,3501290.0,704025.0,338250.0,110000.0,,17160900.0,7514104.5,43200.0,,10710.0,86000.0,,54999.1608,,3957900.0,2629700.0,160000.0,,,,,109647500.0,14636025.0,,,8820.0,95000.0,1791923512705.0,10366200.0,5473050.0,2123300.4,,7300.0,30250.0,,24625.0,18720.0,,88652708.12,112400.0,155837360.0,13513950.0,1153400.0,,,68450.0,1791923512705.0,446160.0,,,191400.0,10028150.0,,80100.0,22389550.0,,,,,25550.0,,43390000.0,965500.0,646800.0,,2014665.6800000002,192750.0,,24913100.0,,45000.0,28147525.0,5995450.0,666250.0,,503400.0,27000.0,,,,,5134075.0,65000.0,741000.0,77350.0,,,,,,,58500.0,,,,,46750.0,,1178453929605.0,1178453929605.0,233750.0,3003425.352,12811161845205.0,,,35407325.0,,11103225.0,,79500.0,166320.0,64528537.5,2627150.0,,297500.0,,,5156909.9584,8655649.776,993325329450.0,,32000.0,,216000.0,,,,1818900.0,,72081568.38499999,3734400.0,,,,,,,,,,,75938498.24000001,181200.0,33840.0,61600.0,,,,,,458849.99999999994,993325329450.0,,293790.0,,,495481500.0,,,,1442998.1500000001,2781100.0,1073000.0,16586237.5,752955.0,,,,7041070.0,10200.0,5850800.0,79650.0,,1135050.0,,69000.0
2007-04-30,159750.0,,14350.0,32500.0,5635067.4,,3450800.0,12739000.0,184510888.5701,,651460.9937953432,,,,202100.0,34574800.0,4577500.0,,,,221170484.124,0.0,3728700.0,0.0,,1444975.0,,,16357700.0,,10948640.0,,3424100.0,1776600.0,59500.0,,60454837.5,2094750.0,112200.0,21600.0,132621475.0,,320625.0,58050.0,,39191174.813549995,9303150.0,,1676100.0,61900.0,,32000.0,,89770877.244,369174.0,2214000.0,,8650.0,,,49314.825000000004,,699199.999696,24000.0,1671600.0,1436891.1961,,,,,,,,1666800.0,1352000.0,224713.64125000002,,,119250.0,,,6000.0,2949800.0,,,,,2088450.0,160067.4,37100.0,3040560.0,,,,,,,,12500.0,3151375.0,,,,15476900.0,,2450.0,1390075.0,,22400.0,,,,4096900.0,,324000.0,20850.0,14069823.255,,441095462580.0,441095462580.0,36000.0,,106570300.0,,9684900.0,,36827100.0,,53700.0,,73803920.0,3758800.0,39307400.0,,,,,262000.0,468000.0,,,,1064375746545.0,436300.0,1952700.0,1064375746545.0,,,,,46142150.0,,,306800.0,3385270589090.0,3385270589090.0,83100.0,6619580.0,193050.0,277200.0,94500.0,,30239600.0,7248792.6,266000.0,51850.0,40110.0,92000.0,,83597.173,,3319500.0,1080800.0,,,,,22079700.0,54257750.0,7014450.0,,,54620.0,39000.0,1867277867840.0,5838300.0,4291050.0,9950085.600000001,,33600.0,31500.0,,33000.0,37540.0,,102001121.27000001,86700.0,165113100.0,8533375.0,1052100.0,,,59000.0,1867277867840.0,119250.0,,,677225.0,1680200.0,,32200.0,60382450.0,,,,,68000.0,519024400.0,13052050.0,953600.0,303750.0,,2915726.36,,,6426000.0,,35700.0,45443450.0,1919900.0,690000.0,,199400.0,100000.0,,,,,24051750.0,65000.0,602950.0,120000.0,,,,,,,550200.0,,,,,75200.0,,1174721883165.0,1174721883165.0,289800.0,1608899.76,13702513893040.0,90000.0,,45396525.0,,69371450.0,,106500.0,471440.0,48147812.5,1526400.0,,283140.0,,,5629920.896600001,15166104.228,1248310685375.0,,49400.0,,156000.0,,,,1545600.0,,51348280.40625,6672400.0,,,,,,,,,,,84356398.08,174000.0,18600.0,12110.0,,,53750.0,,,202000.0,1248310685375.0,,277720.0,,,500482475.0,,,,2027453.58,1349600.0000000002,526000.0,58093000.0,1092625.0,,,,7634430.0,19350.0,3173200.0,1022500.0,,2388250.0,,200250.0
2007-05-31,304000.0,,52500.0,19000.0,2486823.48,,4277700.0,9951000.0,128864978.55,,788001.4257413356,,,,220800.0,27376800.000000004,17244500.0,,,,287119350.0,0.0,4443600.0,0.0,,1496250.0,,,77020600.0,,13052600.000000002,,7670000.0,1795300.0,73100.0,,73420987.5,2453150.0,51900.0,95600.0,195939000.0,,1068000.0,13500.0,,76298315.5968,14873160.0,,2160600.0,116750.0,,,,136659604.164,5767896.9,3100300.0,,,,772200.0,55232.604,,1952500.0,16400.0,756800.0000000001,1452790.7519999999,,,,,,,,2092200.0,1873250.0,95989.14,,,360000.0,403750.0,,5925.0,5522400.0,,,,,1833000.0,95478.79999999999,49300.0,6692400.0,,,,,,,,7000.0,13329600.0,,,,12729600.0,,,8823600.0,,160000.0,,,,2457000.0,,544000.0,32500.0,27482653.8,,735295760800.0,735295760800.0,21000.0,60000.0,92914640.0,,8974421.82,,61560000.0,,54000.0,,67211300.0,3311700.0,129190950.0,,,,,318140.0,260000.0,,,,1552651328020.0,266000.0,10337600.0,1552651328020.0,,,,,40443400.0,,,144350.0,4378133935680.0,4378133935680.0,164300.0,16475550.0,214200.0,154000.0,172500.0,,30207600.0,11171737.5,32350.0,72000.0,24800.0,163750.0,,46200.9625,,3622099.9999999995,1106000.0,112200.0,,,,15565000.0,118107600.0,7992600.0,,,44700.0,40000.0,2299739971320.0,10290000.000000002,7281300.0,9645979.2,,64600.0,52850.0,,30800.0,52000.0,527000.0,150703534.8,54400.00000000001,182482560.0,29045000.0,959800.0,,,53600.0,2299739971320.0,152600.25,,,814500.0,1416200.0,,20100.0,38658675.0,,,,,103450.0,54953549.99999999,6310000.0,3074200.0,749700.0,,17557659.6,,,13289400.0,,25500.0,27830400.0,3356800.0,695975.0,,4092000.0,562400.0,,,,,48152000.0,32950.0,5179200.0,34900.0,,,,,,,245975.0,,,,,25300.0,,1765524157390.0,1765524157390.0,128000.0,1165799.6783999999,16857515087020.0,,,71629500.0,,74591000.0,,34320.0,904400.0,111908000.0,2029600.0,,292800.0,,,2293771.0228500003,16716535.6176,1232554748220.0,,91200.0,,118450.0,,,,696300.0,,113775064.5027,9084850.0,,,,,,,,,,,81533851.84,580800.0,43470.0,71060.0,,,178500.0,,,496999.99999999994,1232554748220.0,,524630.0,,,298796850.0,20500.0,,,85806592.38,809100.0,983550.0,64359750.0,1591040.0,,,,23094400.0,3600.0,4993100.0,1156650.0,,3903200.0,,39000.0
2007-06-30,865160.0,,523300.0,12250.0,2324144.16,,2819250.0,15643200.0,173143599.2862,,1621736.074719571,,,,2024600.0,39432050.0,267302700.0,,,,389098837.5,0.0,3667950.0,0.0,,654500.0,,,45349769.99999999,,14114200.0,,2143100.0,8308800.0,856300.0,,50429262.5,848650.0,4552770.0,160000.0,339512925.0,,425551.5,37800.0,,63298302.375,15641600.0,,6221050.0,2632320.0,,,,174596085.276,1444230.0,3730600.0,,,,8200.0,232854.0361875,,5749299.999201,24000.0,1421924.9999999998,1559455.2889999999,,,,,,,,9813650.0,2334900.0,,,,81050.0,143400.0,,6000.0,5870350.0,,,,,445200.0,3189113.1,610600.0,5259920.0,,,,,,,,40800.0,4391100.0,,,,25223800.0,,19200.0,6386400.0,,848150.0,,,,11667850.0,,425250.0,126000.0,22950173.8125,,891675823865.0,891675823865.0,317700.0,14800.0,95469920.0,,13629660.0,,92889875.0,,,,214908995.0,31409830.0,144315875.0,,,,,808640.0,265000.0,,,,2367906078435.0,654000.0,5642750.0,2367906078435.0,,,,,35675000.0,,,1759200.0,4262210248400.0,4262210248400.0,237299.99999999997,107715100.0,488400.0,1597400.0,3536000.0,,20590700.0,11806971.225,15900.0,97200.0,50000.0,51000.0,,89251.0868,,3215200.0,1468800.0,17600.0,,,,4774704.66,88139575.0,5137950.0,,,56000.0,39000.0,2512343220000.0,4721100.0,3913250.0,6177514.199999999,,,,,81850.0,15900.0,,261135755.005,830250.0,129293340.0,29328250.0,830000.0,,,193200.0,2512343220000.0,305910.0,,,656250.0,12210450.0,,828410.0,70548325.0,,,,,85000.0,30992650.0,6756250.0,4568600.0,2033300.0,,11538696.739999998,5960100.0,,8295300.0,,20400.0,30676250.0,6049000.0,712000.0,,6490900.0,13060400.0,,,,,30313750.0,41000.0,10114450.0,,,,,,,,62400.0,,,,,212160.0,,2274863735005.0,2274863735005.0,108800.0,7137800.6376,22005164635335.0,52000.0,,46504500.0,,65844000.0,,61440.0,1186520.0,80847950.0,12669100.0,,1233440.0,,,2208602.3959999997,10619815.6512,1397432155945.0,15500.265,122200.0,,665650.0,,,,1365000.0,,94319691.3626,9638425.0,,,,,,,,,,,131800185.30000001,405600.0,96440.0,671970.0,,,34125.0,,,6191700.0,1397432155945.0,,14070750.0,,,330817200.0,54325.0,,,8509946.465,,3404360.0,70253300.0,1205760.0,3853100.0,36253800.0,,7789520.0,9350.0,20980625.0,13948200.0,,1604900.0,,564400.0
2007-07-31,92880.0,,29000.0,,952800.0,,3880200.0,17187125.0,197983567.86345,,1854972.1611713432,,,,425500.0,54043900.0,98115000.0,,,,297792850.0,0.0,2718250.0,0.0,,952650.0,156322950.0,,13673470.0,,6140030.0,,1699150.0,2033400.0,457400.0,,90777025.0,831600.0,2370725.0,756375.0,163842750.0,,330047.13,16799.94,,51835408.952800006,7422340.0,,2083800.0,460720.0,,,,108955460.92199999,2556021.75,3915000.0,,,,,24892.245000000003,,3871799.9980880003,71100.0,1113600.0,3260257.4548000004,,,,,,,,14381075.0,3082500.0,1423080.62475,,,55200.0,120100.0,,6075.0,4406250.0,,,,,418500.0,2390200.1500000004,260400.0,2205350.0,,,,,,,,30700.0,6060100.0,,,,14337750.0,,64050.0,6121950.0,,748200.0,,,,7035000.0,,42500.0,63200.0,23963676.270000003,,611710846175.0,611710846175.0,250000.0,,87286500.0,,1918501.56,,55519300.0,,,,112796250.0,15074089.999999998,86101525.0,,407037825.0,1664629800.0,,107000.0,330975.0,,,,1798686743290.0,372400.0,5805750.0,1798686743290.0,,,,,25367700.0,,,1188950.0,5711360799285.0,5711360799285.0,176550.0,47208500.0,335825.0,,13696200.0,,27721775.0,2014194.0,1083300.0,73200.0,,243600.0,,85997.477,58600.0,2134850.0,1577600.0,,,,,2578068.1,46922150.0,2633650.0,,,104580.0,86000.0,2158326847545.0,4092800.0,2509650.0,8118598.800000001,,,,,1219100.0,29680.0,,129365178.66999999,275000.0,125918300.0,28100910.0,852500.0,,,129200.00000000001,2158326847545.0,169702.5,,,521300.0,1752200.0,,188480.0,79568700.0,,,14417900.0,,616000.0,21867200.0,6966800.0,3051150.0,877400.0,,4958097.74,53775750.0,4268521.65,5553500.0,,44200.0,54920100.0,14930000.0,1545150.0,,1238100.0,1218150.0,,,,,8171000.0,7200.0,11962375.0,,19807769.358,,,,,,231000.0,,,,,47000.0,,1915725153105.0,1915725153105.0,135450.0,4827374.507999999,19802525097330.0,81750.0,,40879300.0,,66863300.0,,53700.0,742020.0,64718975.0,7310300.0,,915000.0,,,9917749.62875,12493335.1536,1138297077495.0,,353600.0,,580800.0,,,,1171400.0,,91310429.3948,10578150.0,,,,,,,,,,,130475000.0,125200.0,63000.0,86900.0,,,35500.0,,,2606700.0,1138297077495.0,151800.0,3827010.0,,,322001875.0,,,,9766893.09,,2611350.0,9926525.0,525980.0,677600.0,26162400.0,,5091520.0,23000.0,9093000.0,4268200.0,,374450.0,,404700.0
2007-08-31,39360.0,,50000.0,11600.0,1045450.8,,4047400.0,14207550.0,143220226.2967,,685830.7457319938,,,,183450.0,35594600.0,106448599.99999999,,,1368629.25,216295475.0,0.0,866600.0,0.0,,266775.0,65992100.0,,8481600.0,,4410480.0,,506700.0,1570000.0,218250.0,,42653750.0,373800.0,4283500.0,1343375.0,247346000.0,,220002.0,10800.0,,80152640.6928,5141130.0,15000.0,1065900.0,24450480.0,,280000.0,,129296696.85599999,389400.0,1143900.0,,,,10200.0,35718.02325,,1449000.00069,78000.0,557700.0,4427506.9684999995,,,,,,,,5568000.0,1482750.0,83990.4975,,,11900.0,83000.0,,7050.0,634600.0,,,,,220500.0,1173734.4,394400.0,1790100.0,,,,,,,,50000.0,11430000.0,,,,20624000.0,,257779.99999999997,4976000.0,,340050.0,,,,3630000.0,,595000.0,65300.0,16896093.794999998,,614847353380.0,614847353380.0,49200.0,36400.0,78850500.0,,1478499.525,,41524000.0,,,,160516760.0,13762100.000000002,133292500.0,,10355400.0,88432740.0,,218039.99999999997,188000.0,,,,1058748587390.0,720000.0,17480000.0,1058748587390.0,,,,,54265600.0,,,43200.0,4237274368279.9995,4237274368279.9995,162500.0,22695000.0,244500.0,,10643500.0,,48420750.0,4232088.0,258000.0,82500.0,37160.0,24000.0,,10500.459299999999,10828800.0,982500.0,280000.0,,,,,1649030.1600000001,79224250.0,3511200.0,,,32200.0,28000.0,1633089065060.0,5556200.0,1120500.0,3655080.0,,,,,198000.00000000003,62400.0,,190263939.83999997,43500.0,116172000.0,27764100.0,1206350.0,60160.0,,72600.0,1633089065060.0,66660.0,,,392200.0,900000.0,,96000.0,64594800.0,,,21851150.0,,156350.0,13506700.0,3551900.0,5221500.0,1366000.0,,8801005.68,,1583189.83,21071375.0,,,32098000.0,10004400.0,304000.0,,749700.0,391000.0,,,,,6090000.000000001,13700.0,32638150.0,,1809001.35,,,,,,17750.0,,,,,59500.0,,1488280807080.0,1488280807080.0,196050.0,3874999.2,15118876000080.0,,,35807400.0,,57301200.0,,95000.0,675000.0,76518700.0,2570400.0,,334800.0,,,984509.876,3661377.1415999997,1286818626840.0,,206900.0,,74000.0,,,1271900.0,1922100.0,,82385285.1825,4603600.0,,,,,,,,,,,158292000.0,132660.0,77700.0,382160.0,,,17450.0,,,1235100.0,1286818626840.0,925550.0,3124800.0,,,446645500.0,,,,2489997.5100000002,,783200.0,49406400.0,495000.0,65000.0,81900000.0,,4765200.0,26250.0,6261200.0,2913800.0,,2114500.0,,62000.0
2007-09-30,152460.0,,38100.0,,389984.4,,1764000.0,2336000.0,140691172.4017,,990471.220919512,,,,150000.0,14093400.0,52510550.0,,,980711.1,143696312.5,0.0,501400.0,0.0,,261700.0,11319450.0,,8115000.0,,3150400.0000000005,,1322300.0,2261600.0,129600.0,,24764425.0,1047750.0,1067650.0,317825.0,217497350.0,,108000.0,218700.0,,43746257.2629,2199140.0,,801775.0,6237030.0,,18750.0,,88377805.062,475176.3,3014000.0,,190000.0,,206640.0,18164.293875000003,,556800.000174,77000.0,183600.0,5204792.15535,,,,,,,,3947400.0,793700.0,135025.4475,,,91000.0,96460.0,,6900.0,804500.0,,,,,115200.0,675261.6,108500.0,1011920.0,,,,,,,,28000.0,2167200.0,,,,4648050.0,,33500.0,1660450.0,,147500.0,,,,845100.0,,968000.0,7100.0,14485503.6525,,454983426800.0,454983426800.0,30000.0,,65687590.0,,11874739.379999999,,52202275.0,,,,153637000.0,6689600.0,181546625.0,,4601800.0,24576900.0,,256060.0,75000.0,,,,1282290757000.0,400400.0,15136000.0,1282290757000.0,,,,,14014000.0,,,58500.0,2865875763345.0,2865875763345.0,168875.0,17339850.0,275325.0,,5165150.0,,16265600.0,3333479.1,304000.0,16750.0,,,,,29750.0,17304500.0,3628800.0,266200.0,,,,550921.1,49070700.0,812000.0,,,76450.0,40000.0,2341451662470.0,7710400.0,1899250.0,1662343.8,,,,,21500.0,18800.0,,167286216.435,33000.0,82189780.0,124607425.0,1013450.0,,,92000.0,2341451662470.0,18150.0,,,150150.0,4077900.0,,65000.0,31548000.0,,,11914875.0,,251000.0,7312750.0,1022750.0,4926100.0,1505650.0,,9321329.48,96471900.0,874703.05,3637025.0,,27000.0,36534625.0,4762850.0,342400.0,,211900.0,224400.00000000003,,,,,3169500.0,13800.0,15101475.0,,1450192.38,,,,,,68400.0,,,,,120000.0,,978839059095.0,978839059095.0,31500.0,1275950.2704,11980006589900.0,,,80808000.0,,37463812.5,,99350.0,423300.0,32060850.0,725200.0,,294420.0,,,1283220.9144000001,10526671.612799998,1193910633455.0,111801.69,50000.0,,63650.0,,,275400.0,1078000.0,,96583706.7023,1445950.0,,,,,,,,,,,69177625.0,133920.0,27300.0,11200.000000000002,,,15012.5,,,629800.0,1193910633455.0,299700.0,2274300.0,,,306249600.0,10000.0,,,1576485.13,,831600.0,54729325.0,145195.0,48750.0,20783550.0,,1785530.0,2000.0,2031050.0,2009400.0,,801050.0,,52500.0
2007-10-31,78250.0,,45100.0,18200.0,530219.28,,2639800.0,11416150.0,228432955.8888,,1625076.9576288927,,,,106800.0,11814400.0,58336200.00000001,,,345000.0,246580750.0,0.0,990000.0,0.0,,266500.0,32846000.0,,9037000.0,,4291200.0,,2662000.0,2001600.0,374400.0,,44077500.0,399000.0,1616225.0,357600.0,291915000.0,,288499.05000000005,135000.0,,78023779.672,3222700.0,,1864050.0,7148780.0,,,,134877955.56,470580.0,1980999.9999999998,,260000.0,,39600.0,71389.08,,377000.000058,36000.0,916650.0,1818177.7950000002,,,,,,,,11270450.0,2242500.0,197852.12524999998,,,92100.0,120000.0,,6975.0,550000.0,,,,,977600.0,2942845.4000000004,9688800.0,3237860.0,,,,,,,,20000.0,5961600.0,,,,9393600.0,,26430.000000000004,2070900.0000000002,,329800.0,,,,2317000.0,,66000.0,22200.0,30138551.415,,721870244250.0,721870244250.0,45150.0,1500.0,112149460.0,,18278040.0,,35081900.0,,,,177710000.0,12999800.000000002,128043000.0,,7484400.0,60627999.99999999,,282740.0,213250.0,,,,1552529518640.0,408980.0,12348000.0,1552529518640.0,,,,32359250.0,35548800.0,,,72875.0,3848034515939.9995,3848034515939.9995,136940.0,54231400.0,859475.0,,4278500.0,,30528600.0,3511969.6500000004,472500.0,5400.0,20000.0,23740.0,,22500.10575,2559625.0,9596400.0,3108400.0,1720000.0,,,,775839.5399999999,34510000.0,1068800.0,,,30500.0,255000.0,6354838793940.0,3842500.0,1016800.0,3130732.8000000003,,,,,108000.0,43400.0,,224510479.20000002,12000.0,193825560.0,113917500.0,2012700.0,,,231150.0,6354838793940.0,122298.0,,,1368000.0,1044000.0,,90000.0,64829500.0,,,115958250.0,,2176000.0,5072700.0,4297500.0,10306400.0,2921400.0,,14706944.0,58914950.0,3605497.4850000003,20660900.0,,27500.0,47200000.0,6350900.0,1343787.5,,1104000.0,226200.0,,,,,4360500.0,31750.0,15109750.0,,974986.35,,,,,,24450.0,,,,,95700.0,,1606426919640.0,1606426919640.0,101850.0,23271296.630400002,18198770552710.0,56500.0,,161271300.0,,52935000.0,,80600.0,480000.0,97240000.0,2097200.0,,637500.0,,,3723999.5133,10197174.456,1525178798260.0,,34300.0,,184100.0,,,542500.0,1174525.0,,180026200.0,3654000.0,,,,,,,,,,,94038750.0,239440.0,72000.0,21020.0,,,22700.0,,,453600.0,1525178798260.0,146000.0,11385600.0,,,519596800.0,76650.0,,,10343288.64,,960300.0,64883150.0,296250.0,172000.0,44422200.0,,2890800.0,,7628250.0,2652000.0,,790650.0,,134000.0
2007-11-30,99360.0,,,,190008.0,,3590400.0,3060000.0,243703479.4776,,4857934.261703983,,,,218650.0,7146800.0,72872800.0,,,215602.8,291280500.0,0.0,929200.0,0.0,,610500.0,22036800.0,,1085000.0,,7630920.0,,7446000.0,1060000.0,57600.0,,16579000.0,116000.0,489850.0,396000.0,155706900.0,,176251.5,,,89759556.1236,1681200.0,,404000.0,4126000.0,,,,117800509.932,623541.0,716100.0,,,,41400.0,58473.292499999996,,610899.9995835,63200.0,85100.0,1330367.2698000001,,,,,,,,11909700.000000002,626300.0,114021.489,,,299600.0,72800.0,,6975.0,896800.0,,,,,11939200.0,642402.8,5784450.0,2296200.0,,,,,,,,,2878250.0,,,,7008000.0,,51000.0,1109250.0,,91800.0,4000.0,,,1755600.0,,1079500.0,49199.99999999999,28796319.615,,507059989260.0,507059989260.0,70000.0,32000.0,45172820.0,,4395178.98,,96320050.0,,,,104322200.0,5913600.0,99571650.0,,3168000.0,15735799.999999998,,387550.0,281250.0,,,,1436706532320.0,256500.0,4336800.0,1436706532320.0,,,,4815000.0,84877800.0,,,80500.0,5189133320160.001,5189133320160.001,41000.0,18668800.0,153325.0,,906500.0,,27260250.0,2219112.0,18000.0,52200.0,57000.0,19000.0,,60001.375199999995,52500.0,95468000.0,39068450.0,312000.0,3447375.0,,3447375.0,2315373.6,25132999.999999996,514170.0,,,19500.0,46000.0,4586316176400.0,9830600.0,5762900.0,710268.0,,,,,168000.0,37600.0,,119764469.27999999,13000.0,97460160.0,93436000.0,835000.0,,,54000.0,4586316176400.0,66660.0,,,1431900.0,231100.0,,51600.0,126614925.0,,,45084600.0,,154000.0,11787300.0,2423200.0,3607500.0,1175000.0,,5193072.640000001,46947600.0,313443.0,7746100.0,,,32308400.000000004,3261600.0,825600.0,,8391600.0,111800.0,,,,,1611600.0,16950.0,15133500.0,,280496.58,,,,,,,,,,,32500.0,,1212974145570.0,1212974145570.0,90750.0,7507500.0,16636034016600.0,,,101155600.0,,19202500.0,,47700.0,220100.0,44382000.0,751500.0,,519400.0,,,13887866.622900002,3141787.5648,1397183612690.0,,22500.0,,30500.0,,,428460.00000000006,912600.0,1342600.0,115579319.3925,5029700.0,,,,,,,,,,,101148249.99999999,147000.0,50250.0,15620.0,,,,,,211300.0,1397183612690.0,7361350.0,2226150.0,,,496751400.0,,,,4618902.720000001,,640800.0,67372100.0,330600.0,44250.0,48713400.0,,1311000.0,,1808100.0,700600.0,,987700.0,,96899.99999999999
2007-12-31,449290.0,,58800.0,9000.0,351748.80000000005,,529750.0,1966500.0,133426364.29455,,2796363.6891839216,,,,126150.0,28990200.0,32425799.999999996,,,190402.80000000002,224711787.5,0.0,756000.0,0.0,,330000.0,5486000.0,,1896300.0,,1780740.0,,1681500.0,700000.0,132300.0,,8592375.0,780000.0,241560.0,112000.00000000001,138099500.0,,7282661.670000001,102800.25,,71646850.30520001,1440000.0,,264000.0,438900.0,,21875.0,,141001041.69,1050389.1,534000.0,,84750.0,,4160.0,56359.8,,77349.99994149999,42500.0,450000.0,1490626.3852000001,,,,,,,,2456287.5,286500.0,324017.64,,,142960.0,262080.0,,47000.0,1649200.0,,,,,21092400.0,623628.15,1976000.0,3339840.0,,,,,,,,,747000.0,,,,16356000.0,,10000.0,372000.0,,46000.0,,,,1657500.0,,2502525.0,16050.0,10075635.6075,,421574550760.0,421574550760.0,73000.0,,103228720.0,,1136278.98,,38678400.0,,,,61556400.0,4868080.0,98077100.0,,2574800.0,13345000.0,,5840080.0,3445100.0,,,,1063853742900.0,231000.0,2824700.0,1063853742900.0,,,,474300.00000000006,31672550.0,,,98500.0,3167816776250.0,3167816776250.0,83100.0,13125400.0,220500.0,,815400.0,,37249500.0,2866777.2,12310.0,45000.0,25200.0,71260.0,,41998.002,205000.0,24263200.0,16101100.0,,323000.0,,323000.0,1905400.0,20791100.0,618200.0,,,142270.0,34800.0,2897527599850.0,2405400.0,236200.0,1748058.0,,,,,111250.0,23250.0,,110451407.03999999,18900.0,124755600.0,102717250.0,161000.0,149000.0,,48000.0,2897527599850.0,33330.0,,,1741500.0,348500.0,,25800.0,65138950.0,,,10137675.0,,185850.0,4623800.0,955500.0,2239200.0,962500.0,41652600.0,5505402.76,15122250.0,87435.0,3108600.0,,,46530800.0,939800.0,480000.0,,5595940.0,414800.0,,,,,624700.0,412500.0,12435000.0,,754804.4400000001,,,,,,184600.0,,,,,37950.0,,1457523776000.0,1457523776000.0,120500.0,14943623.9784,14693611601920.0,58000.0,,43348500.0,,19015350.0,,46980.0,136000.0,56405250.0,394800.0,,1615950.0,,,2365014.5025,9435894.8616,1377490752500.0,,23200.0,,55000.0,,,1453440.0,215000.0,1373700.0,128377176.40125,8216950.0,,,,,,,,,,,136037025.0,57300.0,88800.0,80640.00000000001,,,361050.0,,,311900.0,1377490752500.0,5005200.0,1771380.0,,,433706750.0,,,,3263333.6999999997,,525000.0,36097675.0,661510.0,25200.0,45830400.0,,673630.0,23625.0,2146500.0,669200.0000000001,,928000.0,,64200.0
2008-01-31,76860.0,,42000.00000000001,123200.00000000001,458981.64,,486575.0,1400000.0,226101677.634,,2516774.249055557,,,,250400.0,16438450.0,20626350.0,,,208800.0,167381200.0,0.0,284800.0,0.0,,742500.0,12457875.0,,786700.0,,2920800.0,,1850150.0,470000.0,159500.0,,13468187.5,112000.0,141960.0,91950.0,129239150.0,,5918925.0,44249.895,,51344902.6721,1387060.0,,126000.0,159940.0,,,,124239064.014,32272505.700000003,338800.00000000006,,35500.0,,6600.0,17729.85375,,325874.9999505,34000.0,96000.0,2389719.0571,,,,,,,,3253350.0,458250.0,123023.1855,,,89500.0,52200.0,,10000.0,552300.0,,,,,1762312.5,304552.04999999993,1049500.0,1746990.0,,,,,,,,,1657500.0,,137600.0,132000.0,4571700.0,,2000.0,352000.0,,156200.0,,,,462000.00000000006,,67500.0,14600.0,9607362.0225,,347036095815.0,347036095815.0,24260.0,,79838000.0,,2232499.995,,37695700.0,,,,42599770.0,2158000.0,124104075.0,,1772200.0,6044200.0,,1252400.0,847812.5,,,,743721357375.0,66500.0,3936000.0,743721357375.0,,,,454250.0,50005350.0,,,371250.0,2679739567855.0,2679739567855.0,44115.0,4132000.0,412025.0,,317050.0,,26275125.0,2947518.0,28000.0,8130.0,15210.0,39200.0,,52001.3376,28800.0,16931300.0,11069350.0,6000.0,259225.0,,259225.0,1708955.0,38392600.0,500000.0,,,30100.0,120000.0,2370751491940.0,2912000.0,697500.0,771061.2,,,,,9750.0,45250.0,,99399918.33500001,30400.0,137097700.0,140740725.0,362500.0,12500.0,,30000.0,2370751491940.0,59028.75,,,354900.0,385650.0,,69000.0,92416712.5,,,7283450.0,,152000.0,2286975.0,1050450.0,4866450.0,1465450.0,5317600.0,11244993.68,8205400.0,159959.25,2833600.0,,,33650100.0,372350.0,471250.0,,2655590.0,105000.0,,,,,361300.0,39050.0,5958000.0,40000.0,321303.06,,,,,,31250.0,,,,,37500.0,,984289874815.0,984289874815.0,120000.0,1437500.4600000002,11575761172750.0,122000.0,,104239500.0,,15473662.5,,279000.0,96000.0,35000500.0,1996800.0,,3500000.0,,,1188259.7999999998,4759788.9,1303233384740.0,99999.9,30650.0,,31500.0,,,308700.0,241800.0,699000.0,71941686.58,3555325.0,,,,,,,,,,,75258600.0,89600.0,,118000.0,,,22500.0,,,138500.0,1303233384740.0,1185600.0,1843210.0,,,542770175.0,,,,4235277.68,494450.0,251600.00000000003,23458800.0,520800.0,57050.0,15555900.0,,619220.0,48300.0,1896750.0,390900.0,,1219100.0,,36200.0
2008-02-29,37120.0,,4300.0,8400.0,170496.0,,100000.0,20485600.0,111777655.39070001,,1893464.9425178198,,,,150000.0,10035750.0,9042000.0,,,206203.2,102382775.0,0.0,313600.0,0.0,,295850.0,18467600.0,,904450.0,,1798110.0,,109200.0,335750.0,170000.0,,15041625.0,237600.0,878660.0,227500.0,80900400.0,,3969378.9450000003,11199.96,,36833225.987399995,334000.0,,102000.0,109120.0,,312500.0,7600.0,41049482.622,23619259.65,115000.0,,595000.0,,21250.0,,,486374.9997535,29750.0,45900.0,1524612.6900000002,,,,,,,,1102000.0,233000.0,79492.6655,,,,60900.0,,12500.0,596875.0,,,,,275000.0,133118.25,355500.0,647810.0,,,,,,,,,11847160.0,,416500.0,2510000.0,2747550.0,,,449075.0,,111500.0,,,,123750.0,,90000.0,75000.0,11954503.6875,,194096052555.0,194096052555.0,,9600.0,31592330.0,,6632399.52,,20027525.0,,,,27331050.0,1075400.0,120113200.0,,2196850.0,28615450.0,,2119000.0,40000.0,,,,484059074900.0,69600.0,378050.0,484059074900.0,,,,208050.0,32005625.0,,,,2213995414860.0,2213995414860.0,32500.0,2177575.0,180000.0,,162400.0,,22589100.0,1364958.0,1480.0,10800.0,,6800.0,,44000.2068,17850.0,4816200.0,3879050.0,,5773462.5,,5773462.5,345007.0,16348050.0,1185800.0,,,54000.0,11200.0,963302147200.0,490750.0,827200.0,230802.0,,,,,1802500.0,30400.0,,62229165.53999999,6800.000000000001,67169488.0,90674625.0,550700.0,9200.0,,24750.0,963302147200.0,74662.5,,,264550.0,3992000.0,,14000.0,58215600.0,,,6580062.5,,21950.0,1520425.0,367600.0,1289400.0,880750.0,1580000.0,4513617.94,2193800.0,10593.0,6413150.0,,,29729950.0,391550.0,234000.0,,4768910.0,378000.0,,,12583500.0,,2199200.0,21300.0,6260025.0,7950.0,175950.1575,,,,,,31500.0,,,,,12500.0,144300.0,506420391600.0,506420391600.0,37925.0,1757229.3254999998,8377147966140.0,310000.0,,34547150.0,,13307300.0,,,104400.0,18304262.5,735300.0,,1388075.0,,,3104935.6799999997,693000.0,1139798006215.0,,19250.0,,75500.0,,,158080.0,445200.0,970020.0,50552161.99865,2265700.0,,,,,,,,,,,65135200.0,37960.0,54000.0,56700.0,,,77760.0,,,69050.0,1139798006215.0,212800.0,878180.0,,,403709800.0,,,,1095255.96,632250.0,66000.0,12136050.0,522140.0,33500.0,13354825.0,,174400.0,42150.0,2448000.0,222875.0,,2276100.0,,22250.0
2008-03-31,63000.0,,25600.0,112900.00000000001,72003.59999999999,,453725.0,13041250.0,133230146.2965,,833298.8816422392,,,,121900.0,3719100.0,20230000.0,,,165300.0,184361100.0,0.0,129000.0,0.0,,161200.0,7115500.0,,224650.0,,2773440.0,,182000.0,442000.00000000006,50000.0,,11731125.0,85000.0,3540900.0,3390250.0,73160100.0,,1376006.88,39474.91499999999,,67700386.1266,332050.0,,49750.0,39220.0,,,,114140202.624,4754230.2,61200.0,,,,5625.0,31825.6745625,,136375.0000085,35000.0,102500.0,1599111.4631999999,,,,,,,,1321850.0,148100.0,1448675.4608,,,,85000.0,,12500.0,122999.99999999999,,,,,147950.0,112465.0,158725.0,1580000.0,,,,,,,,,2224000.0,,310000.0,817700.0,1252400.0,,,70500.0,,15700.0,,,,91800.0,,362500.0,,26136307.514999997,,221953256280.0,221953256280.0,,,35451000.0,,1211899.545,,31790000.0,,,,17284960.0,94900.0,89936400.0,,911200.0,27813500.0,,864300.0,88000.0,,,,532870443940.0,70300.0,2819600.0,532870443940.0,,,,44400.0,43018050.0,,,,2044048344000.0,2044048344000.0,53500.0,1138200.0,824600.0,,62875.0,,25469300.0,3644004.0,13799.999999999998,8000.0,54600.0,125780.0,,64001.394,16000.0,4538400.0,3535200.0,,251100.00000000003,,251100.00000000003,873018.0,11955750.0,572900.0,,,9590.0,13600.0,1163197013550.0,400000.0,392700.0,153878.40000000002,,,,,,32500.0,,56258616.18,16500.0,88825000.0,85172500.0,725000.0,17900.0,,115800.0,1163197013550.0,89595.0,,,139700.0,1120000.0,,37050.0,59219250.0,,,6102000.0,,39480.0,1368840.0,219250.0,1117800.0,818800.0,353160.0,3325034.92,955500.0,29522.25,3414600.0,,12000.0,36552000.0,73500.0,143250.0,,3596560.0,1559800.0,,,14515200.0,,534800.0,6450.0,7609500.0,5000.0,136198.91999999998,,,,,,138000.0,,,,,23750.0,50400.0,488556869240.0,488556869240.0,4547500.0,828333.499,7954058775049.999,,,63357000.0,,11260800.0,,,192000.0,42793750.0,541200.0,,2196250.0,,,1563644.6400000001,571458.685,1115367541920.0,4999.995,30000.0,,105000.0,,,157290.0,370000.0,378620.0,48357489.487500004,2365200.0,,,,,,,,,,,79630200.0,10900.0,32600.0,11700.0,,,18500.0,,,100000.0,1115367541920.0,294000.0,917780.0,,,412636000.0,,,,663756.32,102000.0,60050.0,12195150.0,215160.0,33000.0,22905000.0,,199500.0,26650.0,496100.0,52000.0,,628050.0,,32200.0
2008-04-30,60000.0,,44550.0,,48002.399999999994,,609600.0,6826300.0,143032387.0635,,700557.4469844344,,,,31900.0,6134100.0,28644000.0,,,80601.3,138139100.0,0.0,156500.0,0.0,,157500.0,11630000.0,,489500.0,,774680.0,,262400.0,300000.0,100000.0,,21319200.0,41650.0,5075200.0,2932500.0,63983150.0,,888745.5,,,44799658.6775,390000.0,,103850.0,115520.0,,,,91632843.47999999,1534555.8,129600.0,,,,,43678.845,,1263250.000815,91500.0,36600.0,2339526.0024,,,,,,,,621000.0,92950.0,822779.914,,,99000.0,20400.0,,7500.0,710500.0,,,,,151300.0,131258.5,72000.0,1333640.0,,,,,,,,32000.0,1437725.0,,155000.0,250900.0,1325500.0,,144000.0,159650.0,,11850.0,5500.0,,,160000.0,,54600.0,32500.0,11366865.75,,199342787610.0,199342787610.0,,,11888100.0,,699199.08,,26449150.0,,,,9135960.0,583100.0,73028250.0,,4956700.0,9154200.0,4100.0,1867500.0,296250.0,,,,469315746400.0,24960.0,4400000.0,469315746400.0,,,,62350.0,14979250.0,,,34000.0,1671450302500.0,1671450302500.0,24509.999999999996,487500.0,244450.0,247000.0,92500.0,,9131000.0,794703.0,57120.00000000001,35710.0,66390.0,56299.99999999999,,8500.064999999999,40000.0,4526000.0,2284800.0,1325700.0,599400.0,,599400.0,244070.60000000003,8329750.0,78000.0,,,25079.999999999996,77000.0,831811861530.0,350700.0,272000.0,52813.8,,,,,10000.0,65000.0,,49202211.4,834900.0,61525048.0,110986700.0,634700.0,5650.0,,353000.0,831811861530.0,29865.0,,,943650.0,504599.99999999994,,52000.0,31703400.0,,,2382750.0,,220000.0,1593200.0,300000.0,638000.0,220000.0,411840.0,1686589.4400000002,830500.0,36895.5,2098800.0,,12000.0,25356800.0,295700.0,234000.0,,679320.0,1051400.0,,,2212775.0,,460250.0,21600.0,3984400.0,9800.0,64799.280000000006,,,,,,3000.0,,,,,9000.0,72000.0,425482485090.0,425482485090.0,92000.0,2871459.646,6988193301570.0,125000.0,,57739500.0,,5766400.0,,141100.0,122200.0,29467900.0,96000.0,,56800.0,,,3094763.4,1050000.0,897123320480.0,89999.91,20000.0,,102000.0,,,98840.0,1012125.0,177100.0,34042125.7596,1465950.0,,,,,,,,,,,36472400.0,65300.0,112500.0,62000.0,,,54740.0,,,37050.0,897123320480.0,318500.0,3327500.0000000005,,,430301700.0,,,,1088000.0,59300.0,56000.00000000001,8820000.0,224640.0,60800.0,11694000.0,,117600.0,38000.0,588300.0,390000.0,,3147600.0,,29900.0
2008-05-31,27840.0,,27000.0,,75000.0,,132675.0,23278950.0,148036016.9184,,871869.8776387667,,,,62500.0,8629200.0,33679800.0,,,54901.799999999996,106116475.0,0.0,139500.0,0.0,,76875.0,22940000.0,,1004000.0,,1484580.0,,164000.0,350000.0,69700.0,,47876250.0,110050.0,4560700.0,1899600.0,93858750.0,,422647.86000000004,20300.07,,76815127.40799999,364900.0,,120850.0,302400.0,,,,58402882.368,1176000.0,625000.0,,14000.0,,15750.0,10931.452874999999,,330750.000196,60000.0,25540.0,3591083.1878,,,,,,,,876800.0,158500.0,,,,58740.0,45220.0,,7500.0,475200.00000000006,,,,,127500.0,65651.8,43000.0,829540.0,,,,,,,,8750.0,2006400.0,,,120000.0,855800.0,,52980.0,65800.0,,70000.0,,,,99000.0,,995000.0,180000.0,6828754.41,,269812087200.0,269812087200.0,4260.0,,33293700.0,,626350.905,,31340400.0,,,,11015520.0,302100.0,118583150.0,,2047500.0,2361600.0,,685850.0,644225.0,,,,454320253410.0,93150.0,6184300.0,454320253410.0,,,,53600.0,8580600.0,,,,2232235842240.0,2232235842240.0,23000.0,663000.0,153100.0,641250.0,119000.00000000001,,13025150.0,985797.75,78000.0,11500.0,107100.0,22290.0,,6799.8856000000005,,2102500.0,1959000.0,,148200.0,,148200.0,319468.4,9044850.0,834080.0,,,22340.0,,1341524900800.0,194750.0,397799.99999999994,151866.0,,,,,35000.0,35750.0,,72173439.0,1053000.0,82015856.0,145020000.0,438000.0,3100.0,,22400.0,1341524900800.0,193347.0,,,509200.0,304325.0,,64000.0,49769225.0,,,2475000.0,,59400.0,1159000.0,218500.0,1675000.0,872500.0,208800.0,4851027.5200000005,1431000.0,19980.0,5690300.0,,26600.0,50941400.0,128000.0,450000.0,,1280000.0,3006000.0,,,73950.0,,612500.0,19500.0,11503800.0,,81600.48000000001,,,,,,15500.0,,,,,,88430.0,371265919920.00006,371265919920.00006,514625.0,147505.2455,7706353950400.0,312500.0,,62095600.0,,11882450.0,,85000.0,270300.0,9636750.0,212550.0,,12300.0,,,339200.0,875625.03,977560543820.0,93249.915,28300.0,,240000.0,,,132580.0,697825.0,164150.0,39647400.0,1840250.0,,,,,,,,,,,32486200.0,132830.0,38850.0,180000.0,,,30250.0,,,25500.0,977560543820.0,4895550.0,4725900.0,,,340968150.0,20000.0,,,1875997.2000000002,51250.0,66000.0,13663400.0,100040.0,39600.0,8092500.0,,389500.0,22500.0,718200.0,1201300.0,,5580000.0,,50600.0
2008-06-30,110000.00000000001,,20000.0,3500.0,27998.4,,512100.0,3979800.0,202592964.3606,,1095005.10071254,,,,84000.00000000001,7825600.0,19567800.0,,,52101.45,71596800.0,0.0,455400.0,0.0,,58799.99999999999,13716400.0,,483000.0,,754600.0000000001,,168000.0,450000.0,24000.0,,26492375.0,195300.0,6942800.000000001,2208600.0,60383625.0,,170001.0,,,37898586.083100006,707600.0,,434999.99999999994,155940.0,,,,92346062.72399999,1392000.0,453150.0,,138875.0,,,40156.3575,,316875.0000735,58000.0,114330.00000000001,931175.8265500001,,,,,,,,811300.0,488200.0,7351.2045,,,121800.0,103200.0,,7500.0,611550.0,,,,,73150.0,112243.4,19500.0,210000.0,,,,,,,,7000.0,1623160.0,,,,1373699.9999999998,,101720.0,66050.0,,41750.0,,,,70550.0,,864800.0,14750.0,6568820.865,,165003150060.0,165003150060.0,,,44303500.0,,1023499.11,,23275000.0,,,,15890000.0,652800.0,78228500.0,,5407500.0,8366400.0,,2431950.0,507150.0,,,,560577115000.0,49200.0,2495750.0,560577115000.0,,,,71350.0,19901525.0,,,240000.0,1441243615960.0,1441243615960.0,13950.0,532500.0,39650.0,130500.0,105000.00000000001,,24267400.0,1547469.0000000002,124880.0,96600.0,,,,63902.337199999994,,1560600.0,1471500.0,45900.0,22129950.0,,22129950.0,174002.7,25560360.0,4468220.0,,,4960.0,54425.0,1366503290550.0,327950.0,381400.0,705962.3999999999,,,,,429500.0,25600.0,,49857032.84,1056400.0,81281604.0,78115200.0,437900.0,26000.0,,186800.0,1366503290550.0,51933.75,,,122100.0,58500.0,,743700.0,49636800.0,,,1312200.0,,40800.0,1079100.0,148250.0,7144200.0,1560200.0,475600.0,13932282.44,693000.0,22788.0,3428600.0,,82500.0,86374400.0,299325.0,250000.0,,603350.0,3368775.0,,,50600.0,,434750.0,,5392800.0,,55700.19,,,,,,10800.0,,,,,9000.0,109520.0,291516023280.0,291516023280.0,457600.0,1174125.3029999998,6772213227780.0,,,64676000.0,,7258800.0,,56520.0,96600.0,7714200.0,213400.0,,29000.0,,,2247300.0,1226208.685,1187812325700.0,3349.995,16100.0,,8200.0,,,188800.0,407000.0,172900.0,59925933.06385,2494150.0,,,,,,,,,,,46189100.0,23520.0,45599.99999999999,164400.0,,,44800.0,,,114700.0,1187812325700.0,573750.0,3376200.0000000005,,,505463675.0,,,,1224256.1949999998,28000.000000000004,62400.0,3990900.0,631040.0,38400.0,3614600.0,,782100.0,5000.0,1099000.0,1058750.0,,5432400.0,,50400.0
2008-07-31,172800.0,,,10500.0,90747.6,,690662.5,1611275.0,85233512.3976,,436884.6881414298,,,,28999.999999999996,12428000.0,32473325.0,,,96900.0,99484499.99999999,0.0,140000.0,0.0,,162000.0,10598100.0,,641900.0,,394050.0,,16250.0,275500.0,22800.0,,10330100.0,112200.0,3762950.0,1361250.0,78307200.0,,332747.58,8700.0,,23237651.233200002,660800.0,,137750.0,48050.0,70180.0,,,62601284.160000004,1043343.6000000001,130600.0,,120000.0,,,31678.90425,,275000.000275,23600.0,21600.0,1024019.4256000001,,,,,,,,760000.0,306600.0,57638.12449999999,,,1500.0,3000.0,,7500.0,202800.0,,,,,35000.0,3116124.6,107350.0,483900.0,,,,,,,,7000.0,865200.0,,,,496099.99999999994,,14950.0,105000.0,,75600.0,,,,190240.0,,95000.0,66550.0,9800345.25,,149178186880.0,149178186880.0,,,20497400.0,,915599.16,,31686825.0,,,,31077850.0,226900.0,61802950.0,,1511200.0,9437700.0,,1445125.0,140625.0,,,,431011241960.00006,94900.0,3407900.0,431011241960.00006,,,,53625.0,17322000.0,,,137750.0,1322392061300.0,1322392061300.0,37750.0,841100.0,30800.0,382500.0,152000.0,,16321075.0,638820.0,174000.0,65400.0,17000.0,,,,,942900.0,531000.0,,12643800.0,,12643800.0,283600.0,33232220.0,1421270.0,,,1180.0,,972824579520.0,133900.0,235200.0,1013298.0,,,,,13500.0,96000.0,,61651663.22,828400.0,136545816.0,110256750.0,435000.0,36750.0,,9600.0,972824579520.0,62370.0,,,195200.0,98700.0,,145000.0,33611387.5,,,3911700.0,,7500.0,372480.0,224750.0,2764800.0,972000.0,99550.0,4654070.84,8024075.0,16492.5,807625.0,,28350.0,4935850.0,,110399.99999999999,,393299.99999999994,1478200.0,,,72720.0,,645750.0,6300.0,6755300.0,,336008.4,,,,,,27500.0,,,,,22850.0,123210.0,327420065300.0,327420065300.0,199600.0,665333.6660000001,4784336551960.0,,,55769600.0,,6383475.0,,36000.0,46200.0,23109450.0,85600.0,,69300.0,,,1403743.3599999999,19370743.05,682511268560.0,,8200.0,,33800.0,,,48300.0,210600.0,56000.0,40508040.0,1381750.0,,,,,,,,,,,46741900.0,280000.0,63000.0,15360.000000000002,,,42000.0,,,85750.0,682511268560.0,812850.0,2991775.0,,,269310300.0,,,,652513.615,22000.0,60000.0,2298350.0,198900.0,169650.0,10493850.0,,117000.0,16500.0,1240550.0,66500.0,,2093500.0,,61200.0
2008-08-31,32680.0,,3000.0,,348483.60000000003,,366012.5,1592150.0,64423125.0,,560368.8602896401,,,,113000.0,4437500.0,97527500.0,,,156502.2,68593350.0,0.0,121200.0,0.0,,147900.0,68922000.0,,789050.0,,1048150.0,,150000.0,526500.0,36000.0,,7671300.0,96000.0,2162400.0,1086300.0,49472500.0,,103250.7,68625.36,,31719557.568800002,432000.0,,126875.0,137280.0,19600.0,,,77272848.72,5934317.399999999,110000.0,,,,,30052.6891875,,717749.999901,112000.0,48299.99999999999,2092747.1579999998,,,,,,,,1991600.0,86800.0,98882.32699999999,,,329500.0,162000.0,,10000.0,1035000.0,,,,,240000.0,935088.3999999999,87000.0,2325000.0,,,,,,,,14000.0,1381600.0,,,,314350.0,,17100.0,213175.0,,82000.0,,,,514100.0,,280875.0,17400.0,3114423.0,,150051278640.0,150051278640.0,,,17795200.0,,612649.605,,16661100.0,,,,25963500.0,171850.0,70726700.0,,756000.0,8614500.0,,4518000.0,152800.0,,,,546073047340.0,389140.0,13148800.0,546073047340.0,,,,3559500.0,20236750.0,,,,1109246908490.0,1109246908490.0,5100.0,1494600.0,5800.0,85500.0,304000.0,,16277950.0,546451.5,1630.0,42100.0,20100.0,,,4000.0188,,2129050.0,483875.0,,5491500.0,,5491500.0,194137.6,21014280.0,222000.00000000003,,,2310.0,20600.0,1056041155360.0,251200.0,310750.0,2326506.0,,,,,14850.0,33600.0,,38043710.0,1164300.0,111674880.0,26691500.0,309550.0,7500.0,,117000.0,1056041155360.0,21994.5,,,705000.0,204900.0,,96000.0,33248600.0,,,6512850.0,,7670.0,256800.00000000003,1342000.0,2386800.0,683100.0,110880.00000000001,6197586.8,2536900.0,26932.5,2034900.0,,4250.0,2202100.0,,101199.99999999999,,1180800.0,2100000.0,,,3454760.0,,465750.0,,10518300.0,,161995.275,,,,,,1757250.0,,,,,,62605.0,317059512700.0,317059512700.0,,1048791.84,6143519801600.0,,,100862300.0,,2863000.0,,13800.0,66000.0,11194300.0,165700.0,,33000.0,,,189748.62,2060084.73,1020429791920.0,39999.299999999996,25000.0,,23150.0,,,31200.0,161000.0,84000.0,55695600.0,2829000.0,,,,,,,,,,,40132000.0,126880.0,35000.0,6990.0,,,24000.0,,,63750.0,1020429791920.0,947850.0,1271450.0,,,432534400.0,,,,1010924.515,33500.0,265100.0,13006425.0,62040.0,34800.0,24185000.0,,197400.0,,13730900.0,117000.0,,692500.0,,24000.0
2008-09-30,201700.0,,18000.0,,184996.8,,680625.0,1319200.0,78334744.4448,,544457.7657650008,,,,42700.0,4214700.0,28268575.0,,,100601.55,147382400.0,0.0,62000.0,0.0,,112000.0,16141400.0,,1448100.0,,201600.0,,193350.0,270000.0,65000.0,,9175500.0,40950.0,1600750.0,990000.0,81655200.0,,123376.05,7662.450000000001,,55746167.0175,460800.0,,400000.0,43700.0,14400.0,,,80802122.595,1452143.4,53050.0,,,,3150.0,12680.955000000002,,453750.000198,6500.0,45590.0,4063573.099,,,,,,,,500850.0,191150.0,20003.77,,,41230.0,8000.0,,12187.5,2432550.0,,,,,71350.0,235981.15000000002,32000.0,1115520.0,,,,,,,,14000.0,254850.0,,,,603700.0,,3080.0,155550.0,,85500.0,,,,249600.0,,120000.0,16800.0,9920511.307500001,,181755778835.0,181755778835.0,1600.0,,32116200.0,,380000.75999999995,,25762050.0,,,,12347400.0,185500.0,70098650.0,,658300.0,6460400.0,,3927500.0,114537.5,,,,302706655830.0,149100.0,150600.0,302706655830.0,,,,1213049.9999999998,17639575.0,,,13950.0,1040670003375.0,1040670003375.0,,1817200.0,5600.0,15000.0,206125.0,,16405900.0,312501.0,2240.0,112000.00000000001,6080.0,12000.0,,67492.4944,20000.0,816350.0,1572900.0,216000.0,6021600.0,,6021600.0,276003.0,11067910.0,247000.0,,,29600.0,17500.0,636434615195.0,618200.0,1008000.0,41675.399999999994,,,,,,54000.0,550000.0,62799777.120000005,839400.0,96722880.0,35022600.0,1015000.0,5500.0,,54000.0,636434615195.0,62370.0,,,156875.0,60300.0,,60000.0,48057300.0,,,3373300.0,,24700.0,311770.0,2425500.0,814200.0,396750.0,226199.99999999997,3215446.0,1454750.0,32944.5,2026000.0,,5600.0,2265600.0,,256500.0,,385050.0,30000.0,,,94000.0,,251550.0,7500.0,11869875.0,,88547.355,,,,,,30125.0,,,,,9400.0,86670.0,385314995255.0,385314995255.0,51975.0,2065364.7965,5967191130360.0,60000.0,,42512600.0,,5755887.5,,134990.0,82000.0,19960800.0,100300.0,,36250.0,,,377085.0,3780958.52,1209187107930.0,,16800.0,,28450.0,,,27480.0,384450.0,92400.0,37384378.78655,5036575.0,,,,,,,,,,,43645050.0,62000.0,66000.0,6120.0,,,4600.0,,,35200.0,1209187107930.0,242100.0,718500.0,,,571989375.0,,,,1117213.84,106750.0,190000.0,7307400.0,97300.0,38400.0,21169270.0,,71000.0,4000.0,740400.0,205275.0,,88400.0,,27000.0
2008-10-31,574700.0,,30000.0,,126245.4,,361500.0,980400.0,161146166.3226,,403699.32947697875,,,,33000.0,5872200.0,24903300.0,,,85551.45,147956750.0,0.0,55000.0,0.0,,169000.0,20563200.0,,286500.0,,162700.0,,44290.0,190000.0,15000.0,,6459749.999999999,472600.0,2548400.0,4250200.0,85676025.0,,41400.3,13500.0,,71282483.03115,169700.0,,68875.0,28600.0,40000.0,,,144816476.715,464100.0,33300.0,,,,,8947.118250000001,,323999.99973,42000.0,102820.0,2236580.0583,,,,,,,,637625.0,385000.0,38982.015,,,,,,12375.0,378000.0,,,,,90400.0,188095.90000000002,28500.0,1522944.0,,,,,,,,,2321400.0,,79200.0,84000.0,374300.0,,7000.0,84000.0,,59000.0,,,,178530.0,,32500.0,98050.0,23160062.22,,170211536100.0,170211536100.0,,,31160000.0,,151749.675,,21290450.0,,,,5259600.0,132350.0,80681400.0,,683700.0,1443300.0,,2536200.0,220100.0,,,,314496556360.0,61000.0,475200.00000000006,314496556360.0,,,,263600.0,22418300.0,,,49750.0,1105285024200.0,1105285024200.0,8000.0,489899.99999999994,14500.0,74800.0,90000.0,,34823250.0,939015.0,9000.0,58500.0,7600.0,53000.0,,,3300.0,810550.0,796250.0,10800.0,1576800.0,,1576800.0,303870.19999999995,6633960.0,227520.0,,,29400.0,67600.0,330161380680.0,99000.0,171000.0,208291.2,,,,,104975.0,25000.0,,66976962.24,278400.0,91071372.0,44142050.0,62375.0,4000.0,,67500.0,330161380680.0,132825.0,,,121899.99999999999,31000.0,,258000.0,55115700.0,,,819000.0,,61750.0,502780.0,423500.0,1309000.0,743000.0,48000.0,3682000.0,530250.0,51192.0,343200.0,,19800.0,11072200.0,,123199.99999999999,,102000.0,2739000.0,,,3931800.0000000005,,112000.0,348750.0,4444050.0,,170448.135,,,,,,9000.0,,,,,9000.0,53200.0,272120131750.0,272120131750.0,55200.0,440104.39200000005,5290307267580.001,,,37935800.0,,4624100.0,,8150.0,85750.0,12710000.0,50400.00000000001,,50800.0,,,230002.32,689750.0,1029759515900.0,,45000.0,,275000.0,,,393120.0,133600.0,57600.0,59507926.45865,2262150.0,,,,,,,,,,,70826100.0,40000.0,12600.0,50000.0,,,16000.0,,,22000.0,1029759515900.0,314275.0,429440.0,,,543332900.0,,,,482180.39999999997,13200.0,89500.0,9097500.0,99875.0,54000.0,13750400.0,,52500.0,,1259700.0,660300.0,,2248400.0,,16000.0
2008-11-30,272000.0,,,,10800.0,,232575.0,2762512.5,123977485.9872,,144361.89695108138,,102000.0,,38000.0,3214750.0,9672900.0,,,59001.0,52759550.0,0.0,,0.0,,45199.99999999999,19510025.0,,98500.0,,29040.0,,52800.0,145600.0,,,2708100.0,259200.00000000003,1076400.0,760900.0,45452800.0,,19199.7,7999.92,,40779596.15275,402800.0,9000.0,69500.0,25900.0,18200.0,,199800.0,70239498.41999999,1099863.6,7200.0,,168000.0,,34825.0,,,124000.00008,56500.0,52000.0,1768333.1712500001,,,,,,,,244949.99999999997,168000.0,519760.3077,,,80000.0,160000.0,,10000.0,161000.0,,,,,22900.0,81038.0,50000.0,919610.0,,,,,,,,,1749210.0,,38500.0,28000.000000000004,200200.0,,,95500.0,,120000.0,,,,489600.0,,32500.0,,16066365.052499998,,71034738660.0,71034738660.0,,16000.0,8109200.0,,60799.68,,14986262.5,,9200.0,,3414600.0,55000.0,76758350.0,,748400.0,972400.0000000001,,1820950.0,59400.0,,,,217007540500.0,52000.0,204600.0,217007540500.0,,,,213000.0,4557900.0,,,165750.0,747089741730.0,747089741730.0,33450.0,197290.0,2950.0,385000.0,22500.0,,65724500.0,3521605.5,,13750.0,,,,128002.2414,22500.0,387000.0,207000.0,14000.0,632550.0,,632550.0,344704.2,6993330.0,118930.0,,,21600.0,20200.0,79827218695.0,120000.0,108000.0,374400.0,,,,,9000.0,65000.0,,34945301.980000004,111000.0,64690880.0,45054600.0,99000.0,7875.0,,22250.0,79827218695.0,11467.5,,,58170.0,43500.0,,260600.0,46938812.5,,,296825.0,,79300.0,132300.0,525000.0,431500.0,222500.0,26000.0,1024750.0,303750.0,11346.75,641750.0,,,2963625.0,,66000.0,,38950.0,2190400.0,,,2197800.0,,40100.0,182000.0,2502425.0,,70302.375,,,,,,250000.0,,,,,,21840.0,113882964850.0,113882964850.0,39600.0,502606.458,2918732076525.0,17000.0,,11078650.0,,2016937.5,,8800.0,75000.0,3509275.0,50000.0,,33600.0,,,2783.3199999999997,1661540.75,598639723110.0,,41000.0,,400000.0,,,347450.0,70000.0,40500.0,31790567.98115,791500.0,,,,,,,,,,,40484900.0,117000.0,58210.00000000001,,,,7290.0,,,22000.0,598639723110.0,83050.0,594750.0,,,367387425.0,30000.0,,,330666.0,22500.0,121799.99999999999,8151350.0,119500.0,69600.0,16360770.0,,85800.0,,657100.0,1089375.0,,1454600.0,,
2008-12-31,543600.0,,,,5899.8,,121650.0,853625.0,69271035.2244,,29609.83180498183,,394650.0,,31050.0,2419200.0,24773320.0,,,25000.5,43614000.0,0.0,18000.0,0.0,,27300.0,10400300.0,,87500.0,,278050.0,,81110.0,199500.0,9100.0,,2539675.0,82500.0,494500.0,545875.0,25542150.0,,28200.300000000003,9550.05,,55731948.1147,418000.00000000006,,46250.0,11000.0,63100.0,,,81877025.74,1508925.0,37575.0,,4500.0,,,,,66000.0,42000.0,28600.0,512427.4246,,,,,,,,199800.0,42000.0,12499.34,,,,,,52000.0,40750.0,,,,,75000.0,81957.8,33600.0,818805.0,,,,,,,,,624100.0,,65500.0,75000.0,369000.0,,8960.0,7750.0,,100000.0,21425.0,,,540000.0,,186000.0,5000.0,4474936.575,,76229357405.0,76229357405.0,10200.0,,5619900.0,,150000.30000000002,,10324125.0,,,,2168600.0,64400.0,76665000.0,,500450.0,1095000.0,3225.0,1659449.9999999998,128962.5,,,,140650471445.0,43100.0,166400.0,140650471445.0,,,,101200.00000000001,2861975.0,,,23000.0,665616417980.0,665616417980.0,10000.0,81780.0,,66250.0,35300.0,,33016600.0,3943054.5,31460000.0,216000.0,1520.0,,,113677.78559999999,,1501750.0,455000.0,,489725.0,,489725.0,272540.8,2567150.0,388250.0,,,1300.0,54300.0,94398371010.0,75000.0,46250.0,306134.4,,,,,,9600.0,,19707509.62,14400.0,52930560.0,40305300.0,81000.0,16000.0,,29400.000000000004,94398371010.0,34897.5,,,62100.00000000001,23000.0,,289700.0,21803600.0,,,118100.0,,468800.0,113020.0,259000.0,222250.0,76500.0,34500.0,235750.0,350000.0,4194.0,441600.0,,,7254750.0,,41725.0,,11600.0,2466000.0,,,595200.0,,37500.0,,2507062.5,,32999.85,,,,,,36480.0,,,,,,,103821671415.0,103821671415.0,129350.0,1794405.239,3583839978520.0,2971800.0,,15094100.0,,1577950.0,,2400.0,48000.0,5582500.0,19000.0,,2900.0,,,28833.4,1458750.96,924963654630.0,,15000.0,,114000.0,,,88000.0,81500.0,54000.0,52396552.0,1098000.0,,,,,,,,,,,44802000.0,,42000.0,10000.0,,,9000.0,,,6000.0,924963654630.0,24000.0,159375.0,,,467832300.0,,,,538105.125,32000.000000000004,46000.0,6831449.999999999,156000.0,75250.0,8442900.0,,9450.0,,525800.0,564025.0,,930850.0,,6750.0
2009-01-31,86400.0,,,,6000.0,,109025.0,1720000.0,81247471.8745,,58214.04668073786,,3125000.0,,53250.0,783300.0,9388470.0,8400.0,,920011.5,52909300.0,0.0,15050.0,0.0,,35700.0,14126000.0,,124200.0,,233800.0,,1033680.0,345300.0,30600.0,,6047550.0,212000.0,499750.0,296500.0,,,100649.4,3600.0,,10326875.0,116500.00000000001,,48750.0,16500.0,68700.0,5600.0,,68329550.0,3443403.0,35650.0,,13500.0,,,,,16999.999995,13100.0,22500.0,284681.793,,,,,,,,26700.0,93500.00000000001,18000.98,,,,,,13500.0,116000.0,,,,,28800.0,193341.7,46500.0,508560.0,,,,,,,,10500.0,763600.0,,56000.0,52500.0,192000.0,,6600.0,69500.0,,22500.0,22000.0,,,292740.0,,26000.0,5100.0,7965937.5,,54810768450.0,54810768450.0,,8500.0,9676800.0,,663250.005,,16371525.0,,27000.0,,4555150.0,502250.0,56497000.0,,535425.0,1429925.0,,1719600.0,209000.0,,,,149472822750.0,26700.0,30300.0,149472822750.0,,,,67500.0,5534700.0,,,,673859137560.0,673859137560.0,,149900.0,30000.0,75600.0,52300.0,,41895400.0,3113864.25,50000.0,229000.0,,,,,11200.0,1865750.0,287125.0,,1222620.0,,1222620.0,243571.5,4046580.0,815500.0,,,31720.0,43150.0,122105002140.0,56000.0,75000.0,103428.0,,,,,,14400.0,,19764304.55,326250.0,43471400.0,36259300.0,128500.0,9200.0,,19800.0,122105002140.0,23265.0,,,153400.0,46500.0,,837450.0,35806575.0,,,718900.0,,108880.0,166160.0,150000.0,199500.0,153000.0,78000.0,383750.0,494125.0,5994.0,1858500.0,,28000.0,6670600.0,,60650.0,,429850.0,3345000.0,,,425000.0,,94300.0,54600.0,2452800.0,,176148.4725,,,,,,14500.0,,,,,4800.0,16800.0,122580488730.0,122580488730.0,26400.0,511737.834,2382826436500.0,,,8244150.0,,1410687.5,,,39400.0,7513575.0,100000.0,,26400.0,,,16750.2,1459800.975,444761548985.0,,2800.0000000000005,,32000.0,,,46000.0,126900.0,52800.0,16645949.0405,2087250.0,,,,,,,,,,,29051100.0,96800.0,47500.0,,,,,,,21250.0,444761548985.0,56100.0,96250.00000000001,,,273391200.0,,,,133333.2,24000.0,27200.0,3290100.0,102600.0,33650.0,8685120.0,,36000.0,4000.0,920800.0,1266500.0,,1546300.0,,15750.0
2009-02-28,207970.0,,,,2003980.8,,160550.0,1186250.0,54305524.269999996,,29945.037448057097,,3712800.0,,41250.0,2773900.0,6503380.0,18000.0,,28000.5,45333300.0,0.0,24500.0,0.0,,18700.0,10272225.0,,66500.0,,89600.0,,1957050.0,267800.0,25200.0,,1719425.0,56000.0,1169300.0,895500.0,,,29199.6,,,27591325.0,261250.0,,154250.0,29160.000000000004,70750.0,,2208000.0,61116000.0,3502217.7,39250.0,,4500.0,,,25667.19225,,24800.000016,16750.0,43200.0,1208886.0372,,,,,,,,20200.0,82500.00000000001,,,,77550.0,,,13500.0,60200.0,,,,,43850.0,1237800.0,16300.0,279970.0,,,,,,,,6200.0,234900.0,,264150.0,124000.0,72000.0,,1800.0,48000.0,,5200.0,,,,143580.0,,300700.0,5500.0,19447925.0,,59553744680.0,59553744680.0,,,4561800.0,,227599.86,,32182212.5,,36000.0,,2571150.0,194100.0,33154350.0,,445300.0,621250.0,,1820500.0,132500.0,,,,98256209120.0,,231660.0,98256209120.0,,,,42500.0,11038175.0,,,,1620233644455.0,1620233644455.0,42500.0,6770.0,13000.0,26050.0,21400.0,,15625225.0,2229160.5,80000.0,,,,,1830.1185999999998,1072100.0,1805249.9999999998,89125.0,,1437450.0,,1437450.0,533340.0,8173230.0,240900.0,,,3640.0,25000.0,137809930595.0,166000.0,132000.0,15444.0,,,,,13500.0,64600.0,,18736136.76,12000.0,39959550.0,277606425.0,60000.0,1220.0,,,137809930595.0,60489.0,,,32225.0,49375.0,,,25733875.0,,,493300.0,,,85800.0,131250.0,343000.0,132500.0,37800.0,194250.0,179500.0,14985.0,451200.0,,,9751250.0,,37100.0,,13156500.0,405000.0,,,556950.0,,101875.0,282000.0,2350162.5,,130203.255,,,,,,57000.0,,,,,,,99185241990.0,99185241990.0,86500.0,527048.0785000001,2794121401120.0,,,13041500.0,,1143900.0,,,5950.0,7126700.0,27750.0,,,,,920425.0,1430002.2,316704982380.0,,,,38000.0,,,60500.0,92400.0,5000.0,14404021.603500001,2938950.0,,,,,,,,,,,11218150.0,12300.0,31500.0,,,,,,,81500.0,316704982380.0,63350.0,165000.0,,,197684525.0,10000.0,,,211363.91999999998,30000.0,83200.0,1514650.0,63000.0,29800.0,2330300.0,,46800.0,,1413750.0,615375.0,,41500.0,,2400.0
2009-03-31,146970.0,,,,672332.3999999999,,406050.0,1121250.0,77143212.5,,83801.41076881658,,662500.0,,6200.0,3240550.0,12798630.0,36000.0,,188805.0,49445400.0,0.0,14250.0,0.0,,31919.999999999996,12015300.0,,82050.0,,338300.0,,701800.0,236700.0,85000.0,,4409100.0,36875.0,937500.0,1362450.0,,,36950.25,10500.0,,31138625.0,104500.00000000001,,43750.0,40000.0,196000.0,,,63953500.0,1462048.7999999998,44000.0,,,,,14911.86375,,32000.00001,93000.0,69000.0,1150461.8827,,,,,,,,360500.0,90000.0,,,,,,,13500.0,86250.0,,,,,43300.0,247900.0,30000.0,1191930.0,,,,,,,,62250.0,1192600.0,,176000.0,44575.0,132000.0,,35200.0,70000.0,,,,,,56400.0,,42250.0,,45462625.0,,61922347135.00001,61922347135.00001,4560.0,,14609450.0,,133399.875,,91538287.5,,10000.0,,1425150.0,193375.0,55256575.0,,423750.0,638750.0,375000.0,992500.0,318000.0,,,,164264124970.0,9500.0,154000.0,164264124970.0,,,,88200.0,13355062.5,,,41625.0,1919031131705.0,1919031131705.0,128700.0,57290.0,31000.0,5400.0,36000.0,,22747825.0,941472.0,,7000.0,,,,75601.8024,1212625.0,1299000.0,507499.99999999994,,735100.0,,735100.0,136400.0,13593100.0,160900.0,,,3600.0,3200.0,245834714980.0,40000.0,150000.0,89543.99999999999,,,,,27000.0,4400.0,,19156163.975,3500.0,39145050.0,58735550.0,25000.0,,,2200.0,245834714980.0,23265.0,,,989400.0,31250.0,,165000.0,21413237.5,,,262700.0,,6820000.0,91000.0,375000.0,434500.0,200400.0,190000.0,223250.0,229500.0,8991.0,299350.0,,25200.0,4347000.0,,61599.99999999999,,256000.0,4350.0,,,621000.0,,227700.0,560000.0,7085000.0,,295297.08,,,,,,28000.0,,,,,3300.0,,103476360060.0,103476360060.0,30400.0,878600.0,4119224513950.0,,,36213950.0,,2812600.0,,9600.0,27000.0,5422350.0,68400.0,,120000.0,,,3678147.3,1080542.42,678776040460.0,,15250.0,,31899.999999999996,,,60250.0,74950.0,224000.0,19095526.556,1633500.0,,,,,,,,,,,49895600.0,109100.0,27000.0,55000.0,,,,,,15300.0,678776040460.0,30240.000000000004,275525.0,,,400145300.0,10250.0,,,274574.82,5500.0,33600.0,5061700.0,62675.0,22000.0,1577550.0,,18000.0,28000.0,8992800.0,14000.000000000002,,11000.0,,
2009-04-30,213380.0,,10200.0,,438940.19999999995,,719100.0,981862.5,74604175.0,,67264.59904377011,,530000.0,,16000.0,2416400.0,27231120.0,26000.0,,49801.2,77172300.0,0.0,27100.0,0.0,,96770.0,14456000.0,,117500.0,,851880.0,,283650.0,316800.0,45125.0,,15423250.0,114000.0,836400.0,622400.0,,,55800.9,10500.0,,39198900.0,149600.0,,198000.0,42840.0,70250.0,,,66437000.0,6693743.399999999,18750.0,,45000.0,,,,,82000.000005,94950.0,36000.0,481401.64800000004,,,,,,,,595500.0,72000.0,15299.6265,,,102000.0,,,13500.0,288000.0,,,,,121550.0,402800.0,40000.0,379200.0,,,,,,,,119250.0,2063520.0,,21000.0,88950.0,174950.0,,49500.0,90000.0,,,,,,205200.0,,629725.0,,42043450.0,,122457431040.0,122457431040.0,137800.0,,64453500.0,,3695999.67,,20150400.0,,29500.0,,2081200.0,460800.0,64436950.0,,2082600.0,2923199.9999999995,3750.0,1872000.0,111250.0,,,,244237877550.0,27660.0,234550.0,244237877550.0,,,,53800.0,8199100.0,,,12500.0,1486824601900.0,1486824601900.0,161000.0,112150.0,28000.0,92000.0,46000.0,,20541200.0,936053.9999999999,,,67200.0,,,,702062.5,1534500.0,760500.0,,727920.0,,727920.0,64767.0,17336880.0,144000.0,,,10400.0,,267115905920.0,510000.00000000006,105750.0,104832.0,,,,,,9200.0,,68050778.64,85500.0,79702600.0,23309100.0,104000.0,3440.0,,138250.0,267115905920.0,5421916.5,,,708500.0,73000.0,,6000.0,57484000.0,,,451500.0,,10000.0,219120.0,887000.0,661100.0,58050.0,155000.0,715550.0,640375.0,17388.0,2635000.0,,,4926500.0,,27500.0,,2453800.0,8800.0,,,1748000.0,,71500.0,122500.0,21939000.0,,112000.2,,,,,,5600.0,,,,,2000.0,9130.0,193903415860.0,193903415860.0,25000.0,1221937.5,4372433247840.0,420000.0,,22776600.0,,4750125.0,,,244800.00000000003,12849899.999999998,59500.0,,30000.0,,,2557600.0,2365830.5500000003,672696818640.0,,23500.0,,7600.0,,,49580.0,142500.0,59650.0,41336690.895,2530050.0,,,,,,,,,,,40150800.0,97200.0,65625.0,100000.0,,,14250.0,,,20000.0,672696818640.0,84200.0,736850.0,,,446242550.0,,,,396015.075,39500.0,128000.0,6030000.0,32200.0,50000.0,6816000.0,,59500.0,42000.0,2547000.0,5200.0,,14575.0,,2450.0
2009-05-31,64930.0,,1600.0,1280.0,105600.0,,769550.0,2012100.0,91378617.655,,332412.26271630544,,1004250.0,,133400.0,5398050.0,49707020.0,34400.0,,60000.0,128535200.0,0.0,6850.0,0.0,1541002.68,119000.0,25911600.0,,1007000.0,,998640.0,,454300.0,592200.0,49300.0,,18991050.0,226500.0,849350.0,872200.0,,,40000.5,20499.9,,77825075.0,235000.0,,225750.0,56500.0,7920.0,,,81944750.0,7158034.5,241600.0,,,,36875.0,1643.8274999999999,,957850.000118,59000.0,48020.0,3788068.6623,,,,,,,,1443600.0,104000.0,232180.0665,,,27300.0,54320.0,,13500.0,596400.0,,,,,647800.0,495000.00000000006,137500.0,3385920.0,,,,,,,,52500.0,3005100.0,,287500.0,202800.0,1344500.0,,17600.0,129500.0,,,,,,985480.0,,52700.0,11050.0,54695975.0,,228298149645.0,228298149645.0,36400.0,43000.0,98474100.0,,10517400.0,,48119750.0,,19000.0,,14700850.0,1468200.0,113004425.0,,3300424.9999999995,15307700.0,,9474200.0,648787.5,,,,437827210370.0,60920.0,1280250.0,437827210370.0,,,,44500.0,66792225.0,,,16250.0,1726036274250.0,1726036274250.0,109200.0,1276425.0,67200.0,34500.0,152550.0,,37915675.0,2523381.0,13200.0,,96000.0,96000.0,,87300.6112,,9437400.0,2896000.0,7725200.0,10840000.0,,10840000.0,274019.34,34964620.0,637840.0,,,,6500.0,927646127010.0,1210800.0,639600.0,349081.2,,,,,5000.0,17600.0,,70723169.88,180200.0,153028700.0,25083480.0,120000.0,4000.0,,22000.0,927646127010.0,15980.25,,,2896025.0,129500.0,,8400.0,48292600.0,,,4215000.0,,40800.0,607640.0,3176999.9999999995,656500.0,354200.0,188450.0,2455450.0,2965625.0,21429.0,25760080.0,,64600.0,4297800.0,,126000.0,,3521450.0,20000.0,,,21688470.0,,354900.0,12100.0,42309425.0,,133650.27,,,,,,6899.999999999999,,,,,,11390.0,406230958285.0,406230958285.0,10000.0,825354.281,7294751979090.0,65000.0,,73463550.0,,5494625.0,,1350.0,311500.0,47239000.0,286000.0,,29000.0,,,12350993.780000001,7551913.21,748408294360.0,,29400.0,,150400.0,,,49640.0,147000.0,88000.0,54404974.5105,3638575.0,,,,,,,,,,,46507700.0,188300.0,110150.0,10000.0,,,17000.0,,,590700.0,748408294360.0,463850.0,895975.0,,,352238250.0,,,,5704515.675000001,55000.0,268750.0,10354500.0,80000.0,27825.0,18583780.0,,78200.0,18000.0,2288000.0,314600.0,,55650.0,,55000.0
2009-06-30,65090.0,,1800.0,,316800.0,,623100.0,2148300.0,89361825.153,,549312.6608288742,,257500.0,,57999.99999999999,2995100.0,33595750.0,34650.0,,108803.4,96019200.0,0.0,110400.0,0.0,891502.6799999999,83300.0,24777500.0,,1459200.0,,1043990.0,,350000.0,299000.0,28300.0,,8877650.0,129500.0,733050.0,1336300.0,,,73600.8,111800.1,,43926750.0,195000.0,,81000.0,42900.0,24000.0,4200.0,,95751600.0,6646991.699999999,27600.0,,11000.0,,81125.0,99216.73125,,384199.99988699995,83000.0,66100.0,1855225.4853,,,,,,,,1301300.0,149750.0,52207.668,,,96800.0,88000.0,,10065000.0,1717600.0,,,,,904750.0,494000.0,125175.0,1445760.0,,,,,,,,6100.0,3584320.0,,,,442100.0,,5850.0,37400.0,,114000.0,,,,359080.0,,457500.0,11000.0,67161625.0,,178455718810.0,178455718810.0,69360.0,132750.0,63148199.99999999,,4631400.0,,48382950.0,,,,8496000.0,735000.0,120700800.0,,3162000.0,10784000.0,,6614799.999999999,188000.0,,,,521744052000.0,38760.0,640800.0,521744052000.0,,,,80950.0,34272000.0,,,35000.0,2495242353560.0,2495242353560.0,129740.0,519200.00000000006,32400.0,146100.0,38750.0,,38392600.0,2536065.0,41400.0,,47900.0,54650.0,,64610.2704,63000.0,9358200.0,3179250.0,28000.0,3018600.0,,3018600.0,166670.0,52812200.0,364520.0,,,10800.0,146250.0,794638466600.0,861900.0,495300.0,369096.0,,,,,320000.0,20500.0,,48055623.0,91800.0,150030000.0,76736340.0,204700.0,20000.0,,15150.0,794638466600.0,68838.0,,,12765800.0,110250.0,,35000.0,65155175.0,,,1782100.0,,90200.00000000001,1591000.0,1251000.0,630500.0,400500.0,102000.0,2551500.0,1761750.0,20772.0,18947850.0,,,4483800.0,,118800.0,,2090699.9999999998,8700.0,,,5573500.0,,270000.0,61000.0,8343750.0,,433352.595,,,,,,15000.0,,,,,5600.000000000001,149100.0,437947015550.0,437947015550.0,40500.0,1029562.5,7410154344320.0,,,73827000.0,,1846050.0,,,217000.0,24784500.0,537550.0,,50000.0,,,1805758.8,7129992.87,1020972834900.0,17500.56,14400.0,,1080400.0,,,19150.0,280800.0,28000.0,55420676.059999995,16120000.0,,,,,,,,,,,52909199.99999999,620310.0,28049.999999999996,11000.0,,,16000.0,,,166500.0,1020972834900.0,183000.0,1124550.0,,,477664650.0,10250.0,,,4790895.0,141500.0,188000.0,44295300.0,524970.0,28400.0,10670940.0,,176350.0,8200.0,6505000.0,72325.0,,58400.0,,881100.0
2009-07-31,48750.0,,,,586962.0,,340400.0,1808312.5,100570631.946,,308277.4564148861,,154500.0,,210000.0,1777900.0,59745025.0,79800.00000000001,,64002.0,99331400.0,0.0,592400.0,0.0,91062.192,360360.0,13248750.0,,1954800.0,,292640.0,,236550.0,343199.99999999994,26150.0,,17714750.0,60625.0,1306800.0,1750500.0,,,77400.9,114398.7,,39526475.0,2418240.0,,205200.0,40050.0,136610.0,,,92830425.0,5520620.4,138400.0,,50500.0,,14700.0,14911.86375,,207250.0002375,58500.0,64380.0,2190222.02465,,,,,,,,388050.0,43750.0,33603.438,,,69600.0,71280.0,,2763750.0,4774850.0,,,,,934400.0,1019000.0,209500.0,1566750.0,,,,,,,,13300.0,1204940.0,,,,978600.0,,21000.0,158550.0,,99000.00000000001,,,,273600.0,,91800.0,16500.0,41732750.0,,169241784725.0,169241784725.0,45600.0,5610.0,45196500.0,,1632000.0,,114976450.0,,,,7696000.0,936200.0,89385750.0,,2246800.0,4145400.0,,2236525.0,711000.0,,,,591425333480.0,45600.0,401475.0,591425333480.0,,,,52650.0,18083625.0,,,50000.0,3101717605460.0,3101717605460.0,79800.0,759700.0,89550.0,71000.0,112000.00000000001,,30954100.0,1648311.0,26400.0,45000.0,,76000.0,,4640.562449999999,3600000.0,19372550.0,4648800.0,,6610800.0,,6610800.0,131669.3,75331935.0,430440.0,,,15400.0,,1314070559350.0,1170000.0,1105200.0,279240.0,,,,,24075.0,10000.0,,59064819.760000005,76575.0,113541160.0,165903235.0,103200.0,,,33000.0,1314070559350.0,68805.0,,,16043950.0,45100.0,,6000.0,44851075.0,,,1381100.0,,13000.0,418200.0,956250.0,382200.0,178500.0,360400.0,1053850.0,929250.0,22788.0,17295130.0,,,3357400.0,,409300.0,,1046850.0,43050.0,,,2659260.0,,504000.0,64000.0,3916537.5,,492693.04500000004,,,,,,132500.0,,,,,60400.0,91800.0,361510580520.0,361510580520.0,54375.0,790442.8195,8903461825110.0,,,115112400.0,,4805700.0,2000.0,5920.0,1553350.0,45876100.0,279400.0,,12000.0,,,1945692.56,1422104.6749999998,984207084850.0,187506.00000000003,342000.0,,231200.00000000003,,,111520.00000000001,142350.0,48600.0,51286062.634,5349900.0,,,,,,,,,,,35104500.0,267960.0,11500.0,26560.0,,,4030.0,,,46200.0,984207084850.0,163575.0,769500.0,,,388066500.0,,,,5189141.775,179400.0,60000.0,7964400.0,230820.0,30000.0,13578560.0,,23700.0,57399.99999999999,3368750.0,43500.0,,37700.0,,3812800.0
2009-08-31,253440.0,,,,277537.8,,3036050.0,11245500.0,70931749.00799999,,332144.0982018453,,525200.0,,51200.0,869750.0,104968850.0,36000.0,,104001.6,118209400.0,0.0,1637000.0,0.0,826249.9979999999,198240.0,24978100.0,,1660000.0,,469000.0,,318900.0,785000.0,101050.0,,22876000.0,180000.0,1022725.0,1103950.0,,,249003.0,28500.3,,39445825.0,2583530.0,,556250.0,45600.0,297600.0,,,74000750.0,4169065.95,255650.0,,10200.0,,70400.0,16144.734375,,264000.0,56000.0,167200.0,8739497.6841,,,,,,,,1912225.0,618750.0,65995.55,,,,52200.0,,6531250.0,16622300.0,,,,,2545800.0,9732400.0,342825.0,1801360.0,,,,,,,,13700.0,3058460.0000000005,,,,2688850.0,,5950.0,209025.0,,22000.0,,,,905000.0000000001,,60800.0,11000.0,51242250.0,,160831126100.0,160831126100.0,,60000.0,156584420.0,,13681040.04,,70987925.0,,,,17732350.0,1468300.0,63444950.0,,3712250.0,4383750.0,,3008125.0,1724525.0,,,,720235777560.0,147000.0,2213450.0,720235777560.0,,,,118100.0,54670737.5,,,1250.0,2726647145470.0,2726647145470.0,72600.0,1032300.0,630000.0,25700.0,135000.0,,24651400.0,5263860.0,58150.0,,,16360.0,,487896.9024,114000.0,19877600.0,5267750.0,,12392450.0,,12392450.0,263421.4,73067450.0,2165100.0,,,12720.0,88000.0,3151978189235.0,11072100.0,8278700.0,718871.4,,,,,9000.0,6900.0,,61621527.25,68400.0,198914110.0,157003290.0,136500.0,,,14450.0,3151978189235.0,22605.0,,,15842200.0,200200.0,,626050.0,41534325.0,,,18992412.5,,58300.0,951340.0,995000.0,359800.0,262600.0,273000.0,2739100.0,4724750.0,52065.0,25999250.0,,39600.0,4723200.0,,281350.0,,2754150.0,182000.00000000003,,,9138870.0,,929500.0,143350.0,27188950.0,,519599.535,,,,,,5200.0,,,,,39700.0,47500.0,619062917375.0,619062917375.0,265600.0,2455969.9230000004,10091329121700.0,,,205302587.5,,5513262.5,18000.0,12000.0,384000.0,19410550.0,2286500.0,,12000.0,,,591500.0,6285544.26,1120571512100.0,282509.04000000004,702150.0,,312750.0,,,198800.0,614900.0,67200.0,33856568.87,6574350.0,,,,,,,,,,,65270400.0,389460.0,31500.0,10000.0,,,20700.0,,,98750.0,1120571512100.0,440300.0,602825.0,,,294231950.0,,,,8511124.52,89500.0,531000.0,18857000.0,381605.0,30000.0,25730850.0,,288600.0,3400.0,45274250.0,107500.0,,41100.0,,621250.0
2009-09-30,348000.0,,,1920.0,507578.4,,659650.0,7083500.0,61482320.467,,1654809.698169664,,740250.0,,61900.0,4435800.0,58430675.0,68925.0,,162000.0,90775500.0,0.0,378000.0,0.0,2642368.71,90090.0,50106400.0,,2017800.0,,206240.0,,515150.0,375750.0,106700.0,,17168550.0,269900.0,657150.0,1320050.0,,,112800.6,49500.0,,27980000.0,6632030.0,,268750.0,63720.0,19520.0,153000.0,3000.0,70548450.0,3255847.95,379750.0,,,,,27945.067499999997,,220000.0,102000.0,47000.0,5887163.672,,,,,,,,650787.5,99000.0,57804.6215,,,88100.0,174000.0,,13750.0,6503000.0,,,,,915850.0,13170300.0,104925.00000000001,2235680.0,,,,54062.5,,,,12140.0,4439480.0,,,,1534850.0,,5100.0,86400.0,,94500.0,,,,344410.0,,429700.0,10800.0,59107675.0,,200318232890.0,200318232890.0,20400.0,,82038600.0,,3212058.9000000004,,49005400.0,,,,19692300.0,721350.0,42558200.0,,3585600.0,4867600.0,,5085725.0,642537.5,,,,625860960070.0,101400.0,1159350.0,625860960070.0,,,,186525.0,40166150.0,,,128000.0,2771946002295.0,2771946002295.0,21450.0,8495825.0,863600.0,53000.0,262500.0,,20959600.0,2197350.75,3370.0,15000.0,5700.0,19000.0,,35122.9407,36000.0,10476750.0,3215100.0,669000.0,17781975.0,,17781975.0,1634179.7399999998,35799600.0,599330.0,,,23920.0,63000.0,1460403711255.0,6713750.0,3810750.0,543979.8,,,,,,9200.0,,69342976.58,83600.0,130087100.0,85832340.0,91000.0,2120.0,,31899.999999999996,1460403711255.0,14157.0,,,27498750.0,132400.0,,64500.0,48191375.0,,,10150950.0,,88465.0,322190.0,652000.0,1038800.0,659600.0,675500.0,2687450.0,2327500.0,13995.0,11154750.0,,64000.0,5675100.0,,144000.0,,3637750.0,111250.0,,,14238460.000000002,,2193950.0,32500.0,23280475.0,,642208.0275000001,,,,,,22500.0,,,,,70000.0,22560.0,564818186920.0,564818186920.0,54950.0,1539266.0055,8019750835175.0,61000.0,,77476762.5,,4561375.0,16000.0,7200.0,326400.0,57931190.0,192000.0,,28500.0,,,431066.48,21759842.115000002,847596652980.0,,297800.0,,270450.0,,,19360.0,507000.0,84000.0,40716819.8645,14043650.0,,,,,,,,,,,37901962.5,755870.0,9000.0,,,,2220.0,,,186900.0,847596652980.0,321900.0,1079950.0,,,307547425.0,7625.0,,,4132075.11,26400.0,139750.0,21694750.0,333200.00000000006,58050.00000000001,20314600.0,,78650.0,7000.0,120297450.0,71250.0,,36600.0,,354950.0
2009-10-31,78880.0,,88200.0,789150.0,596163.6,,883050.0,2550000.0,79473302.27450001,,633460.450762202,,3150000.0,,1247400.0,3736650.0,65574975.00000001,186850.0,,406005.0,104579587.5,0.0,210000.0,0.0,17796190.104000002,93240.00000000001,42924000.0,,571050.0,,91980.0,,277600.0,264000.0,171000.0,,10872500.0,48100.0,1336775.0,1984400.0,,,376524.765,57350.369999999995,,37895225.0,1872610.0,2250.0,272800.0,31200.0,35030.0,263200.0,3000.0,101625625.0,6200019.15,96900.0,,29850.0,,73000.0,2994.114375,,205000.00015,34000.0,44900.0,2015306.2037,,,,,,,,970000.0,33500.0,28002.865,,86040000.0,1770.0,12040.0,,8316000.0,2337650.0,,,,,144500.0,1031700.0,43250.0,3824630.0,,,,23700.0,,,,42000.0,3285920.0,,,,1019000.0,,1454160.0,182500.0,,3731600.0,,,,189280.0,,56250.0,13800.0,49558787.5,,247277733870.0,247277733870.0,77500.0,,51542700.0,,2917879.44,,90236950.0,,,,13464000.0,578000.0,46869950.0,,1587900.0,4635550.000000001,,3005000.0,1354700.0,,,,786637011665.0,110000.00000000001,864950.0,786637011665.0,,,,130350.0,13395025.0,,,,3362362324575.0,3362362324575.0,282320.0,2770775.0,49600.0,120000.0,206375.0,,24159200.0,1984468.5,7600.0,207750.0,,,,11230.9621,52200.0,3820000.0,1375400.0,33000.0,7383375.0,,7383375.0,1029254.88,52738950.0,367840.0,,,11399.999999999998,37500.0,2537696419160.0,2719600.0,1815600.0,268897.2,,,,,,10200.0,,78688374.9,3437500.0,80487220.0,70252415.0,132500.0,,,229500.0,2537696419160.0,49821.75,20500.0,,57602325.0,433800.0,,112800.0,37869812.5,,,31319849.999999996,,59500.0,428040.0,400000.0,489000.0,346000.0,194200.0,1989600.0,770375.0,2848.5,4509750.0,,8000.0,4902100.0,,234500.0,,835900.0000000001,138700.0,,,7102700.0,,1188000.0,32500.0,9838675.0,,2324794.875,,,,,,82200.0,,,,,818100.0,65490.0,584106944495.0,584106944495.0,65100.0,938026.1455,10348680435745.0,27000.0,,86579500.0,,4835925.0,2060.0,26050.0,273600.0,74318825.0,787500.0,,49000.0,,,615993.6,32694290.385,891003050345.0,2900.04,275800.0,,496999.99999999994,,,42240.0,146300.0,31750.0,55438254.0815,3311350.0,,,,,,,,,,,58355850.0,207360.0,36000.0,55600.0,,,455600.00000000006,,,604200.0,891003050345.0,118800.0,910000.0,,,326505300.0,,,,3427713.1399999997,13200.0,82500.0,25302300.0,187000.0,145000.0,19692620.0,,97600.0,8775.0,74444125.0,74900.0,,53550.0,,286875.0
2009-11-30,60449.99999999999,,32250.0,293700.0,519176.39999999997,,890700.0,7237500.0,58860000.0,,442303.8460378135,,728000.0,,16354700.000000002,7542200.0,59281950.0,309700.0,,54600.0,89047900.0,0.0,273000.0,0.0,27695108.196000002,130800.00000000001,39144000.0,,234000.0,,216680.0,,362500.0,403199.99999999994,82950.0,,12728099.999999998,231000.0,1277300.0,2550637.5,,,123399.91500000001,13500.0,,53580000.0,1347760.0,2300.0,500000.0,13679.999999999998,331840.0,54000.0,,59791550.0,2138542.2,85600.0,,52800.0,,13000.0,14160.39975,,211599.999908,162000.0,145700.0,2131924.0826000003,,,,,,,,917124.9999999999,212500.0,67503.675,,248694600.0,106020.0,200200.0,,8904000.0,1328400.0,,,,,45500.0,65215505.25,81900.0,2454800.0,,,,22225.0,,,,11000.0,3762160.0,,,,531000.0,,,121200.0,,999600.0,,,,157500.0,,56250.0,153700.0,27932925.0,,289113298320.0,289113298320.0,78400.0,,23024300.0,,1851199.1099999999,,122960000.0,,,,15445600.0,282150.0,79271650.0,,990600.0,8494200.0,,4060800.0000000005,1082400.0,,,,1069532747780.0,99000.0,993600.0,1069532747780.0,,,,23229200.0,27113650.0,,,39600.0,3155164512500.0,3155164512500.0,34400.0,1587750.0,267300.0,13000.0,484500.00000000006,,16255950.0,3103695.0,257500.0,10800.0,15200.0,,,,193450.0,17862950.0,4532000.0,3775500.0,22670949.999999996,,22670949.999999996,1162700.0,26575650.0,406870.0,,,10800.0,49400.0,9969429476960.0,4029600.0,3976200.0,363480.0,,,,,18000.0,17850.0,,58369508.16,367500.0,124041600.0,98372240.0,100100.0,,,33150.0,9969429476960.0,16285.5,18000.0,,104168700.0,325000.0,,124600.0,41643200.0,,,60960000.0,,64400.0,235830.0,612000.0,280000.0,187500.0,360000.0,1882500.0,1209000.0,16555.5,12964250.0,,40500.0,2998800.0,,115200.0,,1799200.0,46800.0,,,4674280.0,,297000.0,32500.0,23522025.0,,3861293.67,,,,,,16800.0,,,,,1406340.0,21040.0,435625648110.0,435625648110.0,54000.0,1742667.5380000002,11950387128240.0,26000000.0,,401202100.0,,3889300.0,4500.0,8500.0,558350.0,65738750.0,2379000.0,,10625.0,,,397752.48,28168020.12,707987650290.0,150001.5,230950.0,,827700.0,,,97440.0,172300.0,22800.0,51091192.017000005,4342650.0,,,,,,,,,,,49648500.0,264610.0,90000.0,10000.0,,,91980.0,,,318000.0,707987650290.0,709825.0,561000.0,,,197043300.0,10500.0,,,5346456.87,11500.0,255000.00000000003,16332675.0,361800.0,325900.0,17354000.0,,22900.0,6000.0,57958200.0,80500.0,,53400.0,,145200.0
2009-12-31,45740.0,,14700.0,786050.0,235995.59999999998,,258000.0,1678750.0,68008125.0,,857400.1673793513,,1055600.0,,16927300.0,18110400.0,41281500.0,80000.0,,67200.0,63724950.0,0.0,300000.0,0.0,12847479.444,170600.0,51227600.00000001,,256400.0,,66000.0,,59925.0,360800.0,23000.0,,6506500.0,384125.0,805000.0,1226575.0,,,992250.0,171300.59999999998,,24331400.0,2274240.0,,350625.0,8320.0,20460.0,90000.0,3100.0,39463000.0,320400.0,125250.0,,,,117000.0,25391.264062500002,,44000.0,37450.0,348900.0,1415791.9971,,,,,,,,285950.0,128000.0,37802.058,,164163400.0,16560.0,204560.0,,9548000.0,627000.0,,,,,269800.0,22360000.0,206000.0,1092280.0,,,,18675.0,,,,,1403000.0,,,,232200.0,,2450.0,21400.0,,251100.00000000003,,,,97470.0,,22800.0,5850.0,56106225.0,,152119867500.0,152119867500.0,216200.0,11200.0,8254400.0,,972000.0000000001,,18762900.0,,,,3444000.0,154100.0,44515350.0,,577200.0,4755800.0,,760500.0,215000.0,,,,691283360670.0,44000.0,134400.0,691283360670.0,,,,9049600.0,18811700.0,,,58800.0,2428171665300.0,2428171665300.0,49650.0,1716000.0,119000.0,13200.0,80125.0,,12193200.0,3221610.0,418950.0,8400.0,,,,13500.79525,86225.0,6660000.0,1224600.0,,15779500.0,,15779500.0,219918.02,11452300.0,1050800.0,,,42000.0,58050.0,4179339668270.0,3775200.0,1738800.0,158995.2,,,,,276250.0,5900.0,,48088141.01,140600.0,65023220.0,31802000.0,107800.0,164160.0,,45450.0,4179339668270.0,4653.0,3600.0,,17872950.0,264000.0,,57000.0,54981675.0,,,29427300.0,,220000.0,183200.0,481000.0,170250.0,182250.0,97750.0,600000.0,645250.0,4119.75,3276000.0,,,1515800.0,,152000.0,,2838000.0,25725.0,,,2851280.0,,190500.0,32500.0,15828600.0,,9041409.584999999,,,,,,210000.0,,,,,123199.99999999999,13850.0,375558262799.99994,375558262799.99994,154550.0,918750.0,8079667481250.0,99000.0,,100914975.0,,2021400.0,,28000.0,137800.0,19890900.0,8165000.0,,42750.0,,,782743.8,10159715.79,582382451700.0,111000.78,71250.0,,289700.0,,,193600.0,280275.0,50500.0,59127457.428,4312500.0,,,,,,,,,,,34233600.0,292400.0,16500.0,10000.0,,,29480.0,,,201450.0,582382451700.0,209000.0,253150.0,,,206611150.0,,,,2433025.6999999997,13200.0,80000.0,22477000.0,630500.0,140000.0,10873700.0,,80600.0,60050.0,13138175.0,20000.0,,23800.000000000004,,68675.0
2010-01-31,36820.0,,14700.0,1242500.0,979750.0,,603200.0,8280250.0,90379464.4905,,1238607.1982059819,,34575.0,,7094720.0,12091800.0,120720950.0,34000.0,,207502.5,91699537.5,0.0,378000.0,0.0,18068538.834,107000.0,39189800.0,,635700.0,,265700.0,,176600.0,312400.0,179400.0,,28141650.0,276250.0,364275.0,910800.0,,,140451.06,24450.045,,29022675.0,1765770.0,3200.0,375000.0,14880.0,185630.0,32250.0,28000.0,62089700.0,1241034.0,97500.0,,,,48000.0,14911.86375,,72199.999905,35600.0,95860.0,1251952.6571499999,,,,,,,,1081500.0,120000.0,27096.180249999998,,55473400.0,9600.0,4700.0,,8484000.0,10144300.0,,,,,4260950.0,5987500.0,261800.0,2024280.0,,,,44225.0,,,,,10302475.0,,,,480900.0,,5040.0,54000.0,,99150.0,,,,362700.0,,149650.0,10700.0,70851050.0,,152668460695.0,152668460695.0,20100.0,4670.0,12541500.0,,748200.87,,133500100.0,,,,2663150.0,155000.0,42878275.0,,2043400.0,6448300.0,,501000.0,334400.0,,,,757269659000.0,137020.0,455175.0,757269659000.0,,,,1608000.0,9576962.5,,2926800.0,8000.0,3714856397155.0,3714856397155.0,23800.0,750950.0,282250.0,49000.0,494500.0,,23141750.0,3744594.0,102660.0,39040.0,55000.0,,,29871.258349999996,63000.0,10900750.0,1767500.0,,2934200.0,,2934200.0,798600.0,19984200.0,388740.0,,,40000.0,,2331602289780.0,5407250.0,2133000.0,212667.0,,,,,24625.0,14150.000000000002,570000.0,50543234.379999995,414000.0,83313690.0,29851135.0,134900.0,1470.0,,30000.0,2331602289780.0,87087.0,26940.0,,36156100.0,23194050.0,,42400.0,25572725.0,,,17526600.0,,100050.0,208000.0,176000.0,302250.0,75750.0,119000.0,851200.0,281125.0,359358.44,2333100.0,,,2023400.0,,174800.0,,2098800.0,50950.0,,,4993920.0,,196000.0,32500.0,7627275.0,,3526742.505,,,,,,74400.0,,,,,123820.0,2280.0,436746260945.0,436746260945.0,11400.0,783958.44,8192859548775.0,,,29663325.0,,3007375.0,3240.0,44800.0,162400.0,31342237.5,3453500.0,,9750.0,,,669744.8200000001,12486344.715,653861075140.0,71999.4,64500.0,,343200.0,,,154800.0,342100.0,76000.0,33239680.2985,7003975.0,,,,,,,,,,,16541550.0,975190.0,17300.0,11000.0,,,17350.0,,,116600.0,653861075140.0,204700.0,1794600.0,,,282861200.0,5375.0,,,3239819.995,28312.5,457500.0,45478425.0,328250.0,173050.0,13225380.0,,108800.00000000001,34000.0,7276000.0,41125.0,,16500.0,,102000.0
2010-02-28,48730.0,,,1881950.0,6544700.0,,1870400.0,10698350.0,99169785.0545,,918128.2563831533,,509375.0,,4844150.0,19864900.0,66009300.0,768200.0,,63000.0,88001625.0,0.0,229150.0,0.0,14218603.182,53820.0,73610900.0,,740850.0,,42000.0,,43700.0,125000.0,28750.0,,8510500.0,194125.0,384000.0,507900.0,,,37500.299999999996,1700.01,,40654250.0,2759770.0,,329000.00000000006,53040.0,77530.0,46250.0,21000.0,60921700.0,878663.4,67600.0,,44100.0,,,13620.285,,39599.999966999996,20950.0,17820.0,916456.2786000001,,,,,,,,477750.0,165000.0,612428.44875,,47577075.0,370950.0,,,14000.0,11577600.0,,,,,1584800.0,4225300.0,52875.0,3958230.0,,,,2112.5,,,,,2778000.0,2439450.0,,,337450.0,,1700.0,170400.0,,50400.0,,,,288760.0,,133450.0,,41120750.0,,174293085500.0,174293085500.0,16420.0,22950.0,13589400.0,,753200.3999999999,,68054425.0,,,,3112450.0,355600.00000000006,93443600.0,,1021050.0,1673250.0,,1542900.0,179450.0,,,,794003183210.0,402800.0,598250.0,794003183210.0,,,,563925.0,10082050.0,,782625.0,,2734630077865.0,2734630077865.0,80600.0,476675.0,127650.0,150100.0,63000.0,,22922125.0,2797541.25,26040.0,,,3840.0,,15401.6625,8000.0,3266900.0,443450.0,139500.0,3839000.0,,3839000.0,632128.8,11113350.0,407520.0,,,7560.000000000001,101625.0,1534808594640.0,1508550.0,862500.0,194220.0,,,,,14700.000000000002,5900.0,,80104649.1,132000.0,65310229.99999999,44238435.0,221725.0,,,28000.0,1534808594640.0,10972.5,63700.0,,63471070.0,19759980.0,,197760.0,17938412.5,,,20472250.0,,71250.0,102120.0,240000.0,338000.0,129300.0,31552580.0,194600.0,331250.0,134640.0,2048000.0,,,1430550.0,,71400.0,,1159800.0,11000.0,,,1678040.0000000002,,200000.0,,6672350.0,,183601.08000000002,,,,,,169320.0,,,,,25910.0,9790.0,423053083120.0,423053083120.0,11200.0,967167.088,7172825949345.0,825000.0,,22597325.0,,1186550.0,2160.0,46400.0,109200.0,32692900.0,1442700.0,,11200.0,,,866076.04,15209069.334999999,692556766985.0,222998.985,145600.0,,144400.0,,,101290.0,152900.0,24800.0,75453480.045,5152400.0,,,,,,,,,,,39158300.0,384760.0,82350.0,13650.0,,,29100.0,,,46150.0,692556766985.0,209000.0,544550.0,,,253151725.0,,,,2943272.34,38500.0,90000.0,89930475.0,753165.0,59400.0,11699530.0,,96550.0,4500.0,7419937.5,31500.0,,52650.0,,34400.0
2010-03-31,134200.0,,18950.0,1990000.0,6593700.0,,1214150.0,4177075.0,71939342.76799999,,1335861.5287835477,,78250.0,,3648000.0,88907000.0,83994400.0,167700.0,,246405.59999999998,116751800.0,0.0,189200.0,0.0,4527815.075999999,105000.0,126622800.0,,19203300.0,,73200.0,,41820.0,160000.0,8000.0,,7608575.0,40000.0,1716150.0,454150.0,,,121500.0,17599.89,,28097200.0,11099520.0,,354750.0,8480.0,76680.0,7900.0,122400.0,51385100.0,2398500.0,24000.0,,7500.0,,17000.0,11213.251874999998,,180000.00018,78300.0,52520.0,1431438.65265,,,,,,,,609537.5,128000.0,149596.348,,44320250.0,218400.0,74770.0,,2800.0,4984800.0,,,,,593400.0,3028800.0,108000.0,6809485.0,,,,2200.0,,,,,4854600.0,357000.0,,,444000.0,,4980.0,347750.0,,68200.0,,,,116050.0,,127500.0,11450.0,53614000.0,,220030685500.0,220030685500.0,30000.0,45360.0,19936000.0,,688200.0000000001,,77982100.0,,,,2415000.0,5005200.0,33105850.0,,1270200.0,1657500.0,,1220000.0,545475.0,,,,1190212363350.0,640500.0,376650.0,1190212363350.0,,,,264600.0,47103250.0,,1393200.0,31000.0,3207790374030.0,3207790374030.0,111300.0,495000.0,47925.0,14000.0,61250.0,,18810000.0,15871128.0,42000.0,1060.0,4880.0,14400.0,,13000.427,8000.0,2512400.0,558900.0,56000.0,1493850.0,,1493850.0,574170.2,6079100.0,1177100.0,,,10180.0,38400.0,1400399869440.0,1991200.0,782800.0,61432.8,,,,,,10800.0,,85832607.8,148400.0,61059240.0,32863140.0,252000.0,,,7000.0,1400399869440.0,50019.75,10500.0,,71418150.0,6537440.0,,70000.0,23190675.0,,,12873900.0,,91000.0,375000.0,97000.0,287300.0,198900.0,6435820.0,416000.0,344250.0,79461.0,1283040.0,,2850.0,7639500.0,,72000.0,,991700.0,21000.0,,,7321860.0,,2428700.0,13000.0,14657825.0,,204001.2,,,,,,144900.0,,,,,39100.0,30600.0,538567941119.99994,538567941119.99994,16350.0,851458.78,9734314553900.0,65000.0,,21236800.0,,3606975.0,,9600.0,499100.0,34052200.0,1908900.0,,14000.0,,,2696100.0,21437000.0,948061754630.0,49874.97899999999,71775.0,,224000.0,,,92900.0,250000.0,88000.0,62266558.137,12090650.0,,,,,,,,,,,59394000.0,301110.0,15250.0,14100.0,,,70650.0,,,398650.0,948061754630.0,125800.0,700000.0,,,338359500.0,,,,3196755.65,57500.0,52500.0,84425000.0,1361450.0,7600.0,11019120.0,,90300.0,4500.0,14743575.0,119000.0,,14850.0,,86450.0
2010-04-30,200710.0,,10850.0,350000.0,3200000.0,,1683000.0,3935975.0,102951095.626,,966654.8599790162,,259700.0,,2073900.0,54327200.0,87871200.0,1234000.0,,174000.0,157357000.0,0.0,90300.0,0.0,7610176.584,168000.00000000003,91791275.0,,2820300.0,,378200.0,,93950.0,228000.0,7400.0,,15428160.0,474000.0,897700.0,207000.0,,,48000.0,82674.48000000001,,78306725.0,7789440.0,9000.0,391500.0,10800.0,28710.0,257600.0,690600.0,81185650.0,969114.75,39000.0,,64600.0,,8500.0,17847.27,,323399.99994500005,18000.0,145600.0,1718243.5659999999,,,,,,,,396174.99999999994,407000.0,47604.8705,,55827750.0,369600.0,18700.0,,,915900.0,,,,,327000.0,1895250.0,42775.0,12228930.0,,,,20000.0,,,,,6817800.0,399750.0,,,336000.0,,31020.0,81900.0,,76250.0,,,,469200.0,,62500.0,20300.0,48471500.0,,424145170000.0,424145170000.0,40000.0,,54058100.0,,2719650.0,,143634300.0,,,,2901600.0,3182000.0,39878400.0,,1759300.0,5722600.0,,2107000.0,2479200.0,,,,1613915426719.9998,121000.00000000001,1728899.9999999998,1613915426719.9998,,,,114525.0,98864850.0,,3922800.0,16000.0,4414941315200.0,4414941315200.0,148715.0,1241350.0,197500.0,174800.0,29375.0,,23124900.0,8781255.0,11160.0,392600.0,,,,16800.2985,65250.0,2016700.0,147400.0,308800.0,2712000.0,,2712000.0,693945.78,16263300.0,535680.0,,,25760.0,135000.0,1681219684800.0002,437000.0,590000.0,105760.2,,,,,,18900.0,,178903823.83999997,178250.0,114673840.00000001,32607520.0,132800.0,,,460000.0,1681219684800.0002,95460.75,31500.0,,108478300.0,3500000.0,,19600.0,32574000.0,,,12595199.999999998,,13450.0,1001720.0,2576250.0,346500.0,53500.0,13620400.0,560000.0,242500.0,76986.0,1109760.0,,,11693700.0,,77000.0,,452100.0,29750.0,,,8022500.0,,693000.0,,44441600.0,,503705.475,,,,,,105000.0,,,,,77280.0,5695.0,552252894000.0,552252894000.0,28950.0,708333.6960000001,12241715406250.0,,,10904600.0,,9069200.0,1580.0,11200.0,2035499.9999999998,19760950.0,1498200.0,,27000.0,,,4372425.72,51661000.0,737355843750.0,13999.92,209600.0,,216000.0,,,77400.0,124200.0,195200.0,87118555.639,3020850.0,,,,,,,,,,,71630000.0,436325.0,10200.0,25000.0,,,30800.0,,,250000.0,737355843750.0,111000.0,448900.0,,,249242750.0,1100.0,,,3546821.52,18550.0,493000.00000000006,77356800.0,636750.0,32500.0,21240000.0,,365250.0,24000.0,5728800.0,36000.0,,46300.0,,48750.0
2010-05-31,167580.0,,2900.0,308750.0,6152300.0,,5145000.0,5346700.0,131413733.826,,821589.031177477,,1050000.0,,731000.0,61086300.0,56224000.0,58900.0,,259501.5,126402500.0,0.0,44000.0,0.0,2228700.0,132000.0,169618875.0,,938400.0,,20540.0,,131710.0,190000.0,11400.0,,5030400.0,523800.00000000006,790875.0,469800.0,,,70425.0,74450.50499999999,,61952850.0,4681040.0,3000.0,117000.0,4240.0,30000.0,49200.0,,68067200.0,386750.69999999995,82800.0,,20525.0,,166400.0,37197.468,,92499.9999,25500.0,73500.0,6175375.8264,,,,,,,,637287.5,665000.0,51302.793,,12595200.0,16000.0,,,14000.0,508400.0,,,,,163800.0,2761500.0,157850.0,22428500.0,,,,10100.0,,,,,12710000.0,96000.0,,,267500.0,,100300.0,73750.0,,115999.99999999999,,,,191100.0,,128125.0,5900.0,115292675.0,,335111039640.0,335111039640.0,,3560.0,32814000.0,,1799450.475,,109412700.0,,,,1854600.0,1079400.0,52907700.0,,1254400.0,3155200.0,,1056000.0,6485850.0,,,,1598325994240.0,40640.0,3514500.0,1598325994240.0,,,,54000.0,127254400.0,,1385800.0,,4704950192400.0,4704950192400.0,39060.0,312000.0,18000.0,157250.0,18000.0,,33093100.0,34784691.9,23280.0,167900.0,,,,22680.3115,,2235200.0,916750.0,,1556100.0,,1556100.0,121733.78,30946500.0,224480.0,,,10400.0,143750.0,1042235165280.0,630800.0,414200.0,114488.40000000001,,,,,,11000.0,,171420892.64999998,60800.0,68280700.0,33276550.0,70000.0,1140.0,,356900.0,1042235165280.0,8617232.25,18200.0,,88404250.0,1697400.0,,,24724500.0,,,6133050.0,,243950.0,229520.0,5079100.0,193700.0,136500.0,21103800.0,505400.0,185250.0,79029.0,741340.0,,,2438800.0,,93600.0,,544450.0,10000.0,,,8035500.0,,500350.0,140000.0,27137050.0,,411797.1,,,,,,55120.0,,,,,42850.0,9150.0,630285988830.0,630285988830.0,49050.0,1107687.5,11489721006190.0,62000.0,,26206025.0,,5737375.0,3160.0,23400.0,3693500.0,39479625.0,166400.0,,5100.0,,,5011700.0,38400000.0,819934049100.0,47999.82,724500.0,,41950.0,,,56320.0,242200.0,207200.0,60645000.0,3387200.0,,,,,,,,,,,132867900.0,446000.0,11100.0,14750.0,,,12600.0,,,83300.0,819934049100.0,84000.0,112000.0,,,321359500.0,,,,3212911.0500000003,95175.0,1016500.0,65199975.0,262500.0,33800.0,19139640.0,,1515900.0,,3183375.0,29250.0,,6650.0,,105000.0
2010-06-30,324000.0,,7000.0,162000.0,3188050.0,,1432850.0,10789900.0,83478593.65599999,,272186.982177116,,530000.0,,504600.0,90773025.0,64652600.0,157250.0,,1148400.0,87561925.0,0.0,261500.0,0.0,4872087.474,132520.0,130605025.0,,642500.0,,215680.0,,67200.0,227900.0,170200.0,,4544900.0,341000.0,878600.0,115500.0,,,98562.675,3000.0,,111561050.0,1759560.0,4500.0,125000.0,18720.0,41600.0,90000.0,,69700325.0,925872.1499999999,15949.999999999998,,,,163500.0,22356.054,,194500.00000200002,56100.0,74910.0,5054496.96885,,,,,,,,295050.0,200000.0,71407.30575,,19448100.0,17000.0,,,14000.0,1092000.0,9900.0,,,,263700.0,986400.0,175500.0,22668425.0,,,,20750.0,,,,3570.0,17269675.0,54700.0,,,242000.0,,132300.0,63750.0,,79850.0,45000.0,,,3421950.0,,62400.0,17400.0,42443412.5,,398588954895.0,398588954895.0,,1560.0,17438500.0,,4571640.0,,59118800.0,,,,3792200.0,648500.0,63874350.0,,992000.0,3436200.0,,902800.0,1183000.0,,,,1581661484750.0,270300.0,2162700.0,1581661484750.0,,,,290250.0,101438050.0,,698862.5,,3802608114325.0,3802608114325.0,67000.0,238000.0,17000.0,24000.0,264000.0,,27819250.0,59971049.775,62620.0,,52090.0,41000.0,,22100.092800000002,54500.0,2592000.0,461900.0,81600.0,900600.0,,900600.0,209768.02,29212875.0,326800.0,,,84700.0,118000.0,1472391412840.0,1682100.0,330500.0,96681.0,,,,,,12700.0,,143567998.38,35850.0,101778020.0,44252545.0,50200.0,,,103550.0,1472391412840.0,4521.0,3600.0,,35435750.0,1004400.0,,9800.0,34713675.0,,,4916175.0,,48950.0,2289500.0,1548800.0,58750.0,65000.0,25728150.0,261300.0,243000.0,69763.5,683680.0,,,1092300.0,,1912499.9999999998,,14308000.0,19000.0,49999.95,,9522700.0,,142950.0,25200.0,23253350.0,,354299.985,,,,,,105000.0,,,,,753850.0,12555.0,523126162420.0,523126162420.0,11000.0,2217167.336,11566806708140.0,58000.0,,23949975.0,,4356562.5,7975.0,30750.0,10175320.0,50226362.5,9300000.0,,10300.0,,,5750573.4399999995,25981683.25,890663635155.0,6999.96,1902600.0,,76000.0,,,24190.0,286750.0,93600.0,64956333.2975,1684825.0,,,,,,,,,,,86065625.0,235440.00000000003,35000.0,42270.0,,,17040.0,,,60000.0,890663635155.0,87100.0,1526250.0,,,278352200.0,,,,2609851.035,41650.0,194450.0,117369825.0,123120.0,15500.0,15633720.0,,322000.0,5125.0,2115900.0,23000.0,,19450.0,,16200.0
2010-07-31,301350.0,,20000.0,112625.0,3087450.0,,1610200.0,10408500.0,47471138.194,,235817.16990344942,,166650.0,,617040.0,71669650.0,41516100.0,214500.0,,167500.5,129447200.0,0.0,172400.0,0.0,3824453.934,149500.0,154593100.0,,571050.0,,147560.0,,324000.0,159600.0,36000.0,,3998500.0,298100.0,462500.0,552435.0,,,64038.045,42000.0,,46195900.0,1734480.0,2600.0,137350.0,35200.0,42530.0,29700.0,,78444400.0,1023521.3999999999,41275.0,,,,8125.0,63111.234375,,170399.9997975,68250.0,56160.00000000001,2891011.074,,,,,,,,106050.0,280000.0,56703.087,,11185625.0,31250.0,11399.999999999998,,9842000.0,835700.0,,,,,197700.0,1296250.0,197500.0,26997540.0,,,,12187.5,,,,,2121950.0,118030.00000000001,,,620400.0,,93190.0,10500.0,,55000.00000000001,10350.0,,,1282400.0,,83200.0,11600.0,41533678.0,,421943755085.0,421943755085.0,100000.0,,19932550.0,,613800.99,,55813400.0,,,,2324200.0,274700.0,28787250.0,,2142902.0,5097000.0,,657000.0,961000.0,,,,1297304417400.0,173375.0,2165103.0,1297304417400.0,,,,113400.0,49336100.0,,955187.5,,3644685344600.0,3644685344600.0,56250.0,306450.0,13125.0,24800.0,86250.0,,33138825.0,17023734.525,41360.0,132000.0,6600.0,124850.0,,43303.816,6400.0,2571400.0,750000.0,112200.0,2286550.0,287040.0,2286550.0,106820.70000000001,36231450.0,172980.0,,,31800.0,43200.0,1262289317840.0,1098050.0,526450.0,596232.0,,,,4189500.0,19000.0,45200.0,,164491160.41000003,290750.0,117768000.0,23280400.0,105000.0,,,29400.0,1262289317840.0,25591.5,8500.0,,39237325.0,1900400.0,,10000.0,55306350.0,,,5518480.0,,62500.0,1605330.0,269250.0,184600.0,261950.0,28498850.0,611800.0,208750.0,252126.0,421000.0,,14025.0,488400.0,,388395.0,,1013700.0,10000.0,90250.38,,8145400.0,,182250.0,32500.0,120598350.0,,964951.065,,,,,,178500.0,,,,,170550.0,,631734975650.0,631734975650.0,18625.0,780000.48,10417160852140.0,,,9854062.5,,15727530.0,,30000.0,11254495.0,48205500.0,5123700.0,,15600.0,,,12400143.536,20373797.97,674645509080.0,9649.98375,5122340.0,,78000.0,,,60870.0,148150.0,165000.0,42664800.0,2985200.0,,,,,,,,,,,84485496.0,2619350.0,37000.0,13500.0,,,20699.999999999996,,,147950.0,674645509080.0,44400.0,720150.0,,,276803400.0,,,,8409935.629999999,23000.0,454300.0,81008375.0,177100.0,5600.000000000001,30371760.0,,640000.0,,5102675.0,74530.0,,63450.0,,48600.0
2010-08-31,132000.0,,4350.0,159050.0,3162620.0,,7520820.0,6872800.0,83532340.42199999,,274667.5039358729,,214400.0,,1938880.0,29499800.0,122098990.0,214600.0,,58799.99999999999,125754227.99999999,0.0,51000.0,0.0,4811709.516,265590.0,109710248.0,,933810.0,,156000.0,,198200.0,129500.0,28500.0,,19297300.0,1380200.0,499800.0,911106.0,,,57499.5,9369.99,4800.0,81320320.0,13363400.000000002,,60500.0,31200.0,254100.0,3000.0,,78384000.0,857078.1,34100.0,,,,,26113.373999999996,,37999.999950000005,18000.0,27630.000000000004,2049669.7628,,,,,,,,346390.0,73000.0,46100.365000000005,,4257800.0,17000.0,158750.0,,9870000.0,1043280.0000000001,19800.0,,,,700700.0,752700.0,237000.0,34327656.0,,,,23112.5,,,,19800.0,4661160.0,195750.0,,,2002500.0,,8820.0,7760.0,,110000.00000000001,10390.0,,,2069760.0,,69825.0,9315.0,33848460.0,,486820692000.0,486820692000.0,11860.0,,114673520.0,,7195758.96,474790.0,107286363.0,,,,1445700.0,1836900.0,34997190.0,,2967375.0,6007935.0,,463939.99999999994,924000.0,,,,2154345346159.9998,418600.00000000006,4098528.0,2154345346159.9998,,,,136900.0,51333200.0,,715950.0,1920.0,4175017445340.0,4175017445340.0,69850.0,550020.0,38500.0,39000.0,6890.0,,41602434.0,22308788.25,21000.0,198000.0,8525.0,3950.0,,34496.364199999996,,1142500.0,405000.0,221000.0,1429632.0,,1429632.0,188700.0,85874870.0,989230.0,,,2040.0,29850.0,2010908627130.0002,621000.0,182450.0,285542.4,,,,802800.0,59375.0,7800.0,,145881823.67000002,94000.0,229071040.0,17114850.0,84500.0,,,36000.0,2010908627130.0002,24090.0,2440.0,,63120060.0,1321655.0,,69970.0,37815360.0,,,5887390.0,,103700.0,1035980.0000000001,225500.0,132600.0,130000.0,16962300.0,322400.0,100800.0,131928.75,722100.0,,,523296.0,,144665.5,,263400.0,18000.0,154850.652,,1682100.0,,278100.0,13000.0,66207150.0,,1161299.1,,,,,,42000000.0,,,,,104940.0,,958698339560.0001,958698339560.0001,10700.0,486441.956,14364968690000.0,22100.0,,24418460.0,,9669135.0,,134050.0,8461200.0,42098000.0,6600800.0,,8400.0,,,25962232.608,39269912.5,852211735200.0,29839.94475,1761680.0,,34305.0,,,153120.0,115000.0,19843100.0,54340005.72,2605500.0,,,,,,,,,,,88058120.0,1365240.0,32500.0,4950.0,,,44095.0,,,144000.0,852211735200.0,24360.0,388500.0,,,337438500.0,,,,13380407.95,14499.999999999998,124650.0,127762444.99999999,455700.0,50000.0,24249820.0,,209600.0,29552.5,30249816.0,19795.0,,71600.0,,14850.0
2010-09-30,160760.0,,9600.0,280990.0,2063590.0,,7076851.0,3718145.0,147159260.326,,617029.787490796,,318967.5,,10559780.0,41882865.0,217656834.0,232155.0,,407056.05,177203784.0,0.0,231000.0,0.0,10927869.084,831825.0,168523257.5,,16075800.0,,1048180.0,,818250.0,560000.0,109150.0,,81690680.0,1515500.0,1060955.0,1356996.0,,,54789.75,4680.0,33200.0,180383975.25,12658895.0,,256850.0,17250.0,160720.0,24300.0,,100031323.5,1802569.7999999998,594320.0,,17700.0,,8000.0,71623.91249999999,,399000.00019000005,36900.0,81400.0,7770484.4749,,,,,,,,1478900.0,101500.0,103558.721,,12787960.0,180375.0,,,9828000.0,1368040.0,9395.0,,,,375175.5,3080220.0,102600.0,24569486.0,,,,24000.0,,,,28560.0,10859040.0,42700.0,,,5661500.0,,17300.0,91250.0,,13429.999999999998,32000.0,,,5715895.0,,351000.0,12173.0,186758748.0,,1010037960020.0,1010037960020.0,319000.0,,143395695.0,,22729035.735,925880.0,58117279.5,,,,5335320.0,20207070.0,65452300.0,,4151414.0,11872316.0,,374000.0,1313755.0,,,,4016389607630.0,556700.0,6525935.0,4016389607630.0,,,,671320.0,95275485.0,,2003949.0,20000.0,8642253697125.0,8642253697125.0,70635.0,1454800.0,343200.0,6520.0,48360.0,,47414675.0,79730784.0,50599.99999999999,139380.0,39825.0,,,33351.2855,30000.0,79650000.0,14081850.0,51000.0,3527889.5,,3527889.5,538000.0,50411864.0,466190.0,,,14949.999999999998,38600.0,6961279203740.0,9617350.0,1869250.0,294980.39999999997,,,,4705200.0,2035.0,17780.000000000004,,186632283.63,,251616369.99999997,78069392.0,103500.0,1750.0,,44400.0,6961279203740.0,23265.0,14000.0,,207278430.0,3517550.0,,14790.0,51561351.0,,,11180475.0,,43490.0,6197520.0,1869850.0,999600.0,385000.0,22786590.0,1179250.0,383080.0,476732.61000000004,2475850.0,,22050.0,1217145.0,,237855.0,,158175.0,26730.0,97194.097,,14727210.0,,793500.0,193900.0,234458242.0,,1834782.7094999999,,,,,,12000.0,,,,,129120.0,16650.0,1401860926715.0,1401860926715.0,32696.0,3421511.338,24702228202860.0,19600.0,,135301696.0,,32406475.0,,63000.0,7040320.0,62582869.0,6713760.0,,52500.0,,,22398165.988,43497160.407000005,1310497668800.0,2899.9905,850615.0,,200200.0,,,194035.0,213750.0,13768775.0,154731573.8215,6212582.5,,,,,,,,,,,106214242.0,734890.0,36000.0,6405.0,,,12040.0,,,379500.00000000006,1310497668800.0,187000.0,520000.0,,,376125025.0,11240.0,,,18742719.608000003,29000.0,696850.0,107879520.0,357130.0,52500.0,25371480.0,,240809.99999999997,22500.0,12693456.0,33110.0,,147900.0,,96860.0
2010-10-31,115430.0,,2160.0,3664575.0,2602460.0,,1316334.25,5395850.0,72191087.892,,600051.6216690339,,231660.0,,8837390.0,38785740.0,237665543.0,188050.0,,217542.0,160765820.0,0.0,79200.0,0.0,5616851.85,556655.0,262587950.0,,7495790.0,,3561860.0,,642150.0,372000.0,52500.0,,102718770.0,295550.0,518670.0,42840.0,,,220422.06,84149.685,19200.0,208331250.0,3738610.0,,35880.0,58800.0,50670.0,9000.0,690920.0,94906105.25,2233187.1,84800.0,,9000.0,,52250.0,74676.735,753546147.5,180600.000042,26800.0,130900.0,2981987.4139,,,,,,,,614978.0,127600.00000000001,75604.116,,3159100.0,325600.0,7240.0,,16800.0,918300.0,23700.0,,,,414435.0,1789755.0,66470.0,28107516.0,,,,4400.0,,,,2120.0,6970774.999999999,36120.0,,,2390175.0,,8550.0,65750.0,,19760.0,32000.0,,,3239740.0,,279360.0,4785.0,75618944.0,,794742181240.0,794742181240.0,30000.0,,79386205.0,,13091040.09,612280.0,51340221.5,,,,5443280.0,5891960.0,49939900.0,,2503852.0,11879082.0,,228000.0,1173795.0,,,,3741244952250.0,168540.0,4802817.0,3741244952250.0,,,,331875.0,106848870.0,,882980.0,5500.0,6736211421780.0,6736211421780.0,59800.0,808800.0,37500.0,207640.0,15600.0,,32710807.5,78405800.025,132000.0,26219.999999999996,149900.0,387200.0,,62558.7374,10806.0,56893125.0,16724807.5,102000.0,924760.0,,924760.0,270936.72000000003,28017385.5,625240.0,,,20800.0,49675.0,6539600482150.0,1619250.0,660000.0,224351.40000000002,,,,2193700.0,28625.0,8060.0,,221282577.15499997,,176997130.0,52688365.0,121440.0,,,34625.0,6539600482150.0,19602.0,3000.0,,114831100.0,1982395.0,,27260.0,39966430.0,,,6036345.0,,12000.0,652260.0,921000.0,140700.0,246400.0,35469800.0,598650.0,211290.0,1322098.315,1379340.0,,50875.0,968247.0,,134850.0,,159300.0,8100.0,33299.97,,7987650.0,,407000.0,17550.0,110290273.0,,1619153.679,,,,,,160000.0,,,,,234100.0,,1323699718515.0,1323699718515.0,66340.0,1324443.8879999998,23710381738505.0,130000.0,,85780755.0,,32700750.0,3300.0000000000005,44000.0,6287495.0,50410674.0,13399610.0,,68000.0,,,20603519.092,29312847.880499996,1220354900415.0,36000.03,357750.0,,339500.0,,,278400.0,148825.0,13241960.0,202698543.3855,6933894.0,,,,,,,,,,,115632703.0,179475.0,41500.0,2940.0,,,39900.0,,,200250.0,1220354900415.0,420340.0,331025.0,,,306436550.0,,,,10748439.738,3335.0,2160700.0,70166385.0,481910.0,55800.0,17466570.0,,236400.0,,11571259.0,20000.0,,37800.0,,48480.0
2010-11-30,476350.0,,,635500.0,2347260.0,,423150.0,6778560.0,100256619.897,,249404.17196943413,,1060000.0,,10698480.0,61257200.0,395182000.0,418300.0,,395903.7,191779088.0,0.0,202400.0,0.0,5812500.0,465000.0,314470530.0,,7141740.0,,1021470.0,,1727625.0,227550.00000000003,92925.0,,77224752.0,865817.5,407700.0,375730.0,,,333697.64999999997,4029.9750000000004,6600.0,147103020.0,23257080.0,3200.0,15400.0,53850.0,154500.0,18000.0,,70660820.0,1148040.0,43420.0,,11000.0,,74340.0,39839.333625,289330020.0,64000.00006400001,26100.0,135080.0,2453562.4492,,,,,,,,1163248.0,785400.0000000001,85116.76525,,2664930.0,200000.0,200000.0,,8680000.0,1655320.0,21000.0,,,,421855.0,3352000.0,239559.99999999997,28510290.0,,,,4045.0,,,,1780.0,2613450.0,16619.0,,,1767640.0,,3065.0,29325.0,,112000.00000000001,35500.0,,,1591254.0,,31080.0,3212.5,50098146.0,,638903296990.0,638903296990.0,171000.0,,104569700.0,,20060508.03,513920.0,45376352.0,,,,3814140.0,6184710.0,33683950.0,,1839600.0,14333800.0,,888750.0,6118470.0,,,,4450290455110.0,162180.0,22809390.0,4450290455110.0,,,,468000.0,76238100.0,,971880.0,3850.0,8314855872870.0,8314855872870.0,24400.0,364200.0,31000.0,4745.0,10555.0,,29434480.0,53796289.050000004,69750.0,22200.0,119925.0,47500.0,,35246.071299999996,3500.0,29032250.0,3929200.0,103200.0,1287380.0,,1287380.0,280141.74,26546800.0,839380.0,,,20000.0,130550.0,3711294321360.0005,1922800.0,990000.0,182988.0,,,,820950.0,38000.0,12000.0,,164770351.68,,167139620.0,67285020.0,522000.0,,,8350.0,3711294321360.0005,11797.5,4680.0,,138682350.0,2697030.0,,10000.0,21724180.0,,,3186880.0,68572009.8,36400.0,750120.0,147200.0,388050.0,113000.0,30593460.0,601500.0,135560.0,171360.0,713400.0,,60600.0,1706600.0,,88785.0,,183600.0,16200.0,42559.924000000006,,10883700.0,,393525.0,,65010942.5,,2671807.32,,,,,,22680.0,,,,,114240.0,,1314975683900.0,1314975683900.0,316260.0,1630475.0,21905374122030.0,,,42295400.0,,14294000.0,7500.0,37320.0,6343749.999999999,50115376.0,3552750.0,,18450.0,,,16489472.132000001,48786762.538,1513530821760.0,,206150.0,,203280.0,,,135900.0,277440.0,22960740.0,75657859.822,85755579.0,,,,,,,,,,,94575350.0,525200.0,20000.0,18840.0,,,25060.0,,,254800.0,1513530821760.0,1119960.0,19578330.0,,,358418650.0,7200.0,,,8652203.708,26450.0,1563000.0,132102880.0,90945.0,5200.0,22902000.0,,476850.0,20695.0,11721568.0,30690.0,,21350.0,,193640.0
2010-12-31,314760.0,,1620.0,339800.0,1256035.0,,902300.0,9369258.75,115943067.043,,268969.00800359354,,40102.5,,3515040.0,61725950.0,267285175.0,157700.0,,310505.4,120059640.0,0.0,34000.0,0.0,5990438.394,217230.0,294430482.5,,2137060.0,,766750.0,,188000.0,138450.0,56000.0,,49987856.0,724320.0,140280.0,25500.0,,,234000.0,49599.69,85660.0,124533745.0,38055030.0,3200.0,54600.0,25500.0,97300.0,12870.0,,77896474.0,630540.0,30400.0,,4450.0,,,24516.513,102018185.0,247499.999945,31500.0,403900.0,1743475.4263999998,,,,,,,,193750.0,188000.0,151208.232,,9588190.0,79850.0,90000.0,,14000.0,2483775.0,,,,,493255.0,1516980.0,73450.0,22009999.5,,,,10450.0,,,,1720.0,1429950.0,400909.5,,,1054910.0,,28500.0,35350.0,,364800.0,15600.0,,,2338778.5,,396515.0,24687.0,41709516.0,,698666750280.0,698666750280.0,30450.0,,35314715.0,,8945907.93,162575.0,32448388.0,,,,2209500.0,12922500.0,27005200.0,,905044.0,5076975.0,,557225.0,1565950.0,,,,3723429417015.0,285525.0,7427654.0,3723429417015.0,,,,121615.0,46816295.0,,279840.0,5500.0,8809165178750.0,8809165178750.0,54000.0,77250.0,35800.0,75000.0,12000.0,,41385726.5,18898148.325,57000.0,3620.0,63749.99999999999,54000.0,,9449.0236,,23729325.0,4086300.0,36500.0,937570.0,,937570.0,238836.69,13160300.0,4062325.0,,,32370.0,127750.0,4093698487410.0,1458200.0,556800.0,239350.8,,,,358200.0,13199.0,15600.0,,216736474.28000003,,143414430.0,113997708.0,255300.0,4000.0,,68000.0,4093698487410.0,12878.25,7150.0,,68777900.0,963060.0,,4800.0,25490593.0,,,2685900.0,6685677.0,60250.0,365820.0,325500.0,183400.0,158100.0,14142290.0,391950.0,147000.0,74063.25,679000.0,,5475.0,48624868.0,,279770.0,,225250.0,16480.0,62150.0,,2456030.0,,314375.0,,52177560.0,,3067980.2399999998,,,,,,44000.0,,,,,98500.0,,951727826640.0,951727826640.0,174035.5,668758.546,19552293751970.0,140000.0,,57405116.0,,12333327.5,1500.0,161890.0,1298225.0,39171202.0,2763560.0,,66480.0,,,13211685.0,28866198.75,918640038150.0,6300.013499999999,171675.0,,68060.0,,,331315.0,218565.0,3738580.0,74258512.90650001,87876897.0,,,,,,,,,,9405850.0,53182880.0,248020.0,12299.999999999998,24760.0,,,5640.0,,,155150.0,918640038150.0,181170.0,3781795.0,,,215670000.0,4800.0,,,4250814.0600000005,5800.0,292000.0,63863057.5,258830.0,28000.000000000004,50727680.0,,168615.0,7638.0,27883920.0,7099.999999999999,,5550.0,,38000.0
2011-01-31,115880.0,,4000.0,88000.0,1492165.0,,234000.0,2139000.0,88460875.0,,469556.06481983286,,115500.0,,2242500.0,38567480.0,227399200.0,159805.0,,275002.5,122925140.0,0.0,2047050.0,0.0,2185991.256,179800.0,273783270.0,,17078740.0,,558360.0,,262175.0,247000.0,52500.0,,33561700.0,296580.0,261365.0,19435.0,,,135000.0,95000.625,48600.0,62278644.0,63595416.0,3500.0,138380.0,15825.0,6460.0,182050.0,72000.0,51967639.5,1302960.0,206399.99999999997,,9600.0,,,10438.304625,136850368.0,2153250.0,17800.0,275525.0,1766717.716,,,,,,,,917150.0,6313600.0,275855.3665,,5752460.0,105000.0,210000.0,,27850.0,118566250.0,66000.0,,,,2317514.0,4067700.0,124199.99999999999,20572074.0,,,,20900.0,,,,3600.0,2266880.0,1227988.0,,,12731189.999999998,,25905.0,110940.0,,160000.0,105000.0,,,7938390.0,,248640.0,2040.0,21024640.0,,477247536920.0,477247536920.0,25000.0,,48149039.99999999,,3167760.0,852210.0,81353300.0,,,,4023040.0,72151500.0,33515370.0,,962523.0,3526820.0,,907800.0,1304070.0,,,,2974421976320.0,128000.0,10334100.0,2974421976320.0,,,,287300.0,43636900.0,,543605.0,,9613587659280.0,9613587659280.0,105350.0,98340.0,130625.0,46440.0,77165.0,,32815200.0,21037464.0,29950.0,49199.99999999999,19200.0,30600.0,,14998.789850000001,1700.0,23190200.0,3101670.0,57500.0,1309620.0,,1309620.0,768404.5199999999,10817575.0,100721715.0,,,5745.0,222000.0,6858422176000.0,3443100.0,1952400.0,621745.8,,,,875090.0,8000.0,34680.0,,212247473.13,,136384770.0,297383040.0,201250.0,27595.0,,124800.0,6858422176000.0,20905.5,11900.0,,97620800.0,1944810.0000000002,,35675.0,38839900.0,,,10566090.0,15921115.200000001,15710.0,275900.0,611800.0,416350.0,138600.0,8445600.0,637500.0,1314450.0,827359.155,3005160.0,,33000.0,54505920.0,,734700.0,,787800.0,20240.0,17700.045,,8994960.0,,3234000.0,,25078690.0,,3721843.3005,,,,,,16000.0,,,,,378840.0,,1397645156790.0,1397645156790.0,640000.0,415187.68200000003,20966475257280.0,,,65800626.0,,13868400.0,1260.0,108000.0,2714400.0,38676608.0,667800.0,,8865.0,,,43092890.0,39011503.824,1107386216640.0,3771.999,126960.0,,978000.0,,,126540.0,332750.0,1575080.0,81317591.064,142291662.0,,,,,,,,,,1140000.0,62722400.0,925500.0,52800.0,17775.0,,,9250.0,,,312120.0,1107386216640.0,2592920.0,425115.0,,,195082980.0,,,,2657981.808,11780.0,384000.0,85361590.0,354640.0,521480.0,28908000.0,,199200.0,11767.0,23503807.999999996,50900.0,,116000.0,,54345.0
2011-02-28,22755.0,,47300.0,16200.0,994075.0,,44500.0,808400.0,64630558.6315,,662355.1771952898,,377720.0,,937540.0,242699195.0,226171440.0,42120.0,,55000.5,87077724.0,0.0,60480.00000000001,0.0,869864.8559999999,129800.0,205075115.0,,2795515.0,,288840.0,,143500.0,167200.0,45000.0,,16590837.0,99225.0,173040.0,214812.5,,,136699.5,49000.35,36000.0,73422812.5,20224808.5,,23800.0,65280.0,3340.0,51400.0,10050.0,41043408.0,470529.15,64400.0,,11388.0,,,112367.35125,125819325.5,333969.9999482,66050.0,217579.99999999997,1719865.12875,,,,,,,,177365.0,1326350.0,61755.90899999999,,722310.0,182000.0,,,14000.0,12888285.0,18870.0,,,,3266835.0,1371710.0,116760.0,12824369.5,,,,,,,,,2807855.0,420892.0,,,22051045.0,,5130.0,27450.0,,63699.99999999999,18200.0,,,869200.0,,194400.0,6300.0,12543612.0,,414102307660.0,414102307660.0,19960.0,,25947110.0,,3968449.95,4274010.0,45325428.75,,,,1409935.0,22326575.0,28110120.0,,410950.0,2585250.0,,74900.0,1211960.0,,,,2546384372300.0,85020.0,3739200.0,2546384372300.0,,,,36100.0,33533825.0,,213200.0,4375.0,5776625554475.0,5776625554475.0,172530.0,54795.0,23800.0,3530.0,58000.0,,47800719.5,4528442.625,29600.0,38625.0,66250.0,80000.0,,12601.4298,10500.0,17589950.0,2681975.0,9400.0,3446450.0,,3446450.0,299760.87,5605585.0,21801399.0,,,1420.0,64000.0,4960570874030.0,17575250.0,7714700.0,159525.59999999998,,,,1477535.0,8800.0,11655.0,,157724621.20499998,,91394125.0,59273105.0,249920.0,8320.0,,20000.0,4960570874030.0,63756.00000000001,3780.0,,35664505.0,1017735.0,,11880.0,16589936.0,19644614.0,,1726150.0,9529776.0,127500.0,255000.0,189000.0,250250.0,140000.0,7432125.0,357100.0,529895.0,195521.625,606350.0,,,16452203.0,,959196.0,,148400.0,6255.0,16934.94,,2639140.0,,565350.0,24000.0,28557730.0,,2709610.917,,,,,,340915.0,,,,,44000.0,,637777838550.0,637777838550.0,129920.0,301462.5,14156374576200.0,37500.0,,28962020.0,,6699352.5,3475.0,12600.0,1367670.0,27992073.0,402000.0,,33150.0,,,27515834.478,28767925.625,855549833120.0,14719.996500000001,91000.0,,183059.99999999997,,,15695.0,297320.0,630270.0,71146310.94549999,90285240.0,,,,,,,,,,836800.0,43639410.0,231000.0,3250.0,26000.0,,,13940.0,,,197600.0,855549833120.0,582225.0,168000.0,,,291673290.0,,,,7261793.505,39260.0,63600.0,32988645.0,148410.0,30800.0,9926125.0,,120120.0,8800.0,6639130.0,8000.0,,38500.0,,2100.0
2011-03-31,15600.0,,12280.0,120279.99999999999,589500.0,,201375.0,1247850.0,62551881.855,,713373.4760713448,,339200.0,,825520.0000000001,308690785.0,188888500.0,120850.0,,270504.60000000003,89668212.0,0.0,147600.0,0.0,744471.0,142125.0,215572490.0,,4367520.0,,126500.0,,175200.0,100800.0,12000.0,,9932412.0,53520.0,201270.0,85890.0,,,75044.745,28000.199999999997,38800.0,58429520.0,21715000.0,63000.0,29000.0,50000.0,3700.0,,,48540723.0,191902.95,79945.0,,18000.0,,,64578.93750000001,137730912.0,196080.0000258,65700.0,704250.0,1136926.815,,,,,,,,80625.0,431100.0,44102.401,,298920.0,138900.0,52000.0,,14000.0,6859370.000000001,2625.0,,,,1944472.0,1432080.0,42000.0,27585837.0,,,,,,,,37400.0,1641600.0,339915.0,,,5971810.0,,3380.0,22800.0,,111650.0,18400.0,6600000.0,,724050.0,,60800.0,4320.0,63587310.0,,377421169930.0,377421169930.0,10500.0,37440.0,34696080.0,,10214158.409999998,978560.0,72132612.0,,,,3362400.0,20430280.0,34478400.0,,1107400.0,1905750.0,,219000.0,329400.0,,,,4020662254840.0,62900.0,2912100.0,4020662254840.0,,,,31500.0,61391400.0,,384400.0,5500.0,7357864270770.0,7357864270770.0,76300.0,153550.0,40500.0,14000.0,80000.0,,41099133.0,13121571.75,98340.0,18900.0,24800.0,104510.0,,42992.1557,5508.0,22761000.0,7343500.0,8000.0,3114300.0,,3114300.0,247142.05,15666200.0,62704980.0,,,18600.0,141000.0,4423792677200.0,8308000.0,3369600.0,234748.8,,,,1148400.0,4500.0,11595.0,,114025605.27999999,,83817300.0,33086400.0,58400.0,,,44350.0,4423792677200.0,113437.5,9840.0,,64717519.99999999,1361960.0,,110000.00000000001,25552100.0,3826243.0199999996,,3975480.0000000005,4366189.8,22100.0,339040.0,98400.00000000001,355600.0,131500.0,4533480.0,505400.0,166495.0,276603.75,728120.0,,,24266564.0,,1153750.0,,48000.0,3675.0,47700.103,,1642600.0,,510999.99999999994,24000.0,37734620.0,,1363553.802,,,,,,26212.5,,,,,45875.0,,683322084770.0,683322084770.0,625000.0,1777709.1,17233194208500.0,56250.0,,31452008.0,,4611735.0,12210.000000000002,1800.0,800000.0,17034356.0,331175.0,,19750.0,,,35322775.576,14239477.5,1096397760930.0,9787.98975,86920.0,,885499.9999999999,,,98820.0,216150.0,1408740.0,118081731.588,37568790.0,,,,,,,,,,302217.0,68455940.0,169920.0,63569.99999999999,9900.0,,,25500.0,,,81620.0,1096397760930.0,2075060.0000000002,27225.0,,,382810100.0,21760.0,,,2157343.876,12000.0,85000.0,31351870.0,214625.0,15200.0,19040000.0,,68870.0,14100.0,8411060.0,3450.0,,10800.0,,50250.0
2011-04-30,11640.0,,7500.0,63800.0,512430.0,,136170.0,3708600.0,76836891.21,,954576.2833068705,,267500.0,,427460.0,68142300.0,327339296.0,337900.0,,72601.20000000001,73859988.0,0.0,22430.0,0.0,4706568.0,489900.0,177446665.0,,3736160.0,,444600.0,,244950.0,77700.0,41700.0,,15388352.0,71540.0,93135.0,7800.0,,,543746.25,122780.265,102120.0,71003085.0,22974752.0,39200.0,108100.0,69300.0,21000.0,60975.0,12000.0,58180640.0,96764.09999999999,21450.0,,,,,56535.924375,93608320.0,95999.999964,23880.0,257599.99999999997,3269193.8880000003,,,,,,,,384748.0,88500.0,36600.384000000005,,2134720.0,100880.0,31500.0,,,12499200.000000002,1200.0,,,,846080.0,884500.0,56400.0,40557756.0,,,,,,,,,1997160.0,96000.0,,,2751030.0,,3300.0,37800.0,,57600.0,7100.0,4830000.0,,2534250.0,,99500.0,19120.0,139666856.0,,507847142430.0,507847142430.0,35400.0,6000.0,39218870.0,,18361260.0,406560.0,58026935.0,,,,2282300.0,41709840.0,34792800.0,,877500.0,3629907.0,,144900.0,1457000.0,,,,4022012150640.0,95310.0,1334784.0,4022012150640.0,,,,143980.0,122688800.0,,237390.0,10000.0,7019891795500.0,7019891795500.0,102937.5,81600.0,88500.0,25700.0,13650.0,,33275650.0,8295210.000000001,75150.0,52500.0,40340.0,124199.99999999999,,106249.37400000001,5205.5,116008200.0,20838800.0,18600.0,1040250.0,,1040250.0,353175.33999999997,54889616.0,92708864.0,,,3725.0,99000.0,8125941840990.0,13902600.000000002,11122600.0,364876.2,,,,507000.0,5115.0,52510.0,,135712289.7,,109420199.99999999,46802700.0,134100.0,,,42000.0,8125941840990.0,127776.0,40530.0,,110590770.0,1294800.0,,212500.0,29426880.0,3546985.5,,2074500.0,9142048.8,49000.0,232040.0,97200.0,444600.0,92950.0,3387240.0,782600.0,176800.0,445995.0,747975.0,,43537.5,6915456.0,,121987.5,,192900.0,8600.0,99999.68,,4538780.0,,2743200.0,,68327418.0,,3015963.678,,,,,,168480.0,,,,,54000.0,664.0,948188693100.0,948188693100.0,33834.0,3312535.925,19715624226840.0,75000.0,,80208700.0,,9734640.0,,19600.0,623100.0,25665012.0,143000.0,,7500.0,,,48400827.668000005,27225000.0,1324160154570.0,21300.015,158000.0,,275600.0,,,95680.0,244150.0,2454100.0,75306006.846,61974314.0,,,,,,,,,,798760.0,60426056.0,141440.0,45000.0,43120.0,,,42020.0,,,127200.0,1324160154570.0,1333500.0,174420.0,,,294067250.0,15360.0,,,1083867.652,21000.0,96600.0,55412879.99999999,375150.0,9600.0,37617150.0,,37960.0,,11098340.0,3900.0,,66500.0,,38450.0
2011-05-31,9580.0,,22500.0,70610.0,832500.0,,115440.0,865259.9999999999,35805060.0,,3603684.1334878234,,264500.0,,512720.00000000006,53719064.99999999,163780380.0,173175.0,,39680.64,61497170.00000001,0.0,91800.0,0.0,2547859.158,357000.0,157334300.0,,1220490.0,,511520.0,,234000.0,159100.0,115500.0,,54819952.0,68420.0,225720.0,32605.0,,,674594.19,237900.0,,89528880.0,24956240.0,344400.0,126700.00000000001,132455.0,18040.0,610.0,71460.0,59571840.0,331335.9,82960.0,,331620.0,,,281622.875625,86219520.0,189599.999952,22500.0,546250.0,3672539.4384000003,,,,,,,,597820.0,780800.0,31793.688,,3317600.0000000005,7500.0,73500.0,,,8676720.0,2460.0,,,,554346.0,595680.0,107655.0,42285984.0,,,,35530.0,,,,15300.0,750310.0,172893.0,,,3810179.9999999995,,10785.0,45875.0,,21875.0,289855.0,1990000.0,,2157850.0,,126400.0,4000.0,89743500.0,,484959090120.0,484959090120.0,44785.0,77050.0,29482520.0,,5189760.0,397650.0,44294670.0,,40750.0,,12964330.0,9445240.0,22953825.0,,471920.0,1466920.0,,99035.0,171100.0,,,,3317058779760.0,92925.0,154700.0,3317058779760.0,,,,44100.0,133050500.0,,360010.0,10000.0,7961844368100.0,7961844368100.0,44800.00000000001,195760.0,60805.0,23250.0,52800.0,,30468660.0,47151464.85,66000.0,21360.0,50000.0,23000.0,,36399.732,15912.0,312256030.0,49467600.0,43200.0,4989500.0,,4989500.0,242898.72,44509927.0,32589634.0,,,9600.0,437500.0,15636843953900.0,61802550.0,30132900.0,134784.0,,,,344940.0,51000.0,7500.0,,152574154.04,,113198580.0,26259360.0,148000.0,4200.0,,21200.0,15636843953900.0,142271.25,3540.0,,56168640.0,2119260.0,,43200.0,22804020.0,653058.05,,1846170.0,3092499.0,25000.0,345030.0,473100.0,2011850.0,964100.0,3911040.0,20689200.0,185600.0,255803.4,353235.0,,31400.0,6166680.0,,515120.0,,150000.0,173720.0,131559.956,,3636640.0,,471900.0,47250.0,53400640.0,,1852444.308,,,,,,117660.0,,,,,38640.0,12086.0,746767764020.0,746767764020.0,125200.0,4477080.574,20384753484100.0,80000.0,,137131970.0,,11020845.0,5550.000000000001,43700.0,1326000.0,13828674.0,131045.0,,30600.0,,,18419205.252,22901597.235000003,916098720250.0,18000.015,115520.0,,302550.0,133660.0,,131040.0,260725.0,3161980.0,56690058.404,311622346.0,,,,,,,,,,853500.0,45988336.0,75350.0,16800.0,21730.0,,,108880.0,,,111300.0,916098720250.0,910830.0,104195.0,,,202688850.0,,,,2597836.704,10600.0,169050.0,108424800.0,107970.0,30000.0,43555550.0,,96420.0,4580.0,7369224.0,21960.0,,49000.0,,12865.0
2011-06-30,4830.0,,6400.0,36600.0,1223100.0,2790400.0,82972.5,2089999.9999999998,42173671.106,,2146858.06163985,,242100.0,,3902580.0,45525675.0,215771072.00000003,84600.0,,176700.0,77604612.0,0.0,49000.0,0.0,627897.24,143640.0,109771560.0,,591600.0,,221100.0,,59250.0,322050.0,40300.0,,47610465.0,96310.0,190900.0,79785.0,,,473550.0,96690.0,7725.0,73676839.5,15396232.0,270000.0,954240.0,190000.0,82680.0,4378.0,5220.0,80253252.0,26451.15,17640.0,,52800.0,,,67103.386875,34097040.0,93599.999988,7040.000000000001,33495.0,2353373.02,,,,,,,,38050.0,538900.0,15287314.1712,,1162200.0,117000.0,458500.0,,28000.0,1636800.0,,,,,396235.0,4622640.0,282150.0,24483559.999999996,,,,2175.0,,,,,465050.0,84559.0,,,12975900.0,,39160.0,112110.0,,2815200.0,72000.0,2469787.5,,747450.0,,338400.0,8119.999999999999,59066592.0,,453513405120.0,453513405120.0,102600.0,66825.0,20424000.0,,1500890.01,748500.0,61519801.5,,24125.0,,1745220.0,5168460.0,44538930.0,,473148.0,451140.0,,291180.0,550560.0,,,,3683655181940.0,473475.0,606960.0,3683655181940.0,,,,48000.0,92997000.0,,188448.0,85500.0,7454226870350.0,7454226870350.0,22550.000000000004,94500.0,71360.0,7500.0,20700.0,,37451040.0,15418277.7,72800.0,22360.0,81800.0,89500.0,,200003.12639999998,,217209600.0,72506530.0,47250.0,4218300.0,,4218300.0,1429098.22,20598543.0,25819200.0,,,20620.0,94000.0,12265114887480.0,20422100.0,8668800.0,60060.0,,,,601250.0,16625.0,17700.0,,131623156.14000002,,91023290.0,71610960.0,131200.0,,,32000.0,12265114887480.0,154583.96250000002,4985.0,,106525270.0,5472600.0,,41250.0,19703610.0,1426770.0,,572880.0,4283118.0,7500.0,91640.0,450500.00000000006,464800.0,107750.0,1906699.9999999998,3670000.0,282460.0,145019.25,888620.0,,201740.0,5350590.0,,62040.0,,60000.0,27810.0,163124.786,,372000.0,,429250.0,,25885685.5,,507155.5125,,,,,,87310.0,,,,,94745.0,3348.0000000000005,684027166400.0,684027166400.0,461240.0,2756823.823,19570262639040.0,78000.0,,98271152.0,,8782650.0,22200.000000000004,15300.0,1102380.0,48390000.0,256060.0,,96000.0,,,17416160.0,34368807.691,941367468000.0,2715.0007499999997,39520.0,,68915.0,129902.5,,226800.0,115900.0,933300.0,185104459.351,222722115.0,,,,,,,,,,1007250.0,59465976.0,270040.0,20625.0,13110.0,,,26720.0,,,247200.0,941367468000.0,323400.0,33000.0,,,373483440.0,10900.0,,,2786223.099,12825.0,98500.0,51669540.0,80910.0,16000.0,17614800.0,,131120.0,,9029720.0,30260.0,,32000.0,,17550.0
2011-07-31,5635.0,,37850.0,60310.0,1211640.0,3076512.0,207750.0,844800.0,54166320.0,,3206141.4143219977,,125755.0,,3969790.0,38522400.0,154840832.0,149070.0,,269345.745,65053152.0,0.0,141950.0,0.0,1032504.72,158175.0,117770760.0,,1847520.0,,9371960.0,,331200.0,870000.0,80000.0,,121239559.99999999,254199.99999999997,404460.0,60800.0,,,6226353.540000001,343539.28500000003,16600.0,172342516.0,19688720.0,12750.0,15373860.0,42000.0,33250.0,9610.0,650.0,69571092.0,251114.4,208400.0,,275000.0,,,87756.90525,31399808.999999996,865919.9994719999,24273.0,610460.0,2030597.6604,,,,,,,,302250.0,748800.0,84392343.0784,,1700160.0,59800.0,23000.0,,,4424150.0,22080.0,,,,1252300.0,1383590.0,1191424.0,16631427.999999998,,,,2150.0,,,,,1374840.0,255132.0,,,34157700.0,,36000.0,446710.0,,44200.0,,1065300.0,,1436985.0,,113250.0,40980.0,80362850.0,,745234328700.0,745234328700.0,91000.0,65000.0,35707040.0,,4244321.64,1430000.0,48487912.0,,138600.0,,12583330.0,88136800.0,43950850.0,,841800.0,3295520.0,,1823350.0,697925.0,,,,3017329276720.0,82000.0,308825.0,3017329276720.0,,,,66700.0,108541680.0,,208984.0,19500.0,11225244194950.0,11225244194950.0,116550.00000000001,569750.0,55950.0,19360.0,80400.0,,18201920.0,4271434.649999999,85500.0,6020.0,80000.0,49300.0,,46760.0056,12240.0,165699000.0,63194799.99999999,1346160.0,15781660.0,,15781660.0,1146394.6,23660325.0,28790776.0,,,4080.0,253800.0,22092763914750.0,44395200.0,13865000.0,319800.0,,,,880200.0,4750.0,25770.0,,186637332.32999998,,121181560.0,42241800.0,43075.0,2200.0,,162000.0,22092763914750.0,54601.47,24080.0,,102199560.0,29466000.0,,5200.0,46171216.0,1638271.2599999998,,1634400.0,3571617.6,102100.0,421020.0,1539750.0,1717800.0,387750.0,32853450.0,2862000.0,284400.0,848148.27,521360.0,,63000.0,65417967.99999999,,136620.0,,122850.0,64190.0,42159.876,,741810.0,,5439150.0,,56400065.0,,463319.415,,,,,,11300.0,,,,,84000.0,4064.0,1322615951850.0,1322615951850.0,327500.0,1596008.081,23274871056100.0,15600000.0,,173488780.0,,12316500.0,,34200.0,3912000.0,33591720.0,566460.0,,16800.0,,,46346238.0,42148344.272999994,826339648250.0,43999.956,799500.0,30000.0,400985.0,25000.0,,55100.0,149187.5,2817060.0,76775152.878,241959620.0,,,,,,,,,,150800.0,62620416.0,126000.0,29100.0,19800.0,,,159390.0,,,769440.0000000001,826339648250.0,432100.0,335119.99999999994,,,144425160.0,62000.0,,,1882497.124,732000.0,1734550.0,94013480.0,126462.5,1302240.0,20677580.0,,630900.0,,4766040.0,78050.0,,84000.00000000001,,25939275.0
2011-08-31,5320.0,,118000.0,190900.0,2713200.0,23629500.0,604200.0,1846000.0,81151532.0,207486.65,1291647.9044619268,,56675.0,,1133900.0,45651600.0,194044500.0,171000.0,,138550.35,74047104.0,0.0,304785.0,0.0,645863.004,96880.0,122253480.0,,1229800.0,,1885520.0,,554800.0,1030400.0,264400.0,,97851904.0,815000.0,213360.0,23040.0,,,5123691.99,718200.0,,145273205.0,16307040.0,2700.0,15437520.0,486710.0,67240.0,2470320.0,2472.5,73061065.0,173992.5,21566550.0,,57500.0,,,43074.98999798715,37386206.0,292600.0,17600.0,47400.0,2870494.8015,,,,,,,,7455820.0,538100.0,45926770.978199996,,1679400.0,150000.0,43250.0,,,5448000.0,91520.0,,,,351360.0,1382500.0,5346880.0,17802960.0,,,,24090.0,,,,19360.0,1225760.0,2182010.0,,,8889200.0,,2340.0,3863600.0,,31500.0,9275.0,1807410.0,,1002250.0,,55000.0,2716.5,64755400.0,,716871951780.0,716871951780.0,51600.0,22480.0,40132700.0,,2865720.0,701520.0000000001,25468380.0,,367225.0,,17073440.0,22385100.000000004,41558080.0,,923844.0,1961874.5,,701800.0,948700.0,,,,3238606536990.0,128500.0,995370.0,3238606536990.0,,,,321000.0,94153455.0,,360558.0,50000.0,7488597451060.0,7488597451060.0,47300.00000000001,4482000.0,57100.0,70500.0,49500.0,,24192168.0,6816919.2,224000.0,34400.0,105400.0,99630.0,,11060.1252,63700.0,558924300.0,195347700.0,19040.0,5996430.0,,5996430.0,156000.0,19835661.0,30968519.999999996,,,3180.0,200000.0,36999911566800.0,139936500.0,52885380.0,293475.0,,,,4664700.0,3600.0,54900.0,,152195507.64000002,,112695550.0,33003100.0,116550.0,2500.0,,21000.0,36999911566800.0,67425.765,1800.0,,62908760.0,7202500.0,,21760.0,20077680.0,483104.55000000005,,51622680.0,3754598.4,49500.0,670575.0,815610.0,2482850.0,289050.0,75188880.0,5032000.0,416165.0,871300.6900000001,383400.0,,29000.0,11812416.0,,73890.0,,858600.0,293930.0,160434.2025,,853600.0000000001,,1197000.0,11000.0,33890619.5,,448000.8,,,,,,5500.0,,,,,276365.0,15120.000000000002,762780906060.0,762780906060.0,37520.0,2772916.223,24501266001869.996,30000000.0,,154662500.0,,44457435.0,3330.0000000000005,30000.0,1816600.0,16322496.0,389550.0,,43245.0,,,19661069.912,64017122.5,1108691830500.0,46000.02,2531200.0,18000.0,257120.0,32350.0,,43230.0,236000.0,3618660.0,69153000.0,202295555.0,,,,,,,,,,340956.0,61503380.0,262000.0,29300.0,24600.0,,,174960.0,,,416640.0,1108691830500.0,268800.0,112000.00000000001,,,275230080.0,161650.0,,,1945399.722,389820.0,1495800.0,70603450.0,249485.0,192500.00000000003,26875260.0,,83900.0,,3139560.0,764370.0,,9071700.0,,139351200.0
2011-09-30,36660.0,,6980.0,31719.999999999996,459200.0,16777800.0,729300.0,2051000.0,69640600.0,135993.2,833388.269813726,,540000.0,,698250.0,65078040.0,123312364.0,100825.0,,28800.0,127516680.0,0.0,476780.0,0.0,770946.3720000001,173690.0,105714210.0,,712480.0,,599760.0,,411950.0,8721000.0,142600.0,,36905700.0,422377.99999999994,46250.0,44880.0,,,1259954.46,270999.0,,129458740.0,13034000.0,31550.0,83947600.0,225750.0,47600.0,159360.0,134550.0,95401467.0,78000.0,3911600.0000000005,,11000.0,,,99895.95000005906,24736250.5,171905.00000960001,17595.0,175500.0,3565268.424,,,,,,,,1286900.0,329600.0,5213334.881999999,,1640520.0,31250.0,110000.0,,14250.0,2440320.0,,,,,725400.0,653120.0,16370874.0,14703725.0,,,,6450.0,,,,2206620.0,1052085.0,1451800.0,,,2744800.0,,1350.0,585200.0,,134600.0,7034.999999999999,2417500.0,,1421050.0,,47250.0,2640.0,36730980.0,,613845893000.0,613845893000.0,16000.0,24800.0,42951320.0,,1113750.0,955710.0000000001,36930784.5,,131000.0,,5290480.0,9653580.0,39629720.0,,654117.0,557670.0,51000.0,2029300.0,198100.0,,,,2514829225300.0,49600.0,645955.0,2514829225300.0,,,,202710.0,77550455.5,,84231.0,3850.0,5314034513140.0,5314034513140.0,63220.00000000001,10728450.0,48290.0,7650.0,168150.0,,30820348.000000004,3044648.25,126100.0,46760.0,34500.0,39360.0,,165354.0293,34200.0,368903220.0,96946920.0,5750.0,1764980.0,,1764980.0,230500.5,19781300.0,12526578.0,,,17335.0,19590.0,23516462535080.0,51272300.0,15939549.999999998,1183322.4,,,,3032400.0,7700.0,45910.0,32805.0,141324887.18,,65712640.0,35962880.0,112540.0,,,26425.0,23516462535080.0,152104.095,7995.0,,56855520.0,2752800.0,,8960.000000000002,32857488.000000004,997410.04,,28391540.0,500310.0,595300.0,232500.0,468299.99999999994,2265200.0,818400.0,23924750.000000004,904000.0,291200.0,1171850.92,353700.0,,9450.0,3347040.0,,130690.5,,1983000.0,35130.0,57784.925,,492650.0,,411400.00000000006,83525.0,24048000.0,,478795.58999999997,,,,,,51674.0,,,,,117000.0,10920.000000000002,784144451770.0,784144451770.0,189575.0,1950000.0,19643085079650.0,39150000.0,,100845085.0,8552952.5,56470755.0,16550.0,6280.0,565200.0,10200390.0,113999.99999999999,,24200.0,,,18500044.32,48208060.0,945898119600.0,17444.988,449540.00000000006,25840.0,101600.0,43795.0,,151800.0,132000.0,1516800.0,116061856.304,105037153.0,,,,,,,,,,77300.0,133598100.0,269175.0,13900.0,45420.0,,,148739.99999999997,,,129470.0,945898119600.0,109120.0,59010.00000000001,,,264553980.0,61625.0,,,4247532.069,136500.0,29881300.0,82967040.0,2890037.5,21000.0,26487719.999999996,,1207610.0,,20857500.0,74100.0,,860100.0,,7744000.0
2011-10-31,8645.0,,5699.999999999999,63340.0,6147865.0,5136570.0,386970.0,939675.0,48658604.0,36717.45,576687.7883466876,,326250.0,,151160.0,41477100.0,148250984.0,107250.0,,132700.275,136001276.0,0.0,153900.0,0.0,3482871.7020000005,71720.0,72115872.5,,537645.0,,272875.0,,503425.0,12114800.0,44000.0,,34628744.0,533864.0,35700.0,40825.0,,,260848.89,75899.7,3000.0,90307195.5,9453000.0,5400.0,35539515.0,71080.0,22840.0,3242280.0,11700.0,69295696.25,182150.09999999998,800190.0,,68000.0,,,16700.24999983843,15752303.5,78084.99996495,42500.0,373310.0,1819976.6268500001,,,,,,,,370144.0,256000.0,2831799.4527000003,,935815.0,115200.0,330200.0,,14250.0,986970.0,,,,,3694845.0,575240.0,4071660.0,29832210.0,,,,10500.0,,,,341820.0,470480.0,2675065.0,,,2324135.0,,17490.0,270425.0,,37500.0,,725330.0,,632740.0,,82550.0,10460.0,34201491.0,,376178252455.0,376178252455.0,17250.0,7380.0,8205024.999999999,,470430.73500000004,1815240.0,12795624.5,,30065.0,,3154680.0,7970080.000000001,33481000.0,,437498.0,3855125.0,33000.0,251400.0,108240.0,,,,2815955150655.0,50750.0,236700.0,2815955150655.0,,,,24310.0,134015315.5,,141460.0,1300.0,3801190782125.0,3801190782125.0,70272.5,2472515.0,81000.0,12000.0,163900.0,,26848364.5,8324671.95,69510.0,19300.0,49200.0,126000.0,,65993.0802,51820.0,178544760.0,56092500.0,13200.0,2331750.0,,2331750.0,140013.91999999998,3575985.0,6988966.0,,,,62250.00000000001,14379786517110.0,68121080.0,17251020.0,142272.0,,,,629250.0,1391.25,6500.0,,101758045.11,,103854735.0,30069780.0,290400.0,11700.0,,6000.0,14379786517110.0,65380.50749999999,4305.0,,102864980.0,3016100.0,,43829.99999999999,24906392.0,442169.785,,30301415.0,2938426.2,116000.0,93870.0,81000.0,360750.0,516000.0,13337905.0,1184650.0,381420.0,933719.26,713700.0,,6495.0,1836464.0,,131760.0,87427131.0,400725.0,18900.0,55300.2175,,215025.0,,134500.0,1296.0,23438745.0,,369687.7665,,,,,,5555.0,,,,,21150.0,4200.0,635684464810.0,635684464810.0,448000.0,810300.0,16586282125845.0,,,74801865.0,1403389.5,18374815.0,22799.999999999996,27640.0,1092560.0,15061573.0,98000.0,,16470.0,,,24811402.498000003,50626640.5415,1203378366385.0,40499.93475,539500.0,62345.0,199025.0,55980.0,,190000.0,157500.0,691900.0,98143338.8245,77389459.5,,,,,,,,,,169400.0,62286689.0,164820.0,15800.0,10100.0,,,606480.0,,,108740.0,1203378366385.0,279315.0,94240.0,,,242837520.0,9912.0,,,275022.996,25600.0,10106300.0,61470487.5,104802.5,87400.0,4100825.0,,290640.0,,9465146.0,60410.0,,266100.0,,7215330.0
2011-11-30,7400.0,,6626510.0,24310.0,3718000.0,2172500.0,363712.5,8667600.0,49022048.00000001,350982.45,579771.6802629805,,109800.0,,181250.0,29905400.0,115069540.00000001,74200.0,,37000.2,135180240.0,0.0,88400.0,0.0,1044765.6240000001,100975.0,56263200.0,,837900.0,,116000.0,,912610.0,2432100.0,41000.0,,20129664.0,75500.0,211220.0,340380.00000000006,,,734252.67,57642.285,21500.0,98462494.5,34121340.0,138712.5,10223280.0,86000.0,12270.0,5493030.0,5876.0,107933526.0,123120.45,309600.0,,104720.0,,240464.0,23213.192625000003,36273750.0,38499.999978,20250.0,191650.0,2562504.578,,,,,,,,407750.0,177600.0,4267149.6,,2140320.0,42025.0,83475.0,,28500.0,1237140.0,68200.0,,,,922944.0,349000.0,6696515.999999999,8515520.0,,,,4760.0,,,,18040.0,808250.0,313720.0,,,2325000.0,,,117140.0,,162600.0,,4622265.0,,992180.0,,198575.0,7349.999999999999,46670850.0,,491022615260.0,491022615260.0,28625.0,,9452800.0,,371251.35,1224850.0,18033573.0,,117050.0,,2741750.0,13336400.000000002,35422280.0,,276060.0,1802341.0,,430100.00000000006,307500.0,,,,2936666887500.0,24080.0,191990.0,2936666887500.0,,,,105750.0,256998550.0,,90562.5,64000.0,8216105105000.0,8216105105000.0,19875.0,3513720.0,55735.0,79000.0,53750.0,,28190437.5,6790098.0,542000.0,12800.0,35900.0,36000.0,,26220.222299999998,683568.0,162410480.0,65962720.00000001,9400.0,2186800.0,,2186800.0,63334.0,3471640.0,27429350.0,,,170210.0,240000.0,15356054641700.0,36312600.0,8239360.0,239616.0,,,,2807780.0,2462.5,18290.0,15252700.0,134086814.1,,137248200.0,48208650.0,86650.0,554400.0,,2089530.0,15356054641700.0,24618.495,29240.0,,131387400.0,3483900.0,,9720.0,14397800.0,780887.5,,54088560.0,1299024.0,420000.0,233660.0,57760.0,464100.00000000006,376150.0,17125800.0,2694200.0,203000.0,905399.0399999999,561340.0,,8495.0,3335950.0,,161980.0,98463564.0,297000.0,213720.00000000003,44250.051999999996,4468713.449999999,188680.0,,172500.0,11050.0,11344795.0,,191838.504,,,,,,84262.5,,,,,160000.0,,811859276410.0,811859276410.0,68600.0,2802800.4899999998,21365897497010.0,,,56438460.0,3093320.0,8866000.0,20000.0,26175.0,796800.0,15300431.999999998,126300.0,,124950.00000000001,,,22424541.72,61281637.74599999,1459780508550.0,13699.97475,184600.0,40000.0,215390.0,5400.0,,188000.0,153000.0,978880.0,147024653.664,277310456.0,,,,,,,,,,96250.0,63284004.0,159900.0,30500.0,9430.0,,,1733200.0,,,236380.0,1459780508550.0,266895.0,224000.00000000003,,15584972.0,303307200.0,328350.0,,,1517534.949,96000.0,2081500.0,262701000.0,128307.5,153500.0,4643470.0,,1090000.0,10000.0,4727580.0,71390.0,,505440.00000000006,,30391200.0
2011-12-31,6650.0,,1637440.0,4950.0,1052520.0,967375.0,114700.0,623700.0,95773760.0,167895.175,697227.7375965532,,432160.0,,222040.0,52833385.0,113877522.0,94595.0,,120300.9,119487060.0,0.0,239720.0,0.0,1062088.818,150935.0,93115935.0,,21975810.0,,335685.0,,563200.0,600600.0,39200.0,,5226168.0,60375.0,82250.0,37380.0,,,394654.245,416759.99999999994,1035600.0,440914604.0,26942480.0,13500.0,5654550.0,61425.0,40300.0,1115040.0,25775.0,134625624.0,654211.8,384560.0,,16700.0,,34800.0,8799.839999499149,34939530.0,119340.0000309,40050.0,60500.0,1614469.9812,,,21123405.0,,,,,762420.0,130500.0,1159893.0,,962000.0,5600.0,66250.0,,28500.0,812760.0,197600.00000000003,,,,294640.0,382800.0,7131780.0,16709495.0,,,,72600.0,,,,4540.0,2013000.0,386585.0,,,918600.0,73610.0,16285.0,135000.0,,128195.0,,3280290.0,,471280.0,,54970.0,11620.000000000002,52486400.0,,1024620900500.0,1024620900500.0,72475.0,21774.999999999996,25946960.0,,3965681.5199999996,1725500.0,31533827.0,,64750.0,,1743500.0000000002,3044969.9999999995,53322050.0,,341620.0,631163.0,,132000.0,174980.0,,,,2935774226520.0,77000.0,739600.0,2935774226520.0,,,,56665.0,90388044.0,,60950.0,6612.0,5142938041450.0,5142938041450.0,21527.5,3109900.0,48400.00000000001,36000.0,272800.0,,20088640.0,3520147.05,36700.0,30000.0,27920.0,52350.0,,56993.725699999995,96460.0,248131260.0,71560800.0,27500.0,784630.0,2641360.0,784630.0,108150.0,8262877.000000001,43711389.0,,,21630.0,4337320.0,14114602375000.0,24007770.0,3340800.0,269724.0,,,,1936270.0,1000.0,27140.0,24320.0,135892796.9,,80723970.0,38599750.0,48500.0,,,391600.0,14114602375000.0,39151.035,9000.0,,72563160.0,1242600.0,,19800.0,23366170.0,873103.2,,31058280.0,1246113.0,132000.0,1334500.0,54000.0,639200.0,190800.0,3126060.0,1822800.0,504600.0,380274.75,389200.0,,24191.25,2071104.0000000002,,76705.0,68024616.0,530700.0,389860.0,61499.9,210315.6,574245.0,,255175.0,,11779780.0,,539215.0335,,,,48160.0,,187445.0,,,,,48000.0,840.0,722159408340.0,722159408340.0,154000.0,1539375.0,22611154029510.004,29000.0,,42845325.0,1050090.0,17058470.0,5850.0,21430.0,150040.0,38119226.0,348080.0,,20910.0,,,19148684.208,37975987.5,1257029230080.0,15540.029999999999,430700.0,9400.0,183280.0,32547.5,,58650.0,205000.0,535340.0,116120360.0,82459260.0,,,,,,,,,,284957.5,48791088.0,153450.0,13450.0,13580.0,,,859349.9999999999,,,170850.0,1257029230080.0,330750.0,30000.0,,3229660.0000000005,270778380.0,29902.0,,,1594170.8599999999,57000.0,1876800.0,87195465.0,145200.0,145500.0,3700520.0,,259200.0,12750.0,5018222.0,1976250.0,,515480.0,,6419400.0
2012-01-31,17420.0,,5657420.0,7200.0,2664480.0,7277660.0,674520.0,357280.0,157406130.0,485100.00000000006,4417474.04670308,,123200.0,,294195.0,66098339.99999999,176643500.0,99550.0,,37200.0,159031740.0,0.0,187620.0,0.0,3871350.7860000003,199525.0,86814650.0,,2753800.0,,405600.0,,1111100.0,919800.0,21900.0,,21733080.0,35090.0,123200.0,32880.0,,,319129.53,56700.0,7140.0,138295657.5,26308100.000000004,4300.0,4331600.0,63700.0,102060.0,6859800.0,7950.0,136646840.0,189000.0,1118880.0,,24175.0,,15840.0,96628.13999952986,37689304.0,133509.9999662,52000.0,288900.0,1501920.4398,,,,,,,,901310.0,256500.0,1016330.1,,2081340.0,45100.0,99000.0,,2850.0,3903300.0,75950.0,,,,597873.0,1128600.0,26168970.0,29338620.0,,,,29400.0,,,,8550.0,19488090.0,512460.0,,,1864200.0,185450.0,,1058400.0,,27750.0,328900.0,2527567.5,,1061070.0,,69860.0,7676.999999999999,52829280.0,,896667690700.0001,896667690700.0001,522749.99999999994,38500.0,22475040.000000004,,11592300.0,1218920.0,51870962.0,,323385.0,,5181750.0,14276030.0,99009960.0,,896348.0,11203740.0,8310.0,405600.0,628807.5,,,,3517235368560.0,199550.0,1952284.0,3517235368560.0,,,,55025.0,88650195.0,,123610.0,20975.0,8866168792640.0,8866168792640.0,25000.0,7402503.0,37975.0,31000.0,247700.0,,44149455.0,24470278.875,45400.0,28800.0,21350.0,100499.99999999999,,37250.681800000006,54755.0,150988250.0,128352900.0,54540.0,3871560.0,981060.0,3871560.0,228002.4,12937770.0,16758940.0,,,5250.0,3646400.0,27543171280680.0,53805180.0,11449020.0,430029.60000000003,,,,2829510.0,500.0,15600.0,,178640624.23999998,,120308670.0,69553500.0,21905.0,,,184300.0,27543171280680.0,43549.275,4200.0,,93586200.0,7301250.000000001,,16900.0,59136480.0,1970588.64,,85430114.0,4965105.6,473200.0,534540.0,199200.0,5319000.0,1532000.0,23270030.0,24391200.0,675880.0,2720375.02,6756080.0,,48865.75,14269660.0,,305000.0,58072959.99999999,651950.0,5728800.0,16929.0275,50700.5,1063580.0,,573050.0,18000.0,50076553.5,,793770.6075,,,,30390.0,,120000.0,,,,,193200.0,27600.0,1092140475440.0,1092140475440.0,69825.0,3944700.0,28166492559480.0,,,86155700.0,4016000.0,22046652.5,9300.0,17600.0,2705790.0,89603400.0,73670.0,,28049.999999999996,,,26314400.0,95601998.574,1979432664300.0,25200.053999999996,690680.0,31900.0,369850.0,15900.0,,128510.0,124812.5,764250.0,60825004.866,107231087.0,,,,,,,,,,285216.0,55905480.0,203205.0,7400.0,51135.0,,,159000.0,,,416545.0,1979432664300.0,164979.99999999997,12400.0,,871370.0,532885230.0,14400.0,,,5321874.495,415800.0,2632800.0,123433695.0,268095.0,181350.0,9028000.0,,1072240.0,9580.0,3871146.0,16810300.0,,786975.0,,5592000.0
2012-02-29,16025.0,,5402900.0,16140.0,3769200.0,28844400.0,737800.0,831600.0,147428190.0,755265.0,4307437.207602906,,329500.0,,908920.0,129281310.00000001,242263794.0,183820.0,,46000.2,187263930.0,0.0,1026000.0000000001,0.0,3216672.0,532000.0,173972125.0,,2664500.0,,342000.0,,2670080.0,596300.0,91200.0,,14590044.0,456435.00000000006,157300.0,115260.00000000001,,,301921.11000000004,107000.40000000001,1600.0,238343836.0,15735600.000000002,,10138310.0,283920.0,25655.0,3694145.0,4014.0000000000005,110713968.0,278100.0,935340.0,,18572.5,,64990.0,42616.50750206876,94604065.5,583199.999712,10000.0,15935259.999999998,2093693.2974,,,1060870.0,,,,,8499560.0,979050.0,4616396.0,,2614400.0,171930.0,157500.0,,2700.0,9739430.0,856350.0,,,,13163459.999999998,324450.0,87957360.0,28717470.000000004,,,,7200.0,,,,24000.0,14905968.0,3796920.0,,,1471260.0,242900.0,7750.0,3100800.0,,47090.0,15150.0,1376385.0,,3148740.0,,211465.0,5298.0,43498560.0,,1895737152399.9998,1895737152399.9998,562870.0,57000.0,23118260.0,,4889401.74,6857050.0,26772249.0,,172250.0,,60735600.0,6371120.0,74868000.0,,37932012.0,69103980.0,,1212000.0,561200.0,,,,5643883189420.0,378880.0,1270080.0,5643883189420.0,,,,42795.0,122239530.0,,81600.0,44000.0,10952002088230.0,10952002088230.0,8630.0,2971085.0,24990.0,332955.0,102400.0,,27067000.0,84898238.25,29675.0,43530.0,34500.0,14800.0,,19301.2607,26550.0,83949570.0,36626300.0,14580.0,16135469.999999998,48073400.0,16135469.999999998,802262.94,5389578.0,25380320.0,,,12000.0,1972099.9999999998,31735105580540.0,79098400.0,25656960.0,394305.60000000003,,,,12510300.0,11550.0,50160.0,2750.0,303591271.23,,120037860.0,64718544.0,102500.0,43200.0,,1608180.0,31735105580540.0,153015.885,43500.0,,116842880.0,6897750.0,,13400.0,48444520.0,2844394.44,,122202756.0,6957802.8,211060.0,691740.0,250660.0,11886400.0,4728800.0,52128076.0,69216000.0,520960.0,1097952.6400000001,3496750.0,,1720.0,134989556.0,,419365.0,106440680.0,753200.0000000001,13587230.0,82200.06850000001,146540.0,2016900.0000000002,,1215000.0,580.0,79850011.0,,9130236.4335,,,,35530.0,,144900.0,,,,,78750.0,600.0,1705216579200.0,1705216579200.0,60024.0,30227812.439,40474366311910.0,,,86576490.0,7640147.999999999,45032175.0,4020.0000000000005,98039.99999999999,2745600.0,72180070.0,607500.0,,109820.0,,,28164946.488,140183265.213,2031112302420.0,2499997.5,813120.0,4080.0,279630.0,11340.0,,201225.0,480445.0,477750.0,176349300.0,89162304.0,,,,,,,,,,562100.0,132153450.0,652600.0,25100.0,108575.0,,,185910.0,,,248600.00000000003,2031112302420.0,297000.0,30200.0,,524487.0,392142530.0,6460.0,,,72181718.225,2240700.0,4257600.0,119742759.0,189022.5,399600.0,18460400.0,,764960.0000000001,18022.5,6576850.000000001,23037210.0,,694300.0,,2512200.0
2012-03-31,1003680.0,,6349626.5,48000.0,3459545.0,8402375.5,596745.0,2255870.0,128015870.0,897989.5575,2330796.5715166777,,721240.0,,4576905.0,114750382.5,388159330.0,72420.0,,110000.40000000001,128160412.5,0.0,587010.0,0.0,555444.978,1341990.0,237419390.0,,416070.0,,475860.0,,1103735.0,695400.0,196395.0,,9529452.0,586755.0,101055.0,56910.0,,,860603.31,226750.5,29150.0,121877117.5,19017364.0,13000.0,6109290.0,336960.0,79200.0,3749480.0,66300.0,137834831.25,202304.7,2370575.0,,14000.0,,52700.0,29365.244999854625,52576965.0,918720.0001056,13650.0,78928020.5,1590298.52325,,,42050.0,,,,,2100530.0,363800.0,4032490.9000000004,,1971075.0,97000.0,100500.0,,,1409205.0,299671.0,,,,2510131.0,226080.0,61998750.0,28955632.0,,,,21340.0,,,,281400.0,8308250.0,3427070.0,,,935335.0,31120.0,258570.0,513525.0,,386405.0,,1437250.0,,3856580.0,,691450.0,8135.0,18286014.0,,1229633855340.0,1229633855340.0,154960.0,16200.0,21077110.0,,10325419.98,1375770.0,19259499.25,,142750.0,,35186030.0,7925880.0,84418600.0,,7854757.0,22931467.5,18000.0,3788500.0,524935.0,,,,6546988215900.0,933750.0000000001,1485288.0,6546988215900.0,,,,324000.0,90745081.75,,135000.0,9000.0,9390602651840.0,9390602651840.0,195500.0,1377837.5,37374.5,3521320.0,68820.0,,30651096.0,95066951.17500001,10260.0,16740.0,8995.0,5535.0,,25736.5026,23100.0,46228170.0,33258515.0,16430.0,23959470.0,5088493.0,23959470.0,454962.42,6922982.5,9673701.0,,,252700.0,662875.0,23346251478380.0,27652700.0,4238490.0,137030.4,9028530.0,,,33162030.0,2910.0,9920.0,13750.0,184810636.32,,250160175.0,109689829.0,131575.0,,,1470335.0,23346251478380.0,415099.575,10980.0,,148421625.0,1449160.0,,49365.0,22980910.0,1436409.58,,82995436.0,11889868.5,51300.0,18201795.0,160000.0,5725850.0,1476800.0,54032719.0,56106960.0,329490.0,984062.85,5981750.0,,7962.5,66385275.0,,97165.0,75179860.0,1010025.0,52559155.0,52325.152,68904.2,2172100.0,,582750.0,17835.0,54435710.0,,11517583.4085,,,,40000.0,,378510.0,,,,,122840.0,7066.999999999999,1854023757530.0,1854023757530.0,98990.0,8858139.967500001,34924865599020.0,,,63887157.5,4255125.0,39331720.0,40375.0,6920.0,1588605.0,89438772.0,320165.0,,216600.0,,,26842235.628,130709322.67899999,2019742554100.0,229249.878,284065.0,12320.000000000002,388970.0,21350.0,,633730.0,122740.0,479190.0,117883387.153,88844064.5,,,,,,,,,,724955.0,88425512.0,341145.0,3200.0,98530.0,,,105900.0,,,140620.0,2019742554100.0,245700.0,23200.0,,1208027.5,504633700.0,8100.0,,,38471412.117,545500.0,2177100.0,148694322.0,555727.5,196725.0,14560650.0,,394910.0,524700.0,7136267.0,9340950.0,,1420420.0,,943100.0
2012-04-30,71300.0,,2161000.0,115150.0,468750.0,1438520.0,1350375.0,2070160.0,216529000.0,978985.7875,2907171.5012631654,,375700.0,,3877500.0,49040589.0,244856430.0,135775.0,,14800.08,106365600.0,0.0,211650.0,0.0,918845.004,1350000.0,107062780.0,,204465.0,,524740.0,,1321650.0,319000.0,255145.0,,44073458.0,89000.0,108800.0,125120.00000000001,,,267750.0,273451.065,,186232530.0,23824320.000000004,,2728210.0,146640.0,302750.0,20163600.0,8500.0,60780530.0,448800.0,1148400.0,,32850.0,,6400.0,190848.37275000004,9135470.0,82320.00003920001,75600.0,48553314.0,4205125.3219,,,48830.0,,,,,4952350.0,161150.0,3336719.2,,1697500.0,124500.0,50000.0,,,408765.0,39165.0,,,,1357500.0,502710.0,37737375.0,25952806.0,,,,22500.0,,,,82570.0,7334712.0,3048030.0,,,1110420.0,72000.0,195750.0,134245.0,,80000.0,,1961570.0,,2916400.0,,273540.0,197120.0,18105318.0,,1223576130000.0,1223576130000.0,70200.0,2600.0,23580700.0,,3746700.0,894740.0,13581045.0,,26500.0,,20658400.0,4917120.0,38813600.0,,4947670.0,40769680.0,5360.0,1286100.0,433825.0,439579395.69605,,,6581590482430.001,297700.0,1783500.0,6581590482430.001,,,,78860.0,88168365.0,,175360.0,13050.0,6396455422500.0,6396455422500.0,196080.0,376530.0,91650.0,2208800.0,19220.0,,21711200.0,69764741.55,7300.0,28720.0,40000.0,14975.0,,163482.27860000002,8154.0,19959960.0,6423340.0,9520.0,8788150.0,448800.0,8788150.0,249068.0,5128290.0,2442744.0,,,16380.0,439060.0,13234840925300.0,12586420.0,1948420.0,134347.2,1446060.0,,,26506400.0,2715.0,118080.0,2720.0,234739036.29,,175594799.99999997,36839400.0,42400.0,36000.0,,175720.0,13234840925300.0,108783.675,14625.0,,139812820.0,485900.0,,66750.0,26658060.0,2710382.4,,52834500.0,4980981.600000001,31995.0,1364370.0,34760.0,2728000.0,678500.0,21601600.0,17505370.0,192000.0,2191563.08,7313000.0,,76230.0,44433704.0,,102234.0,63678500.0,745300.0,27997970.0,33739.0075,12426.4,2421675.0,,199500.0,24287.5,66719856.5,,1839211.4000000001,,,,63100.0,,89240.0,,,,,109480.0,4800.0,1457046988890.0,1457046988890.0,85050.0,6165066.016,29136620459700.0,116000.0,,89197020.0,2583240.0,21267450.0,7875.0,66930.0,18199600.0,44579950.0,68105.0,,113850.0,,,15714945.72,88571932.845,1343297294000.0,731849.8275,486920.0,35400.0,370695.0,27600.0,,54560.0,157120.0,491720.0,145835697.382,45515680.0,,,,,,,,,,494720.0,122776730.0,25200.0,61100.0,16200.000000000002,,,93600.0,,,112000.00000000001,1343297294000.0,292740.0,145000.0,,625005.0,353643630.0,28190.0,,,18233951.246,341000.0,1157100.0,115917750.0,192087.5,496479.99999999994,22169040.0,,437275.0,105966.0,9126062.0,1878750.0,,682640.0000000001,,672180.0
2012-05-31,20095.0,,223380.0,193300.0,317685.0,5366450.0,275040.0,2384000.0,192662310.0,785400.0,1301603.512061259,,147150.0,,889410.0,72333698.0,221644165.0,208320.0,,39435.0,169831125.0,0.0,102000.0,0.0,706611.534,336700.0,122161520.0,,159025.0,,177800.0,,319150.0,264800.0,196380.0,,18063705.0,46218.0,150560.0,62400.0,,,691500.0,517326.075,5210.0,127853183.5,14119450.0,5100.0,2681730.0,227490.0,131250.0,173686805.5,11560.0,113188379.75,345037.94999999995,505950.0,,46200.0,,19960.0,79520.1553125,21820417.5,167999.999937,54268.0,4140640.0,9066829.721099999,,,47430.0,,,,,2211870.0,97600.0,3923547.6500000004,,730620.0,171000.0,61199.99999999999,,,492380.0,21800.0,,,,1039185.0,186730.0,38419600.0,49170081.699999996,,,,,,,,70400.0,11557503.0,3489575.0,,,3991050.0,21180.0,35360.0,62125.0,62210259.0,60480.0,,1391400.0,,1531349.9999999998,,201300.0,33972.0,40926906.0,2597925.0,1317909889210.0,1317909889210.0,65500.0,88550.0,19907230.0,,4627149.99,274050.0,39653980.0,,84000.0,,4172920.0,5276800.0,36228525.0,,9853051.0,30897120.0,33000.0,726650.0,410155.0,108318198.60159999,,,6965194963515.0,194815.0,434105.0,6965194963515.0,,,,43290.00000000001,120029526.0,,286700.0,30840.0,9873709173670.0,9873709173670.0,152522.5,539895.0,97760.0,327990.0,55860.0,,39745665.5,65977322.25,12000.0,18000.0,16000.0,,,240012.5196,196424.0,29462525.0,15022130.0,26500.0,2498655.0,1332790.0,2498655.0,404200.0,8283221.0,3936253.0,,,49500.0,904800.0,15044200905120.0,9258645.0,3878745.0,290409.6,4381077.5,,,14521745.0,1644.0000000000002,8970.0,,218968345.695,,161841485.0,47166395.0,71400.0,,,83700.0,15044200905120.0,7052545.5,813735.0,,110885849.99999999,790180.0,,27550.0,42137737.5,5878360.925000001,,13710277.0,3057927.3,82800.0,252160.0,185310.0,1566600.0,212450.0,25551336.0,44734600.0,157500.0,212088.825,3599990.0,,68625.0,16079008.0,,177000.0,55626557.5,389400.0,18670825.0,22000.0,47532.3,4282440.0,,290600.0,48245.0,29419516.5,,1782857.9665,,,,185487.5,,273750.0,,,,,46075.0,1920.0,1613239264485.0,1613239264485.0,25010.0,2942233.1025,32713212477740.0,,,130522172.5,103928700.0,18837147.5,7930.0,36900.0,5777375.0,52226002.0,91200.0,3006850.0,26480.0,,,23045260.737999998,115200819.26250002,1488075620475.0,1744300.899,231975.0,36200.0,742950.0,11125.0,,1225900.0,210420.0,165210.0,172924420.0,53816046.0,,,,,,,,,,1028250.0,176208700.0,28760.0,46200.0,33035.0,,,129480.0,,,79100.0,1488075620475.0,59280.0,32205.0,,248672.0,399356505.0,40706.0,,,5295702.404999999,78675.0,549900.0,264468252.5,164560.0,588880.0,10012075.0,6667700.000000001,377530.0,26052.0,5308497.0,2434100.0,,371250.0,,441000.0
2012-06-30,11575.0,,725473.0,29850.0,231699.99999999997,2464820.0,255500.0,2880975.0,138191204.0,3364340.0700000003,482338.57334243605,,492320.0,,270815.0,80926702.5,327081744.0,76360.0,,223637.565,148601180.0,0.0,103500.0,0.0,505338.99999999994,200890.0,97808817.5,,211139.99999999997,,408000.0,,213750.0,219100.0,59160.0,,15757871.0,40720.0,47430.0,138950.0,,,792203.4,189009.18,18880.0,143207377.5,4227500.0,6300.0,1668800.0,42600.0,16110.0,56885480.5,25325.0,99418200.0,51402.0,205010.0,,19750.0,,215910.0,29606.507437030337,17908236.5,60000.000016,11440.0,1302378.5,3779746.98355,,,,,,,,1491760.0,126000.0,1162464.0,,300300.0,150000.0,75000.0,,85550.0,329940.0,13150.0,,,,694022.5,93960.0,13070350.0,30238489.35,,,,,,,,19530.0,7069122.5,2879800.0,,,3683035.0,35300.0,15070.0,27900.0,15124231.5,73000.0,,3216980.0,,1120800.0,,71725.0,10236.0,92000009.0,2152500.0,305066687400.0,305066687400.0,125000.0,,16523480.0,,2244601.8000000003,220990.0,58035664.5,,22000.0,,1467585.0,4430650.0,62289262.5,,7510487.0,26865460.000000004,13018500.0,345800.0,57600.0,56347339.91315,,,3848312424200.0,266220.0,550378.0,3848312424200.0,,,,353230.0,65914425.0,,122000.0,17400.0,5135588295135.0,5135588295135.0,186900.0,125585.0,34440.0,131760.0,45360.0,,28932549.0,46754127.0,30835.0,12000.0,11400.0,,,128397.67220000002,75600.0,31980985.0,14676045.0,10500.0,437990.0,771320.0,437990.0,421381.12,10453582.0,1705862.0,,,17570.0,8487870.0,18826827163205.0,7343745.0,3577225.0,96072.6,1173510.0,,,3090410.0,1000.0,16500.0,3100.0,183441611.925,,134373780.0,62687520.0,55200.0,,,74750.0,18826827163205.0,2126635.5,100000.0,,48667580.0,484720.0,,33350.0,44410592.5,572675.13,,7203620.0,3114909.0,69700.0,235749.99999999997,76130.0,1359150.0,273600.0,6760235.0,24606500.0,92310.0,202649.175,2043300.0,,101320.0,21781276.0,,28912.0,40278900.0,160000.0,4000545.0,37400.0,206001.65,2436570.0,,169600.0,18720.0,22196573.75,,936655.993,,,,6625.0,,225015.0,,,,,89900.0,47388.0,788519232900.0,788519232900.0,32800.0,1227124.965,21029978315220.0,9180500.0,,61146477.5,44880880.0,26994780.0,3020.0,12600.0,7083920.0,34562503.0,38400.0,461140.0,12700.0,,,13537351.332,53007457.037,1110844036105.0,3322273.02,83200.0,12840.0,343730.0,9800.0,,148590.0,109200.0,98669.99999999999,165418991.5715,43917728.0,,,,,,,,,,151300.0,90310785.0,113160.0,38000.0,23435.0,,,382500.0,,,67840.0,1110844036105.0,180200.0,29150.0,,3898640.0,506788450.0,7500.0,,,9160260.504999999,23100.0,349900.0,148545686.25,115840.0,512355.0,14189775.000000002,12113740.0,108435.0,99168.0,2720720.0,641775.0,,129000.0,,454460.0
2012-07-31,15120.0,,263646.0,43725.0,7925265.0,3372962.5,279790.0,3710700.0,271839598.0,2555025.0,1080367.787631582,,77280.0,,1196750.0,48301925.0,135996796.0,86865.0,,60795.082500000004,280981085.0,0.0,165600.0,0.0,516555.0,279190.0,68371920.0,,253919.99999999997,,349250.0,,289390.0,127100.00000000001,27230.0,,9059552.0,450000.0,979040.0,59945.00000000001,,,91579.62000000001,99999.59999999999,4050.0,160712272.0,17891992.0,,1457380.0,19880.0,104010.0,93170304.0,36010.0,85350757.0,125995.5,306000.0,,6160.0,,19140.0,61022.90249714846,17356031.0,2310.0,50000.0,438900.0,2046808.386,,,27900.0,,,,,875367.5,287300.0,1802460.35,,330200.0,150000.0,50500.0,,3163500.0,518030.0,22720.0,,,,514614.0,34140.0,12607710.0,22363927.700000003,,,,,,,,13970.0,18827229.0,848600.0,,,19176500.0,48100.0,35850.0,50500.0,14972778.0,80000.0,152000.0,3206800.0,,722640.0,,243250.0,23046.0,61364526.0,744600.0,21919815410.0,21919815410.0,72015.0,25200.0,17722440.0,,24103998.0,199510.0,62093035.5,,53875.0,,2663300.0,11022395.0,70871980.0,,5586666.0,6524484.0,12000.0,468250.0,413700.0,111785587.07519999,,,624526456125.0,299370.0,1006612.0,624526456125.0,,,,103740.00000000001,68744150.0,,218700.0,38250.0,1066815173680.0,1066815173680.0,83210.0,579130.0,120900.0,313600.0,156040.0,,30666213.0,48736067.625,208050.0,37800.0,23400.0,25750.0,,76251.38325000001,28005.0,25003140.0,12362845.0,92000.0,4499770.0,2109265.0,4499770.0,90567.29999999999,10127980.0,28055894.499999996,,,,7248640.000000001,20716325352740.0,7658840.0,3230000.0,25131.600000000002,153545.0,,,2844695.0,5500.0,56715.0,3300.0,163133283.15499997,,163683889.99999997,36583090.0,58985.0,10800.0,,73900.0,20716325352740.0,2106942.75,71928.0,,90052110.0,575340.0,,29200.0,29118342.5,1065152.5499999998,,7734061.0,2243691.0,85050.0,1232820.0,41300.0,596450.0,49400.0,6046095.0,22592430.0,261595.0,214631.775,1665780.0,,65438.0,21262228.0,,82555.5,122879935.0,291750.0,1432255.0,50199.902500000004,23233.300000000003,4123610.0,,110500.00000000001,,17146546.0,,1491655.9189999998,,,,5200.0,,49556.0,,,,,25560.0,110780.0,457573785395.0,457573785395.0,35650.0,1774625.199,12162224042385.0,,,47028417.5,24874795.0,14294612.5,2250.0,6600.000000000001,3759570.0,70522925.0,104000.0,426990.0,89540.0,,,14615729.972,91106361.9315,182998003230.0,984585.8000999999,139760.0,73480.0,1077500.0,16050.0,,323520.0,118040.0,198800.0,141173543.67549998,43637127.0,,,,,,,,,,339525.0,98953776.0,77600.0,71820.0,57840.0,,,25000.0,,1099750.0,132000.0,182998003230.0,27410.0,65675.0,,315710.0,349154500.0,32236.0,,,4759613.7995,62100.00000000001,646400.0,138852222.0,222300.0,296730.0,24688480.0,2443750.0,151500.0,30844.999999999996,14714092.0,308600.0,,75950.0,,947170.0
2012-08-31,3420.0,,171342.0,26900.0,9838020.0,1060300.0,6617250.0,56466830.0,226986360.0,1261500.0,1001259.2558658192,,537550.0,,350225.0,52205400.0,167888588.0,34000.0,,54945.135,224775080.0,0.0,80875.0,0.0,405927.0,200380.0,53268359.99999999,,300600.0,,200000.0,,440750.0,299300.0,27500.000000000004,,4972020.0,148950.0,1192260.0,598340.0,,,309738.945,64417.5,9450.0,155581230.0,10040850.0,4220.0,11051579.999999998,22200.0,189000.0,45290700.0,8129.0,87343172.0,846570.0,311100.0,,1799.0,,56980.0,37640.29499889294,15399042.0,21329.999994600003,11700.0,249029.5,2116989.9728,,,14000.0,,,,,739020.0,171400.0,3620619.1999999997,,198520.0,250000.0,,,10822000.0,623700.0,13140.0,,,,164946.5,120000.0,9494415.0,16512463.799999999,,,,2250.0,,,,14250.0,12222182.0,2128000.0,,,5263030.0,14140.0,13525.0,118750.0,15640175.999999998,182500.0,,1002870.0,,448800.0,,380000.0,7440.0,58070992.0,103200.0,15664953860.0,15664953860.0,40160.0,14400.0,14138880.0,,20959491.18,791010.0,34919521.0,,52500.0,,1715129.9999999998,5738610.0,85808650.0,,3496892.0,6765999.999999999,89500.0,2000000.0,211150.0,34112999.502,,,533538026160.0,148050.0,1274508.0,533538026160.0,,,,87120.0,54841050.0,,136510.0,8000.0,3067742950170.0,3067742950170.0,63200.0,372757.0,28710.0,131610.0,10200.0,,53297686.0,12058210.5,26100.0,17850.0,23000.0,40000.0,,126003.004,24485.0,13263390.000000002,9308400.0,102600.0,961420.0,1536600.0,961420.0,350904.84,31048995.0,3049420.0000000005,,,16525.0,59072064.0,9931217695350.0,5540630.0,1631610.0,254108.4,295200.0,,,2206600.0,30187.5,17750.0,9900.0,223352151.0,,95256680.0,55432650.0,89500.0,,,43000.0,9931217695350.0,10032775.5,204480.0,,38472720.0,395780.0,,21900.0,20180160.0,952954.415,,5401480.0,3210948.0,49800.0,98000.0,45000.0,615400.0,27500.0,2998800.0,8163400.0,432000.0,187097.85,3699289.9999999995,,38465.0,15942023.999999998,,132861.0,75937390.0,271350.0,2960060.0,31080.06,63606.65,9641160.0,,105625.0,8750.0,19707750.0,,439520.53599999996,,,,26950.0,,240995.0,,,,,28000.0,27750.0,424541460000.0,424541460000.0,87000.0,1619071.839,9273716618610.0,58000.0,,47189880.0,14181459.999999998,5150880.0,1610.0,21000.0,8878610.0,37927260.0,68000.0,1058680.0,35700.0,,,7709530.0,85296076.947,359559832680.0,2222198.4873,368200.00000000006,31120.0,4845610.0,51180.0,,89280.0,252000.0,138345.0,116110757.715,24936800.0,,,,,,,,,,168975.0,115711392.0,31589.999999999996,39858.0,35925.0,,,1162030.0,,210120.0,167790.0,359559832680.0,114480.00000000001,34615.00000000001,,81588.5,254863480.0,7310.0,,,4266483.37,30800.0,508500.0,133615800.0,22750.0,253775.0,26173949.999999996,4600400.0,122880.0,73466.0,18774140.0,328600.0,,111350.0,,380700.0
2012-09-30,15480.0,,90075.0,41820.0,11601945.0,778920.0,4447017.5,30542410.0,145551792.0,728420.0,1622562.9153058268,,165055.0,,1039500.0000000001,38541480.0,268650770.0,11860.0,,365400.0,193218880.0,0.0,222475.0,0.0,511837.5,142600.0,73087335.0,,124440.0,,224000.0,,120270.0,345400.0,8400.0,,7900400.0,133950.0,88695.0,296840.0,,,324998.69999999995,146039.64,1040.0,134402386.0,7219700.0,4300.0,5865600.0,161770.0,103645.0,88761775.0,10200.0,91085531.25,974281.5,194225.0,,36750.0,,23065.0,44730.0000008946,28754605.5,48165.000021600004,40040.0,584912.0,21278107.99655,,,34500.0,,,,,677135.0,130900.0,8554966.5,,255000.0,100000.0,150000.0,,,1449255.0,14500.0,,,,571764.5,75000.0,5799407.5,11640901.399999999,,,,10500.0,,,,2120.0,5019421.5,2647050.0,,,5615070.0,203500.0,37590.0,281960.0,17716995.0,14000.0,69000.0,2307360.0,,432670.0,,477475.0,26580.0,25590165.0,257872.5,1045128282800.0,1045128282800.0,53050.0,150000.0,15473340.0,,14308710.0,4162750.0,63675535.0,,34260.0,,1965900.0,10610340.0,62313925.0,,1678057.5,2920188.0,,843200.0,77380.0,62394412.17405,,,5008791625715.0,509600.0,1741284.0,5008791625715.0,,,,162625.0,34724360.0,,72000.0,11220.0,7747372620195.0,7747372620195.0,21880.0,258087.0,72000.0,179010.0,23000.0,,31447408.75,40847230.724999994,187200.0,12340.0,7980.0,32000.0,,110251.449,14205.0,17716395.0,13777880.0,52400.0,1537500.0,395260.0,1537500.0,263878.5,16777661.0,2665970.0,,,13000.0,13920821.0,5770174399780.0,6985515.0,3308640.0,63492.0,71120.0,,,1178760.0,99425.0,20140.0,,183223474.78,,100348420.0,51407371.0,196800.0,,,90300.0,5770174399780.0,5393487.0,78045.0,,71779250.0,366440.0,,19630.0,35339662.5,157397.08000000002,,4543690.0,3108279.5999999996,86000.0,165120.0,73360.0,763900.0,130500.0,4780025.0,10675110.0,117554.99999999999,219895.19999999998,1437960.0,,53550.0,20721090.0,,127200.0,59605170.0,129500.0,2858970.0,23980.022,45836.75,27716340.0,,232000.0,66000.0,24172469.75,,530802.7725000001,,,,33550.0,,236249.99999999997,,,,,28000.0,6820.000000000001,1223374224390.0,1223374224390.0,73960.0,2296062.3875,25576460170950.0,,,75168396.0,7217630.0,3907445.0,7650.0,41420.0,3094170.0,53755743.0,120850.0,891345.0,59070.0,,,10954043.438000001,99456587.74849999,1534551737850.0,993500.0947,125100.00000000001,68735.0,1649550.0,38500.0,,307800.0,184815.0,144200.0,130762553.5095,32353747.0,52185000.0,64800.0,3166500.0,,,,,,,34805.0,109248326.0,56510.0,16371.0,25380.0,,,186640.0,,127340.0,72165.0,1534551737850.0,23100.0,36400.0,,420800.0,329098290.0,64000.0,,,7741049.8780000005,84200.0,302250.0,172093223.0,110740.0,95480.0,28714230.0,1681175.0,68800.0,15096.0,5664529.0,237400.0,,58500.0,,203800.0
2012-10-31,147000.0,,2460319.5,13500.0,7019950.0,451525.0,2613380.0,29308177.5,249021786.0,477600.0,4655347.144550731,,159000.0,,1779740.0,47305037.5,211933482.0,22160.0,,55992.0,136803420.0,0.0,137700.0,0.0,717280.0,253000.0,53848017.5,,401990.0,2450770.0,271670.0,,346885.0,1268400.0,52325.0,,12971946.0,89000.0,111800.0,244920.0,,,204300.9,72212.34,26000.0,111176682.75,29405662.0,8600.0,4815635.0,126340.0,63000.0,114589362.0,39500.0,134577525.5,1597041.6,922725.0,,78000.0,,28000.0,58730.48999970925,31107274.0,31680.0,11000.0,656600.0,4382894.2908,,,6800.0,,,,117898160.0,1025822.0,326177960.0,2380771.5999999996,,212395.0,102000.0,96900.0,,25000.0,1072820.0,29950.0,,,,246140.0,230739.99999999997,3055464.0,12616810.4,,,,47390.0,,,,12600.0,4736746.0,23854425.0,,,19946040.0,39300.0,25200.0,1654160.0,21430350.0,19800.0,,624922.5,,570665.0,,167375.0,12252.0,65681686.0,187200.0,1203650564320.0,1203650564320.0,37750.0,50100.0,16255070.0,,10811011.23,4669320.0,87162351.0,,48510.0,,1082960.0,4744530.0,49319407.5,,1692582.0,5199200.0,45000.0,5179550.0,117200.0,58860036.0651,,,7775195981740.0,274025.0,1442464.0,7775195981740.0,,,,60095.0,61352655.0,,105875.0,6000.0,9175195065280.0,9175195065280.0,95550.0,247450.0,23530.0,397120.0,105600.0,,39799636.5,53685525.075,557570.0,6860.0,,63600.0,,44200.5572,31744.0,15308805.0,8546820.0,54600.0,8738445.0,620290.0,8738445.0,868624.0,19265600.0,19853163.0,,,10720.0,13324750.0,5414930137445.0,8749995.0,3226495.0,277305.6,181880.0,,,1637945.0,28400.0,22040.0,9900.0,166355053.95999998,,141028335.0,99079927.0,97000.0,,,77900.0,5414930137445.0,3071796.75,181131.5,,87070575.0,1462330.0,,12230.0,60626342.5,214699.53,,2883835.0,2093887.7999999998,85275.0,494180.0,68820.0,1295800.0,237500.0,1543110.0,12935250.0,107800.00000000001,609758.925,1287525.0,,16280.0,41490405.0,,276675.0,95691220.0,116550.0,2968655.0,70350.335,168067.75,25094934.0,,178750.0,4040.0,17537435.0,,363073.0805,,,,45750.0,,752790.0,,,,,58520.0,6129.0,1598126766030.0,1598126766030.0,17400.0,2817680.5285,34682440915890.0,,,42739662.0,3416480.0,4254925.0,13799.999999999998,33515.0,9100310.0,27228802.0,93000.0,812970.0,15120.0,,,5163405.272,77212310.962,2415271435040.0,263499.8685,1694730.0,11650.0,1607785.0,22500.0,,136800.0,216200.0,174985.0,193961184.0615,33939950.0,31483125.0,229500.0,3196125.0,,,,,,,37225.0,132108811.0,17300.0,16750.0,40500.0,,,532430.0,,374125.0,64560.0,2415271435040.0,127720.0,33610.0,,119154.0,410493050.0,10800.0,,,10583865.943,177200.0,864800.0,97009710.0,804197.5,3947625.0,19096450.0,1730275.0,92000.0,35160.0,10560291.0,543250.0,,67500.0,,161950.0
2012-11-30,126750.0,,1522000.0,15540.0,2477900.0,181300.0,13830400.0,69749680.0,349041280.0,263900.0,4899589.1496168,,325000.0,,741150.0,46307625.0,182999446.0,15840.0,,33999.9,263638730.00000003,0.0,1032839.9999999999,0.0,511200.0,251995.0,66589379.99999999,,331450.0,209960.0,455260.0,,217600.0,989100.0,228690.0,,8176960.000000001,108675.0,337070.0,222590.0,,,230114.88,105374.97,3020.0,258537360.0,13653847.0,,6401105.0,44725.0,22590.0,63740604.0,15630.0,156809881.5,1202580.0,687500.0,,2630.0,,137130.0,47279.18999982327,21295200.0,101999.99996999999,64500.0,314060.0,4778270.8182,,,2700.0,,,,11624550.0,4589640.0,153250500.0,2311061.4,,353000.0,128520.0,226949.99999999997,,28800.0,999579.9999999999,35310.0,,,,383240.0,51340.0,765624.0,20657783.2,,,,27505.0,,,,59400.00000000001,6430749.999999999,7650000.0,,,21985920.0,44110.0,43200.0,3168800.0,22615440.0,76260.0,168000.0,1277085.0,,2216970.0,,228200.0,9767.0,56638295.0,176865.0,1961854448190.0,1961854448190.0,52700.0,18560.0,48037220.0,,881100.0,8736500.0,79506430.0,,21800.0,,1234200.0,3913440.0,64676250.0,,1356600.0,1611967.5,,30742501.25,131040.0,136117809.82799998,,,7938979631960.0,513300.00000000006,756670.0,7938979631960.0,,,,151200.0,83274800.0,,205400.0,8260.0,11198858299020.002,11198858299020.002,52000.0,726750.0,27200.0,560500.0,44000.0,,47947640.0,84361718.7,161225.0,12460.0,25340.0,112700.0,,33179.248,16920.0,19187520.0,5558560.000000001,50700.0,1966360.0000000002,196910.0,1966360.0000000002,748678.68,54074375.0,11535611.0,,,2140.0,26611897.0,3537259065080.0,7323000.0,7185600.0,26676.0,225225.0,,,1099340.0,20298.0,18900.0,,233870583.79999998,,112846800.00000001,174060640.0,83300.0,30000.0,,40750.0,3537259065080.0,2219646.0,60494.0,,109853420.00000001,738700.0,,13890.0,93675455.0,942959.0,,841650.0,1346191.2,86150.0,383800.0,69120.0,1010800.0,79500.0,1200600.0,12276499.999999998,122500.00000000001,306820.8,1888920.0000000002,,107250.0,23854950.0,,253139.0,71907745.0,312500.0,9835500.0,51200.05,96834.5,29434500.0,,609400.0,15150.0,114168420.0,,1154183.3939999999,,,,7600.0,,9500000.0,,,,,23400.0,4256.0,2057346544320.0,2057346544320.0,41558.0,2021200.0,36376312939800.0,,,36880236.0,2086920.0,30615200.0,,23960.0,5121160.0,49574450.0,1340700.0,699930.0,50000.0,,,8854983.9,86908151.848,1753755588720.0,393985.5249,423440.0,28979.999999999996,452540.0,30000.0,,112000.0,306900.0,196980.0,172297022.605,37835154.0,21786750.0,301000.0,2003533.0,,,,,,,,209701900.0,111000.00000000001,48000.0,47360.0,,,46765020.0,,207375.0,109080.0,1753755588720.0,77700.0,91420.0,,87308.0,276462500.0,15000.0,,,6873407.288,260000.0,1359000.0,83517720.0,360125.0,7695440.0,51355810.0,1588440.0,16321950.0,66250.0,4367408.0,563850.0,,141900.0,,334800.0
2012-12-31,96880.0,,353300.0,80237.5,1226135.0,198288.0,4222055.0,32508862.5,305547105.0,106670.0,3522826.9456173535,,112050.0,,821795.0,96642232.5,181007480.0,65490.0,,246790.725,268564865.0,0.0,112000.00000000001,0.0,292213.5,1563593.5,132386210.0,,7062275.0,147070.0,284240.0,,310320.0,368000.0,264180.0,,17696440.0,97000.0,71400.0,201400.0,,,341998.2,227501.25,5929.0,361449146.25,54594525.0,25800.0,4722850.0,73500.0,120000.0,71076214.0,29640.0,133068724.25,692010.0,365750.00000000006,,8070.0,,,63599.235000905755,20247148.0,13650.0000021,57216.0,416000.0,2672738.3733,,,6174.5,,,,3708590.0,434318.0,41318695.0,3557803.55,,314860.0,2500.0,,,11500.0,685685.0,2099880.0,,,,804900.0,184535.0,305659.0,13928191.5,,,,344400.0,18466800.0,,,23200.0,8574800.0,4335500.0,,,48327830.0,8325710.0,10325.0,3451700.0,25066594.5,56250.0,650025.0,1234800.0,,5228340.0,,101500.0,15332.0,52864600.0,663600.0,2122706774670.0,2122706774670.0,104650.00000000001,30000.0,14484125.0,,270250.05,3253000.0,42883756.0,,55200.0,,381480.0,5450985.0,86465062.5,,4729118.0,16138596.0,,4513300.0,208120.0,77498576.1612,,,7001112253500.0,1171558.0,658000.0,7001112253500.0,,,,132500.0,89490608.25,,208290.0,42925.0,14670721575875.0,14670721575875.0,30240.0,2239013.0,150450.0,387040.0,174515.0,,66899869.0,49827278.55,72500.0,15600.0,11200.0,66000.0,,69004.9206,45050.0,17128725.0,6170690.0,21625.0,697915.0,291290.0,697915.0,241863.47999999998,13558483.5,7052346.0,,,2640.0,16515609.0,3779551946390.0,9515770.0,2339865.0,26988.0,181170.0,,,625470.0,9071.25,15330.0,,273218101.9,,187670930.0,90776247.0,140525.0,38000.0,,11400.0,3779551946390.0,670749.75,18600.0,,112353600.0,484155.0,,6420.0,64519475.0,2413170.0,,726820.0,3155773.5,38500.0,480600.0,73450.0,874000.0,52000.0,1533995.0,9038250.0,145650.0,386826.07499999995,5585760.0,,144000.0,23926615.0,,150747.5,59806745.0,160800.0,4114075.0,28740.0465,54666.0,19591540.0,,803250.0,,98914640.0,,2357392.6610000003,,,,71250.0,,128299.0,,,,,6400.0,77901.0,3509421579070.0005,3509421579070.0005,1488520.0,5683836.9695,49982553002850.0,222500.0,,37302725.0,3807540.0,24047510.0,58900.0,23400.0,12231975.0,82194157.5,48950.0,997085.0,117000.0,,,9471600.388,59298127.567499995,2246764020380.0,447720.27300000004,173980.0,3750.0,961410.0,23850.0,,284275.0,262850.0,117765.0,174659450.30650002,63365504.0,30613125.0,484070.75,2290430.0,,,,,,,,231416019.0,60200.0,415000.0,37190.0,,,15208945.0,,111570.0,235979.99999999997,2246764020380.0,88550.0,24720.0,,1558712.0,415776420.0,37500.0,,,4006886.573000001,54500.0,262650.0,120252464.0,199530.0,2149550.0,55571210.0,6137630.0,1269535.0,60200.0,22804915.0,283650.0,,151200.0,,348400.0
2013-01-31,31730.0,,451210.0,62610.0,1905020.0000000002,69980.0,4726250.0,14800612.5,403847250.0,64680.0,36117134.25991626,,195770.0,,1224975.0,85767557.5,236242386.0,77610.0,,141099.585,184415725.0,0.0,1031010.0,0.0,312476.0,470786.0,98438555.0,,3297220.0,113400.0,2709465.0,,164680.0,235200.0,1229260.0,,39395845.0,361867.0,106200.0,127410.0,,,151680.0,538467.21,26000.0,349098354.0,22062865.0,,3239375.0,144540.0,59270.0,94303539.0,2320.0,116270722.0,751432.2,671000.0,,6500.0,,,44618.175,14543817.5,84500.000013,13134.0,1376850.0,7144974.96445,,,2280.0,,,,7477435.0,1406000.0,20977580.0,27552333.950000003,,832065.0,12250.0,53405.0,,13750.0,1723770.0,714375.0,,,,727830.0,231000.00000000003,620636.0,21631669.099999998,,,,13255.0,41435950.5,,,22000.0,11868563.0,3798300.0,,,28142500.0,2488073.0,36290.0,2048050.0,68368314.0,56550.0,3997970.0,4303600.0,,1409280.0,,120980.0,14144.000000000002,71453800.0,1511875.0,2201549065990.0,2201549065990.0,58500.0,6300.0,67699895.0,,,2225330.0,107795502.0,,31450.0,,417585.0,6713880.0,173989780.0,,2725811.5,29019615.999999996,,2297000.0,67150.0,156882236.02445,,,10490988732680.0,943098.0,1621550.0,10490988732680.0,,,,112320.0,45262734.5,,146150.0,21090.0,12138991110305.0,12138991110305.0,78900.0,2670708.0,494860.0,264000.0,109200.0,,67655309.5,66880503.900000006,53793.0,42750.0,36540.0,47595.0,,63446.0732,76085.0,23751330.0,9427620.0,92500.0,845305.0,1994515.0,845305.0,464675.67,41756343.0,7998056.5,,,39200.0,11165884.0,9003156830790.0,11726620.0,6344550.000000001,44928.0,148200.0,,,2220260.0,20247.0,19860.0,,218362335.2,,210946230.0,132027778.0,162000.0,12400.0,,186100.0,9003156830790.0,1078341.0,77350.0,,199955280.0,2364240.0,,12800.0,67347545.0,1936935.995,,3385400.0,6645124.8,137050.0,809100.0,118160.00000000001,1515750.0,142600.0,2566430.0,12165750.0,186690.0,,1462665.0,,59040.0,30892272.0,,309980.0,153048750.0,165000.0,3581040.0,144432.464,97467.79999999999,18267972.5,,626925.0,7929.999999999999,105596327.0,,3223875.9475,,,,,,901250.0000000001,,,,,120399.99999999999,5420.0,3168574137400.0,3168574137400.0,32960.0,7988475.0,53438650402660.0,136000.0,,112117915.0,5512650.0,34340055.0,36000.0,13750.0,5814990.0,54759392.5,53900.0,4230845.0,120000.0,,,26164822.341999996,112130011.60700001,2351961924000.0,200679.8376,159600.0,6700.0,3249160.0,9600.0,,547630.0,561000.0,592050.0,203229672.02249998,54191804.0,66027750.0,225375.0,4349981.25,,,,,,,,189068070.0,130525.0,114999.99999999999,258150.0,,,13501395.0,,83790.0,182330.0,2351961924000.0,58480.0,23800.0,,1457755.0,480426775.0,30500.0,,,22739263.334,226975.0,867600.0,114006250.0,167670.0,689325.0,66243641.0,5790645.0,1866490.0,32256.000000000004,34178690.0,178425.0,,98400.0,,4525500.0
2013-02-28,28200.0,,250160.0,52100.0,1094915.0,160075.0,3865640.0,36977000.0,328801070.0,278600.0,76656698.02329233,,297360.0,,2784630.0,69248021.5,353071140.0,231000.0,,129934.6275,221603370.0,0.0,1199080.0,0.0,283816.5,1138876.0,79221000.0,,2022100.0,98450.0,4993470.0,,195720.0,321300.0,6298985.0,,30783120.0,1010568.0,44895.0,98970.0,,,169099.11,312651.69,18432.0,361039840.25,44932645.0,,2928380.0,989495.0,227730.0,125898651.0,504.0,149838000.0,1312623.0,966699.9999999999,,14575.0,,38100.0,143147.18249719878,17962854.5,54939.999991799996,70176.0,9510710.0,13771080.1962,,,,,,,6876390.0,2701791.0,72842230.0,36165864.15,,275240.0,100000.0,48500.0,,,873180.0,272550.0,,,,563870.0,221755.0,2317880.0,27901339.5,,,,22050.0,65810902.5,,,26100.0,18132702.0,1542750.0,,,17125160.0,3021595.5,52780.0,1277125.0,47050221.75,24600.0,39830310.0,5140000.0,,5660092.0,,98687.5,19935.0,89866580.0,1625930.5,2550480396095.0,2550480396095.0,99000.0,150000.0,37491705.0,,,2495330.0,85287070.0,,34300.0,,1152355.0,10147860.0,95370855.0,,4617837.0,11570850.0,,1684550.0,89150.0,113950446.56915,,,12923347370120.0,257750.0,482928.0,12923347370120.0,,,,105450.0,104133960.0,,74510.0,7473.5,20095026499655.0,20095026499655.0,464205.0,1820723.0,927000.0,456320.0,38250.0,,98818196.5,66168578.7,95488.5,21000.0,14225.000000000002,490.00000000000006,,38100.221300000005,26244.0,17825860.0,10809555.0,48675.0,1052310.0,2110010.0,1052310.0,221668.25,43497204.0,5152460.0,,,11040.0,33262056.0,9628207036120.0,13822070.0,2902050.0,137638.8,375040.0,,,2007060.0,8855.0,303620.0,,216204193.20499998,,273020530.0,135730582.0,161000.0,11050.0,,373470.0,9628207036120.0,932885.25,53755.0,,202007689.5,955090.0,,118400.0,82252032.5,3760911.245,,12633945.0,9556349.4,34400.0,546815.0,48970.0,2589800.0,750200.0,3309855.0,14810750.0,85010.0,,1548715.0,120932528.835,29982.000000000004,154436157.0,,334704.0,203126115.0,397800.0,2225845.0,196939.71000000002,30066.3,30053532.0,,200600.0,25000.0,89131512.5,,3427373.7875000006,,,,,,181286.0,,,,,11269050.0,9525.0,4174258844540.0,4174258844540.0,487920.0,5611000.0,61690221118080.0,9034000.0,,90652797.0,6588875.0,18402539.0,22599.999999999996,23000.0,6130275.0,66024780.0,299200.0,4715930.0,397950.0,,,27620546.864,96675732.118,2418445068645.0,1083559.2636,83220.0,5200.0,2259910.0,132300.0,,467180.0,185130.0,1144510.0,248766764.0925,78232880.0,123245250.0,7477146.25,3411267.0,,,,,,,,231134684.0,12000.0,92000.0,147230.0,,,12757240.0,,42350.0,132160.0,2418445068645.0,67620.0,11900.0,,1580055.0,325497045.0,25000.0,,,18412724.6105,105300.0,765000.0,173102096.75,206250.0,484160.0,65574379.5,5111490.0,1818490.0,57645.0,18384828.0,249375.0,,172150.0,,2260380.0
2013-03-31,16245.0,,114400.00000000001,52750.0,850850.0,502250.0,2523300.0,16695000.0,369992340.0,52805.0,69438050.08642717,,171830.0,,2221800.0,81187037.0,571456860.0,72775.0,,50625.0,448774200.0,0.0,513799.99999999994,0.0,617899.5,492788.00000000006,126460800.0,,1134980.0,46200.0,1022180.0,,184650.0,170000.0,4936770.0,,55078700.0,227290.0,24250.0,51840.0,,,297600.0,288401.64,12450.0,541270620.0,37470310.0,,3602280.0,2521640.0,196979.99999999997,308089600.0,2750.0,206683800.0,510332.69999999995,345000.0,,6325.0,,6760.0,51568.09875170533,23059627.5,107529.9999543,126270.0,1911959.9999999998,4699971.431100001,,,3400.0,,,,2750000.0,3088000.0,24877990.0,38274053.4,,158650.0,606300.0,1334750.0,,193500.0,1511625.0,1902043.0,,,,1289055.0,148739.99999999997,1223800.0,29365820.0,,,,6573.0,31011087.5,,,25200.0,10977120.0,1360000.0,,,30263100.0,3584640.0,30600.0,141675.0,49527112.5,170100.0,15618000.0,2862887.5,,1419498.0,,366550.0,103200.0,86324410.0,1005156.0,2861044861620.0,2861044861620.0,90450.0,,57158640.0,,,8394880.0,54192645.0,,14220.0,,608970.0,12746680.0,84536650.0,,2125500.0,4455000.0,,1470600.0,164780.0,155262665.473,,,15611217144570.0,2224690.0,454948.0,15611217144570.0,,,,78740.0,156506250.0,,272205.0,10691.0,22828467146540.0,22828467146540.0,438180.0,453700.0,207630.0,555845.0,137800.0,,75107136.0,92728701.45,4879.0,16000.0,67600.0,15809.999999999998,,4979.6268,19800.0,15107400.000000002,6550399.999999999,15900.0,156520.0,495320.0,156520.0,668660.6,30928336.0,3112473.0,,,42160.0,34489260.0,7109128571350.001,4765800.0,4285600.0,73476.0,1036020.0,,,1114750.0,3600.0,200880.0,,310949921.84000003,14780150.0,297062640.0,134897720.0,89925.0,14000.0,59935.0,217620.0,7109128571350.001,420585.0,28600.0,,182528136.0,479940.0,,64750.0,93227520.0,5172738.75,,4853680.0,12059398.8,52000.0,584080.0,28000.000000000004,506100.00000000006,669900.0,2509310.0,3362599.9999999995,49000.0,,1146150.0,28454304.0,68620.0,129665984.0,,395789.0,157490450.0,133000.0,823125.0,275110.0,75500.0,19640640.0,,547200.0,54867.5,62179590.0,,15464412.158,,,,10020.0,,39380.0,,,,,516480.0,8682.0,5138825809040.0,5138825809040.0,61265.0,13758815.478,72625942522080.0,,,61026372.0,3918720.0,53263126.0,15820.0,270000.0,3873600.0,77154440.0,407160.0,12339240.0,155000.0,,,16496211.756,66780018.910000004,3282023372010.0,485328.53909999994,113300.0,96090.0,1237680.0,36600.0,,680000.0,202100.0,20954400.0,422288686.30799997,89979880.0,213443250.0,1221862.5,2851714.25,,,,,,,,320559840.0,137940.0,51810.0,60029.99999999999,,,5073750.0,,93379.99999999999,60570.0,3282023372010.0,151300.0,2200.0,,839345.0,585431790.0,100000.0,,,7265996.54,198900.0,521600.0,305934915.0,98250.0,761900.0,117596795.0,3309000.0,556320.0,25228.0,15377316.0,213749.99999999997,,199650.0,,565250.0
2013-04-30,19580.0,,102715.0,4000.0,403920.0,88440.0,4368470.0,77495760.0,350836120.0,80600.0,46172878.958359644,,150640.0,,1729139.9999999998,78180060.0,388015540.0,87740.0,,46807.47,387514530.0,0.0,260440.00000000003,0.0,224779.0,238000.0,138617990.0,,3699280.0,58800.0,421730.0,,134700.0,298000.0,2304000.0,,13433140.0,393000.0,215190.0,250800.0,,,295925.67,101898.0,26800.0,336813137.5,82235040.0,,40234920.0,2319200.0,223380.0,106779800.0,26019.0,234918090.0,418500.0,363000.00000000006,,7145.0,,9128.0,22812.29999932905,35986528.0,13799.999994,45955.0,9625218.0,3950653.072,,,,,,,2888550.0,2068449.9999999998,122432560.0,18194346.9,,1282440.0,181154.5,77150.0,,5400.0,1091530.0,2287800.0,,,,335980.0,422100.0,561000.0,21043944.9,,,,13775.0,25155262.5,,,20715.0,12377192.0,1062600.0,,,22556880.0,3793840.0,31240.0,233600.0,25560480.0,16400.0,56265920.0,1560000.0,,3104640.0,,49000.0,75295.0,63071650.0,821125.0,2280691695600.0,2280691695600.0,57100.0,40375.0,52442700.0,,,3012989.9999999995,36601301.0,,21100.0,,299880.0,23412780.0,59856580.0,,2452650.0,10885840.0,,1377000.0,77724.0,124162894.80019999,,,15245917972120.0,1907893.0,1044900.0,15245917972120.0,,,,52650.0,119035950.0,,383800.0,14090.0,27948026166480.0,27948026166480.0,227009.99999999997,309918.0,474600.0,524600.0,54000.0,,56648750.0,77215711.65,57200.0,18600.0,97500.0,1060.0,,42801.59895,18700.0,17949200.0,4190490.0,45000.0,153080.0,126440.0,153080.0,427672.2,17379920.0,6915720.0,,,5820.0,342561644.0,5735491142360.0,6178200.0,1670400.0,65481.0,530100.0,,,627300.0,51750.0,113700.0,,205052673.42,2431680.0,196120700.00000003,90950340.0,52500.0,29400.0,399430.0,213630.0,5735491142360.0,397402.5,30672.0,,194699000.0,191590.0,,27930.0,96467265.0,12883392.5,,2116310.0,9978476.4,396675.0,109440.0,76800.0,824000.0,281600.0,2493820.0,3662400.0,122500.00000000001,,612750.0,15914027.25,12600.0,77302956.0,,372129.0,136965545.0,180000.0,564920.0,236600.36399999997,125332.00000000001,16130326.0,,323400.0,2750.0,62338000.0,,32489208.297,,,,14121.0,,71032.0,,,,,206315.0,56108.00000000001,4034709031000.0,4034709031000.0,91725.0,13747500.0,71866998421280.0,,,40199768.0,2522850.0,29926146.0,7050.0,262340.0,9784330.0,81418865.0,240699.99999999997,1652520.0,60400.0,,,23712366.04,73997416.54200001,3168786213010.0,178864.0064,474985.0,5400.0,1131520.0,20250.0,,945120.0,201412.5,7999200.0,447316806.5535,92744320.0,115850350.0,128062.5,2177154.0,,,,,,,,203177132.0,47145.0,102525.0,32000.0,,,6769840.0,,195510.0,123000.0,3168786213010.0,3464300.0000000005,52125.0,,385900.0,466983470.0,104000.0,,,9722730.384,97500.0,94400.0,219942918.0,100227.5,742900.0,90829314.0,3796650.0,3973769.9999999995,14880.000000000002,9647400.0,125675.0,,47375.0,,303600.0
2013-05-31,16240.0,,144975.0,9000.0,559450.0,150750.0,5103000.0,70801960.0,271949600.0,79915.0,44842358.37282253,,527190.0,,874720.0,70768050.0,512602425.0,203850.0,,89740.1925,396313860.0,0.0,448900.0,0.0,364800.0,485805.0,97930250.0,,1949640.0,28560.0,277090.0,,106400.0,130199.99999999999,652750.0,,15703020.0,182090.0,73410.0,75950.0,85332376.796,,205398.42,135000.0,12760.000000000002,296036587.0,32450560.0,12000.0,15692040.0,530640.0,195300.0,71838750.0,3240.0,221332095.0,496800.0,288400.0,,103800.0,,6886.0,72283.67999964215,53539063.5,122360.0000161,57868.0,4626006.0,9518825.2728,,,7305.0,,,,2048550.0,348000.0,76932808.0,27185394.6,,615760.0,126075.0,140250.0,,146050.0,358800.0,4559380.0,,,,211030.0,133400.0,447000.0,14938501.6,,,,10437.5,26258175.0,,,20160.0,16755776.0,819000.0,,,6000660.000000001,2641000.0,7140.0,937600.0,42347025.0,24900.0,37807290.0,1215060.0,,3523138.0,,169925.0,79600.0,51876180.0,603839.0,34865511330.0,34865511330.0,155550.0,103740.0,53417700.0,,,1687140.0,48487740.0,,42690.0,,356250.0,10763280.0,75031560.0,,1633720.0,9026606.0,,838100.0,378000.0,215277828.39699998,,,863701080000.0,7072289.999999999,1432080.0,863701080000.0,,,,52880.0,183710079.0,,192390.0,10605.0,2194514336100.0,2194514336100.0,134200.0,321280.0,800800.0,3184650.0,28050.0,,71006530.0,100707396.3,156996.0,9500.0,27790.0,28200.0,,57605.28205,24300.0,21988300.0,11065340.0,23820.0,211380.0,124850.0,211380.0,260036.0,24373320.0,4986480.0,,,38390.0,241759540.0,17770272315640.0,4760800.0,1582000.0,23002.2,201255.0,,,1935680.0,65400.0,67515.0,,331686676.95000005,497200.0,251806800.0,168915936.0,275157.5,315000.0,301320.0,756700.0,17770272315640.0,425865.0,27026.0,,328650790.0,417690.0,,22550.0,63112880.0,11923113.62,,1608750.0,5501568.600000001,74700.0,268620.0,87425.0,4811600.0,3265000.0,2689740.0,6472400.0,53400.0,,535360.0,9853554.059999999,37412.0,81723312.0,,227700.0,127279695.0,128700.0,470249.99999999994,195175.10100000002,1023116.0000000001,14114711.0,,968400.0,1100.0,77173250.0,,5868365.0,,,,8764.0,,135042.0,,,,,124000.0,15600.0,689078338170.0,689078338170.0,223960.0,5309920.431,14147207832680.0,,,29855880.0,3342000.0,33383122.5,11399.999999999998,41650.0,11599400.0,80247830.0,182480.0,1858900.0,35815.0,,,23022034.132,115447708.236,468038150910.0,149492.927,363519.99999999994,21280.0,1617000.0,270000.0,,669900.0,347587.5,4463280.0,378686020.41925,65021490.0,56979087.00000001,823597.5,2102125.0,,,,,,,,228215530.0,40550.0,60313.5,46420.0,,,10300800.0,,82740.0,706560.0,468038150910.0,872620.0,54820.0,,394350.0,442721280.0,270000.0,,,8307809.535,84675.0,214500.0,277877760.0,90350.0,315840.0,75816905.0,5281640.0,6569030.0,36750.0,14656800.0,105000.0,,48600.0,,474600.0
2013-06-30,33750.0,,29330.000000000004,30750.0,1575600.0,48620.0,2135710.0,27634060.0,419261955.0,30250.0,33421175.83435488,,338635.0,,425100.0,133819750.0,436925060.0,104095.0,,77500.155,457425780.0,0.0,152500.0,0.0,214170.0,1033600.0,150853420.0,,1614750.0,14145.0,111345.0,,32300.0,147600.0,404040.0,,17825046.0,260400.0,40850.0,71740.0,23172500.0,,19499.850000000002,35559.72,17200.0,437396036.0,27188099.999999996,,4872010.0,216599.99999999997,253500.0,82616352.0,8100.0,230712000.0,314585.69999999995,129825.0,,52125.0,,,47436.16499976516,24241072.5,34519.99998865,10566.0,1081875.0,6259616.2724,,,1827.0,,,,1769280.0,651348.0,117348209.99999999,32540150.5,,282080.0,156000.0,165000.0,,23400.0,751740.0,1169600.0,,,28315530.0,247215.0,41680.0,505920.0,18073085.9,,,,9289.75,16037927.5,,,32410.0,19118560.0,374300.0,,,2896140.0,1452800.0,8750.0,148400.0,36510552.0,80540.0,42039000.0,8137500.0,,3355935.9999999995,,143750.0,60566.0,48617799.99999999,1001655.0,3020056993540.0,3020056993540.0,248500.0,,40537040.0,,750499.5,593320.0,62509720.0,,39825.0,,404200.0,8386810.0,152732450.0,,639744.0,1821138.0,,1179200.0,113046.0,232283407.04839998,,,16075066022849.998,1405250.0,1610000.0,16075066022849.998,,,,43500.0,175661805.0,,93440.0,31705.0,24685800926280.0,24685800926280.0,59500.0,396600.0,619180.0,557190.0,22500.0,,107869696.00000001,51366848.4,41702.0,140500.0,57065.0,21280.0,,68539.37654999999,4411.5,22146400.0,5273400.0,32500.0,65280.0,165760.00000000003,65280.0,190168.0,12987360.0,5702526.0,,,8220.0,175315680.0,3282488641280.0,1738400.0,600600.0,32994.0,85020.0,,,1659800.0,6954.999999999999,22605.0,,415448827.84000003,270000.0,338899200.0,159670500.0,153400.0,9000.0,99850.0,84150.0,3282488641280.0,174462.75,60570.0,,276224578.0,138360.0,,25900.0,143430500.0,11565450.92,,747840.0,10607090.4,78500.0,120600.0,53260.0,2442600.0,1039500.0000000001,1051600.0,7628399.999999999,60000.0,,202949.99999999997,5199242.76,53120.0,88670268.0,,78740.0,234431350.0,502050.0,138180.0,148500.27500000002,76366.14,19624020.0,,267300.0,2100.0,77049258.0,,2009970.0,,,,6624.0,,81100.0,,,,,95040.0,1924.0,4852455557700.0,4852455557700.0,1964000.0,6085575.0,75110402110520.0,,,29081456.0,2269432.0,66111200.0,24900.0,64750.0,6740586.0,103641440.0,213740.0,1218570.0,201120.0,,,15996000.0,157873487.81399998,2918749283700.0,778959.786,88750.0,3720.0,347070.0,15750.0,,247900.0,290125.0,1902979.9999999998,416655620.226,196711360.0,87502770.0,82000.0,5313937.5,,,,,,,,538115160.0,41165.0,82000.0,17900.0,,,2615710.0,,56950.0,451360.0,2918749283700.0,239700.0,14700.0,,278740.0,602892400.0,,,,16539027.248000002,27370.0,113300.0,415499240.0,67280.0,116000.0,60756160.0,2890140.0,2261000.0,23100.0,12152972.0,7050.0,,38500.0,,243200.0
2013-07-31,5070.0,,65100.0,61500.0,242880.0,7400.0,136925.0,15471950.0,234580050.0,22140.0,28289702.59437988,,374495.0,,256490.0,38225000.0,263473380.00000003,52560.0,,134427.58500000002,227090420.0,0.0,12760.0,0.0,60332.0,366800.0,48938350.0,,1449660.0,14280.000000000002,144915.0,,87980.0,68300.0,297370.0,,5273532.0,14263.0,43700.0,8160.000000000001,9040307.463,,135400.8,36000.0,5460.0,210046854.0,19694415.0,22000.0,2721420.0,91000.0,124450.0,85394520.0,5300.0,99294804.0,259380.0,41600.0,,8386.0,,,25623.51749918722,11942128.5,90959.99997205,29109.0,310880.0,4555640.7546,,,3029500.0,,,,567760.0,57288.0,97758624.0,14308037.4,,109975.0,78000.0,104000.0,,1348.0,781200.0,6098340.000000001,,,18114200.0,117180.0,59545.0,1184658.0,9571030.4,,,,970.5,9006310.0,,,6895.0,6656650.0,202300.0,,,418950.0,796536.0,8600.0,4640.0,10425510.0,96600.0,24680436.0,10555275.0,,527565.0,,122000.0,44100.0,36323276.0,1876225.0,1740916876020.0,1740916876020.0,61800.0,,26596760.0,,702999.0,798000.0,22110374.0,,6420.0,,183300.0,10385760.0,51780000.0,,99597.5,1707560.0,,1501500.0,52745.0,85046502.8952,,,9385072300800.0,345600.0,423176.0,9385072300800.0,,,,24300.0,94984064.0,,104430.0,8000.0,14223061835840.0,14223061835840.0,13310.0,160290.0,38082.0,2118690.0,50000.0,295960.0,82161595.0,31499344.8,16128.0,15000.0,15000.0,79500.0,,30601.446600000003,10728.0,30925960.0,9194530.0,102000.0,48100.0,136800.0,48100.0,100000.0,25672415.999999996,631701.0,,,15180000.0,78485200.0,2187655394280.0,5611000.0,1082650.0,9172.8,224000.0,,,1061130.0,9200.0,63430.0,,254407111.62,195000.0,176398920.0,109156320.0,154800.0,3350.0,64125.0,276080.0,2187655394280.0,215730.0,20800.0,,212948450.0,96290.0,,34700.0,41421900.0,1790308.13,,2737920.0,3013963.1999999997,35100.0,118100.0,45000.0,902500.0,63000.00000000001,2960940.0,2872000.0,76000.0,1058468.33,362220.0,560520.0,53200.0,28115408.0,,44711.5,101305210.0,200100.0,111150.0,502180.844,56620.45,8250600.0,,157500.0,1563.0,28665605.999999996,,1112595.0,,,,4338.0,,11415.0,,,,,32870.0,1691.9999999999998,2751189701920.0,2751189701920.0,237695.0,1710041.489,45465723920700.0,,,14901600.0,2288020.0,17808660.0,30000.0,104000.0,4688127.0,66975300.0,102000.0,4261510.0,44250.0,,,6729360.0,122047982.99200001,1840642124880.0,168787.93279999998,3385.0,4960.0,207600.0,14010.0,,63720.0,447442.5,433840.00000000006,242430720.0,52635440.0,62150520.0,1065400.0,6010680.0,,,,,,,,270260396.0,97200.0,19600.0,17600.0,,,4485520.0,,136150.0,143285.0,1840642124880.0,113420.0,14400.0,,17917.0,394545060.0,,,,2485772.2120000003,4875.0,120000.0,201798000.0,35310.0,177945.0,30066750.000000004,411320.0,248809.99999999997,14960.0,7800000.0,19285.0,,72800.0,,462500.0
2013-08-31,15210.0,,18000.0,42880.0,384300.0,65520.0,429400.0,10584000.0,245458220.0,13475.0,21826859.5812387,,120720.0,,183180.0,41890820.0,422450600.0,31245.0,,116499.75,331448880.0,0.0,44250.00000000001,0.0,72760.0,208080.0,51022225.0,,544580.0,6250.0,206040.0,,102630.0,39650.0,277970.0,,3404460.0,59500.0,5360.0,11200.0,10722792.0,,43500.0,15660.0,19287.0,154866840.0,26776001.999999996,,3079450.0,44000.0,86790.0,34478850.0,20625.0,151355454.0,697190.3999999999,83750.0,,5500.0,,,22334.970000658534,24642396.0,156779.9999799,59775.0,412363.0,5127116.190400001,,,10081300.0,,,,564480.0,51213.0,70770000.0,21951092.8,,247940.0,76500.0,,,42900.0,506910.0,610200.0,,,6795250.0,189900.0,25080.0,231920.0,7999224.0,,,,25500.0,3986979.0,,,51600.0,8137043.999999999,483700.0,,,2431330.0,2329800.0,8750.0,,12824459.999999998,20400.0,9792510.0,4563300.0,,362930.0,4965900.0,151575.0,67230.0,23095050.0,575000.0,2155194710100.0,2155194710100.0,162750.0,70000.0,24069600.0,,416848.95,678420.0,24974950.0,,14700.0,,154700.0,7955200.0,70890600.0,,276250.0,4971405.0,,1282400.0,652720.0,140025875.097,,,12031996598340.0,623250.0,123532.0,12031996598340.0,,,,42750.0,115057960.0,,77075.0,34690.0,14642141375900.0,14642141375900.0,87250.0,283550.0,80400.0,3217200.0,13800.0,44250.0,130404804.00000001,41520105.9,70180.0,,14400.0,,,27280.87145,17050.0,26155800.0,6566490.0,48600.0,69000.0,122200.0,69000.0,86979.84,13917470.000000002,1500048.0,,,12000.0,129365585.99999999,1626386781920.0,1602000.0,452100.0,53125.799999999996,62500.0,,,594000.0,57950.0,15330.0,,344017894.67999995,43550.0,245798930.00000003,189084143.99999997,99665.0,,40250.0,414775.0,1626386781920.0,317100.0,66500.0,,161099500.0,172000.0,,9200.0,69562515.0,1404099.6,,790600.0,2459404.8,332000.0,170000.0,60900.0,485999.99999999994,152000.0,516200.0,4691700.0,22800.0,289198.8,402220.0,1805044.905,56000.0,26731250.0,,106200.0,133557760.0,59500.0,46000.0,82439.94,54957.4,6968513.999999999,,224750.0,,48308250.0,,466950.0,,,,4392.0,,11880.0,,,,,83050.0,2354.0,3243908869550.0005,3243908869550.0005,162016.0,1644800.0,49059808138290.0,,,9663008.0,1799412.0,16243708.0,15959.999999999998,32760.0,7498789.999999999,36337700.0,489600.0,2501010.0,41475.0,,,10917382.32,113281425.0,1804488309710.0,224604.0918,130540.0,10540.0,305600.0,12400.0,,62615.0,604900.0,321750.0,435609798.463,33192696.0,51205275.0,423900.0,11135498.0,,,,,,,,263902416.00000003,52500.0,10000.0,50400.0,,,1589980.0,,273000.0,37621600.0,1804488309710.0,107130.0,14270.0,,16500.0,414959260.0,,,,2508867.684,11340.0,44200.0,332493435.0,113050.0,98800.0,53056738.0,810120.0,294580.0,8950.0,2602080.0,51700.0,,31350.0,,182500.0
2013-09-30,5725.0,,22000.0,10000.0,117739.99999999999,17400.0,647220.0,7655500.0,299692575.0,12400.0,8042030.318233073,,55770.0,,114400.0,67776800.0,324368625.0,63000.0,,25299.945,327054600.0,0.0,17050.0,0.0,219912.0,128800.00000000001,69637000.0,,670500.0,12760.0,42000.0,,29200.0,33000.0,216000.0,,7345728.000000001,132070.0,22000.0,40550.0,11075877.043,,35920.89,98398.79999999999,15695.000000000002,235949800.0,29043360.000000004,5500.0,9808320.0,107000.0,17100.0,100948140.0,2625.0,109956290.0,871654.98,69150.0,,22500.0,,,6124.964999714663,13988415.0,15200.000002,72535.0,824369.0,3283154.7006,,,2190.0,,,,436160.0,232892.0,38893080.0,18156402.0,,284280.0,275500.0,,,66000.0,120120.0,281190.0,,,1685950.0,213059.99999999997,29700.0,166400.0,8870736.0,,,,47095.0,2788205.0,,,15340.0,16332030.0,126400.0,,,273420.0,81066628.5,9600.0,136700.0,9274350.0,8530.0,5431020.0,1260000.0,,259159.99999999997,1148180.0,110200.0,46200.0,39804480.0,2260000.0,1787412528000.0,1787412528000.0,158100.0,21600.0,31093800.0,,121801.05,315790.0,18787080.0,,,,133300.0,1802880.0,121704225.0,,151248.0,7202900.0,,249199.99999999997,11767000.0,168823901.2042,,,11919385433200.0,115149.5,158750.0,11919385433200.0,,,,26460.0,126904050.0,,223200.0,,15732691592899.998,15732691592899.998,4800.0,334800.0,163750.0,1714300.0,10100.0,43000.0,132464025.0,105818564.25,11000.0,14000.0,36750.0,,,29880.6354,,18404600.0,4066400.0,51615.0,85880.0,1866945.0,85880.0,333824.0,13782600.000000002,1101825.0,,,49560.0,204971420.0,1369560183100.0,5098200.0,1021750.0,24523.2,42750.0,,,851130.0,14145.0,6750.0,,384704619.0,43275.0,161941680.0,181376830.0,162000.0,,32050.0,663705.0,1369560183100.0,117975.0,10530.0,,148978274.0,21560.0,,54050.0,67472895.0,2590763.15,,413180.0,3020230.8000000003,86325.0,247500.0,88325.0,127300.0,86000.0,100510.0,3373500.0,24000.0,98839.8,286350.0,733752.0,14960.0,17936640.0,,36840.0,98884800.0,118800.00000000001,67150.0,53999.880000000005,12565.23,15180056.0,,101500.0,15600.0,50376469.0,,1210209.0,,,,14400.0,,20810.0,,,,,59400.0,1110.0,2365598125540.0,2365598125540.0,130698.0,1067850.0,45984588940800.0,,,11032366.0,1356000.0,42080280.0,9440.0,25650.0,2341750.0,39228750.0,900000.0,1868500.0,63400.0,,,9591784.08,145811608.173,2358085230270.0,79139.17319999999,90000.0,2480.0,46500.0,74795.0,,48000.0,214665.0,415400.0,403997800.0,31201580.0,33605748.0,313455.0,6044500.0,,,,,,,,268014708.0,50125.0,19100.0,12375.0,,,2805340.0,,190000.0,5893580.0,2358085230270.0,103499.99999999999,15260.0,,25920.0,449492680.0,397500.0,,,1100120.046,28090.0,81400.0,268633260.0,63037.5,950690.0,34612920.0,602250.0,273420.0,27900.0,9469410.0,9040.0,,15200.0,,53950.0
2013-10-31,5100.0,,14425.0,60000.0,76260.0,14130.0,247500.0,8139600.0,280488450.0,112200.00000000001,5534245.167172643,,50250.0,,116420.0,52828060.0,308041995.0,131000.0,,46655.100000000006,263622990.0,0.0,7560.000000000001,0.0,43128.0,509780.0,54371129.99999999,,418840.0,11160.0,60500.0,,123900.0,12400.0,152490.0,,4703100.0,126500.0,75600.0,57500.0,5749658.979,,36490.409999999996,70440.0,23108.0,207220685.0,35434404.0,,14336639.999999998,3385900.0,22480.0,41038200.0,15300.0,81480000.0,506241.9,24100.0,,9960.0,,,5473.518749905894,5665800.0,53550.0000266,29224.0,416405.0,2423986.0368,,,8760.0,,,,542230.0,73100.0,96048810.0,11673774.4,,171360.0,40500.0,52000.0,,138000.0,612150.0,340680.0,,,4259400.0,172430.0,27600.0,69795.0,11365068.8,,,,15400.0,10897731.0,,,10750.0,8660404.0,205800.0,,,304950.0,219044112.0,12000.0,134200.0,9175212.0,143400.0,6326456.0,6627912.5,,692899.9999999999,627150.0,26512.5,44700.0,44800800.0,1120000.0,1388716828140.0,1388716828140.0,33000.0,152955.0,19311000.0,,204351.0,249600.0,19106800.0,,6300.0,,273000.0,3015110.0,74528625.0,,235620.0,1951917.5,,600600.0,14704330.0,193650589.1664,,,9951317007870.0,115322.5,505176.0,9951317007870.0,,208962.0,,26550.0,133060200.0,,110710.0,3600.0,15026815683599.998,15026815683599.998,29250.0,218850.0,108000.0,837615.0,55500.0,41325.0,90282230.0,83646475.5,30952.5,37500.0,28800.0,93120.0,,16700.08725,13192.0,11558400.0,6403500.0,159000.0,243200.0,1408830.0,243200.0,1590543.4000000001,15727720.0,1380184.0,,,3980.0,169962104.0,1458709211400.0,4383800.0,796400.0,16224.0,145950.0,,,41088780.0,22705.0,18760.0,,311114909.21,33070.0,136731600.0,158311040.0,132280.0,,76000.0,510999.99999999994,1458709211400.0,174300.0,36000.0,,270140640.0,62250.0,,17920.0,35848060.0,2481367.41,,683100.0,3616844.4,33000.0,106225.0,26400.0,702500.0,62000.0,1024920.0,5411200.0,9950.0,62097.3,212930.0,1503323.8350000002,86328.5,13810740.0,,254799.99999999997,134781480.0,78000.0,41500.0,124992.38399999999,74800.68000000001,16502900.0,,76275.0,5711.5,27691740.0,,2222080.0,,,,8750.0,,105600.00000000001,,,,,234000.0,9355.0,2446386702120.0,2446386702120.0,211185.0,702883.411,50015468292000.0,,,7609446.000000001,1286220.0,12903800.0,9400.0,40090.0,5257773.0,49344750.0,1780000.0,1322000.0,25440.0,,,9474309.652,83547303.431,2882087274880.0,208720.18795,40260.0,11160.0,405440.0,5650.0,,53850.0,190600.0,738990.0,178501851.561,40776280.0,19883520.0,384500.0,11133650.0,,,,,,,,192399480.0,31500.0,41400.0,4920.0,,,11654520.0,,167580.0,1622880.0000000002,2882087274880.0,45120.0,23000.0,,25296.0,681213120.0,2700.0,,48467496.60000001,998594.3500000001,19900.0,54400.0,435159360.0,24607.5,609270.0,28187070.0,510000.0,372040.0,13200.0,8459906.0,25705.0,,30975.0,,62050.0
2013-11-30,22850.0,,9500.0,40850.0,121799.99999999999,126036.0,223039.99999999997,13943175.0,221090947.5,14475.0,14531566.874084478,,215160.0,,576200.0,49535023.5,292874980.0,212135.0,,265799.775,274629565.0,0.0,83000.0,0.0,66300.0,236310.0,48693562.5,,435565.0,10240.0,43200.0,,161320.0,28800.0,379650.0,,6086608.0,246775.0,53760.0,46620.0,6616412.605,,43890.57,36000.0,1800.0,154251021.0,32784732.5,,5520355.0,5064135.0,14750.0,27966731.0,208034.0,135445070.0,267840.0,73600.0,,4200.0,,,12719.699999615386,5993823.75,41820.0000141,54240.0,162887.5,2070846.5259000002,,17919247.728,11400.0,,,,337900.0,24945.0,38928569.0,19768049.55,,140910.0,100000.0,,,13500.0,689475.0,240960.0,,,3399200.0,734715.0,20400.0,25091.5,12031797.3,,,,14742.0,15115818.5,691650.0,,,4057032.5,92400.0,,,790785.0,73838456.0,9600.0,115950.0,5258825.25,336000.0,6298610.0,4180005.0,,198200.0,393885.0,200700.0,43260.0,54471310.0,1135000.0,1854846846000.0,1854846846000.0,47250.0,16155.0,19181260.0,,52529.985,134550.0,27878655.0,,6480.0,,118875.0,6568525.0,120102765.0,,157290.0,3211200.0,,253500.0,3915165.0,173209011.79735,,,10851101776585.0,164295.0,1761152.0,10851101776585.0,,176564.5,,39850.0,191977617.0,,47500.0,22525.0,14110064367730.0,14110064367730.0,8800.0,151110.0,110620.0,730200.0,14399.999999999998,195990.0,91773632.5,279095269.95,22500.0,18000.0,23000.0,,,13855.7585,625471.0,5548600.0,2819500.0,52625.0,34080.0,1706250.0,34080.0,1366662.84,6217375.0,1200756.0,,,9125.0,144772700.0,1461344539845.0,1425600.0,268600.0,17971.2,66460.0,,,24243880.0,12000.0,3150.0,,471262751.64,22575.0,152221375.0,123787900.0,134300.0,,90000.0,285200.0,1461344539845.0,243705.0,14480.0,,98777945.0,59370.0,,23000.0,34684455.0,9537531.07,,622770.0,10627164.0,44275.0,174000.0,12300.0,403199.99999999994,288250.0,1160805.0,1722150.0,10200.0,87900.29999999999,325380.0,609692.7,8160.0,38393075.0,,120399.99999999999,166400832.5,192200.0,52500.0,103200.23999999999,53393.815,9012780.0,,242500.0,8099.000000000001,19997062.0,,1385422.5,,,,3791.0,,33965.0,,,,,471780.0,2072.0,2611717497295.0,2611717497295.0,545225.0,2294992.6459999997,51291744898610.0,,,6137772.0,987755.0,22403510.0,66380.0,81800.0,5012395.0,62991540.0,2610000.0,872040.0,3538200.0,306143357.0,,14919980.478,82115692.428,3448986765900.0,197959.9314,75000.0,96720.0,175370.0,3098.0,,153120.0,442175.0,826300.0,238288727.314,12912631.5,42142206.25,185570.0,3433072.5,,,,,,,,311677711.0,36500.0,46000.0,36740.0,,,4271360.0,,212700.0,1014125.0,3448986765900.0,187530.0,39600.0,,30140.0,514437995.0,,,1777694.3250000002,2907303.355,3420.0000000000005,15000.0,253375890.0,22475.0,284650.0,40382146.0,1712920.0,451290.0,7616.000000000001,4634000.0,14885.0,,39725.0,,93600.0
2013-12-31,10650.0,,56400.0,81050.0,190000.0,160057.0,398895.0,12238275.0,190638450.0,13455.0,6739158.611488839,,,,343805.0,76788705.75,234877487.5,121960.0,,60450.0,307876345.0,0.0,17050.0,0.0,47256.0,148954.0,74721370.0,,490880.0,10275.0,87500.0,,175740.0,16550.0,257760.0,,7641392.0,168696.0,101900.0,117760.0,5196568.7245000005,,26400.000000000004,107342.535,4196.0,204094155.0,14604442.5,,6179740.0,1962010.0,41000.0,33982002.0,,115553268.75,30801.12,99240.0,,39000.0,,,170564.100012506,8495653.0,80199.99998174999,14820.0,1351972.0,1211067.7368,,2583092.466,16000.0,,,,251400.0,62160.0,19662755.0,5561443.2,,54590.0,475000.0,,,13050.0,84800.0,121235.0,,,1523717.5,415227.5,41280.0,95644.5,15998569.25,,,,3534.0,9106199.0,68850.0,,15720.0,4084234.5,70200.0,,,1087840.0,58573220.0,10650.0,11850.0,4759635.0,117000.0,11247795.0,1247260.0,,64100.0,146290.0,139375.0,58035.0,23885940.0,801550.0,1392708898055.0,1392708898055.0,72500.0,,65679520.0,2354131.03475,15180.0,340190.0,21835962.5,,4260.0,,40125.0,3147245.0,94998325.0,,1300894.0,1565850.0,,82700.0,340480.0,98497753.9427,,,8015021441560.0,93765.0,752776.0,8015021441560.0,,128325.0,,25780.0,104029545.0,,75600.0,18220.0,11459488991650.0,11459488991650.0,72000.0,217160.00000000003,68860.0,339160.0,15000.0,33300.0,108082743.0,114016029.225,5580.0,9150.0,25200.0,7200.0,,59395.366799999996,59200.0,1157575.0,615300.0,,37500.0,1690650.0,37500.0,100016.0,4412440.0,951927.0,7393980.0,2048000.0,8940.0,54578772.0,1056279458880.0,569850.0,72000.0,22649047.2,68292.0,,,4898085.0,21441.0,24120.0,,361255919.235,21600.0,133273045.0,85321508.0,93480.0,22750.0,55050.0,119770.0,1056279458880.0,183480.0,23750.0,,92880305.0,44080.0,,226600.00000000003,40007700.0,9721132.325,,1138575.0,3109485.6,16050.0,137250.0,36850.0,494250.0,190000.0,1212160.0,4002000.0,6400.0,50590.8,327540.0,214944.0,,31470123.0,,27795.0,153902580.0,122750.0,16200.000000000002,226870.479,36399.72,6233540.0,,95400.0,196514.5,11663712.5,,1028020.0,,,,4400.0,,14115.0,,,,,117800.0,6476.0,2012039468780.0,2012039468780.0,224010.0,4545085.0,38949875461885.0,5857000.0,,3889935.0,711109.0,8065182.5,3200.0,15600.0,3172229.5,40719435.0,43500.0,951800.0,463659.0,88230380.0,,14413676.236000001,75390635.0,2178179337240.0,99514.899,54250.0,3660.0,250470.0,3900.0,,1527340.0,266805.0,156000.0,186993460.0,17044951.5,21131958.5,798222.0000000001,2377440.0,,,,,,,,172938690.0,85805.0,43025.0,61500.0,,,1682860.0,,191950.0,206115.0,2178179337240.0,27895.0,16975.0,,45547.0,420211455.0,57500.0,,388587.07499999995,3775862.4119999995,92000.0,71200.0,254965003.0,56570.0,102380.0,26590179.0,1117950.0,93840.0,33500.0,2020192.5,6270.0,,47900.0,,33000.0
2014-01-31,11875.0,,27700.0,76500.0,245000.0,70180.0,462060.0,3849000.0,193640800.0,15750.0,17223413.44375757,,,,323400.0,31148100.0,205826250.0,47500.0,,50075.0,278010075.0,0.0,225000.0,0.0,33515.0,120990.0,93419445.0,,150170.0,9350.0,71910.0,,445140.0,224000.0,363780.0,,17558448.0,125500.0,30000.0,84655.0,4559040.0,,103613.55,174792.27,1925.0,378457395.0,14502912.0,,3014659.9999999995,556000.0,24000.0,16432534.0,,112404212.5,149100.0,97565.0,,15405.0,,,22345.574999783374,4673825.0,7899.999998,47796.0,1224006.5,1441609.9001,,1867461.786,2600.0,,,,112180.0,29447.999999999996,22058400.0,11751258.0,,84940.0,1839.9999999999998,157500.0,,11005.0,60430.0,81000.0,,,2138500.0,259439.0,66150.0,368160.0,15789155.8,,,,5276.0,13248199.0,24960.0,,,9688306.0,69550.0,,,988080.0,48439868.0,1525.0,47920.0,2699730.0,137700.0,1229600.0,1156100.0,,212160.0,153700.0,69212.5,43090.0,49014988.0,550000.0,1385120812760.0,1385120812760.0,87000.0,,16000289.999999998,657599.7945,330711.15,208210.0,19055007.0,,11880.0,,356000.0,2219520.0,111177360.0,,4095708.0,1645925.0,,183600.0,88780.0,62464258.9305,,,6597401131040.0,146950.0,40880.0,6597401131040.0,,76800.0,,27680.0,147996546.5,,42400.0,18500.0,10965715718399.998,10965715718399.998,61499.99999999999,81900.0,36765.0,313110.0,27600.0,329330.0,70010880.0,68218348.8,48875.0,33395.0,,,,22959.4596,19715.0,10168900.0,3355900.0,56000.0,65260.0,814000.0,65260.0,112238.0,5789849.999999999,1101030.0,255000.0,61650.0,3565.0,128308674.00000001,1700046575010.0,6835500.0,568800.0,4321075.2,224920.0,,,8556800.0,102590.0,7870.0,,285092839.32,69750.0,129833760.0,62008086.0,64800.0,,85500.0,80535.0,1700046575010.0,345075.0,15400.0,,100517960.0,81950.0,,33390.0,33005325.0,1286792.6400000001,,1183490.0,4414348.8,56575.0,47350.0,38500.0,124100.00000000001,62700.0,3180700.0,735900.0,150350.0,42544.799999999996,324000.0,353439.06,79560.0,16791600.0,,30250.0,71631300.0,177775.0,31200.0,999996.8,24266.480000000003,18337640.0,,31899.999999999996,629.0,21568750.0,,869028.0,,,,19560.0,,308100.0,,,,,109200.0,111870.00000000001,2186845499640.0,2186845499640.0,77084.0,1582950.0,33139557691680.0,,,10163728.0,785660.0,18601905.0,18000.0,12750.0,3604120.0,58893048.0,88000.0,413400.0,833625.0,48496120.0,,12434100.0,58088626.0,1976613662970.0,65669.967,121000.0,3660.0,146995.0,,,22750.0,314900.0,259860.0,175767852.528,16534616.0,26129078.5,439732.5,2460606.0,,,,,,,,262367464.0,26645.0,40500.0,6360.0,,,1285730.0,,196650.0,280860.0,1976613662970.0,14960.0,16720.0,,50680.0,472222660.0,10650.0,16019655.0,478800.0,911299.899,5635.0,154600.0,282244950.0,48750.0,259860.0,29273356.000000004,4435920.0,268250.0,18400.0,1586493.0,9500.0,,80100.0,,168975.0
2014-02-28,233090.0,,21600.0,64030.0,457675.0,117740.0,2359980.0,17788627.5,177719425.0,51230.00000000001,7269325.443337398,,,,163150.0,74498883.75,252464670.0,103230.0,,20160.0,252182070.0,0.0,6450.0,0.0,218000.0,176880.0,138071062.5,,179645.0,4550.0,26850.0,,548960.0,3650250.0,177500.0,,11183840.0,56000.0,78000.0,81900.0,3287781.5209999997,,49548.9,104903.45999999999,34560.0,220029625.0,18339325.0,,2053040.0000000002,405620.0,61499.99999999999,18407161.0,8638.0,213370122.0,67783.86,77440.0,,3850.0,,43216.0,28326.375000357326,2576205.0,44459.9999943,11495.0,722679.0,2394885.376,,3727575.7679999997,1200.0,,,,295385.0,80556.0,81324502.0,11107537.2,,36000.0,168010.0,15000.0,,,79000.0,67640.0,,,1656785.0,588947.0,32065.0,547503.5,31290375.549999997,,,,6610.0,19486198.5,226800.0,,,10737100.0,116200.0,,,466475.0,39970910.0,10430.0,161920.0,6091833.0,100250.0,3633477.0,3411980.0,,1231666.0,138425.0,110500.0,20400.0,48632662.0,1559600.0,1406203700850.0,1406203700850.0,37500.0,2560.0,30435660.0,343049.9116,53040.0,530350.0,19838588.0,,19800.0,,152775.0,5663725.0,73545010.0,,3924554.0,623820.0,,240900.00000000003,75725.0,113268824.77070001,,,9961784197880.0,909627.5,281514.0,9961784197880.0,,28800.0,,47230.0,98599074.25,,51190.0,27000.0,11809363848160.0,11809363848160.0,60800.0,138250.0,18672.0,747300.0,28000.0,260399.99999999997,130400663.0,153030311.7,1080.0,157500.0,54480.0,,,33799.1115,12000.0,5082800.0,1323450.0,1021.0,226235.0,1699005.0,226235.0,30300.0,5180570.0,10947921.5,309040.0,66000.0,2520.0,105448875.0,2515971301155.0,2380600.0,281600.0,2291179.8,235200.0,,,2820720.0,81540.0,108640.0,,245424781.83499998,49680.0,257728415.0,54887503.0,207900.0,17500.0,20250.0,199040.0,2515971301155.0,118649.99999999999,6875.0,,163271840.0,830705.0,,30760.0,35362120.0,1653509.3099999998,,1494540.0,5641741.8,45875.0,68000.0,28200.0,357000.0,36000.0,2065455.0,794900.0,70300.0,79491.59999999999,375100.0,399129.07499999995,18060.0,38752514.0,,69440.0,120595552.5,82500.0,96325.0,15249.9875,19773.325,11098530.0,,153625.0,,45217725.0,,1265000.0,,,,17115.0,,42240.0,,,,,63840.0,6269.999999999999,2537120307375.0,2537120307375.0,283560.0,2229915.0,41192884875315.0,,,14016355.0,349568.0,19803510.0,57150.0,14700.000000000002,3760290.0,63275760.0,65250.0,835560.0,752723.5,108851724.0,,34777670.392000005,43519890.0,2187211673870.0,153229.92299999998,147415.0,21460.0,162360.0,52800.0,,124020.0,434850.0,248000.0,166559604.7895,13516893.75,34478171.5,770500.0,2441350.0,,,,,,,,289971911.0,20200.0,38730.0,24010.0,,,1563685.0,,39980.0,253905.0,2187211673870.0,13960.0,,,49335.0,441232040.0,,5231042.5,2477109.3,728670.7779999999,32400.0,44550.0,363697498.5,48562.5,229400.0,53169852.0,11553490.0,253310.0,49350.0,827991.0,27040.0,,40800.0,,35700.0
2014-03-31,75125.0,,20020.0,36685.0,336600.0,84000.0,1504800.0,8754400.0,277546750.0,72570.0,16508498.02172803,,,,846000.0,106043620.0,264964500.0,499200.0,,56760.0,286761790.0,0.0,39150.0,0.0,114840.0,249582.0,202642335.0,,359290.0,13400.0,36960.0,,609000.0,1929200.0,309060.0,,5984640.0,17856.0,183540.0,214400.0,7364770.462,,17940.0,56790.75,2395.0,228077272.99999997,19712105.0,,7822679.999999999,860780.0,16640.0,36443966.0,11000.0,183243692.0,222510.78,46360.0,,20000.0,,506660.0,13539.644999766664,7652850.0,108800.0000384,28971.0,1936032.0,2842752.1175,,480600.0,9675.0,,,,318730.0,58970.0,64632300.0,17672241.6,,118360.0,104000.0,156000.0,,1396.0,124000.0,499220.00000000006,,,882000.0,748680.0,73915.0,210915.0,41130252.9,,,,23208.0,28518673.5,63000.0,,,11038572.0,81200.0,,,210680.0,83835460.0,37800.0,649800.0,7410527.999999999,42280.0,4522418.0,2080000.0,,346024.0,217660.0,25300.0,26308.0,67931232.0,552500.0,1484242651320.0,1484242651320.0,124000.0,3770.0,25439040.0,383614.0,29398.95,766260.0,32160690.0,,9170.0,,143500.0,11584620.0,90057000.0,,5957250.0,355850.0,,180400.00000000003,102850.0,143797257.6848,,,13532124965640.0,479700.0,251696.0,13532124965640.0,,20450.0,,61895.0,225850455.0,,98880.0,13500.0,19836194405980.0,19836194405980.0,29700.0,197000.0,52918.0,504320.0,25200.0,286200.0,84844350.0,322952057.4,4510.0,19950.0,17920.0,29850.0,,19801.1968,,3065400.0,1248000.0,1530.0,430430.0,373870.0,430430.0,204953.37,8347500.0,2278170.0,323470.0,1226720.0,2560.0,92195177.99999999,3908078839560.0,1960100.0000000002,199799.99999999997,894691.2000000001,136420.0,,,36103320.0,53775.0,300720.0,,256073975.51999998,125925.0,172061340.0,112570132.0,149000.0,,25200.0,158130.0,3908078839560.0,312345.0,29250.0,,117210720.0,110980.0,,21800.0,60813025.0,1224528.085,,2322900.0,14576738.399999999,64600.0,49645.0,60800.0,287300.0,43200.0,932359.9999999999,682500.0000000001,64200.0,68522.85,362080.0,1236612.69,660.0,53740622.0,,36611.5,89606930.0,504000.0,82500.0,76050.26,45786.329999999994,8651800.0,,256000.0,20140.0,21101486.0,,1089792.0,,,,7742.5,,113520.00000000001,,,,,203360.0,12232.000000000002,2389612563310.0,2389612563310.0,204295.0,3602970.0,53029880042790.0,,,9942348.0,569071.0,14008960.0,19200.0,21870.0,3222450.0,57482880.0,527350.0,959920.0,583362.0,74594892.0,,34137012.247999996,61311065.0,3202956379700.0,129980.0469,114680.0,10440.0,170800.0,9805.0,,124000.0,336750.0,490770.0,173145940.0,33921670.0,22287000.0,448462.5,1027552.0,,,,,,,,197103208.0,49000.0,33825.0,7600.0,,,2037960.0000000002,,70200.0,320330.0,3202956379700.0,53320.0,44670.0,,51120.0,628754790.0,8100.0,15340320.0,2380068.0,1037345.6159999999,39950.0,64899.99999999999,384774900.0,147425.0,498240.0,38779295.0,11149460.0,197100.0,9150.0,3739050.0,80520.0,,64600.00000000001,,108900.0
2014-04-30,85440.0,,53010.0,59844.99999999999,106890.0,101650.0,3416820.0,14942400.0,259823300.0,30420.0,21834736.913851123,,,,1935960.0,79001714.0,264254850.0,254199.99999999997,,32500.0,372688615.0,0.0,18150.0,0.0,90120.0,639232.0,114515060.0,,854000.0,8520.0,90900.0,,338640.0,507600.0,1130780.0,,3403150.0,12100.0,96460.0,173700.0,1846464.0,,109440.0,120750.0,2230.0,263648280.0,14893075.0,,4340940.0,2928200.0000000005,16480.0,54345000.0,5731.0,128325010.0,254623.8,236025.0,,1180.0,,613954.0,54814.409998600415,4104480.0,626050.0002636,48072.0,1013726.0,10809925.1532,,5188474.104,3111.0,,,,409180.0,82156.0,78566520.0,11260452.799999999,,1145030.0,1080.0,80650.0,,75625.0,1083520.0,1025780.0,43290490.0,,230520.0,1350468.0,199520.0,209272.0,30506713.6,,,,16500.0,33846750.0,71105.0,,147510.0,7448544.0,335400.0,,,1626200.0,47543520.0,48485.0,275375.0,7667400.0,84000.0,18811624.0,1171275.0,,1208317.0,90990.0,78050.0,37179.5,63511502.00000001,663265.0,1692860837100.0,1692860837100.0,38700.0,30000.0,47210280.0,267119.89920000004,166420.005,763840.0,21521454.5,,5400.0,,390100.0,20041120.0,72371700.0,,1618072.0,368165.0,13500.0,421000.0,135610.0,160241002.1464,,,12247539966150.0,469950.0,1226992.0,12247539966150.0,,1404380.0,,13400.0,153333306.0,,650150.0,18000.0,14860981574400.0,14860981574400.0,127020.0,426300.00000000006,41140.0,406400.0,19750.0,255070.0,94596381.0,122340098.79,23500.0,8460.0,39450.0,15525.0,,59319.1368,,3655600.0,569200.0,34300.0,519350.0,364080.0,519350.0,237839.62,4195100.0,1690684.0,1911930.0,2509080.0,15435.0,95807580.0,6257719890130.0,1228500.0,170800.0,906391.2,240412.5,,,51648580.0,43065.0,3150340.0,,318923370.15,262620.0,266021000.0,107259372.0,44640.0,4000.0,329900.0,118335.0,6257719890130.0,37050.0,13000.0,,136185000.0,233770.0,,19140.0,75329800.0,5552646.399999999,,2550240.0,40846204.800000004,60800.0,392300.0,38000.0,207100.0,218500.0,3448680.0,2242500.0,97650.0,352107.0,384250.0,1377600.0,526954.5,127546496.0,,56032.00000000001,111394800.0,2572500.0,1131500.0,756381.923,12528.0,10459710.0,,264650.0,242550.0,13727025.0,,5785080.0,,,,3265.0,,156400.0,,,,,60510.0,5600.000000000001,3971902261680.0,3971902261680.0,12060.0,1479000.0,52254741846000.0,,,6343920.0,660965.0,16812000.0,34390.0,9600.0,1913310.0,58233280.0,1073150.0,2511600.0,1959297.0,45770400.0,,24843999.036000002,140909361.0,2428181283840.0,58200.021,113350.0,6590.0,534360.0,14850.0,,57780.0,161000.0,1632960.0,230160000.0,32599579.000000004,47138868.0,251017.5,1711140.0,,,,,,,,415434028.0,204000.0,9280.0,47100.0,,,4932000.0,,67450.0,1156280.0,2428181283840.0,134300.0,19585.0,,139160.0,396764550.0,,7141360.0,755018.55,1053185.1940000001,49900.0,79200.0,273706776.0,141750.0,582360.0,64530750.00000001,7816650.000000001,440200.0,49980.0,3163680.0,149470.0,,68250.0,,153000.0
2014-05-31,78035.0,,31100.0,8940.0,389640.0,783088.0,1624320.0,25507440.0,219608620.0,27940.0,20749452.776787676,,,,13534680.0,76248061.5,267901760.0,524320.0,,48710.0,429541840.0,0.0,231989.99999999997,0.0,132260.0,990500.0,104807955.0,,1213740.0,25330.0,87500.0,,62890.0,695600.0,195520.0,,6901680.0,22680.0,105030.0,198000.0,4695264.0,,190002.0,285246.0,4330.0,374941728.0,22664955.0,,3153740.0000000005,3609600.0,24910.0,44960508.0,68250.0,132215234.0,173745.00000000003,166400.0,,3604.9999999999995,,1124800.0,31855.949999237386,9689292.0,514900.0002168,11008.0,4532056.0,6642052.7662,,1257998.6400000001,3400.0,,47259688.0,,26577920.0,1248156.0,58710036.0,7613403.0,,1585090.0,55620.00000000001,218080.0,,8905.0,6024690.0,8924960.0,125334990.0,,659920.0,397773.0,200605.0,1116900.0,23811696.0,,,,16797.0,27619619.0,70710.0,,16400.0,12922390.0,123450.0,,,1326660.0,105620154.0,37720.0,130050.0,6291450.0,45100.0,9537600.0,887205.0,,278160.0,72720.0,149175.0,41820.0,52192980.0,449550.0,2268344503680.0,2268344503680.0,171000.0,60000.0,41685620.0,688975.254,902404.2450000001,786450.0,18640800.0,,61020.0,,512400.0,12161280.0,86784750.0,,843875.0,726984.0,4500.0,193000.0,153978.0,101989705.57290001,,,12155991614880.0,1050960.0,1896600.0,12155991614880.0,,43769322.0,,114000.0,155352375.0,,713800.0000000001,,17507804869800.0,17507804869800.0,103415.0,210600.0,30465.0,603900.0,22000.0,591300.0,110070053.0,72060508.17,,30000.0,24750.0,31160.0,,23611.35315,36810.0,12032000.0,1278200.0,13970.0,211965.0,177120.0,211965.0,613189.52,12448800.0,3142686.0,1363280.0,666699.9999999999,4470.0,133730816.0,4917476306710.0,3712000.0,1200000.0,385398.0,362572.5,,,19069320.0,134000.0,847280.0,,341524764.12,142100.0,340222790.0,79972380.0,243730.0,,111400.0,89100.0,4917476306710.0,132330.0,6730.0,,106085720.0,612060.0,,30125.0,33466850.0,3862520.1599999997,,8495760.0,26953113.6,53450.0,120050.0,66000.0,320150.0,80000.0,10127000.0,1406000.0,58700.0,233783.55,504400.0,1439568.0,262500.0,55938676.0,,398750.0,160248900.0,3972150.0,152150.0,1628792.0,12535.065,6851396.0,,1431400.0,69540.0,79756950.0,,3084328.0,,,,44265.0,,37600.0,,,,,92175.0,4200.0,3707779709599.9995,3707779709599.9995,2740.0,1912532.0000000002,55385995504840.0,123820.0,,12388761.0,1691284.9999999998,21335258.5,54000.0,34440.0,622080.0,35541000.0,219090.0,993950.0,698100.0,104176380.0,,18551709.936,89764158.0,2632964817880.0,95190.54765,61845.0,22040.0,313260.0,13860.0,,117165.0,316605.0,1713600.0,210041440.0,14312232.0,24079275.0,1091049.5,1427158.0,,,,,,,,177912036.0,217995.0,47800.0,195700.0,,,1670630.0,,234600.0,2337500.0,2632964817880.0,110720.0,12390.0,,31240.0,480979100.0,,3195136.0,1000499.9999999999,2418727.0799999996,78750.0,66550.0,293939486.0,114612.5,618410.0,52992450.0,4754484.0,739500.0,18025.0,2858856.0,43475.0,,130200.0,,438900.0
2014-06-30,154000.0,,43120.0,51910.0,267515.0,30744.0,336157.5,14630895.0,206128817.5,30240.0,9716516.587651253,,,,34814770.0,56109790.5,253086780.0,1297975.0,,15840.0,370733417.5,0.0,104185.0,0.0,131650.0,805554.0,75857605.0,,8679875.0,189065.0,84695.0,,345600.0,962400.0,71070.0,,4562860.0,192050.0,60095.0,55850.0,2407543.4295,,173514.10499999998,112798.8,6160.000000000001,345318115.0,94228920.0,57750.0,5673625.0,2040635.0,46420.0,53030200.0,27858.0,194072564.0,282780.0,1194800.0,,6650.0,,292365.5,42661.18499716726,7515683.0,107790.0000353,31500.0,1730680.0,3554728.8856,,1737761.136,76896.0,,11696101.745,,23204460.0,313380.0,19747805.0,5859502.4,,1810995.0,99550.0,86100.0,,60100.0,2752155.0,75769975.0,45338398.0,,1428867.5,285942.0,18480.0,372835.0,30174908.4,,,,38940.0,21592315.5,23400.0,,19180.0,13141777.0,230150.0,,,1018500.0,30886266.0,6490.0,231675.0,5423910.0,25160.0,1652134.0,20157810.0,,511350.0,53610.0,11100.0,20944.0,102603655.0,6083640.0,1810618770865.0,1810618770865.0,67500.0,,19444305.0,1344214.81095,2288378.925,731025.0,26522510.5,,18600.0,,184800.0,24138975.0,93626767.5,,2192271.0,1402250.0,61919.5,335245.0,975615.0,115553403.3194,,,11496493439490.0,1037780.0,1423046.0,11496493439490.0,,36987311.0,,30550.0,92986326.5,,5427490.0,31850.0,15619931440980.0,15619931440980.0,712740.0,372500.0,9200.0,2024480.0,24000.0,440770.0,65789259.0,59841096.3675,10000.0,56400.0,5080.0,9240.0,,154769.22989999998,57500.0,4571550.0,839900.0,12810.0,79310.0,227565.0,79310.0,361240.37,18867062.0,4372070.0,489000.0,327945.0,40200.0,69988576.0,4109150747315.0,2926100.0,1055700.0,231270.0,1817600.0,,,10505790.0,246375.0,1207190.0,,221125597.26,414000.0,269576090.0,34215780.0,217500.0,169200.0,284620.0,118660.0,4109150747315.0,268575.0,16700.0,,104798693.5,156170.0,,4940.0,27452845.0,2061389.54,,2307385.0,29840864.4,3690360.0,277760.0,43000.0,518399.99999999994,383800.0,5921370.0,908350.0,195000.0,85234.5,141580.0,929742.0,116820.00000000001,58031308.0,,460920.0,94433850.0,1050575.0,103499.99999999999,174199.16249999998,25800.0,12065930.0,,88038720.00000001,440420.0,25268180.0,,2371467.5,,,,,,37962.0,,,,,53940.0,5830.0,3511254065985.0,3511254065985.0,129583.00000000001,4226025.0,51961761875725.0,,,22197305.0,3821552.5,6043348.5,13650.0,10280.0,2206725.5,46645570.0,368400.0,431705.0,689410.0,130958022.5,,18105029.504,86450390.5,2363539917315.0,200700.16725,49420.0,8040.000000000001,653610.0,55180.0,,109980.0,260850.0,1553310.0,196432449.2625,21760284.75,65335742.0,5532640.0,4354078.0,,,,,,,,137295100.0,177100.0,13799.999999999998,267840.0,,,2094910.0,,3073169.0,2516595.0,2363539917315.0,369600.00000000006,18585.0,,43072.0,343530100.0,,9796996.0,608523.0,1313089.9279999998,95800.0,46800.0,242453730.0,124920.0,2123720.0,110974013.5,2250740.0,375570.0,20900.0,1114728.0,11280.0,,121600.0,,51625.0
2014-07-31,72000.0,,39075.0,21686.0,589140.0,12960.0,1175300.0,12562800.0,230879440.0,32500.0,6873894.519722934,,,,5754600.0,63529740.0,374526400.0,469350.0,,25012.0,285389720.0,0.0,140300.0,0.0,127099.99999999999,205393.0,80226630.0,,3753180.0,38790.0,157250.0,,1273740.0,230000.0,81540.0,,8711274.0,551100.0,943000.0,1278060.0,1740965.466,,58136.520000000004,178558.56,2005.0,311798817.0,16201350.0,9660.0,1818120.0000000002,1313610.0,79125.0,49086348.0,15444.0,102518737.0,1139632.56,635100.0,,12980.0,,1088100.0,31500.000000663073,13088150.0,515039.999914,22000.0,565656.0,2685547.4826,,5047802.01,11650.0,,3536736.0,,5301760.0,203728.0,27327738.0,4478342.4,,1102710.0,63200.0,11070.0,,67725.0,1097990.0,6094600.0,9394929.0,,898475.0,252948.0,165710.0,196940.0,19644134.4,,,,13725.0,19382928.0,121940.0,,69740.0,7533904.000000001,637500.0,,,518879.99999999994,19928448.0,4920.0,119600.0,17946000.0,83000.0,2109100.0,12784030.0,,266560.0,40315.0,87325.0,11680.0,77011215.0,2226027.5,1696784071140.0,1696784071140.0,84525.0,102750.0,17400240.0,753063.7972,3848043.585,172920.0,9953360.0,,21410.0,,85050.0,12866040.0,108580650.0,,3550200.0,1152101.0,23522.5,706200.0,450000.0,61399403.6868,,,10716069883930.0,372620.0,1043352.0,10716069883930.0,,25016140.0,,64800.0,65529394.0,,1377551.0,11340.0,11585882262500.0,11585882262500.0,921839.9999999999,270750.0,87000.0,1823850.0000000002,68800.0,55900.0,81329980.0,68176224.89999999,50250.0,27525.0,27560.0,41500.0,,30756.884,15232000.000000002,3314850.0,644000.0,26220.75,244800.00000000003,121199.99999999999,244800.00000000003,100668.0,14835420.000000002,520200.0,1018710.0,219215.0,26240.0,53928504.0,7090607227880.0,2365500.0,319200.0,454381.2,608282.5,,,6138938.000000001,815085.0,478800.0,,287295048.3,297500.0,156782990.0,61601356.0,117000.0,70200.0,276570.0,297840.0,7090607227880.0,163590.0,19935.0,,75319220.0,71540.0,,29280.0,29203200.0,4944841.92,,852720.0,32594698.799999997,856290.0,142115.0,453710.0,501850.0,25199.999999999996,3807650.0,954600.0,159100.0,50380.875,89885.0,1724167.692,222568.75,33023984.000000004,,637325.0,53370330.0,1223600.0,159600.0,304439.41000000003,11197.42,6113530.0,,51898210.0,383000.0,35913600.0,,4063640.0000000005,,,,,,23159.0,,,,,105000.0,16908.0,2888789267570.0,2888789267570.0,2708.0,2097200.0,46894459256850.0,83823100.5,,96596936.0,2394574.0,20255040.0,21070.0,42240.0,1209500.0,73968750.0,91590.0,891700.0,94900.0,45643500.0,,11262000.0,70671796.0,2228683326830.0,210355.9829,171680.0,2720.0,337900.0,31000.0,,77030.0,260100.0,2743440.0,177408295.702,9512212.5,59950500.0,2623452.0,3958570.0,,,,,,,,196143612.0,84840.0,13200.0,35640.0,,,778410.0,,553539.0,701760.0,2228683326830.0,68760.0,56180.0,,37388.0,440107150.0,,15163400.0,150450.0,700479.648,39780.0,180700.0,236411083.99999997,114615.0,4719120.0,115508041.0,675920.0,324940.0,4008.0,2088072.0,49950.0,,56100.0,,152000.0
2014-08-31,110399.99999999999,,48100.0,71400.0,210080.0,38910.0,804960.0000000001,12430440.0,264807650.0,21800.0,6946846.441177544,57921517.0,,,3184480.0,59045872.0,396347820.0,422425.0,,12700.0,397454480.0,0.0,120000.0,0.0,109405.0,233728.0,125642400.0,,2692840.0,12500.0,40200.0,,634600.0,322000.0,75000.0,,15334640.0,262800.0,433499.99999999994,348660.0,2767129.911,,39528.0,54000.0,526.0,320474060.0,8112468.000000001,,3321120.0,4804450.0,43395.0,114055656.0,5422.5,112742130.0,858224.52,517000.00000000006,,,,290062.5,56118.50999912478,30274455.0,11625810.0028884,44960.0,273385.0,6196192.846999999,,2451225.0,8985.0,,2613341.5,,3865600.0,268200.0,67740906.0,2784862.5,,445280.0,46950.0,164700.0,,9452.0,1062880.0,2628360.0,5069725.0,,1326100.0,205840.0,108380.0,242784.0,19543076.8,,,,78750.0,22385000.0,76475.0,,19740.0,3190952.0,203000.0,,,161070.0,84340802.0,9840.0,57025.0,3377565.0,56000.0,6017528.0,12604300.0,,480600.0,60000.0,145425.0,21390.0,81400800.0,1696800.0,1414597636540.0,1414597636540.0,45000.0,,24668420.0,872821.1514000001,1986452.55,232900.00000000003,16295379.5,,14400.0,,188600.0,3858200.0,148421810.0,7689120.0,737019.0,653910.0,,226600.00000000003,187460.0,92633272.7536,,,12445333790760.0,614547.5,395550.0,12445333790760.0,,23522804.0,,81850.0,84858339.0,,5213600.0,8800.0,13945460725710.002,13945460725710.002,295200.0,209250.00000000003,84000.0,1068960.0,125000.0,67650.0,81927657.0,68378260.86,4400.0,10000.0,3364800.0,,,39201.10425,54800.00000000001,2090550.0,280800.0,26100.0,184920.0,76250.0,184920.0,99560.0,11900840.0,3490745.0,457500.0,70300.0,11520.0,45811980.0,7344735187400.001,2145100.0,339250.0,151741.2,611690.0,,,56738478.0,4492070.0,95450.0,,164715952.9,335450.0,151231000.0,100572096.00000001,107100.0,2520.0,101000.0,271260.0,7344735187400.001,96390.0,6520.0,,75657638.0,544425.0,,18300.0,51600235.0,1418770.08,,1277200.0,43301826.0,420090.0,97600.0,90280.0,141100.0,19800.0,2723600.0,1751000.0000000002,192699.99999999997,316742.4,4991200.0,1187661.384,47505.0,61512960.0,,761334.0,143984400.0,688750.0,83075.0,267750.23,5360.04,3170930.0,,25072660.0,89700.0,20615070.0,,2414500.0,,,,,,6321.0,,,,,174490.0,5454.0,2915773869600.0,2915773869600.0,9450.0,861800.0,68796956877560.0,,,58053552.0,1106118.0,11082330.0,10500.0,43500.0,3677140.0,44693460.0,40500.0,374920.0,177387.5,65880688.0,,30858640.0,93848790.0,5848409069830.0,344152.52150000003,30925.0,1880.0,543970.0,62000.0,,95700.0,386100.0,1378800.0,148112523.79,12202867.0,34880231.0,3527360.0,4028760.0,,,,,,,,194363676.0,163200.0,46000.0,36960.0,,,3529600.0,,717200.0,424079.99999999994,5848409069830.0,124000.0,40000.0,,23680.0,1238325000.0,4866.0,4312863.0,321860.25,1096000.411,43845.0,64800.0,218721993.0,64837.5,1658420.0,70654176.0,662840.0,1019160.0,7714.0,4144694.0,10140.0,,38250.0,,181250.0
2014-09-30,80340.0,,39750.0,68250.0,218400.0,24095.999999999996,1517000.0,12279600.0,253915860.0,20295.0,9375009.078486172,3510771.0000000005,,,4034399.9999999995,67262265.0,401756160.0,226800.0,,142240.0,349836795.0,0.0,1243920.0,0.0,564025.0,725180.0,99102245.0,,10592880.0,29060.0,25950.0,,394125.0,473800.0,86640.0,,8811990.0,387200.0,377720.0,125125.00000000001,2672219.1160000004,,42229.590000000004,99999.0,798.0,290790720.0,35340845.0,59500.0,3769950.0,7398300.0,22000.0,132524994.0,15490.0,129712784.0,675861.12,872899.9999999999,,49280.0,,39315.0,34339.83000179036,28313648.999999996,18016039.9990417,16860.0,393074.5,6215331.7611,,3399996.6,5000.0,,3720161.78,,2334040.0,153470.0,57849493.0,6106132.6,,643470.0,183000.0,29798.999999999996,,15000.0,2794709.9999999995,1952779.9999999998,5127430.0,,1158780.0,282742.0,60800.0,126280.0,27044946.0,,,,30175.0,37081461.0,55575.0,,,3556950.0,319200.0,,,239850.0,105009300.0,36640.0,237600.0,4048653.0,17820.0,3337300.0,6221200.0,,151800.0,359725.0,12000.0,33525.0,97159590.0,1267840.0,1873218857590.0,1873218857590.0,29500.0,,15467520.0,1001832.7429,9628427.37,134820.0,25454547.0,,196560.0,,244000.0,3116100.0,167947685.0,6910000.0,568320.0,1153350.0,,286000.0,153630.0,94934223.40890001,,,12882646402580.0,800428.0,613200.0,12882646402580.0,,5775728.0,,55000.0,164594340.0,,4973136.0,24300.0,19507715494740.0,19507715494740.0,411400.00000000006,141000.0,113300.0,646380.0,19801530.0,70210.0,96372677.0,93923452.35000001,12600.0,35000.0,3157.0,5040.0,,22499.9775,263250.0,2679100.0,401400.0,26347.5,33800.0,117480.0,33800.0,103347.34,22980984.0,29745254.0,282540.0,5774180.0,6715.0,38352624.0,8478862759300.001,2493000.0,153900.0,588198.0,473137.5,,,29012403.0,4489000.0,268110.0,,225610756.86,5328000.0,197769900.0,71995776.0,95125.0,9738.0,532800.0,179840.0,8478862759300.001,56505.0,9540.0,,79027500.0,2907189.9999999995,,12190.0,22148500.0,2918661.4699999997,,4126470.0,70229305.8,1202670.0,66960.0,652050.0,259250.0,45000.0,5457940.0,496000.0,441600.0,339221.25,992240.0,1438083.36,508350.0,128379580.0,,401800.0,146907550.0,5007520.000000001,171525.0,165984.456,17970.085,12443640.0,,53215330.0,155450.0,9958676.0,,2127243.0,,,,,,9900.0,,,,,66120.0,5328.0,3497214367010.0,3497214367010.0,373688.0,787632.0,66789350264400.0,,,25020618.0,691680.0,9251680.0,33000.0,36315.0,1818720.0000000002,64151205.00000001,96735.0,944820.0,81663.5,78654296.0,,89090350.0,116869905.0,5427067529920.0,114747.94320000001,254400.0,65930.0,399960.0,39530.0,,96900.0,839800.0,918720.0,153172560.0,13232232.000000002,24106565.0,725505.0,4519758.0,,,,,,,,210964372.0,69200.0,64399.99999999999,146800.0,,,2233600.0,,65500.0,600950.0,5427067529920.0,219310.0,49800.0,,19776.0,951121850.0,,1366520.0,136740.0,3499425.884,68400.0,61200.0,352432880.0,91790.0,5165940.0,100559034.0,440640.0,795990.0,120337.0,873744.0,137330.0,,507525.0,,919600.0
2014-10-31,43049.99999999999,,74980.0,13398.0,229295.0,61536.0,1026737.5,9737830.0,202690675.0,121905.0,11063529.290827772,642621.0,,,3496795.0,67925001.0,248712802.5,130200.0,,24180.0,367246920.0,0.0,438425.0,0.0,369065.0,193643.0,112991432.5,,3357450.0,24200.0,40940.0,,536490.0,73199850.0,164280.0,,12440420.0,1057288.0,181560.0,126025.0,3485300.0,,43007.58,116813.73,3228.0,218941447.25,8186402.0,,3138680.0,1341800.0,202200.0,170890591.0,30050.0,131950168.75,464410.68000000005,223175.0,,1298.0,,109000.0,48881.17500358404,57392300.5,4616429.9992096,4360.0,97335.0,2555050.60225,,1377406.746,2735.0,,4799736.705,,1493815.0,153375.0,33193744.0,6098405.65,,633840.0,61000.0,3010.0,,5970.0,1811150.0000000002,1876919.9999999998,3388415.0,,823957.0,113599.0,271340.0,138498.0,58849981.0,,,,10725.0,25733271.0,29700.0,,38640.0,3909520.0,726600.0,,,251240.0,52715680.0,69120.0,200100.0,5920660.5,65570.0,2486160.0,2115600.0,,99660.0,67540.0,156600.0,22674.0,90325755.0,1226340.0,1535974519325.0,1535974519325.0,31000.0,403845.0,20388015.0,1175641.3619499998,7073322.27,70115.0,49725208.0,,8144825.0,,59050.0,4594330.0,93870760.0,1157218.0,450000.0,653131.0,7100.0,1357500.0,52638.0,202728307.48235,,,10791797467110.0,245784.5,618045.0,10791797467110.0,,3938204.0,,85920.0,86533130.0,,7770793.0,4520.0,17801766130720.0,17801766130720.0,121550.0,2470305.0,88920.0,3538330.0,52009800.0,236880.0,72234475.5,97777385.475,28200.0,31500.0,,17630.0,,12550.1145,107155.0,1579850.0,406000.0,31750.0,41145.0,108120.0,41145.0,58487.74,29975650.5,10012488.0,958950.0,12174090.0,5605.0,33310253.0,6109023087465.0,875900.0,129200.00000000001,247369.2,973185.0,,,29960550.0,795375.0,644450.0,,215462363.51,1476680.0,259194895.0,90595871.0,80000.0,6525.0,553725.0,227850.0,6109023087465.0,64860.0,3500.0,,56554200.0,938505.0,,46655.0,39721095.0,1196277.54,,707460.0,36016151.4,323920.0,55040.0,154440.0,358350.0,136000.0,1785709.9999999998,1418150.0,231950.0,363245.06,90180.0,669691.308,175850.0,84768276.0,,93729.0,74816120.0,5704980.0,730600.0,62829.756,17400.0,7836815.0,,119029540.0,529755.0,5796337.5,,2133245.0,,,,,,688160.0,,,,,65910.0,10574.0,3220803856150.0,3220803856150.0,126149.0,550455.0,55682791910105.0,,,6870111.5,424369.0,17043744.0,14500.0,108419.99999999999,1582107.0,44005270.0,20810.0,299865.0,107540.0,84322690.0,,61239328.5,94571717.5,4008872267400.0,455937.4505,467860.0,15050.0,233635.0,30000.0,,390320.0,213300.0,1042850.0,143464438.988,9401546.25,8608376.75,996030.0,1874745.0000000002,,,,,,,,165236442.0,63715.0,45800.0,126975.0,,,1683970.0,,6092494.0,627440.0,4008872267400.0,55200.0,48350.0,,32120.0,668116770.0,7290.0,3040560.0,136164.6,4087074.647,140440.0,128600.0,347552550.0,70750.0,4870160.0,150635817.0,1010765.0,625860.0,64800.0,654696.0,7248500.0,,903600.0,,635900.0
2014-11-30,535325.0,,17000.0,9808.0,173145.0,34985.5,676300.0,6289130.0,260937875.0,33430.0,4549142.823303055,1414500.0,,1168850.0,1591520.0,49038598.0,228647875.0,65550.0,,40732.0,270426765.0,0.0,198335.0,0.0,121500.0,294086.0,126903865.0,,2516840.0,232400.0,79420.0,,166350.0,18084200.0,180200.0,,3981492.0,31320.0,80600.0,13200.0,5938567.661,,40431.465,163086.93,467460.00000000006,366976580.0,12999380.0,,17299115.0,529760.0,6630.0,261157456.0,7325.0,112233257.5,208620.0,960750.0,,8313.0,,101000.0,72417.86999989378,95359428.75,1737219.9998164,19856.0,234900.0,2859064.19995,,1115400.0,9025.0,,6131275.47,,1406270.0,1456920.0,63508293.49999999,4059880.0,,644375.0,58215.0,13755.0,,20000.0,1104840.0,3812445.0,3816530.0,,523060.0,111655.0,211610.0,86212.5,74795788.0,,,,189667.5,35166780.0,7000.0,,31575.0,4947613.0,434750.0,,,273420.0,34091870.0,4000.0,178200.0,2656863.0,13365.0,3627100.0,1272010.0,,223000.0,73080.0,186295.0,15410.0,88431362.5,144300.0,1480362284535.0,1480362284535.0,16000.0,,16713385.0,1334169.67255,50389964.730000004,203380.0,31808459.0,,3423150.0,,168925.0,1574615.0,74449207.5,2126304.0,512407.0,1365000.0,,755505.0,280400.0,191639394.01505,,,10407843328245.0,431200.0,834720.0,10407843328245.0,,14798612.0,,22750.0,87201095.5,,2905551.5,4600.0,16936676678830.0,16936676678830.0,122110.0,2298865.0,216191.0,8490240.0,85641370.0,43230.0,96529270.0,114889322.1,38000.0,8970.0,4435.0,,,32938.983,382500.0,2253000.0,621750.0,38330.0,9280.0,54125.0,9280.0,326758.65,27121737.5,35210279.0,1390500.0,37810951.5,54085.0,58463982.0,4847570748315.0,705000.0,366000.0,270597.6,484050.0,,,17583642.5,1326510.0,256430.0,67000.0,207287337.71,1326575.0,178982600.0,63688270.0,164000.0,16637.5,185650.0,678300.0,4847570748315.0,94500.0,6700.0,,56346942.5,2331270.0,,72900.0,27558680.0,1665697.0,,770035.0,28470856.5,757845.0,172385.0,152710.0,240150.0,67600.0,661420.0,1608000.0,1070750.0,145705.5,84000.0,1010926.854,323300.0,45938226.0,,189000.0,108893940.0,2792100.0,264875.0,58504.743,36400.0,12406340.0,,112496125.0,174005.0,3630095.0,,2105060.0,,,,,,27240.0,1541775.0,1947650.0,,,23785.0,35880.0,2909127021420.0,2909127021420.0,273000.0,819376.0,64355226126585.0,30400.0,,9338631.0,371054.0,12093809.0,25650.0,58690.0,572270.0,42291695.0,41955.0,579130.0,203401.5,120657043.75,,120615335.0,89724678.5,5151232646800.0,94968.17465,3718240.0,36500.0,155010.0,25491.0,,155775.0,341000.0,959045.0,130234034.5675,5893704.0,13104459.0,416611.5,3164278.0,,,,,,,,147736360.0,31200.0,74290.0,20625.0,142170541.5,,4629540.0,,33179664.0,4931805.0,5151232646800.0,90780.0,13080.0,,1038406.0,585776870.0,67500.0,1801963.0,222795.0,3468930.0,5096775.0,127200.0,211543737.5,42600.0,4663610.0,192919202.0,133250.0,558040.0,19100.0,1416815.0,2795595.0,,668375.0,,948775.0
2014-12-31,423620.0,,32610.0,5310.0,42500.0,22080.0,506109.99999999994,5696250.0,310039200.0,48160.0,2886142.9339209166,496099.99999999994,,2104200.0,1626000.0,60811872.0,185345380.0,76225.0,,34569.0,338750160.0,0.0,139380.0,0.0,15290.0,79100.0,98342560.0,,2083199.9999999998,146355.0,102300.0,,261000.0,5242800.0,137180.0,,4069080.0,5191.0,543270.0,136000.0,4058859.6100000003,,13520.16,50400.630000000005,73530.0,402461400.0,11817210.0,,11385820.0,1107800.0,37230.0,302192950.0,10530.0,91692896.0,148682.22,224200.0,,47600.0,,100010.25,20000.3999997879,92490040.0,1218059.9998182,79800.0,79670.0,1598984.0553,,1876798.368,21000.0,,3564063.68,,540960.0,310300.0,65324587.99999999,9216720.0,,282240.0,108200.0,,,108757.0,861390.0,1138340.0,2034666.0,,644856.0,125600.0,338960.0,70358.0,133836220.0,,,,262029.5,31912800.0,14160.0,,8510.0,2191574.0,135800.0,,,230400.0,20405392.0,28140.0,119140.00000000001,4984308.0,48190.0,1168200.0,5661050.0,,270900.0,61800.0,183600.0,27692.5,41852250.0,2143550.0,1816279973840.0,1816279973840.0,22400.0,3390.0,15801480.000000002,1095458.463,33689042.64,333540.0,35271590.0,,315000.0,,90850.0,1643310.0,94942400.0,2142500.0,549360.0,883200.0,5000.0,129600.0,98701.0,185003545.4696,,,11285389400430.0,100350.0,786550.0,11285389400430.0,,8127677.0,,18370.0,134730750.0,,4976970.0,4460.0,24905759789520.0,24905759789520.0,122850.0,4333957.5,454800.0,2491590.0,49526400.0,27300.0,118015040.0,129780714.0,15200.0,91580.0,13723.0,25755.0,,31978.947,1699980.0,2398370.0,2244000.0,57956.25,13640.0,25930.0,13640.0,282082.31,15912500.0,21320064.0,599460.0,17252900.0,76800.0,59647104.00000001,4933224155910.0,604500.0,417000.0,69217.2,347800.0,,,8799842.0,16637866.0,186200.0,,263063587.22,339700.0,229885595.0,72842990.0,145790.0,9340.0,459800.0,120360.00000000001,4933224155910.0,53040.00000000001,36960.0,,89362560.00000001,876139.9999999999,,54090.0,46978400.0,1933750.0,3754032.0,537840.0,40908882.6,241920.00000000003,206100.0,303855.0,226000.0,91000.0,1072260.0,1254000.0,92400.0,566034.0700000001,27000.0,477264.0,382320.0,55695760.0,,55237.0,98221500.0,3017690.0,130925.0,122054.526,61067.7,3751110.0,,63178469.99999999,43310.0,8097219.0,,2763810.0,,,,,,90050.0,1283850.0,816375.0,,,58900.0,167200.0,3937564734300.0,3937564734300.0,545900.0,6127700.0,71015729342700.0,95000.0,,10862720.0,770070.0,5506200.0,31790.0,9240.0,1877479.9999999998,74995025.0,67790.0,644000.0,86875.0,91104337.0,,88485560.0,100772960.0,4417274382650.0,115600.1088,605200.0,36000.0,47500.0,60000.0,,130350.0,456000.0,471420.00000000006,164738656.842,12869118.0,9750888.0,503600.0,6411600.0,,,,,,,,347939860.0,149480.0,45000.0,17400.0,100602580.0,20766480.0,3208630.0,,33739675.0,660510.0,4417274382650.0,26080.0,13080.0,,2228036.0,680227800.0,7950.0,1234640.0,1010684.85,900144.0000000001,999900.0,82100.0,448118069.0,276337.5,1015920.0,158371366.0,361820.0,2483290.0,42000.0,17795625.0,554700.0,,190000.0,125389753.0,270100.0
2015-01-31,763020.0,,99200.0,11096.0,55450.0,34000.0,1016734.0,20980000.0,244107270.0,61095.00000000001,4953249.986312436,856005.0,,1408400.0,5125730.0,119146951.0,232805757.5,46250.0,,31500.0,563665490.0,0.0,115575.0,0.0,61360.0,431900.0,95540617.5,,625450.0,24515.0,31380.0,,267290.0,3694800.0,327700.0,,16501690.0,233700.0,285000.0,50225.0,1884208.042,,31541.895,50784.285,2304.0,396888414.0,22331275.0,18000.0,3466840.0,394935.0,12075.0,106459344.0,10450.0,128417256.0,238684.32,691600.0000000001,,2100.0,,54900.0,51448.162501525585,100353366.0,1192580.0001291,10812.0,207474.0,2012636.9633999998,,3132502.8,5025.0,,4993555.08,,1553985.0,565325.0,55421412.0,3514500.0,,442305.0,5290.0,303100.0,,212300.0,735100.0,658115.0,3415430.0,,655727.0,192847.5,5717175.0,600647.5,165805926.0,,,,163303.625,62031208.0,25200.0,,8600.0,6145003.0,218250.0,,,202930.0,35934164.5,13800.0,48030.0,7435015.5,47400.0,1962003.0,2376985.0,,190890.0,75350.0,48382.5,39354.0,105911145.0,241995.0,2554343004760.0,2554343004760.0,101970.0,,13709220.0,1983934.6812999998,94436968.41,191960.0,51337825.0,2000000.0,265150.0,,215925.0,737400.0,74287625.0,2985000.0,954657.0,746030.0,7200.0,161130.0,145920.0,235298060.6033,,,17007314496435.0,396777.5,222000.0,17007314496435.0,,26647583.5,,26250.0,102607163.0,,7864405.5,3010.0,35069882432860.0,35069882432860.0,153230.0,930713.0,347145.0,861625.0,36595200.0,86099.99999999999,185554622.0,211570800.2625,103125.0,12900.0,11000.0,108450.0,,6250.2825,1643200.0,10956400.000000002,2846400.0,109620.0,161500.0,30295.0,161500.0,110640.62,22588015.0,12145736.0,514590.0,5356745.0,47600.0,223933820.0,6604083946590.0,2145300.0,833600.0,142272.0,404800.0,,,5598002.5,70738722.5,97820.0,,520344209.12,225625.0,222767080.5,99726410.0,150600.0,12600.0,139750.0,274180.0,6604083946590.0,84420.0,18000.0,,171847707.0,334030.0,,14640.0,67858820.0,1982044.5,1274625.0,2870145.0,68583002.4,176400.0,259850.0,825990.0,186550.0,200200.0,2352525.0,2278850.0,98399.99999999999,303941.475,64680.0,480729.60000000003,112725.0,56267325.0,,47580.0,185954300.0,754680.0,205625.0,157472.304,11866.8,3533700.0,,57615180.0,57180.0,14615749.0,,3889030.0,,,,,,34602.5,616460.0,206000.0,,,22200.0,466382.7,4365581071185.0,4365581071185.0,34900.0,1838715.0,82997426906180.0,2066800.0,,26531520.0,507973.0,7622950.0,39900.0,38400.0,6573990.0,62423875.0,33950.0,1027480.0,121450.0,86669672.0,,97087785.0,136054402.0,4239732871540.0,517980.05819999997,504525.0,14000.0,183520.0,7725.0,,39480.0,243975.0,580190.0,265246551.583,11588508.75,7853812.25,450237.5,2945475.0,,,,,,,,239619781.0,61815.0,36080.0,20950.0,127694542.0,8075900.0,3972840.0,,324490.5,530650.0,4239732871540.0,151050.0,26480.0,,4120800.0,511633700.0,12500.0,802843.0,685530.975,1371555.0,1167300.0,189600.0,475238522.5,57400.0,641795.0,147990180.0,193975.0,2319100.0,29099.999999999996,14890742.0,414920.0,,223300.0,96419137.0,95200.0
2015-02-28,3594375.0,,131775.0,33320.0,42525.0,24390.000000000004,7234561.5,24877692.0,216569475.0,7560.000000000001,2432285.666718437,547500.0,,2023060.0,3454000.0,79646661.0,166320000.0,72250.0,,31000.0,296981160.0,0.0,426000.0,0.0,70680.0,364620.0,124604160.0,,452900.0,14100.0,90435.0,,229100.0,2418000.0,121010.0,,4900840.0,277858.0,196080.0,19200.0,2048395.866,,27360.0,46200.6,1118.0,235971910.0,25439400.0,,1571900.0,311840.0,98250.0,117006120.00000001,27152.0,114720297.0,310311.60000000003,306450.0,,6750.0,,53306.25,26050.080001126233,71263800.0,957599.9999335,23752.0,190890.0,2033562.7788999998,,8593506.8748,3350.0,,4553807.85,,1154700.0,984732.0,76870620.0,4030740.0,,1379040.0,7633.5,16250.0,,2004.0,697500.0,468120.0,3642372.0,,1990560.0,179840.0,2626400.0,433960.0,151773696.0,,,,123424.375,52290514.0,46130.0,,8410.0,3406936.0,804000.0,,,399600.0,25498720.0,25765.0,154170.0,11215512.0,100850.0,1517000.0,3218500.0,,196425.0,32800.0,206340.0,48977.0,168922520.0,1978900.0,1827628051240.0,1827628051240.0,12880.0,,34826360.0,3651800.8835,52276140.0,673280.0,63437880.0,,295550.0,,180200.0,836550.0,86121900.0,5015000.0,1079532.0,1784577.0,,122200.0,69925.0,198430959.13979998,,,15691079135160.0,654288.0,111000.0,15691079135160.0,,38794280.0,,43100.0,77799370.0,,11319088.0,8210.0,30263092214700.0,30263092214700.0,86620.0,420750.0,278404.0,571320.0,40747980.0,84940.0,195244700.0,154160340.6,201500.0,19265.0,10800.0,,,12799.710000000001,5540190.0,5210480.0,1159600.0,72987.5,268380.0,44475.0,268380.0,128920.0,65383890.0,5832000.0,78280.0,2390400.0,50750.0,81951600.0,5336574405120.0,618000.0,276750.0,178167.59999999998,333740.0,,,2315430.0,35427075.0,150480.0,,215767821.0,801900.0,254844387.00000003,93587202.0,22490.0,20100.0,84000.0,186620.0,5336574405120.0,38010.0,12375.0,,257637176.0,450180.0,,29160.000000000004,32311825.0,1514448.0,1031000.0,8687560.0,45707256.00000001,81090.0,100000.0,1323860.0,63000.0,23800.0,772799.9999999999,5833000.0,108950.0,146880.0,167175.0,645979.344,273275.0,51391694.0,,90000.0,73216880.0,936699.9999999999,159000.0,231749.1,4633.35,6876100.0,,39538020.0,51745.0,24281928.0,,4880279.999999999,,,,,,18690.0,576840.0,916700.0,,,16200.000000000002,860772.2000000001,3729196475900.0,3729196475900.0,219508.0,3097400.0,75500518701960.0,,,7061718.000000001,816750.0,12468370.0,32755.0,46700.0,2178280.0,74508720.0,12500.0,614190.0,33552.0,111600750.0,,95062660.0,142853790.0,3910710746100.0,621799.6183,479520.0,7200.0,88800.0,,,75660.0,163895.0,1350130.0,179835556.731,12858300.0,6851625.0,228100.0,2616300.0,,,,,,,,217933140.00000003,77020.0,45350.0,19215.0,68027400.0,5909400.0,939089.9999999999,,352800.0,472160.0,3910710746100.0,121680.0,20150.0,,6678120.0,428576500.0,,796207.0,506833.6500000001,1225692.0,4827600.0,81400.0,545455620.0,39825.0,681120.0,49203008.0,438435.0,464720.0,29160.0,3800532.0,570850.0,,270000.0,65079758.0,105600.0
2015-03-31,10068547.5,,56000.0,11351.0,30550.0,100227.5,1899548.5,10128600.0,361625835.0,322070.0,3089880.9237820627,233200.0,,2050200.0,4142835.0,66268503.5,274089712.5,72275.0,,20020.0,437124107.5,0.0,142560.0,0.0,65020.0,262658.0,127679185.0,,240104.99999999997,86650.0,141570.0,,162400.0,3167500.0,161930.0,,2928743.5,224000.0,1038460.0000000001,85715.0,1269917.4295,,29102.07,55379.79,5722.5,367572240.0,8415070.0,,1899655.0,309219.99999999994,94705.0,92698064.0,42669.5,142858285.0,247229.34,124800.0,,,,81780.0,85849.57500447589,64733803.0,2552569.9998304,15900.0,618663.5,1935596.7943,,3058344.0828,15500.0,,3966027.385,,688560.0,263269.0,31175650.0,4075250.0,,1573035.0,84089.0,19020.0,,11750.0,431325.0,393225.0,3781029.0,,2118010.0,913345.0,704480.0,835232.0,102489796.0,,,,96967.25,49490918.75,37920.0,,49920.0,9570531.0,300000.0,,,224100.0,50462338.0,29040.0,34240.0,11346559.5,88000.0,1092435.0,,5282525.0,207535.0,863200.0,480000.0,192841.00000000003,88475092.5,2814050.0,2117120192380.0,2117120192380.0,14175.0,79045.0,49713520.0,1610323.93885,72239174.595,328900.0,53985525.0,1150000.0,2026050.0,,237650.0,2565000.0,117018650.0,2072070.0,1345050.0,301300.0,6337.5,60500.0,210197.0,216248970.61695,,,15281122036265.0,271924.0,155473.0,15281122036265.0,,18743006.0,,7160.0,112210422.5,,3297935.5,48000.0,24844822361700.0,24844822361700.0,58280.0,420750.0,307936.0,605520.0,10374625.0,201750.0,162564044.0,170812256.26500002,52435.5,4019.9999999999995,6050.0,49164.0,,13914.747000000001,5146825.0,1876700.0,436730.0,45660.0,443115.0,114875.0,443115.0,72295.06,46363815.0,3750378.0,1182600.0,1147940.0,154695.0,51495620.0,8978096996665.0,355300.0,76800.0,43274.4,107100.0,,,7761936.000000001,20857860.0,75415.0,,431936742.475,523120.0,234033875.99999997,65741800.0,55245.0,10890.0,132200.0,709150.0,8978096996665.0,108900.0,27920.0,,199613090.0,357500.0,,77120.0,60651017.5,1428754.0,3063832.5,17610795.0,57391839.0,106110.0,67895.0,267345.0,141400.0,28000.0,1162090.0,617600.0,51000.0,91660.5,338100.0,946368.0,403000.0,20054825.5,,38025.0,99274280.0,947835.0,39600.0,1024885.3999999999,8812.630000000001,2001235.0,,22359220.0,39825.0,6741371.5,,2182560.0,,,,,16231600.0,5406.0,628750.0,2401575.0,,,42900.0,1367006.4,4184771664005.0,4184771664005.0,131175.0,1716000.0,72673916297065.0,,,8589050.0,2575200.0,10624805.0,33495.0,34860.0,3755940.0,83432062.5,158400.0,371225.0,70735.0,110967210.0,,150069530.0,126529890.0,3982354261320.0,193396.38934999998,2350865.0,14800.0,130245.0,18948.0,,195200.0,124875.0,3552150.0,203833056.92299998,26279806.5,13814432.999999998,1170721.0,9024120.0,,,,,,,,228081490.0,95000.0,237970.0,64050.0,50871560.0,4829600.0,1407240.0,,75164786.0,137730.0,3982354261320.0,68200.0,36500.0,,10182700.0,542553940.0,,848580.0,312255.0,1127411.25,7846685.0,62000.0,386291532.0,62000.0,341275.0,78019875.0,315825.0,247445.0,10500.0,5027920.0,452875.0,,196000.0,20013438.0,157500.0
2015-04-30,1241240.0,,43650.0,24849.0,51700.0,256056.0,1434223.0,15900705.0,424916800.0,66080.0,2827392.5582112474,659880.0000000001,,1196345.0,2600939.9999999995,59360940.0,276682500.0,121350.0,,67580.0,462023640.0,0.0,2034240.0,0.0,19800.0,166362.0,156863195.0,,745890.0,28165.0,48750.0,,99190.0,2128600.0,65965.0,,2203200.0,261800.0,415800.0,130000.0,615846.0,,94231.35,130002.0,4589.5,457642260.0,11273220.0,,2700630.0,172199.99999999997,52439.99999999999,175386510.0,5495.0,126465420.0,831600.0,96900.0,,,,17305.0,36359.82000189567,49480560.0,1464749.9999055,20120.0,606375.0,2784278.644,,8473290.2748,44500.0,,3142658.81,,508640.0,333300.0,21882120.000000004,3842930.0,,772560.0000000001,8437.0,6490.0,81437430.0,9940.0,220750.0,238000.0,13054635.0,,2259264.0,672760.0,200660.0,219474.0,120207308.0,,,,32185.499999999996,60398850.00000001,17200.0,,,9637065.0,127000.0,,,46200.0,21762294.0,323990.0,68250.0,11656710.0,38880.0,1783600.0000000002,,3296975.0,100100.0,738500.0,472625.0,200680.0,136472980.0,1309000.0,2517798042700.0,2517798042700.0,91070.0,93415.0,53489760.0,2959086.2301,43163362.019999996,1196720.0,22028490.0,,350300.0,,1326200.0,3240750.0,140186000.0,1199675.0,955710.0,157340.0,,77000.0,47251.0,414618332.8004,,,16111653918200.0,122400.0,110720.0,16111653918200.0,,7816182.0,,31540.0,166447440.0,,1960488.0,37600.0,22316810195150.0,22316810195150.0,54010.0,540750.0,32538.000000000004,708540.0,1548040.0,181210.0,200129164.0,171625247.95499998,299775.0,,1324.0,4800.0,,54449.01000000001,5203320.0,1442270.0,77760.0,43980.0,836610.0,68825.0,836610.0,73600.8,16956795.0,5276518.000000001,107000.0,922760.0,78020.0,56793588.00000001,6167418996750.0,611800.0,65350.0,23306.4,111602.0,,,3707659.9999999995,14677270.0,59795.0,80300.0,458238185.88,121000.0,227833344.0,67897920.0,457595.0,201595.0,122400.0,97280.0,6167418996750.0,243390.0,10170.0,,133376340.0,317340.0,,30240.0,38236660.0,783564.0,777495.0,12453750.0,75309904.8,38400.0,93600.0,60730.0,87100.0,13800.0,1168960.0,428800.0,74850.0,105644.25,39650.0,294111.192,186000.0,15652635.0,,479600.0,85727025.0,835140.0,234800.0,249524.0,15833.5,1251540.0,,39381840.0,223440.0,14271180.0,,1330619.9999999998,,,,,3766500.0000000005,48600.0,281750.0,990000.0,,,84475.0,430872.0,4776696943520.0,4776696943520.0,134425.0,813662.0000000001,75603078617850.0,,,7189315.0,1491860.0,5650000.0,225655.0,72390.0,1981023.0000000002,96065250.0,119535.0,297440.0,27510.0,102534000.0,,73770636.0,112232160.0,3031405630080.0,316906.91285,344400.0,64800.00000000001,37200.0,36848.0,,230220.0,332640.0,820800.0,195441669.58200002,24862148.0,7043895.0,649060.0,2936070.0,,,,,,,,322117285.0,95790.0,111000.00000000001,36790.0,43200456.0,1440000.0,477710.0,,797304.0,209040.0,3031405630080.0,28025.0,24545.0,,11135200.0,344240160.0,,432600.0,356692.05,1347500.0,1597750.0,198000.0,455541248.0,24800.0,510540.00000000006,72584752.99999999,128250.0,109900.0,10425.0,3170958.0,253800.0,,107025.0,21574008.0,106250.0
2015-05-31,834925.0,,9485.0,42625.0,49350.0,58089.0,656704.5,11800138.25,246236090.0,126780.0,2955318.205130211,12279216.0,,115060.0,1769105.0,56428487.5,270601092.5,7950.0,,24480.0,251959220.0,0.0,4389015.0,0.0,13950.0,83194.0,106337672.5,,1112315.0,30260.0,19350.0,,174720.0,522650.0,123690.0,,1989818.0,112966.0,1069450.0,141075.0,2215083.8265,,71973.03,118560.36,1620.0,309779712.0,6475695.0,,1306475.0,182200.0,37435.0,186771730.0,38497.5,201886056.0,1335448.8,45900.0,,34000.0,,5190.0,83353.98749955287,39444627.5,879595.0000057,68000.0,347823.0,2120170.4517,,3430796.0154,7500.0,,4214048.0,,508965.0,182435.0,11298560.0,2656330.0,,540735.0,650.0,1377000.0,15554935.0,2940.0,155475.0,341890.0,16737914.0,,884866.0,645455.0,328995.0,95521.0,96674367.0,,,,34296.75,36980115.0,16000.0,,44405.0,3773450.0,72800.0,,,46010.0,13433524.0,61200.0,109200.0,11084164.5,18950.0,1370823.5,,2231250.0,694200.0,379269.0,148050.0,59500.0,108857025.0,973290.0,2128456970540.0,2128456970540.0,15820.0,42000.0,31182625.0,1939487.07865,38080090.004999995,543000.0,20194585.75,,94800.0,,379500.0,2605690.0,186507875.0,930890.0,341317.5,96720.0,33600.0,98400.0,144850.0,413074365.99615,,,16261360167930.0,520640.0,161732.0,16261360167930.0,,2165900.0,,13150.0,95142967.5,,2253210.0,29900.0,24677959121215.0,24677959121215.0,58230.0,403155.0,45880.0,426330.0,1217980.0,39175.0,183361515.0,120605773.25999999,25200.0,43200.0,6045.0,9720.0,,15000.678,1115129.0,1022485.0,147650.0,25687.5,121840.0,87040.0,121840.0,90675.15999999999,30413703.0,6576930.0,342260.0,1606445.0,29670.0,57522148.0,5611131250110.0,301000.0,202500.0,10452.0,189559.0,,,1545955.0,6256012.5,77050.0,408526.5,317530569.68999994,114400.0,148713555.0,90525302.0,502400.0,22400.0,147600.0,192855.0,5611131250110.0,119700.0,,,81799735.0,232325.0,,51620.0,33586510.0,1333740.0,19040.0,4172880.0,55595736.0,32900.0,72100.0,69360.0,75400.0,11700.0,607150.0,552300.0,38800.0,119130.75,28500.0,350895.036,117540.0,14986721.0,,338800.0,125683250.0,1438650.0,82500.0,229680.99000000002,17360.0,7060095.0,,40716000.0,250250.0,4450339.5,,1098615.0,,,,,1372075.0,18000.0,1484000.0,948300.0,,,14940.0,149662.59999999998,3522178684800.0,3522178684800.0,149426.0,627468.0,64986332636425.0,,,3231431.0,8243020.0,3778102.5,140550.0,53549.99999999999,2461641.0,95778155.0,69500.0,375360.0,47632.5,83201312.5,,96516511.0,79766643.0,2662665656775.0,98047.092,267280.0,15400.000000000002,52600.0,19506.0,,237600.0,238850.0,331790.0,127785289.8405,11676870.5,6725457.999999999,588300.0,2517493.0,,,,,,,,265803765.99999997,99120.0,17760.0,39340.0,34660077.0,1670890.0,459360.0,,14576.0,134475.0,2662665656775.0,23290.0,10280.0,,4827655.0,249728500.0,155775.0,425120.5,169982.625,1126762.5,1143300.0,56000.0,569788403.0,167387.5,808870.0,51935929.5,432720.0,285150.0,37530.0,5667947.5,109790.0,,84500.0,12648291.0,121100.0
2015-06-30,246140.0,,,77204.0,112500.0,15750.0,712800.0,10739899.5,199838025.0,16650.000000000004,1287424.3133591735,4346160.0,,784527.5,2693040.0,55667340.0,139672445.0,20250.0,,12256.0,325618800.0,0.0,28509520.0,0.0,16740.0,132300.0,86275840.0,,588930.0,75480.0,15420.0,,26400.0,665000.0,94885.0,,3433980.0,54000.0,178750.0,22400.000000000004,956625.351,,27824.85,12240.0,806.0,299468400.0,7072960.0,18180.0,395520.0,27045.0,16520.0,57210790.0,50440.0,129944124.0,365670.6,23500.0,,1443.0,,4600.0,22000.43999976669,31020750.0,134440.00002125,26989.0,2193312.0,930613.7511999999,,267950.1864,7140.0,,2847048.0,,220000.0,89264.0,8578195.0,2736510.0,,236340.0,6300.0,66000.0,10243379.999999998,12700.0,283800.0,224960.0,9664434.0,,421080.0,143170.0,199680.0,28548.0,119349820.00000001,,,,4355.0,23845395.0,10020.0,,131850.0,3699297.0,247500.0,,,113475.0,17714043.0,26700.0,25949.999999999996,6749568.0,14000.0,1499875.0,,3270175.0,173250.0,75000.0,159100.0,20925.0,82808310.0,100900.0,1749947071119.8398,1749947071119.8398,47250.0,,15884720.0,999990.1626,33657120.0,351745.0,16312737.000000002,,35600.0,,146250.0,985320.0,206254650.0,754000.0,568960.0,296630.0,97014.0,,19560.0,275727403.98450005,,,11543026677136.24,375648.0,145460.0,11543026677136.24,,2665480.0,,29580.0,75522330.0,,2046329.9999999998,2155.0,18715567438212.48,18715567438212.48,11235.0,413625.0,57609.0,231200.00000000003,904500.0,15400.000000000002,131986750.0,129797364.9,7400.0,27390.0,1720.0,1524.0,,24800.160000000003,283898.0,915800.0,141360.0,37500.0,8400.0,28080.0,8400.0,49858.0,12686150.0,1574586.5,185370.00000000003,596250.0,8100.000000000001,30442104.0,4484067529087.2,465500.0,127400.0,51721.8,16425.0,,,885360.0,1090000.0,34000.0,97750.0,287553440.24,88000.0,152043216.0,106435260.0,160000.0,13523.0,29250.0,123390.0,4484067529087.2,89775.0,51800.0,,93926820.0,67200.0,,51800.0,20080560.0,553520.0,533275.0,2079690.0,26049600.0,111550.0,12000.0,74800.0,56100.0,25650.0,212850.0,111000.0,25200.0,58617.0,15000.0,74500.59599999999,93830.0,16282924.000000002,,127000.00000000001,82866600.0,3429240.0000000005,47725.0,104400.087,5333.400000000001,3821200.0,,37482320.0,11700.0,5108310.0,,814800.0,,,,,3462360.0,3449.5,773820.0,2596977.5,,,12720.0,28800.0,3461076188010.4805,3461076188010.4805,16893.0,423660.0,54248306181807.51,,,2841203.0,6194130.0,3781200.0,148000.0,30000.0,9443030.0,58624980.0,42300.0,209100.0,29400.0,116301912.99999999,,80671968.0,84923064.0,2610281412616.6797,295792.4875,229500.0,6000.0,100580.0,21868.5,,72490.0,210975.0,244080.0,170860167.019,9093931.0,9857280.0,649688.0,5459250.0,,,,,,,,185285100.0,50400.0,67500.0,58030.0,26291574.0,1077480.0,690770.0,,10010.0,44880.0,2610281412616.6797,20520.0,47500.0,,9281250.0,274530240.0,18280.0,187745.0,64341.075,1584120.0,486350.0,17000.0,587212081.0,83350.0,680200.0,97168850.0,169735.0,82550.0,33750.0,5415822.0,114925.0,,76300.0,12496018.0,85750.0
2015-07-31,956304.0,,,16676.0,264600.0,18004.0,963206.0,10630491.0,248520150.0,10350.0,2014060.7593748597,4154987.0,,1489910.0,882210.0,59836125.5,161425855.0,10200.0,,9240.0,278691865.0,0.0,18021865.0,0.0,10360.0,257184.0,79633625.0,,224220.0,5981125.0,16895.0,,114950.0,14985650.0,58100.0,,1463411.0,51528.0,258280.0,27000.0,891808.631,,55999.2,2063.97,1080.0,339495669.5,6084455.0,,685420.0,69600.0,17680.0,89227211.5,6789.75,89834633.75,168480.0,47250.0,,,,10920.0,10500.000000221025,52266351.75,368300.000145,13994.0,160680.0,2272863.83535,,1164859.4568,24687.0,,3269470.8,,456615.0,1054629.0,9629440.0,951530.0,,2388850.0,,25245.0,8255440.0,2017.0,103200.0,112920.0,33607609.0,,654841.0,391559.0,1569460.0,26645.0,100889448.0,,,,19365.75,33078890.0,3360.0,,27300.0,3091511.0,57200.0,,,21750.0,13935580.0,14240.0,77165.0,7510149.75,14600.0,218290.00000000003,,2395240.0,78550.0,559355.0,61937.5,4656.0,80529367.5,507400.0,1492392166411.91,1492392166411.91,24010.0,62000.0,29152020.0,1147481.6672,9276010.695,360950.0,21634665.75,1002525.0,52380.0,,106500.0,1547985.0,294877475.0,185490.0,348385.5,240510.0,1704.0,,29392.0,208608731.74325,,,9776977139525.219,54740.0,161340.0,9776977139525.219,,2320327.0,,30640.0,74402832.0,,2748163.0,5655.0,16429140916971.332,16429140916971.332,10455.0,4350675.0,42000.0,129000.0,1400415.0,26520.0,137799881.5,129933003.47999999,7970.0,990.5,5242.0,9995.0,,10599.75,159162.0,668920.0,97610.0,26600.0,57900.0,11240.0,57900.0,50755.020000000004,9499265.0,4683765.0,12210.000000000002,746390.0,21130.0,44609050.0,3828256156062.96,555750.0,112000.0,92718.6,46699.0,,,994525.0,1767620.0,12740.0,42000.0,246897516.385,58500.0,95057160.0,102261174.0,139400.0,4550.0,32000.0,128710.0,3828256156062.96,60300.0,34200.0,,86218800.0,49440.0,,7575.0,15464490.0,1818655.0,284882.5,2517705.0,33493660.200000003,20400.0,194000.0,65650.0,94200.0,25850.0,134640.0,709550.0,63000.0,23490.0,59000.0,2036472.9179999998,54000.0,25102185.0,,130200.0,68775300.0,1247535.0,44250.0,103530.174,104001.3,2130975.0,,53183140.0,15675.0,4491773.0,,816525.0,,,,,15302280.0,13791.999999999998,325130.0,1607800.0,,,40190.0,28931.5,2960105387576.34,2960105387576.34,11391.5,1493664.0,51900447590515.37,,,4029457.5,2091430.0,7771400.0,20350.0,29250.0,9851155.0,56641050.0,10600.0,491445.0,32032.0,32520358.0,,123588960.0,131989517.0,2992864241529.27,47739.67025,222115.0,20900.0,62950.0,17000.0,,46340.0,86687.5,324205.0,144810382.598,8154438.0,7019990.5,998755.0,1825120.0,,,,,,,,223559137.5,27810.0,4500.0,53549.99999999999,43281939.0,2330500.0,723200.0,,92950.0,33620.0,2992864241529.27,5725.0,8550.0,,8130185.0,364862600.0,13800.0,306909.0,105780.0,1871085.0,139700.0,6500.0,379976176.0,49110.0,393480.0,30510547.5,162800.0,50800.0,34705.0,1974838.0,63680.0,,66075.0,15942647.0,47550.0
2015-08-31,10836111.000000002,,,20635.0,27000.0,121207.99999999999,2126838.0,8909590.0,207427680.0,31625.0,2440475.857930912,7398816.000000001,,313800.0,1459280.0,74861550.0,166477940.0,23205.0,,18885.0,412167000.0,0.0,14640395.0,0.0,33120.0,97850.0,90578870.0,,209840.0,1195000.0,41480.0,,105600.0,5258400.0,40950.0,,1090430.0,5814.0,110700.0,35610.0,1117212.0,,76476.15,30674.265,540.0,310991697.0,9120000.0,,825440.0,48940.0,36750.0,87926940.0,11022.0,104246604.0,126720.0,24000.0,,4800.0,,31105.0,32656.102500304434,113494458.0,163749.9999476,9471.0,94400.0,3472002.42,,14201852.568,71400.0,,8066208.0,,360750.0,113600.0,30676320.0,1727730.0,,866140.0,72800.0,15560.0,13745030.000000002,8277.0,662200.0,697500.0,16673040.000000002,,394922.0,395005.0,582400.0,142975.0,81802980.0,,,,9578.25,69170237.5,95930.0,,,1876935.0,78900.0,,,46530.0,8606780.0,11900.0,45090.0,5221980.0,18480.0,954100.0,,2340900.0,100800.0,444080.0,101750.0,21600.0,50173200.0,590000.0,1491446384313.6,1491446384313.6,541800.0,342000.0,64855280.0,1224520.0,11121091.11,112980.0,12185238.0,3995000.0,29100.0,,59849.99999999999,2715480.0,307416200.0,585290.0,821600.0,1180840.0,3408.0,,37240.0,424345484.3584,,,12504991879873.71,40008.0,440226.0,12504991879873.71,,3553550.0,,15600.0,143168220.0,,1552320.0,4950.0,16638940619291.16,16638940619291.16,23750.0,5566734.0,7308.0,379890.0,719580.0,23400.0,91773253.0,129988899.80999999,7300.0,32325.0,10980.0,,,21894.809999999998,740870.0,946630.0,40660.0,13500.0,93060.0,28280.0,93060.0,72453.68000000001,14690647.0,5698550.0,152320.0,861100.0,11160.0,57966000.0,2994450381700.0,210000.0,366600.0,87625.20000000001,405275.0,,,2498620.0,8496600.0,24120.0,19750.0,250466749.28,69300.0,156379500.0,203965840.0,53550.0,6905.5,27000.0,74100.0,2994450381700.0,111720.0,10800.0,,164022264.0,184500.0,,120060.0,13561070.0,1555568.0,1232000.0,8881320.0,39712701.599999994,12600.0,13580.0,37170.0,29100.0,63800.0,258620.0,488950.0,6691000.0,224295.75,34500.0,2017610.634,110250.0,22599156.0,,100000.0,68222150.0,535680.0,69025.0,76949.95,13333.5,2950400.0,,15881880.0,16000.0,5002430.0,,907350.0,,,,,8399160.0,308805.0,998800.0,118250.0,,,13160.0,95776.0,3788834253254.19,3788834253254.19,11872.5,3420000.0,57237774785074.625,,,2036744.9999999998,1233910.0,4983250.0,29600.0,134330.0,4970650.0,60681600.0,63300.0,450450.0,6090.0,77160705.0,42913999.6584,122603160.0,81162910.0,3651262186270.3203,82399.944,297250.0,7260.0,63530.0,5600.0,,42500.0,215250.0,373700.0,181427220.0,15611120.0,6497300.0,820000.0,3297600.0,,,,,,,,300382000.0,37340.0,12750.0,32175.0,45572150.0,1111280.0,1387940.0,,34368.0,121660.0,3651262186270.3203,22000.0,39260.0,,9682400.0,500803980.0,4600.0,342992.0,446702.55,826528.5,661500.0,36000.0,493928295.0,71280.0,273240.0,48131226.0,466200.0,130785.0,230000.0,3646350.0,52390.0,,42250.0,11993000.0,85000.0
2015-09-30,1929840.0,,,101520.0,25800.0,29052.0,1771686.0,12757502.0,224678300.0,10800.0,2261855.9442575346,1160000.0,,2143680.0,691900.0,84967092.0,133862494.99999999,16800.0,,16632.0,404812079.99999994,0.0,2805400.0,0.0,20020.0,92400.0,92307000.0,,136240.0,1138200.0,35100.0,,46000.0,3203200.0,95200.00000000001,,1448610.0,28700.0,47000.0,35150.0,602937.102,,20757.329999999998,8019.96,540.0,287593080.0,3922980.0,13500.0,1658700.0,29900.0,49980.0,43230722.0,5200.0,107637200.0,247491.66000000003,11955.0,,10000.0,,8500.0,13300.559999393627,32723605.000000004,374999.9999625,9000.0,129600.0,2109354.9309,,11459070.672,7620.0,,2309726.54,,145080.0,170260.0,8203752.0,1763370.0,,498515.0,1200.0,,4275640.0,1005.0,87000.0,309400.0,70376625.0,,1416643.9999999998,416542.5,1171170.0,282000.0,61043220.0,,,,47575.0,67094166.0,26850.0,,23120.0,1140048.0,49000.0,,,43320.0,4522624.0,16520.0,55680.0,1236150.0,11700.0,866500.0,,1324345.0,64959.99999999999,232400.0,1113200.0,8051.0,46962585.0,2543200.0,1219330134081.54,1219330134081.54,503850.0,,30870400.0,1009785.2655,6706758.93,42660.0,14290790.0,1000000.0,62700.0,,91450.0,1696410.0,202758240.0,2407500.0,423545.0,314000.0,9720.0,,6500.0,237706817.7716,,,10992591096101.73,273997.5,130000.0,10992591096101.73,,1890600.0,,16000.0,101080605.0,,684516.0,7940.0,15297502804064.58,15297502804064.58,112895800.0,9306180.0,79837.0,789360.0,415480.0,32250.0,64274700.0,117970327.85999998,14760.0,18500.0,16500.0,,,8240.4,136620.0,834410.0,30550.0,129705.0,59950.00000000001,41580.0,59950.00000000001,8866.76,14369152.0,3136210.0,41070.0,492480.0,10145.0,47345472.0,1953255302060.4,257399.99999999997,501600.0,44226.0,170160.0,,,527550.0,2750640.0,18890.0,7000.0,176866977.89999998,6111950.0,109303200.00000001,106540960.0,77000.0,44620.0,39850.0,88290.0,1953255302060.4,59850.0,35000.0,,138586950.0,81880.0,,455244.0,21790600.0,1261150.0,328900.0,2127720.0,34216948.800000004,148800.0,66030.0,111950.0,88000.0,19895.0,329400.0,510000.0,2845500.0,40459.5,22770.0,2272534.5239999997,120000.0,13129135.0,,69375.0,61348000.0,288690.0,56999.99999999999,35719.029500000004,17653.5,2719850.0,,13404440.0,13490.0,3664678.0,,400000.0,,,,,681500.0,10568.0,337012.5,550000.0,,,25525.0,501979.1,3518071903696.42,3518071903696.42,296585.0,320046.0,48542905751381.21,3375.0,,1943239.9999999998,1072500.0,4124845.0,180000.0,28900.0,3412979.9999999995,59824065.0,77000.0,75950.0,14678.5,44500229.5,84652605.752,96324620.0,83113016.0,1955722417047.0,57001.23005,131815.0,14400.0,132210.0,12800.0,,65400.0,210250.0,463399.99999999994,155051820.0,14357700.0,1839031.25,805200.0,4467375.0,9549525.0,19455440.0,83307885.0,,,,,316522050.0,14699.999999999998,8480.0,63960.0,12593554.0,551230.0,3179850.0,,136431.0,34055.0,1955722417047.0,43365.0,35070.0,,10464685.0,329647600.0,6753.0,923300.0,61799.925,734580.0,612900.0,22500.0,375436204.0,40600.0,529970.0,53921530.0,198200.0,86320.0,21150.0,1716804.0,128260.0,,69225.0,25770836.0,66000.0
2015-10-31,578457.0,,,11536.0,124500.0,47290.0,1805863.5,25028610.5,231027100.0,34240.0,2524333.1363069075,589710.0,,689000.0,649295.0,75787312.5,150750102.0,32700.0,,23744.0,337987980.0,0.0,5828635.0,0.0,22950.0,42900.0,86652480.0,,558445.0,4989490.0,10640.0,,141475.0,982700.0,47640.0,,972712.0,11800.0,248975.0,35000.0,798488.2660000001,,16995.719999999998,2950.05,6090.0,273724621.0,7634760.0,6695.0,1980990.0,49650.0,53129.99999999999,48817197.0,10020.0,133540458.0,667920.48,24600.0,,1500.0,,16097.0,4180.049999903177,24197106.5,619399.999933,33942.0,181080.0,3013003.6870999997,,3594198.084,2120.0,,5569857.93,,233310.0,78471.0,12615711.0,1757010.0,,280635.0,,,2870890.0,5000.0,1810775.0,4272400.0,18642200.0,,776718.5,2264323.0,801590.0,714444.0,73885200.0,,,,108732.0,132024914.0,119055.0,,67070.0,1355752.0,40700.0,,,810900.0,13181854.0,35810.0,16150.0,760749.0,22750.0,792920.0,,577920.0,63520.0,114840.0,286500.0,15730.0,56461050.0,1280710.0,1237061873516.7651,1237061873516.7651,239110.0,55000.0,22463985.0,614842.602,18294120.0,120865.0,17327504.5,600000.0,235850.0,,234525.0,4739500.0,138409715.0,520000.0,891282.5,541140.0,4300.0,,19550.0,194310094.90555,,,11826446078608.785,928000.0,158630.0,11826446078608.785,,2933872.0,,160160.0,121034267.5,,670737.5,20500.0,15985959292040.73,15985959292040.73,26130300.0,13592914.5,71630.0,258000.0,425380.0,20880.0,142461215.5,145022080.61249998,64160.0,55980.0,170948.0,47405.0,,11804.9925,217690.0,819200.0,110700.0,13860.0,728930.0,43575.0,728930.0,17537.52,19144539.0,3711632.5,35840.0,357425.0,5000.0,56518688.0,2273557609198.5205,282000.0,36850.0,11037.0,92400.0,,,1325285.0,3496482.5,22050.0,18700.0,187552515.375,1931950.0,128351380.0,161044373.0,149600.0,152900.0,592950.0,207950.0,2273557609198.5205,59850.0,8100.0,,132697341.5,102710.0,,100650.0,37981562.5,601902.0,999555.0,1598925.0,51242444.099999994,20470560.0,48000.0,72600.0,122800.0,32550.0,205360.0,679350.0,3524300.0,52568.99999999999,23120.0,4673615.034,125000.0,10127933.0,,57400.0,59660337.49999999,430275.0,55400.0,59748.9695,105934.5,1562400.0,,10303720.0,31040.0,3890464.75,,410225.0,,,,,1345600.0,102000.0,123225.0,580050.0,,,25200.0,217941.0,3559751264637.665,3559751264637.665,279060.0,350780.0,46689217304219.766,2440.0,,2337412.0,674865.0,4868475.0,132745.0,43200.0,4638000.0,119988830.0,16800.0,347600.0,110000.0,44321952.5,27161523.4176,65525050.0,73263309.0,2029072681829.98,255139.486,689510.0,30710.0,316375.0,33690.0,,27540.0,234050.0,677060.0,160476124.25800002,12225757.5,,602255.0,3910990.0,4084300.0,7101000.000000001,20082505.0,,,,,249289800.0,163400.0,78100.0,29300.0,45116826.0,591030.0,3342900.0,,74404.0,5978420.0,2029072681829.98,497640.0,30800.0,,13892700.0,298830810.0,15376.0,2946856.5,76246.95,489564.5,2042175.0,43200.0,329051982.0,10500.0,284840.0,40591642.0,91000.0,204300.0,25180.0,2046855.0,89495.0,,98675.0,33554268.0,364100.0
2015-11-30,1622062.5,,,7028.0,142150.0,4400.0,2058799.75,4661031.0,193529522.5,28249.999999999996,737083.6885582026,181360.0,,842300.0,415575.0,73608030.0,61070715.0,16700.0,,110696.0,256990360.0,0.0,1315515.0,0.0,1757005.0,58032.5,82033142.5,,339830.0,389270.0,25605.0,,180399.99999999997,479250.0,13799.999999999998,,1004485.0,9176.0,194150.0,35100.0,1320700.0,,2905.05,1757.97,1305.0,259522009.5,2124600.0,,1317680.0,442690.0,22050.0,26887860.0,,146089865.0,4780215.0,21000.0,,,,3423.75,12045.074999653432,30977754.499999996,460405.0001705,7945.0,65425.0,1539241.935,,2587202.352,9210.0,,3628986.45,,236485.0,82244.0,16297354.5,1236315.0,,347070.0,63164.0,,1585070.0,9000.0,866450.0,909720.0,38480415.0,,83819.0,358640.0,381485.0,45200.0,64247813.0,,,,302265.0,57981145.0,8300.0,,7100.0,4644072.0,38500.0,,,128010.0,48613873.0,8450.0,19800.0,917502.75,13000.0,2189767.5,,1070692.5,331500.0,23200.0,106430.0,4614.0,36979357.5,144000.0,1089185151199.46,1089185151199.46,305550.0,73360.0,35396100.0,883352.3424,6256524.99,56760.0,17352101.0,1000000.0,41600.0,,43500.0,2532825.0,157885097.5,311700.0,1416379.0,122400.0,1895225.0,,32759.999999999996,172826150.66459998,,,8569485604615.266,165000.0,297840.0,8569485604615.266,,2945171.5,,34410.0,105249786.0,,2469266.0,4220.0,14448331695785.922,14448331695785.922,12121625.0,22079581.0,72800.0,161290.0,133110.0,135960.0,112861436.0,112405326.6,11400.0,4500.0,4530.0,,,31851.225000000002,222359.0,309420.0,70350.0,25200.0,97740.0,35600.0,97740.0,36720.0,38386279.0,1265025.5,39549.99999999999,231685.0,11500.0,43567788.0,1085024796411.78,26000.0,24600.0,50427.0,65120.0,,,1173875.0,4557290.0,11820.0,14400.0,143461742.09,320450.0,93193405.0,169606229.0,217500.0,42880.0,100725.0,104265.0,1085024796411.78,19950.0,9030.0,,117527335.0,58400.0,185188975.0,35310.0,39068320.0,671985.0,91340.0,217700.0,26332673.4,5542595.0,72200.0,24600.0,218050.0,9000.0,120960.0,305000.0,1114150.0,48264.75,14000.0,1824000.0,221280.0,9503449.5,,51870.0,64323315.0,339410.0,58775.0,59799.85,63000.0,4902195.0,,8665500.0,19650.0,2098682.5,,310385.0,,,,,554480.0,21624.0,758812.5,513695.0,,,96480.0,130598.9,3107277793018.62,3107277793018.62,86650.5,220890.0,42259154977845.0,,,1139928.0,842150.0,1951310.0,21650.0,54000.0,1123260.0,251097180.0,28000.0,299300.0,17980.0,25676673.5,10719817.711199999,37078674.0,40058698.0,1652937207566.2798,126630.01890000001,305425.0,5400.0,66470.0,13880.0,,35520.0,230250.0,395660.0,128402485.09099999,9683230.0,,261155.0,2433605.0,1929265.0,1941390.0,6512450.0,,,,,230400590.0,79500.0,122500.0,32495.0,66337620.0,1203700.0,1461275.0,,126240.0,1007870.0,1652937207566.2798,52439.99999999999,15000.0,,16528305.0,281872875.0,5850.0,1331211.0,46968.075,1738268.75,385650.0,21300.0,334541666.0,4500.0,294285.0,22724251.0,56640.0,773840.0,11500.0,1597165.0,98640.0,,125275.0,33649429.0,85400.0
2015-12-31,304381.0,,,,19500.0,10660.0,351252.5,4080728.0,154030240.0,25875.0,1623836.6967495116,119599.99999999999,,4120000.0,387800.0,64263652.5,63100730.00000001,12250.0,,4207.0,225584730.00000003,0.0,848120.0,0.0,3393400.0,126315.0,107367750.0,,464500.0,258300.0,24570.0,,198000.0,561600.0,6899.999999999999,,423280.00000000006,35340.0,117130.0,141360.0,986540.0,,24999.75,32500.5,7485.0,163752699.0,7071040.0,,549400.0,67840.0,23600.0,21789600.0,,108388276.5,1868155.0799999998,42000.0,,4500.0,,41590.0,18175.500000295706,27149135.999999996,75905.00000325,10706.0,26702.0,1421759.871,,2898127.176,2000.0,,2002000.0,,66640.0,181500.0,18834970.0,560310.0,,115050.0,60000.0,,905080.0,999.0,895375.0,1806080.0,24721320.0,,1685970.0,518484.0,182090.0,21600.0,35591094.0,,,,177270.0,74020755.0,161500.0,,22680.0,1874080.0,45500.0,,,59760.0,3087900.0,16215.0,219200.0,902055.0,1110000.0,3348480.0,,2038000.0,46750.0,232940.0,181450.0,36851.5,38781120.0,1225700.0,910537921980.75,910537921980.75,543528.0,9809.0,26038140.0,1412551.6196,2036599.32,76545.0,9382640.0,,63450.0,,47200.0,1538820.0,111343600.0,819675.0,352260.0,58500.0,1984365.0,,109440.0,115155781.1118,,,6924736484097.74,192675.0,475200.0,6924736484097.74,,2635059.0,,18000.0,74987250.0,4563480.600000001,331144.0,4200.0,13337307483825.0,13337307483825.0,7566390.0,9044857.0,14000.0,63070.0,146640.0,108300.0,174090730.0,90920916.24000001,3700.0,15520.0,5990.0,,,13105.05,616250.0,436760.0,120000.0,67045.0,64610.0,41140.0,64610.0,10200.0,9622998.0,1913519.5,41440.00000000001,66275.0,7605.0,23749982.0,702921289028.7001,431000.0,193600.0,23400.0,82700.0,,,210870.0,9121860.0,24840.0,5800.0,97851010.94999999,213850.0,85205400.0,49370112.0,36500.0,22860.0,89425.0,62750.0,702921289028.7001,163072.5,29650.0,,85136480.0,40500.0,22787820.0,20510.0,47600000.0,663692.0,215000.0,225179.99999999997,16749795.6,8496000.0,94000.0,5940.0,31335.0,17050.0,138860.0,319200.0,843200.0,27717.75,17880.0,1321093.638,115000.0,6829042.0,,39435.0,39112290.0,223200.0,62000.0,119479.9485,16950.0,605360.0,,26938100.0,29640.0,6653167.0,,200340.0,1916720.0,613350.0,,,414959.99999999994,370469.0,997500.0,322500.0,,,19040.0,82885.2,2877865681495.1997,2877865681495.1997,18360.0,424998.0,39587589257721.72,244000.0,,1016800.0,194540.0,1609600.0,2800.0,52000.0,806000.0,135397035.0,46225.0,78960.0,10000.0,65572890.0,6659376.152,31370960.0,53203805.99999999,1431386316389.6,42965.4743,336960.0,86080.0,24840.0,4800.0,,23670.0,144000.0,364270.0,105196760.0,10363380.0,,118575.0,1286664.5,116816.00000000001,1063490.0,5321220.0,,,,,220165575.0,11320.0,10250.0,13450.0,23312340.0,352240.0,1166000.0,,2100.0,497700.0,1431386316389.6,95390.0,38000.0,,29854900.0,224694750.0,49000.0,237980.0,162795.0,2813304.0,263200.0,17500.0,415844000.0,48037.5,122000.0,8581706.0,86450.0,107750.00000000001,2300.0,1099800.0,58145.0,,69175.0,21815090.0,86400.0
2016-01-31,436686.0,,,24140.0,57450.0,9738.0,1154168.75,5171612.0,213853760.0,22134.999999999996,1459530.0640354513,111600.0,,898605.0,515670.0,73600529.5,102853603.0,71200.0,,13780.0,445972185.0,0.0,2551415.0,0.0,983480.0,150108.0,48062345.0,,165700.0,211125.0,5400.0,,103700.0,489300.0,17160.0,,508520.0,10700.0,52250.0,47950.0,699492.5,,10316.19,10549.949999999999,1600.0,187618370.25,6550925.0,,319700.0,49600.0,40000.0,52718040.0,17415.0,135570443.0,339544.26,14210.000000000002,,8950.0,,25725.0,9600.150000199501,37529565.5,169770.00000345,16150.0,70337.5,1179495.50335,,2492317.632,4200.0,,4879832.375,,304225.0,173628.0,16863606.0,1343125.0,,108000.0,1200.0,792309.0,807950.0,,222300.0,16492605.0,25384827.5,,946180.0,1433115.0,498130.0,38955.0,66912863.0,,,,93000.0,58934904.0,40480.0,,7050.0,3761595.5,92400.0,,,20295.0,8383604.0,17130.0,26130.000000000004,1418940.0,7150.0,2042392.5,,205600.0,548620.0,271500.0,287250.0,34730.0,53628600.0,330300.0,1214535919385.1748,1214535919385.1748,121907.5,5420.0,36518050.0,1049075.7837999999,2541090.0,28860.0,22467981.5,3500000.0,37910.0,,56250.0,2881340.0,143448650.0,1020000.0,401763.5,57850.0,336090.0,,5890.0,235054290.55879998,,,7650609531092.3,172380.0,104508.0,7650609531092.3,,649526.0,,17300.0,52228683.0,591508.155,1108349.0,,12820301777476.275,12820301777476.275,6677345.0,17368938.5,41144.0,99450.0,212520.0,15450.0,159039191.0,109564845.81,25135.0,,4325.0,22455.0,,36401.4,218308.0,679500.0,197160.0,8125.0,55365.0,38500.0,55365.0,195600.0,5508075.0,3111018.0,34560.0,346790.0,4380.0,30927986.0,668939376057.6201,405300.0,87600.0,13572.0,115500.0,,,591165.0,4729928.0,8000.0,53200.0,187116915.515,35900.0,192113200.0,46111734.0,93650.0,15059.999999999998,92800.0,24000.0,668939376057.6201,119025.0,15500.0,,125722587.5,45990.0,8982750.0,15000.0,22515920.0,1417068.0,882500.0,161090.0,21503043.0,2060800.0,121110.0,61335.0,46000.0,9200.0,420899.99999999994,73700.0,750600.0,51678.0,49760.0,531651.372,39340.0,17344210.5,,62340.0,33237157.5,233200.0,21175.0,118000.3,4000.0,776080.0,,31082045.0,15850.0,2701768.5,,497360.0,612560.0,557280.0,,,317445.0,1350000.0,124320.0,106500.0,,,31620.0,99410.3,3246388862962.6797,3246388862962.6797,27675.0,492000.0,36449402881250.016,2200.0,,2137750.0,379670.0,2572620.0,24300.0,55010.0,1407435.0,75815725.0,72000.0,265720.0,11989.0,90055802.5,7159772.568,38170290.5,108141240.0,1232462767896.7002,250000.16249999998,149370.0,11500.0,58450.0,3000.0,,39000.0,77937.5,809625.0,100376663.4695,36618240.5,,299330.0,2478040.0,347600.0,1107110.0,4355723.0,,,,,282423530.0,37130.0,48720.0,58240.0,18616895.0,391665.0,766450.0,,31200.0,192000.0,1232462767896.7002,26880.0,33220.0,,6065966.5,221785800.0,,2829408.25,64350.0,586320.0,145425.0,8000.0,361965860.5,72960.0,98655.0,35637535.0,65519.99999999999,51000.0,187750.0,1058285.0,94725.0,,13500.0,14015940.0,34350.0
2016-02-29,316356.0,,,28175.0,74800.0,20672.0,2236683.0,9375300.0,191315760.0,12429.999999999998,3489267.2739847964,451200.0,,1302125.0,623070.0,66461607.0,88930446.0,10500.0,,7377.5,273705190.0,0.0,6362019.999999999,0.0,4226850.0,567951.0,89807470.0,,207900.0,457800.0,40080.0,,360000.0,1971200.0000000002,202975.0,,1392000.0,452700.0,40000.0,11950.0,903950.0,,10960.2,24199.5,2850.0,247690080.0,6452580.0,,1757200.0,236599.99999999997,101760.0,20044000.0,9740.0,135327580.0,1339800.0,88430.0,,28000.0,,35139.0,19399.80000166425,24504840.0,144229.99998715002,5700.0,505825.0,1463341.4152000002,,1420931.532,2140.0,,3225484.17,,308000.0,64859.99999999999,9563085.0,1658250.0000000002,,177990.0,28123.5,,924420.0,3925.0,371500.0,9594390.0,19107850.0,,381312.0,292800.0,1830220.0,241758.0,51840922.0,,,,75670.0,40796616.0,16100.000000000002,,52360.0,3651748.0,38000.0,,,273070.0,12852210.0,18300.0,11270.0,795834.0,5600.0,715850.0,,6090900.0,208825.0,632060.0,296990.0,14190.0,79363700.0,3540000.0,1129185647187.3901,1129185647187.3901,54425.0,5668.0,18948990.0,883694.3995,10551600.0,178290.0,7592520.0,2500000.0,96750.0,,49300.0,1777440.0,161679510.0,1044000.0,413820.0,71214.0,3515.9999999999995,,4600.0,135136001.68919998,,,8436742636231.25,93930.0,296700.0,8436742636231.25,,1486740.0,,62900.0,67730288.0,548765.55,796650.0,,18310429855220.45,18310429855220.45,6691380.0,21533080.0,24640.0,331250.0,1621800.0,12600.0,223964640.0,106713054.00000001,,4490.0,1864.0,,,21780.989999999998,237237.0,32652000.0,5637000.0,17500.0,62720.00000000001,36500.0,62720.00000000001,52032.56,27734940.0,710600.0,275000.0,1438150.0,6240.0,31491180.0,2413041380369.88,803000.0,589550.0,150633.6,40612.5,,,933130.0,14138296.0,9520.0,20400.0,188313304.01999998,102350.0,107143190.0,54520336.0,40950.0,17700.0,27500.0,24250.0,2413041380369.88,13747.5,,,204817190.0,77215.0,3934000.0,8340.0,33820800.0,291200.0,1237524.0,1125090.0,39804480.0,2910600.0,9050.0,20410.0,51600.0,37600.0,183150.00000000003,398200.0,592100.0,53946.0,120000.0,380250.0,2385.0,109104990.00000001,,48720.0,40579380.0,173250.0,100000.0,20124.9125,16660.0,891000.0,,26109310.0,53170.0,1937752.0,,2217600.0,912560.0,163080.0,,,1322750.0,8950.0,1537500.0,379650.0,,,9800.0,10213.5,2316891927555.19,2316891927555.19,98850.0,255760.0,43727259258504.6,,,18187500.0,6630030.0,1676680.0,16830.0,131520.0,555410.0,42531500.0,104500.0,321000.0,24780.0,45651690.0,5167192.742400001,64121400.0,55173150.0,1539066275197.4402,50515.184349999996,394240.0,8000.0,103000.0,6080.0,,27450.0,49250.0,558600.0,115366493.025,57763260.0,,221375.0,1942875.0,913040.0,3395700.0,3609859.9999999995,,,,,241378995.0,18300.0,53000.0,7260.0,45310230.0,758440.0,856900.0,,143608.5,1268250.0,1539066275197.4402,67000.0,4530.0,,2370680.0,235216950.0,,18019430.0,74201.54999999999,409360.0,806200.0,45600.0,463044780.0,211920.0,160360.0,31188800.0,101199.99999999999,128520.0,47250.0,2074660.0,58000.0,,73600.0,3784404.0,162400.0
2016-03-31,510784.0,,,25200.0,62999.99999999999,14274.0,2490865.5,9945541.0,309149850.0,57499.99999999999,17184283.77168921,578280.0,,4586720.0,825000.0,80491455.0,111210896.0,45200.0,,7770.0,413623600.0,0.0,1591919.9999999998,0.0,7708000.0,99337.0,98647690.0,,342200.0,161775.0,10725.0,,182040.00000000003,404999.99999999994,325130.0,,2785950.0,14420.000000000002,346300.0,127650.0,579375.0,,1549320.345,1027972.185,570.0,259459398.0,4986480.0,,5141390.0,159120.0,116920.0,33809760.0,71775.0,108195847.5,1450290.0,71050.0,,54198.5,,9600.0,36826.177500555306,31757570.999999996,227040.0000528,11880.0,205600.0,7467595.784,,299200.272,53150.0,,11834840.219999999,,227850.0,123018.0,14484676.0,2248960.0,,186000.0,,,2133540.0,51000.0,2306720.0,41347200.0,90042190.00000001,,1260904.0,1055370.0,2372720.0,183520.0,65155663.99999999,,,,36640.0,66637233.00000001,21430.0,,18170.0,2611044.0,51850.0,,,601750.0,29986425.0,10980.0,83160.0,2841465.0,8050.0,1724310.0000000002,,1727100.0,419655.0,413130.0,385700.0,18120.0,85545295.0,1363500.0,1348733670268.61,1348733670268.61,186601.5,4990.0,26043660.0,2166428.4543,17191939.29,60750.0,9942016.0,1000000.0,43690.0,,88349.99999999999,4532450.0,327527700.0,520000.0,624805.0,49324.0,9070.0,,30600.0,323848519.4438,,,12826454654739.6,49118.0,386400.0,12826454654739.6,,1862784.0,,43240.0,61255382.5,2040654.6,830500.0,932000.0,17202022688172.0,17202022688172.0,10855880.0,17650425.0,8493.0,394680.0,16335620.0,26700.0,231626100.0,165189713.22,97500.0,18675.0,5341.0,149600.0,,9399.599999999999,153700.0,11773450.0,1504500.0,38400.0,107280.0,33300.0,107280.0,33060.0,28727136.000000004,556000.0,19750.0,2073600.0000000002,12710.0,38655240.0,2527480403916.54,321100.0,163100.0,97734.0,176015.0,,,1137920.0,26107096.0,17600.0,6900.0,236136701.43,528080.0,131258500.0,72584832.0,71445.0,70180.0,64400.00000000001,39600.0,2527480403916.54,18750.0,38880.0,,234944220.0,252030.0,6825000.0,31900.0,20715200.0,503868.0,348285.0,394740.0,39448704.6,7591920.0,21160.0,21600.0,14150.0,54860.0,119380.0,256800.0,1555200.0,172339.2,24000.0,237000.0,21260.0,90735270.0,,83220.0,82649760.0,309700.0,73600.0,182015.52599999998,59760.0,1951040.0,,22689900.0,38940.0,2334280.0,,1575200.0000000002,190050.0,268660.0,,,928800.0000000001,3074.0,614600.0,116600.0,,,10220.0,20104.0,3615745383360.0,3615745383360.0,175795.0,907920.0,55632523666239.5,,,11139381.0,5556600.0,7997910.0,14025.0,30250.0,1751219.9999999998,63346740.0,46750.0,404420.0,39360.0,152081302.5,9445962.5728,74848284.0,158252238.0,2440224756308.57,271030.4792,1084200.0,11000.0,694330.0,72775.0,,100760.0,80400.0,2214240.0,177680543.096,40176080.0,,234900.0,2024000.0,2313936.0,1317706.0,6221889.5,9265197.5,18921000.0,13320000.0,,323901840.0,79790.0,32620.0,33000.0,17093160.0,552720.0,2251600.0,,67036.5,1894000.0,2440224756308.57,158730.0,19200.0,,6377448.0,407644800.0,2476.0,14415600.0,137447.25,1588725.0,784350.0,21000.0,314887960.0,199950.0,8064210.0,34395520.0,114999.99999999999,93600.0,22500.0,5209600.0,173560.0,,83000.0,52287330.0,93650.0
2016-04-30,969306.0,,,130809.99999999999,65700.0,124148.0,2594592.0,8307969.0,218061420.0,39680.0,12779826.877458863,2911470.0,,520000.0,3548300.0000000005,65073220.0,76244196.0,156350.0,,18400.0,308695875.0,0.0,1281420.0,0.0,3647615.0,122000.0,76466700.0,,614780.0,830502.0,79525.0,,165780.0,554400.0,483750.0,,793360.0,53276.0,946950.0,310400.0,893590.0,,219202.74000000002,145485.0,1140.0,203958560.0,5125890.0,,2316510.0,512550.0,71040.0,10490260.0,29890.0,96615454.0,15655500.0,50000.0,,733670.0,,16500.0,29570.310001118094,27228660.0,287679.9999304,22632.0,63910.5,2845409.6272000005,,2053901.748,22550.0,,5937920.0,,664500.0,158508.0,18167183.999999996,1695060.0,,1579680.0,39150.0,,1543940.0,11500.0,2726000.0,5887615.0,37401550.0,,746528.0,837200.0,18786060.0,57120.0,80502336.0,,,,235480.0,27787500.0,48330.0,,18300.0,3963170.0,11000.0,,,257140.0,14668875.0,18370.0,46500.0,4307706.0,4410.0,7372288.000000001,,2870550.0,2043750.0,957900.0,501900.0,36750.0,53742220.0,760850.0,1418613396911.3,1418613396911.3,137160.0,7665.000000000001,26079360.0,503625.1275,18546660.0,117780.0,9585440.0,,18615.0,,142100.0,10299690.0,166118710.0,904800.0,1337228.0,374710.0,19600.0,,118918.0,128737220.85630001,,,9359089287461.549,184725.0,341040.0,9359089287461.549,,782439.0,,19875.0,28286700.0,844309.72,1090910.0,1078136.0,15261207400393.44,15261207400393.44,11676720.0,14077050.0,27840.0,180600.0,17100000.0,120665.0,116432204.0,151351680.48000002,22724.0,52685.0,23737.5,3972.5,,8000.16,77420.0,8957000.0,800000.0,24460.0,98490.0,54750.0,98490.0,8737849.86,22378579.0,517537.0,21450.0,1039395.0,12400.0,34114080.0,1759653804295.44,456000.0,51700.0,8377.2,148850.0,,,1387200.0,8892800.0,46115.0,18327.5,158491694.2,1851600.0,102095939.99999999,52238370.0,168150.0,136160.0,118300.0,51125.0,1759653804295.44,124740.0,34400.0,,157567902.0,92000.0,6691300.0,216000.0,31916460.0,460845.0,26400.0,432250.00000000006,15069182.4,158061000.0,106140.0,153430.0,106950.0,20000.0,142600.0,324000.0,1057400.0,50895.0,29700.000000000004,792000.0,81715.0,56182960.0,,91300.0,169171320.0,759325.0,49900.0,237275.30199999997,17635.0,1477080.0,,8712000.0,18560.0,2736015.0,,1401750.0,154710.5,107000.0,,,411920.0,97892.0,300000.0,2580205.0,,,26219.999999999996,25650.0,2719026851122.64,2719026851122.64,104520.0,192552.0,43814081188789.23,24800.0,,4687648.0,4606410.0,8370000.0,11330.0,38310.0,1116720.0,49737100.0,336500.0,286580.0,23500.0,103311360.0,7366806.5328,62255027.0,233171800.0,2077884865810.25,198844.02665,763200.0,17725.0,955649.9999999999,18165.0,,65660.0,205500.0,2971920.0,139686400.0,7678383.999999999,,1155000.0,2902824.0,83300.0,1152900.0,1504952.5,2395850.0,12585000.0,7397625.0,,241473274.99999997,87100.0,188000.0,32100.000000000004,16439100.0,683400.0,3269260.0,,64890.0,3380740.0,2077884865810.25,100040.0,59520.0,,2550750.0,244384920.0,39412.5,2746800.0,108564.59999999999,1531225.0,1143450.0,111800.0,453273608.0,139200.0,29647600.0,19540800.0,120000.0,595400.0,258000.0,1914040.0,202900.0,,73675.0,62563230.0,47600.00000000001
2016-05-31,488040.0,,,44800.0,1610750.0,73320.0,5927715.0,10121376.0,318870695.0,66300.0,3536173.7169724633,5402000.0,,2571500.0,21710540.0,155910150.0,107779320.0,172050.0,,18418.5,521581500.0,0.0,930600.0,0.0,2089800.0,135000.0,104922760.0,,710789.9999999999,301320.0,145520.0,,519750.0,1436400.0,6602200.000000001,,547370.0,72150.0,11840400.0,1553805.0,685240.0,,110818.5,56574.27,570.0,204279868.0,5971680.0,,822800.0,257760.0,88500.0,23959220.0,30372.5,137764318.0,4778280.0,32400.0,,202800.0,,9650.0,13719.510000406824,52397611.0,389070.0000297,12377.5,64000.0,3680567.0999999996,,157250.136,9600.0,,10857000.0,,496500.0,65320.0,7984470.0,1622860.0,,258720.0,5610.0,,804839.9999999999,4555.0,904280.0,1376208.0,61192009.99999999,,309888.0,720920.0,15289750.0,87480.0,54557180.0,,,,24615620.0,38098224.0,39820.0,,70250.0,973090.0,58500.0,,,73345.0,6768850.0,7560.0,7600.0,4075809.0,3500.0,1304170.0,,1036405.0,3177680.0,729210.0,422100.0,41544.0,54081300.0,3480000.0,1975092367500.0,1975092367500.0,53080.0,60120.0,25353340.0,1416420.1161,25053210.0,207370.0,9746131.5,11425000.0,97860.0,,159300.0,2247300.0,168156450.0,1554000.0,741840.0,210962.0,9600.0,,77977.0,177362642.32430002,,,16221708804240.0,155364.0,2049666.0,16221708804240.0,,1780740.0,,123315.0,86987745.0,198960.30000000002,1341912.0,1318590.0,15864962072649.682,15864962072649.682,4599020.0,6891528.0,12337.0,95940.0,20749750.0,232100.0,160328960.0,286516803.825,43800.0,26400.000000000004,16982.5,25682.5,,16009.822499999998,78960.0,13739100.0,604800.0,20050.0,49385.0,26260.0,49385.0,80278.28,21027060.0,454960.0,63800.00000000001,428120.0,10240.0,50925000.0,2730733932621.46,1097200.0,658000.0,36909.6,197500.0,,,788040.0,13495200.0,66830.0,16065.0,250874227.89999998,265650.0,186907600.00000003,75642260.0,102630.0,48750.0,85350.0,9800.0,2730733932621.46,166575.0,30060.0,,207426599.0,227040.0,3722400.0,60860.0,33793830.0,1126450.0,161860.0,475200.00000000006,19347674.4,83436480.0,11640.0,69000.0,196350.0,33250.0,189950.0,505200.0,361600.0,94990.5,40970.0,472340.664,168000.0,51210600.00000001,,219450.0,176004740.0,222600.0,79500.0,29000.125,31600.0,2096460.0,,10009600.0,68430.0,7329480.0,,4329264.0,425625.0,154420.0,,,699400.0,161109.0,987277.5,41800.0,,,52745.0,34890.0,5367515962194.2,5367515962194.2,15360.0,300740.0,62694803143018.8,9780.0,,15044592.0,30364640.0,4365595.0,9200.0,83700.0,484980.00000000006,75919230.0,561600.0,185600.0,15115.0,57962920.0,2272905.336,71788599.0,356710608.0,1799952706837.66,105277.9176,249280.0,56350.00000000001,120839.99999999999,5700.0,,30810.0,216572.5,1547100.0,178562513.613,13584240.0,,98000.0,1827360.0,137070.0,496600.00000000006,637013.5,1873950.0,5693980.0,2124746.5,,381243780.0,38250.0,49199.99999999999,18485.0,10960120.0,554200.0,1064450.0,,18480.0,408740.0,1799952706837.66,5199200.0,34440.0,,1799140.0000000002,303008550.0,769387.5,435660.0,66110.025,4285292.0,837900.0,2031900.0,426156000.0,66470.0,4667520.0,41703100.0,26025.0,445000.0,34375.0,1434525.0,394940.0,,107300.0,51162174.0,1473400.0
2016-06-30,432212.0,,,46020.0,328500.0,34664.0,7230570.0,16663045.0,251272275.0,18200.0,4506778.416779053,2204330.0,,2627662.5,5158545.0,122615909.25,84588442.0,140000.0,,16862.5,376588860.0,0.0,1234870.0,0.0,2915655.0,195600.0,76842650.0,,583435.0,270588.0,48380.0,,2955390.0,1687550.0,1704420.0,,785275.0,22784.0,1880900.0,142350.0,1293532.5,,97251.0,96624.0,124316.0,202415490.0,4432040.0,,2373360.0,75755.0,96000.0,79585292.0,13900.0,124023507.25,4428164.4,41580.0,,245220.0,,15645.0,84979.64999384186,87498304.0,395990.0000463,12798.5,47895.0,2404633.5829,,283199.76,44550.0,,6987436.585,,325500.0,130900.0,10594416.0,2056900.0,,272990.0,585.5,34953.0,4649735.0,27040.0,10127880.0,2629557.5,135544046.75,,305850.0,540687.0,2695185.0,87853.0,48825222.0,,,,4443205.0,22122722.5,61345.0,,8225.0,1437285.0,112000.0,,,252380.0,8677995.0,18495.0,10500.0,6497332.5,4000.0,232700.0,,1816475.0,671626.5,623370.0,216000.0,15330.0,73336105.0,1860000.0,1672588535278.0498,1672588535278.0498,28790.5,67500.0,34634735.0,1437849.5406,25993809.57,140160.0,12330364.75,,22700.0,,115900.0,2277005.0,208932750.0,162300.0,795390.0,42560.0,85800.0,,165200.0,161955848.6052,,,12987897935969.645,74060.0,876720.0,12987897935969.645,,993852.5,560791626.0,39685.0,90975170.5,4262114.27,1321037.5,357236.0,13878917157820.781,13878917157820.781,3472999.9999999995,6831455.0,92000.0,50800.0,5276375.0,58750.0,139373468.0,313830621.0375,25970.0,11365.0,25968.0,88365.0,,8000.16,145073.0,10891775.0,654600.0,297075.0,71760.0,20350.0,71760.0,171221.0,9775920.0,1575575.0,174400.0,753860.0,10400.0,50299077.0,3071377327070.0,1666700.0,736250.0,77383.8,61017.5,,,787130.0,21379770.0,12475.0,28500.0,249026974.71,265160.0,171459700.0,64536648.0,56682.5,24850.0,108000.0,26950.0,3071377327070.0,133650.0,18540.0,,214109483.0,289200.0,10767930.0,26680.0,29990300.0,981297.5,61015.0,372540.0,28832805.0,20187945.0,37200.0,75810.0,142500.0,13200.0,205200.0,574950.0,228800.0,51432.75,16870.0,813341.1599999999,78200.0,62000296.0,,39830.0,94299310.0,3059325.0,48875.0,36500.953499999996,30600.0,1215855.0,,39425980.0,36575.0,12283437.5,,4020627.5,108000.0,229600.0,,,387180.0,189689.0,4585750.0,177600.0,,,36775.0,218736.0,4744608303855.16,4744608303855.16,153416.0,485096.0,54472797474536.0,49050.0,,47473818.0,25535740.0,5512640.0,32340.0,46075.0,4009520.0,61834460.0,148500.0,369600.0,48425.0,81119018.25,3157723.608,60519440.0,118832190.5,2218699992550.33,72451.23300000001,149205.0,19200.0,109039.99999999999,6475.0,,77080.0,225885.0,1494500.0,138425198.0775,19445535.75,,895828.0,646415.0,1653012.5,1259700.0,829229.9999999999,1991287.5,2429687.5,2714250.0,,415647412.5,50400.0,,40855.0,14682510.0,457005.0,570210.0,,13419.0,442560.0,2218699992550.33,1382030.0,15120.0,,10774760.0,389158785.0,187840.0,3636040.0,46577.025,7386824.0,429350.0,300000.0,299722373.0,38000.0,3101670.0,30578599.0,46610.0,205785.0,13925.0,2122842.5,133625.0,,28475.0,26090080.0,1253500.0
2016-07-31,760802.0,,,15340.000000000002,435400.0,119250.0,4584357.0,8457780.0,220143760.0,8760.0,4716192.555529611,1423540.0,,1778400.0,4556105.0,146263113.0,76914722.0,102599.99999999999,,22335.0,536461902.5,0.0,630990.0,0.0,3878015.0,75280.0,99763500.0,,699045.0,661344.0,292525.0,,5972360.0,1091000.0,1652400.0,,807275.0,24200.0,2703850.0,201450.0,830505.0,,151648.5,43980.39000000001,378577.5,211698270.0,3540625.0,93375.0,7279115.0,280460.0,158339.99999999997,56057765.5,10114.0,115251467.0,3325577.52,139150.0,,269932.0,,20000.0,35310.082500225224,55392612.5,885854.9999392501,26260.0,50068.0,3286380.7683,424713618.0,4461131.97,10290.0,,47925045.935,,548010.0,1687175.0,22800133.5,3439240.0,,417800.0,10440.0,22348.0,7090315.0,6316.0,12555060.0,6731250.0,75727326.5,40059610.0,1068394.0,2209243.5,5116255.0,170524.0,52927951.0,,,,71318885.0,49375576.5,49199.99999999999,,21090.0,5980936.0,170200.0,,,1267720.0,9728998.0,23950.0,12130.0,12742555.5,700.0,288420.0,,3063000.0,1588770.0,255550.0,28625.0,17680.0,83545530.0,57800.0,1813327361390.15,1813327361390.15,476700.0,36480.0,25783000.0,1259436.2418,14496109.110000001,398395.0,15286806.25,,92325.0,,129225.0,10494240.0,145181475.0,435600.0,909256.5,2485750.0,76075.0,,177936.0,177633980.02685,,,15706941785836.871,134160.0,2789139.0,15706941785836.871,,5406489.5,9838216.0,250265.0,91587710.0,6241672.48,1547013.0,2008235.0,23169453201782.414,23169453201782.414,3660360.0,3165180.0,31200.0,79310.0,8042700.0,415830.0,191133699.0,170345998.46249998,18450.0,20100.0,8499.0,12552.000000000002,,41420.19,122880.0,6398160.0,479425.0,33682.5,161350.0,31535.0,161350.0,319866.0,11654380.0,2721568.0,121030.0,1613190.0,20840.0,63508000.0,2736904411605.065,489000.0,427700.0,70231.2,136500.0,,,1043700.0,11127637.5,57230.0,16000.0,222817393.695,706280.0,204978469.0,88249281.0,68130.0,31410.000000000004,52050.0,48000.0,2736904411605.065,24390.0,26310.0,,253088621.5,1014930.0,95762755.0,109200.0,26883125.0,27173918.0,1123920.0,934855.0,49785417.0,35101000.0,74620.0,32400.000000000004,268800.0,17650.0,509790.0,418150.0,754800.0,210742.65000000002,28049.999999999996,2102504.796,136290.0,37022878.0,,63320.0,141635962.5,882150.0,60500.00000000001,22097.0475,13475.0,2276010.0,,9780330.0,33000.0,12046968.5,,5993640.0,53500.0,356500.0,,,2417300.0,2349.5,2386900.0,364325.0,,,24800.0,1165950.4,6372864381297.27,6372864381297.27,121101.5,489345.0,74803612898403.33,15000.0,,25281815.0,31530725.0,2428937.5,29120.0,82450.0,2568450.0,78136777.5,237200.0,791210.0,78000.0,82906545.5,2810895.2976,49349791.5,166423452.0,2341528178986.415,330903.007,346020.0,24600.0,300555.0,26910.0,,389865.0,234500.0,3416290.0,257147240.0,14502969.75,,1091150.0,3158595.0,920970.0,2541200.0,2962537.0,3125635.0,6752130.0,9116110.0,,563220355.0,156150.0,,48600.0,21290755.0,803595.0,2766725.0,,41940.0,1441300.0,2341528178986.415,8603855.0,29400.0,,161150790.0,253774010.0,95400.0,2707075.0,120840.0,5894073.5,923100.0,249700.0,338162832.0,221370.0,25147355.0,66394196.0,36000.0,448720.0,26360.000000000004,4596569.0,70350.0,,34650.0,26246672.0,405700.0
2016-08-31,471656.5,,,25000.0,157875.0,77224.0,2474828.5,4616325.0,213646345.0,10070.0,2243307.898674039,336525.0,,520500.0,3278850.0,159071541.0,61986953.0,79500.0,,13740.0,325737580.0,0.0,705660.0,0.0,3619310.0,58686.5,61333340.0,,323925.0,286380.0,40145.0,,1387995.0,1012600.0,10489845.0,,922335.0,519864.0,2698850.0,243000.00000000003,810472.5,,257599.99999999997,21287.5,76052.5,188755383.0,1958730.0,42200.0,9791000.0,279915.0,107300.0,59584200.0,8097.5,175307223.0,2574730.74,48730.0,,186095.0,,5670.0,93450.00000196711,114779562.5,4016830.0003062002,27650.0,100298.0,3183254.8177500004,146653184.0,305625.10199999996,2720.0,,38877178.0,,203850.0,581160.0,22634247.5,4180485.0,,176520.0,445200.0,1270.0,1613140.0000000002,9922.5,4026970.0,1887124.5,36342292.0,8052510.0,639265.0,1901545.0,3295910.0,143790.0,89797240.0,,,,14454683.0,47581294.0,56700.0,,18120.0,6530865.0,313950.0,,,296160.0,7114103.0,12600.0,28210.0,11947614.0,71775.0,1228902.0,,1292190.0,1305504.0,262200.0,127095.0,9346.5,38246170.0,547400.0,1815205196312.865,1815205196312.865,334122.0,67046.5,41121510.0,654188.9002,11660604.165000001,396635.0,13568676.75,1010000.0,40470.0,,137275.0,5016740.0,160192300.0,622500.0,1176457.5,961147.0,18360.0,,63192.0,231612292.84824997,,,14019658245299.994,41515.0,1953940.0,14019658245299.994,,1610351.0,3841655.0,41080.0,194973667.5,2932995.99,2441250.0,1315402.5,24199142672057.11,24199142672057.11,3433615.0,7092309.5,79902.0,122210.0,3822100.0,1662250.0,124192720.0,127482820.28999999,24119.999999999996,32900.0,9830.0,582.0,,11164.807499999999,64480.0,3526890.0,256200.0,21000.0,96540.0,33280.0,96540.0,511560.0,13574585.5,6311034.0,1642675.0,1768670.0,22250.0,89498755.0,2377978949545.635,335500.0,74400.0,83538.0,187850.0,,,1377000.0,21819300.0,42155.0,26785.0,258442124.84499997,1946460.0,233879630.0,39210560.0,78300.0,53299.99999999999,75025.0,4700.0,2377978949545.635,57855.0,6200.0,,251581134.0,2315640.0,41485819.5,283650.0,32733155.0,88425368.0,734979.0,526020.0,36612434.7,20715380.0,80540.0,22945.0,111150.0,15000.0,204920.00000000003,200400.0,990550.0,674902.04,12500.0,434004.882,75950.0,38497114.0,,111510.0,69939120.0,1250775.0,52200.0,66987.79999999999,9930.0,2407545.0,,29807315.0,39442.5,4978040.0,,3278455.0,77325.0,543500.0,,,1138430.0,13860.0,364650.0,174000.0,,,44770.0,1862655.0,4819971252182.57,4819971252182.57,24168.0,514385.0,71596408026394.1,8000.0,,13697893.5,8827305.0,5434080.0,35520.0,52000.0,862555.0,51204870.0,61875.0,525820.0,72830.0,63243363.0,4813945.6144,100812795.0,235478988.0,2531992075779.9,102600.0228,807560.0,9680.0,486560.0,18800.0,,250420.0,38412.5,758250.0,237201410.0,11775649.0,,1216750.0,2608000.0,723970.0,2691880.0,1832050.0,964590.0,10440590.5,5306790.0,,384919067.5,239370.0,,19480.0,24474665.0,618795.0,1286390.0,,56400.0,383605.0,2531992075779.9,2204165.0,14880.0,,252052545.0,254017925.0,37225.0,1705575.0,1053060.0,6754350.0,550925.0,198000.00000000003,451621363.5,53090.0,110520305.0,35521683.0,68130.0,405175.0,6200.0,45254000.0,171125.0,,35175.0,13374982.0,126000.0
2016-09-30,442255.0,,,10044.0,168750.0,235560.0,1459755.0,6592460.0,360021800.0,20640.0,844718.2205496698,178640.0,,583000.0,1931300.0,138002832.0,73186260.0,496800.00000000006,,29059.5,421278585.0,0.0,1486249.9999999998,0.0,2430240.0,108240.0,71626500.0,,244260.0,291392.0,51805.0,,886819.9999999999,444600.0,10281600.0,,411280.0,2290.0,948750.0,138700.0,1190400.0,,51645.0,21050.0,21099.0,235870880.0,3009800.0,26250.0,9826000.0,135660.0,100100.0,85501500.0,14560.0,144413340.0,2032703.52,17600.0,,94100.5,,14647.5,48389.98499966858,56786625.0,5768179.9993092,19010.0,40960.0,2674908.936,110212480.0,220752.1512,13600.0,,32262896.0,,121450.0,1159536.0,19851258.0,3563639.9999999995,,470819.99999999994,550.0,,943170.0,5454.0,1595760.0,2569431.0,21160720.0,4607400.0,363560.0,1193500.0,1056480.0,51329.99999999999,82014504.0,,,,7340800.0,65825880.0,39610.0,,6000.0,3436418.0,506000.0,,,42900.0,18062160.0,6335.0,10010.0,8482860.0,31025.0,440000.0,,959105.0,1759518.0,70960.0,179695.0,14280.0,64853530.0,818920.0,2535721567189.1997,2535721567189.1997,83062.5,22100.0,27685250.0,1308340.209,5738879.16,3937620.0,13473180.0,515000.0,46285.0,,108000.0,5632840.0,159421600.0,1586300.0,960625.0,791616.0,60950.0,,12200.0,380631764.98759997,,,15725982551689.8,25666.0,2524964.0,15725982551689.8,,1870624.0,1035118.0,71820.0,129570480.0,711629.55,5547416.0,264958.0,18605625858970.16,18605625858970.16,1670760.0,4447212.0,20255.0,123119.99999999999,7187699.999999999,436600.0,106137696.0,180498972.35999998,4000.0,57945.0,2700.0,6899.0,,15775.2,10820.0,1223640.0,133800.0,33285.0,61420.0,15570.0,61420.0,132704.0,17689392.0,22265750.0,515000.0,996839.9999999999,5500.0,65649510.0,1772294779351.74,55000.0,24000.0,39249.6,34902.5,,,1090600.0,16150100.0,14819.999999999998,17140.0,328213710.6,7403730.0,160987320.0,46385040.0,118125.0,87360.0,178500.0,19600.0,1772294779351.74,39600.0,6185.0,,279208860.0,48184120.0,15496218.0,144210.0,95028690.0,55902492.0,762310.0,344560.0,56210252.400000006,8536500.0,43375.0,50000.0,64899.99999999999,13200.0,196910.0,73200.0,329000.0,74704.5,41975.0,647518.176,67950.0,52197310.0,,35820.0,81206175.0,481400.0,12775.0,132479.655,3225.0,1562190.0,,18760860.0,47300.0,2097880.0,,3294600.0,713880.0,156700.0,,,374000.0,94483.0,564250.0,1145000.0,,,43160.0,2412000.0,5430619006418.72,5430619006418.72,27109.0,222240.0,60087304354361.82,368850.0,,6154850.0,9620370.0,9777600.0,4420.0,66250.0,512910.0,71262135.0,33600.0,149520.0,14375.0,61077722.5,648830.5824,62625090.0,331388556.0,2054173270277.85,1552248.019,1474230.0,17280.0,156745.0,3762.0,,117000.0,238920.0,7173600.0,258488895.0,10800966.0,,1052256.0,1948860.0,1261650.0,2251500.0,2497138.0,1896650.0,5981920.0,4651080.0,,440631950.0,60760.0,,7170.0,9388060.0,340690.0,2732190.0,,6713.0,493370.0,2054173270277.85,814500.0,12660.0,,21906970.0,232615500.0,55940.0,1256520.0,7041779.999999999,11284653.0,892650.0,68950.0,251270879.99999997,39690.0,48748980.0,58549088.00000001,63839.99999999999,59520.0,11557.5,8852194.0,84400.0,,59450.0,16159614.0,139800.0
2016-10-31,965815.0,,,7336.0,153750.0,18775.0,771720.0,11870387.5,280734465.0,58230.0,2011697.559591181,267710.0,,988200.0,1258465.0,99690844.25,54376821.0,400000.0,,28440.0,515155005.0,0.0,327600.0,0.0,8069000.0,69197.5,64072587.5,,191360.0,2541840.0,32375.0,,602400.0,978250.0,2564835.0,,338985.0,4560.0,213000.0,21000.0,959475.0,,49920.0,44450.0,20840.0,238683960.5,2424020.0,10300.0,3055360.0,139200.0,138380.0,66242562.5,414176.0,145605115.5,2382373.8600000003,69020.0,,58000.0,,81925.5,39239.0249987058,59164926.0,882750.0002353999,17744.0,73370.0,2130817.83075,70201054.0,3048365.5061999997,4902.0,,28425825.0,,169950.0,896598.0,12291131.0,2487410.0,,111360.0,,634.0,689160.0,4405.0,4652290.0,6153793.0,21054082.0,2568130.5,360698.0,513835.5,1422910.0,50191.5,87783321.0,,,,6858225.0,32480802.0,33670.0,,9540.0,2627778.0,177250.0,,,71250.0,9827188.0,33350.0,9869.999999999998,8496612.0,61000.0,504900.0,,869050.0,1860620.0,39600.0,272640.0,5639.5,38694687.5,1750796.0,2118759115431.74,2118759115431.74,69588.0,,17405215.0,1839637.56295,65067274.425,2032835.0,12992837.5,1868500.0,12565.0,,68850.0,2119315.0,162248500.0,108000.0,548279.0,508800.0,5232.0,,44200.0,216953416.8118,20922475.0,11609792.5,12869035617795.152,10576.5,1226495.0,12869035617795.152,,838000.0,984010.0,12670.0,72368568.0,484833.6,5342550.5,180570.0,13888769800036.035,13888769800036.035,1121995.0,4483045.0,11800.0,158850.0,3607545.0,135705.0,100448423.0,159699460.41000003,37600.0,35740.0,5200.0,9010.0,,91109.8125,181324.0,1331975.0,119215.0,204465.0,228170.0,12960.0,228170.0,114600.00000000001,9868083.0,4323940.0,81175.0,466265.0,6180.0,67811982.0,2938669612657.875,124850.0,33000.0,78631.8,16680.0,,,898500.0,7624690.0,,228467.0,267544369.86,6540420.0,166626530.0,74263238.0,64000.0,37955.0,56350.0,14550.0,2938669612657.875,34912.5,6160.0,,219690280.5,13741455.0,25790902.5,86465.0,94695617.5,33007580.0,65400.0,148875.0,38654039.7,4914310.0,41400.0,36000.0,88300.0,7700.0,92570.0,169200.0,584600.0,61513.875,25400.0,1196728.578,22500.0,27215932.0,,26900.0,40373462.5,412000.0,55975.0,67095.105,6000.0,2293215.0,,10279200.0,4950.0,2481817.75,,4928925.0,173560.0,15946.0,,,995460.0,8750.0,1571040.0,1388400.0,,,5850.0,5775725.0,4222693656442.8496,4222693656442.8496,13976.75,391020.0,53711135382102.09,99900.0,,6640641.5,26893750.0,4556850.0,8800.0,17710.0,2448400.0,58595747.5,29400.0,157300.0,50880.0,53900942.0,875065.8176,76930602.5,298897552.0,1781911324898.825,104383.938,421105.0,6600.000000000001,132610.0,11280.0,,157440.0,220162.5,2989600.0,220748697.5,8137558.0,,1793450.0,1640000.0,868315.0,795000.0,490120.0,1070125.0,1954600.0,12214800.0,,288413352.5,26700.0,368999.99999999994,30940.0,2869725.0,186600.0,10635465.0,,4320.0,118800.0,1781911324898.825,754315.0,4735.0,,7878187.5,258920337.5,43680.0,1895091.0,8532063.9,7350048.0,260550.0,62000.0,211224537.5,129855.0,10436890.0,22517613.0,42520.0,115800.0,13180.000000000002,23713786.0,33330.0,,31049.999999999996,16477531.0,88400.0
2016-11-30,708922.0,,,6300.0,105875.0,1369488.0,1293427.5,5124472.5,354352680.0,38700.0,2514617.759418438,116365.0,,1474155.0,850830.0,141057191.25,65317770.0,685575.0,,4347.0,532046817.5,0.0,839800.0,0.0,2398780.0,191400.0,68954905.0,,352125.0,3100705.0,51165.0,,752200.0,1050000.0,694800.0,,5661200.0,12696.0,269625.0,9750.0,781332.5,,114999.99999999999,46000.0,17510.0,278886295.0,17098255.0,5010.0,2076365.0,75140.0,45600.0,74153835.0,64561.5,164752933.75,1097235.0,50880.0,,76000.0,116780.0,240435.0,197940.7499840521,34928479.0,588569.9999817,33898.0,258000.0,1199181.3057,88021712.0,2946510.0,41400.0,,20517778.0,,136350.0,564125.0,19727150.0,13415920.0,,76380.0,10782.0,,442520.0,13050.0,2032540.0,7691559.0,17511624.75,2341569.5,327745.0,425184.0,505680.00000000006,670176.0,102155111.0,,,,2842595.0,56837586.0,10825.0,,24335.0,2000049.0,108250.0,,,82490.0,3894392.5,17600.0,16280.0,3893673.0,44640.0,659468.0,,1081290.0,740915.0,24430.0,319590.0,23150.0,29972635.0,1195194.0,1997475600990.185,1997475600990.185,22925.0,12040.0,16403610.0,1835868.0054,50383419.405,374765.0,7954514.0,2555100.0,24280.0,,189750.0,1378830.0,184239940.0,2120000.0,609045.0,182270.0,43550.00000000001,,26166.0,196857161.09385002,2035875.0,1076100.0,12791901022290.846,55797.5,2674002.0,12791901022290.846,,740543.5,1686481.0,9450.0,96055544.0,314883.44999999995,1477506.0,141054.0,16840867079837.422,16840867079837.422,1075320.0,4561832.5,16199.0,130410.0,1757110.0,17100.0,156978100.0,136344259.59,,20700.0,14280.0,12401.0,,13089.615,61270.0,1681020.0,173935.0,128800.0,27547715.0,146995.0,27547715.0,51704.0,7932902.5,3056480.0,105000.0,366200.0,10200.0,33741438.0,2699302952491.245,357600.0,37050.0,50918.4,19180.0,,,2178725.0,5469175.0,,92400.0,370957210.71500003,3894615.0,164963470.0,45225648.0,134000.0,113050.0,31250.0,46000.0,2699302952491.245,77805.0,15049.999999999998,,166791488.0,3097920.0,8748220.0,40700.0,72412920.0,26451798.0,524640.0,1560720.0,50083328.7,5745895.0,111220.0,17160.0,98400.0,44800.0,1058760.0,399600.0,735150.0,53348.85,18875.0,639211.7880000001,163250.0,14610802.0,,100499.99999999999,65541382.5,228500.0,26000.0,58276.949499999995,6000.0,7783875.0,,11694580.0,31780.0,2131934.0,,685105.0,1102200.0,804000.0,,,1729125.0,4375.0,2543550.0,319075.0,,,17410.0,1693930.0,4058492044542.5703,4058492044542.5703,56206.0,141575.0,51093737532157.64,44771.0,,4942569.0,7661745.0,3882509.9999999995,17600.0,36120.0,2557250.0,68289030.0,33200.0,127100.0,40225.0,42177490.0,317806.892,59185595.0,213814183.0,1445364252047.71,411000.0411,174930.0,3000.0,103840.0,19645.5,98590400.0,129460.0,321512.5,1396855.0,334052535.0,13051849.25,,77725.0,1796363.5,815600.0,305669.0,215730.00000000003,993750.0,775000.0,4576260.0,,312638110.0,34400.0,55250.0,2126220.0,2061430.0,124200.0,17115155.0,,,219480.0,1445364252047.71,454400.0,,,7388812.5,232335217.5,11925.0,1444619.0,4053757.725,7528132.5,159500.0,46000.0,360056343.0,89080.0,5519520.0,15082676.0,58240.00000000001,119779.99999999999,9390.0,8034949.0,19800.0,,14400.0,22617969.5,121875.0
2016-12-31,153976.0,,,30621.0,9618090.0,461778.0,651110.0,2185727.5,286441727.5,107920.0,4655514.747372268,45460.0,,1302550.0,954375.0,103339430.0,54812395.0,5335325.0,4825110.0,7765.0,350074915.0,0.0,203300.0,0.0,3447130.0,83895.0,43018247.5,,218280.0,3193400.0,7080.0,,382230.0,299400.0,535255.0,,1498890.0,43254.0,163400.0,35300.0,584727.5,,12960.0,24700.0,34009.0,253883489.0,8782675.0,5350.0,1078125.0,143600.0,94000.0,24900772.5,16235.5,132104695.0,394747.56,94500.0,,43240.0,10450.0,50280.0,1636929.2953125,30585455.0,202510.00000000003,8910.0,97280.0,3251502.3391,128345097.0,980790.3288,4055.9999999999995,,21731120.0,,1380355.0,100633.0,10345991.0,4288030.0,,123200.00000000001,,15514.5,270480.0,4750.0,2395950.0,1535204.5,19156190.0,2153276.5,347270.0,2591128.5,313560.0,1324416.0,105866108.0,,,,2730250.0,51129834.0,19850.0,,45910.0,2111932.0,84600.0,,,30100.0,4939072.0,3550.0,70500.0,3358726.5,99000.0,1602505.0,,2162237.5,783644.0,47880.0,361060.0,18200.0,17457100.0,16275.0,1515573965685.92,1515573965685.92,19096.0,78750.0,20075275.0,1302578.7054500002,15282100.0,362340.0,10628656.5,1010000.0,18900.0,,100800.00000000001,1320975.0,119188065.0,1080000.0,925669.5,846000.0,4305.0,,90665.0,161426073.05135,203000.0,2040000.0,11492498412274.936,162060.0,2976870.0,11492498412274.936,,990330.0,2555910.0,28945.0,47490236.5,450655.65,1301766.0,142500.0,16804879122065.219,16804879122065.219,248995.0,4478910.0,18828.0,547105.0,2596590.0,32599.999999999996,122683200.0,136512714.975,8100.0,14769.0,15059.999999999998,,,90198.36,77010.0,626040.0,185250.0,71620.0,11675720.0,189440.0,11675720.0,37684.0,8802300.0,4730012.5,161590.0,410480.0,30450.0,47665800.0,2215814913504.255,140400.0,15000.0,141382.80000000002,51205.0,,,3726030.0,7590520.0,,28867.0,140588327.235,2757545.0,111674880.0,58697223.0,73000.0,24300.0,21795.0,52600.0,2215814913504.255,9180.0,55840.0,,161324136.0,1356010.0,24011440.0,24195.0,43956025.0,15490261.0,1125124.0,386715.0,27889783.199999996,2973290.0,156310.0,3875.0,119900.0,134750.0,1350910.0,142200.0,655500.0,15249.150000000001,32230.0,348270.0,102300.0,27026692.0,,101725.0,40834950.0,850975.0,54750.0,136849.405,28880.0,1204500.0,92134393.0,5910960.0,33194.5,2741030.25,,1292458.5,199100.0,49500.0,,,1547475.0,47027.0,1105785.0,113100.0,,,23164.999999999996,808100.0,2996910707749.065,2996910707749.065,60300.0,316462.0,43122549130908.94,21845.0,,7125757.5,3402335.0,4432040.0,37440.0,12950.0,1954260.0,35077910.0,40000.0,118560.0,57750.0,39460587.5,919469.46,61247682.5,113294154.5,907256893010.08,1246895.6869,58515.0,15600.0,133200.0,9355.0,57352531.0,64000.0,276960.0,10506335.0,216355495.0,37190470.5,,62277.5,2181550.0,2353625.0,1070275.0,1620000.0,1066767.5,5093290.0,2991360.0,,297284237.5,30600.0,74970.0,5900.0,1379410.0,147360.0,8498500.0,,6975.0,63020.0,907256893010.08,161025.0,12330.0,,6747087.5,159075642.5,74175.0,3392441.0,7291644.824999999,5418635.0,66700.0,60200.0,306283793.5,44540.0,3618640.0,23003150.0,31850.0,21800.0,6240.0,15290961.0,5595.0,,42900.0,13948549.0,27500.0
2017-01-31,138920.0,,,12639.0,4776500.0,121308.0,901460.0,6973195.0,183350880.0,40200.0,1789327.7227357684,77000.0,,572780.0,1664700.0,93135050.0,61879480.0,20971400.0,2595600.0,23040.0,262856210.0,0.0,570000.0,0.0,5885039.999999999,348600.0,61127835.0,,138065.0,4149900.0,40250.0,,3563650.0,719400.0,694410.0,,1547730.0,20786.0,150350.0,31000.0,821100.0,,30380.0,11550.0,26974.5,211958620.0,8355750.0,22940.0,1017100.0000000001,337620.0,28960.0,49604464.0,31936.0,106036224.0,1744762.32,50400.0,,48308.5,7525.0,441970.0,939341.7416249999,31578554.0,4722900.0012975,15740.0,62830.00000000001,1545233.6196,78111360.0,2674378.1556,9480.0,,31753600.0,,603000.0,320390.0,10147140.0,5891519.999999999,,141180.0,239220.00000000003,581.0,432629.99999999994,,4171829.9999999995,1560900.0,22803303.0,1285164.0,173952.0,3586725.0000000005,623480.0,383670.0,98487168.0,,,,2015520.0,75498696.0,21300.0,,12240.0,4391394.0,309400.0,,,68870.0,5080230.0,3500.0,33575.0,3623040.0,7810.0,1910370.0000000002,,1028195.0,435176.0,133200.0,216112.5,13781.0,36321420.0,795500.0,1524548299946.95,1524548299946.95,35244.0,32500.0,10013840.0,657030.0,15564300.0,595950.0,8523216.0,,24290.0,,121500.00000000001,2549240.0,122954200.0,212000.0,919367.0,4183690.0000000005,5394.0,,51963.0,175878680.1104,1326000.0,1384530.0,9481986204935.36,62997.5,2290150.0,9481986204935.36,,991738.0,1108926.0,148975.0,90381259.5,614185.2000000001,859066.0,173664.0,13386548771576.0,13386548771576.0,1696760.0,4500900.0,65400.0,257825.0,4081080.0,153510.0,100369808.0,96704230.14,7700.0,21250.0,2761.0,,,40279.05,47329.0,2036700.0,278750.0,12726.5,6274559.999999999,349740.0,6274559.999999999,40680.0,6840000.0,2860200.0,206000.0,238500.0,24475.0,51738786.0,3219565996342.8003,93600.0,19500.0,109792.8,34485.0,,,2921300.0,8252790.0,,19200.0,240079927.22,7596540.0,127992510.0,66694536.0,49500.0,37305.0,96820.0,15925.0,3219565996342.8003,23940.0,6020.0,,152899407.0,3959670.0000000005,12732780.000000002,26040.0,48087950.0,21129600.0,102590.0,401830.0,45638775.0,6490859.999999999,627900.0,24000.0,244200.0,63800.0,315180.0,270400.0,4280000.0,60291.00000000001,38160.0,284400.0,312500.0,44135970.0,,40500.0,55243400.0,4034230.0,61100.0,228928.392,10940.0,815100.0,51892796.0,18127720.0,15875.5,1488395.0,,3652800.0,215800.0,127650.0,,,797680.0,994.0,1060000.0,230000.0,,,8750.0,9072000.0,3200274796126.2,3200274796126.2,94815.0,643200.0,41182076810897.96,37340.0,,15808500.0,5357600.0,1529145.0,15750.0,153660.0,2165660.0,35100140.0,29050.0,174620.0,245639.99999999997,77395693.0,2581838.9896,119109318.99999999,164365200.0,1419164072490.0,1729091.5839999998,233835.0,10750.0,830280.0,26180.0,75677574.0,131200.0,178500.0,5409040.0,202832800.0,23429380.0,,439378.0,1548823.75,770000.0,934650.0,1219410.0,1065300.0,2289600.0,6406355.0,,331837600.0,11050.0,219440.0,66300.0,2968350.0,288600.0,15514720.0,,13278.0,225000.0,1419164072490.0,393420.0,30700.0,,3009600.0,169636500.0,24800.0,1496020.0,12507844.950000001,4575482.0,76700.0,44000.0,189510320.0,12500.0,13439520.0,10487436.0,51480.0,94619.99999999999,133545.0,8254476.0,82350.0,,225400.0,11213964.0,48600.0
2017-02-28,1024040.0,,,6888.0,2160000.0,129125.0,641480.0,4679680.0,136093835.0,72520.0,4425535.742419041,84100.0,,580475.0,848170.0,99295317.5,73194346.0,106365965.0,327050.5,18600.0,376074990.0,0.0,407880.0,0.0,4340388.0,180767.5,59952750.0,,250120.0,12792600.0,38500.0,,10498910.0,630300.0,1275550.0,,3537126.5,23950.0,2170000.0,228500.0,747485.0,,53730.0,42805.0,28300.0,221909442.5,8862030.0,,1182520.0,165920.0,53700.0,46905009.0,26730.0,121741018.0,1826755.0,7637950.0,,50817.5,10000.0,508852.0,310888.87593750004,33931562.5,3568635.0001021503,44721.0,86673.0,6676660.44,90335376.0,3068548.644,19812.0,,29639311.0,,605000.0,40850.0,20475853.5,10794820.0,,414475.0,31320.0,,833650.0,51448.5,3044745.0,705775.5,22295535.75,1087773.0,194400.0,2897658.5,563625.0,341636.0,73016254.0,,,,1442081.0,64071006.0,68400.0,,4385.0,4507119.0,218900.0,,,92245.0,6719608.5,9590.0,256900.0,7218851.25,9900.0,2330100.0,,1544000.0,196103.0,124720.0,307200.0,29948.0,17024680.0,1150000.0,1629824568738.75,1629824568738.75,94825.0,70000.0,20606395.0,880704.2838000001,14123460.000000002,285520.0,13645722.0,2661475.0,58000.0,,181250.0,2741610.0,116082362.5,885100.0,755521.5,11176958.0,7810.0,,38293.0,205432214.91875,1020000.0,113850.0,11315872703299.475,34220.0,1270360.0,11315872703299.475,,2618260.0,945133.0,80850.0,155912855.0,754636.33,3168898.0,839152.0,15202833992888.29,15202833992888.29,1035500.0,4513910.0,111768.0,742140.0,2706915.0,217435.0,100960972.0,99442134.69749999,26455.0,117750.0,74100.0,,,19170.27,36660.0,1734075.0,112100.0,14000.0,5589785.0,6989693.5,5589785.0,123738.0,3624520.0,3794405.0,51750.0,477400.0,6975.0,43166850.0,3916485548886.0103,126000.0,120000.0,4068979.2,28350.0,,,2102180.0,8203950.0,,9430.0,145082118.135,6456095.0,77826520.0,64102406.0,99600.0,8790.0,2831400.0,100050.0,3916485548886.0103,93765.0,15049.999999999998,,190441498.5,4239240.0,3734700.0,22335.0,30512625.0,40854132.0,490355.0,302360.0,27334272.6,5951790.0,422230.0,11430.0,212300.0,13200.0,242720.0,903100.0,15314740.0,87902.55,239000.0,285199.2,428750.0,25347593.0,,65600.0,75699280.0,1496925.0,731400.0,59058.153,11100.0,421670.0,28584649.0,11649625.0,262391.0,4387489.5,,7358760.5,2193500.0,5980.0,,,766210.0,8534.5,2144000.0,82250.0,,,9840.0,9448120.0,3709777346401.5693,3709777346401.5693,49954.75,124145.0,48185891223843.61,91250.0,,16149840.0,4467125.0,8876827.5,18960.0,16600.0,286767.0,41027872.5,27353565.0,381940.0,1058415.0,67735461.25,1056270.5244,167450279.5,133578797.0,1636677032794.6099,101220.04199999999,274160.0,8450.0,1099350.0,24995.0,35593221.0,148850.0,484000.0,8416530.0,231174370.0,35853570.0,,1194178.75,2095610.0,997750.0,960890.0,1592132.5,536450.0,1558525.0,1990800.0,,206087610.0,36525.0,195780.0,11450.0,3133760.0,1334630.0,13930910.0,,16721.0,170625.0,1636677032794.6099,410035.0,55645.0,,3836660.0,152484005.0,12380.0,2000027.0,17270513.925,5367189.5,140300.0,45500.0,323708450.0,19500.0,5640020.0,18412480.0,61125.0,54000.0,11047.5,3812260.0,103815.0,,749500.0,22426524.0,80250.0
2017-03-31,769600.0,,,16002.0,465000.0,247808.0,337260.0,4560550.0,267907560.0,21380.0,1401427.7525690715,58900.0,,349800.0,400320.0,83674866.0,63262510.0,19848840.0,489855.0,16918.5,243201600.0,0.0,549225.0,0.0,4161420.0,93225.0,72738660.0,,107625.0,7547940.0,13320.000000000002,,4791420.0,256000.0,317250.0,,759525.0,40200.0,525150.0,99500.0,542790.0,,55200.0,19800.0,22704.0,307509300.0,16218400.0,15020.0,2010450.0,62240.0,76680.0,53886400.0,13741.0,105081924.5,784920.0,1302000.0000000002,,20163.0,11484.0,113799.0,111075.77250000002,56236072.0,889199.999886,11000.0,13364.0,4402755.5832,134925736.0,84374.946,16590.0,,55430309.99999999,,140800.0,256960.0,11243288.999999998,2376000.0,,220900.0,10656.0,1827.0,1079560.0,5000.0,936320.0000000001,331840.0,16660514.0,2088915.0,197316.0,539440.0,343040.0,208059.0,125241600.0,,,,472150.0,60299520.0,26840.0,,328710.5,2884290.0,46499.99999999999,,,15049.999999999998,18703152.0,8800.0,100855.0,9348070.5,14600.0,1751520.0,,3477337.5,122400.0,70400.0,77600.0,13896.0,34037040.0,940080.0,1685042641754.8801,1685042641754.8801,32400.000000000004,,8768880.0,550550.0,4390430.0,162360.0,4598507.5,1016000.0,21720.0,,42160.0,1942380.0,102618200.0,795000.0,732330.0,5213040.0,7500.0,,47580.0,141290583.1512,581970.0,618600.0,14026335921133.531,167478.0,1102140.0,14026335921133.531,,2435785.0,1027515.0,35070.0,204099750.0,732928.12,5717996.0,323960.0,15413283135625.201,15413283135625.201,641600.0,3087000.0,24760.0,142750.0,813200.0,742580.0,119761975.0,98818187.895,61750.0,38475.0,16440.0,7476.0,,32098.499999999996,21000.0,599400.0,98000.0,28300.0,8751500.0,12333000.0,8751500.0,116727.0,4809750.0,4992240.0,72800.0,293150.0,8640.0,78830208.0,2233061079410.25,58800.0,108400.0,4666989.6,115780.0,,,520759.99999999994,4992900.0,,10840.0,209352059.17000002,1498790.0,56364880.0,51419903.99999999,234900.0,13225.0,1555550.0,98025.0,2233061079410.25,1041840.0,29600.0,,301553450.0,7438999.999999999,2084070.0,173700.0,36956910.0,44806200.0,252480.0,314160.0,13770144.0,5456520.0,88285.0,18600.0,177100.0,5500.0,64970.0,757400.0,5694680.0,42162.299999999996,172985.0,378539.56200000003,169500.0,22593600.0,,67780.0,102158650.0,810600.0,189100.0,46356.101,11100.0,4641340.0,46583264.0,16002560.0,570825.0,4464065.0,,21999666.0,583000.0,17920.0,,,421400.0,2568.0,1487755.0,329035.0,,,28600.000000000004,2297400.0,3193864310636.4,3193864310636.4,26760.0,249600.0,51927621277120.3,37007.5,,7130544.0,3959280.0000000005,2273540.0,15000.0,52290.00000000001,1073100.0,43692480.0,11721920.000000002,283900.0,123199.99999999999,75010396.5,748421.9704,124372063.99999999,131300400.0,1958173588564.08,812350.0399,51640.0,10075.0,445480.0,20000.0,46824242.0,166200.0,403025.0,7812180.0,262657800.0,20925058.0,,47129.5,1884187.5,351000.0,495330.0,1067310.0,1587115.25,542435.0,2376790.0,,243578100.0,1800.0,221545.0,1886305.0,3168830.0,1826190.0,5262880.000000001,,7245.0,59925.0,1958173588564.08,298700.0,7000.0,,4373350.0,195365000.0,25350.0,1928960.0,6957900.6,3679632.0,167925.0,21900.0,211673232.0,8470.0,2425920.0,12110400.0,21540.0,154390.0,17387.5,3407174.0,28740.0,1073064915.0,88550.0,26162235.0,33880.0
2017-04-30,9871290.0,,,50265.0,660000.0,41492.0,984400.0,1069530.0,137178600.0,49665.0,5063661.138380716,142195.0,,1100040.0,697950.0,76952205.0,97168740.0,26703100.0,171520.0,4536.0,238690880.0,0.0,254600.0,0.0,6776165.5,127664.0,52162460.0,,1227420.0,2327600.0,45599.99999999999,,10349280.0,78200.0,219455.0,,219868.0,33264.0,9028800.0,3703050.0,831060.0,,127345.0,32980.0,40407.5,312446880.0,10463700.0,,2762420.0,49140.0,213130.0,112695300.0,3862.0,110470728.0,802190.0,884520.0,,47817.0,110522.25,65733.0,195028.39125000002,40577106.0,834599.999893,4131.0,398421.5,37487744.6976,89848876.0,2627741.4204,5034.0,,20886066.0,,343200.0,2668140.0,10290410.0,2513500.0,,4987710.0,126352.0,61450.0,746630.0,6819.0,849750.0000000001,187730.0,19170120.0,469821.0,336560.0,755744.0,767200.0,34398.0,179247280.0,109000.0,,,1074680.0,41105850.0,36170.0,,27860.0,17486808.0,109200.0,,,61770.0,14078415.0,11025.0,401440.0,10810800.0,7200.0,3816000.0,,1039380.0,385320.0,134160.0,215600.0,7750.0,37059180.0,1398000.0,2172957134950.12,2172957134950.12,6960.0,,9739250.0,1278127.5936,3924389.9999999995,358560.0,7778194.499999999,16698000.0,41425.0,,33150.0,2341350.0,155662980.0,1131700.0,6380675.0,6302726.0,8988.0,,40692.0,237686400.0,108150.0,515500.0,12219455514528.648,305040.0,1827130.0,12219455514528.648,,1597320.0,1010600.0,22100.0,196284160.0,711747.0,16192850.0,307880.0,13892326480407.37,13892326480407.37,769580.0,2913300.0,37727.0,1449850.0,980880.0,396000.0,132517360.0,101996962.515,21950.0,34993.5,33728.0,2630.0,,34951.14,185730.0,680200.0,68600.0,11561.5,2476520.0,5954850.0,2476520.0,83016.0,3414650.0,5561500.0,208000.0,779699.9999999999,31020.0,41300494.0,1992249667887.9302,154800.0,6400.0,3756121.2,13142.5,,,171120.0,3926400.0,,28918.0,276747580.20000005,1398760.0,149330200.0,35766060.0,61825.0,5960.0,894110.0,57600.0,1992249667887.9302,229170.0,10500.0,,131829220.0,65975000.0,4331250.0,99060.0,47523200.0,32776900.0,124932.0,117600.0,14640291.0,6272160.0,62160.0,51750.0,66550.0,7900.0,94340.0,347200.0,4785150.0,81385.2,144875.0,837540.0,108150.0,39107184.0,,140000.0,97133540.0,431600.0,283650.0,120480.78899999999,32760.0,1900080.0,9870168.0,14857290.0,853393.0,7174275.0,,27096344.0,788750.0,580160.0,,,344932.0,,538250.0,114500.0,,,34240.0,1548819.9999999998,3365300531729.88,3365300531729.88,103200.0,356976.0,47232817017339.68,23600.0,,5088620.0,3281300.0,30710400.0,107895.0,6325.0,509600.00000000006,65232475.0,8836460.0,394980.0,84000.0,55820016.00000001,420623.92319999996,104772726.0,165492720.0,2006619514962.6501,4353479.6085,366460.0,21255.0,231790.0,18100.0,30652524.499999996,90180.0,215000.0,2088000.0,281370810.0,20499072.0,,180180.0,2234087.5,679980.0,936000.0,1096400.0,1053000.0,4698000.0,5123664.0,,178899205.0,12080.0,517825.0,107940.0,4830000.0,1094940.0,5914080.0,,8400.0,60300.0,2006619514962.6501,153360.0,44335.0,,3416900.0,199030700.0,5510.0,2695600.0,6246064.350000001,3349791.0,75400.0,30600.0,176070600.0,26520.0,7354559.999999999,9817080.0,41600.0,64890.0,38940.0,3612570.0,21780.0,60740925.0,264650.0,20603904.0,66425.0
2017-05-31,23362814.0,,,18844.0,411375.0,470636.5,1256885.0,577500.0,236033160.0,37920.0,4379573.461992709,133620.0,,714000.0,4086300.0,110750725.5,138815042.0,10307065.0,2120000.0,15600.0,586350985.0,0.0,897070.0,0.0,18966976.0,77597.0,75257130.0,,964860.0,1853200.0,252999.99999999997,,27215845.0,581650.0,640410.0,,545462.0,58321.0,4448575.0,1020550.0,1385700.0,,72800.0,29379.999999999996,160200.0,217369505.5,14924430.0,17480.0,4562300.0,284800.0,53625.0,112521469.0,5942.5,169638592.5,10999810.0,4356850.0,,57600.0,7200.0,56160.0,638421.5053124999,22366557.0,687705.0001932001,12922.0,550704.0,32304233.9916,62084417.5,215629.98479999998,8952.5,,23392875.0,,305700.0,772085.0,8454888.5,3021075.0,,1793900.0,5400.0,8100.0,969000.0,12444.5,1470150.0,250785.0,12605532.75,2672250.0,332825.0,600647.0,668780.0,72999.5,125956368.0,51450.0,,,704816.5,39935870.0,14125.0,265179744.0,13655.0,20930265.0,930600.0,,,235925.0,10490810.0,6115.0,258960.0,42751374.75,16260.0,1408021.0,,601210.0,207171.5,460200.0,397700.0,15460.0,56872856.0,1265000.0,1978596544325.405,1978596544325.405,37620.0,610.5,12140140.0,728021.07125,4148060.0,765260.0,9905754.25,2040000.0,122999.99999999999,,151925.0,7186520.0,153054275.0,235900.0,2092369.5,1126335.0,13977.0,,529200.0,216634695.83664998,986955.0,1044995.0,13317681922932.824,645645.0,1814788.0,13317681922932.824,,3065985.0,1047472.0,25170.0,223078689.5,1549146.4649999999,35759081.0,234705.0,20470058947643.523,20470058947643.523,1297450.0,2799540.0,293935.0,876440.0,731150.0,307725.0,146307797.0,227995895.40000004,9180.0,82200.0,48985.0,150785.0,,35489.685,313473.0,766585.0,174355.0,75190.0,2380490.0,2163840.0,2380490.0,65892.0,4151029.0,4387600.0,61040.00000000001,467629.99999999994,9750.0,36927585.0,3326908241721.2803,329450.0,330000.0,4424830.8,49400.0,,,807920.0,24021910.0,,15170.0,176592327.03,3944070.0,160290165.0,56726100.0,54950.0,16115.0,395230.0,24900.0,3326908241721.2803,456660.0,23400.0,,146496802.0,42655000.0,11211250.0,113940.0,39381700.0,47158875.0,111446.0,149935.0,20533917.6,3610060.0,77700.0,51000.0,88000.0,16500.0,238885.0,352300.0,4168170.0,48810.6,29800.0,1184040.0,62625.0,124564323.0,,2512720.5,73573355.0,484875.0,1574675.0,167873.706,17550.0,517670.0,19453740.0,12336185.0,269834.5,23212357.5,,27580281.0,84009.5,407000.0,,,1443743.5,1232.0000000000002,336062.5,440000.0,,,11000.0,1723800.0,5078543814961.475,5078543814961.475,40940.0,319440.0,63172378643814.06,19040.0,,6789105.0,5028650.0,38229609.0,55910.0,18725.0,541500.0,42882120.0,38679120.0,547515.0,701460.0,71257009.0,660790.0,170477630.0,110290200.0,2427127392644.5703,50730.0123,152910.0,9450.0,346865.0,21000.0,77108335.25,336020.0,155005.0,2796300.0,313075175.0,16052243.0,,474284.0,1436120.0,1473117.25,1560000.0,2734150.0,511450.0,4265540.0,1183500.0,,345407225.0,34400.0,202500.0,368445.0,12365175.0,3247730.0,5103485.0,,8099.000000000001,132905.0,2427127392644.5703,359235.0,42000.0,,4752865.0,218694820.0,16500.0,1383872.0,7854908.85,7567440.25,118000.0,88000.0,305403759.0,52800.0,8089175.0,20934394.5,77040.0,347075.00000000006,62275.0,11744895.0,196240.0,67057522.0,14862510.0,29905345.5,130175.0
2017-06-30,21364025.0,,,33120.0,633750.0,6646645.0,1415040.0,1173160.0,311729730.0,972150.0,2889305.040487254,155630.0,,103000.0,2763180.0,95459126.0,89553235.0,6270470.0,710015.0,3400.0,566703790.0,0.0,1223695.0,0.0,15546969.0,245700.0,62501262.5,,550800.0,1630200.0,240340.0,,10557700.0,1091400.0,739320.0,,480500.0,40330.0,1201600.0,100049.99999999999,3252492.75,,28185.0,14115.0,50262.5,227152880.5,6104100.0,111615.0,4113360.0,147200.0,47400.0,142621566.0,12760.0,157934661.0,27796675.0,2202350.0,,58085.0,1702.0,43345.0,541512.003375,17653033.0,4873589.99959315,15984.0,235232.99999999997,10442088.972,23101199.5,241239.951,5785.5,67659486.0,29085105.0,,219550.0,504414.0,8469903.0,8899880.0,,610590.0,13733.0,9000.0,1627290.0,2999.0,1331200.0,273632.0,14412097.5,1072050.0,100128.0,763796.0,271945.0,143924.0,170341354.0,27590.300000000003,,,449170.0,59208037.0,25260.0,98510411.0,8250.0,11918523.0,,,,1471745.0,14703843.0,19140.0,100650.0,39859695.0,28289.999999999996,2534690.0,,1412600.0,164475.0,439480.0,160050.0,120668.0,34457332.0,148905.0,1672138697269.625,1672138697269.625,16630.0,18000.0,8753940.0,810527.1667500001,4157330.0,491100.0,4452627.75,2016000.0,63135.0,,257750.0,14360220.0,142227120.0,257000.0,977676.0,1394118.5,32348.0,,710280.0,237346482.84085,1407555.0,1017000.0,14425995251977.205,142820.0,3906288.0,14425995251977.205,,3103627.5,594527.0,26660.0,304158228.0,1140244.27,38579105.0,144620.0,20946218541701.73,20946218541701.73,2378870.0,2981500.0,25000.0,461925.0,1416855.0,304960.0,114653107.0,113395609.53,64089.99999999999,8400.0,148508.0,4079.9999999999995,,101239.63500000001,153432.0,868780.0,119660.0,50400.0,2840130.0,622290.0,2840130.0,97750.0,7771240.0,3863550.0,48505.0,512640.0,466290.0,43001894.0,3175258936516.76,146300.0,38500.0,7729462.260000001,20400.0,,,683005.0,28983845.0,699700.0,12800.0,151654980.06,3533850.0,136901555.0,207714384.0,166500.0,17955.0,1025785.0,39500.0,3175258936516.76,106650.0,17630.0,,162618289.5,59462025.0,33133635.0,81000.0,49105670.0,25603469.0,6489.0,224840.0,10934154.0,4689360.0,2122725.0,255320.0,178500.0,57200.0,143080.0,132000.0,1630020.0,64634.175,3100.0,596751.54,25500.0,53156676.0,,1157961.0,85530240.0,300250.0,250200.0,68776.0,1671160.0,558840.0,15553349.0,7774540.0,280712.5,10002487.5,,7031937.0,539850.0,10235.0,,,1784128.5,18906.0,786600.0,432900.0,,,79000.0,1034915.0,5790471076147.25,5790471076147.25,96855.0,268168.0,68741314399268.08,19494.0,,4958739.0,3665530.0,16026309.5,16320.0,136600.0,226850.0,50551492.5,11180035.0,428035.0,1835076.5,99258830.25,4097586.1472,170729480.0,119951458.0,3437527591385.2754,138579.9426,129015.0,5850.0,498460.0,53075.5,83506423.75,232170.0,179300.0,4546485.0,302485680.0,15389769.5,,83222.0,2110872.5,385000.0,679420.0,1472000.0,645522.5,2458500.0,1281370.0,,342770300.0,51645.0,611298.0,114030.0,95791680.0,6602370.0,40027130.0,,1450.0,159815.0,3437527591385.2754,202900.0,13020.0,,25926800.0,276220620.0,27800.0,2059980.0,5491029.9,5480553.75,80550.0,59500.00000000001,297692182.5,140810.0,22792780.0,28784255.0,29330.0,240750.0,42755.0,15948190.0,86000.0,131501269.0,21032450.0,16827135.0,27140.0
2017-07-31,9687195.0,,,49123.0,492100.0,3446500.0,1157820.0,1754727.5,130820800.0,1524130.0,1920862.4170785053,131930.0,,1030000.0,2041080.0,59030466.00000001,78190000.0,5038950.0,646600.0,6522.0,362916050.0,0.0,3491599.9999999995,0.0,16343594.999999998,343185.0,38511600.0,,280000.0,902000.0,182850.0,,7449600.0,1948799.9999999998,344560.0,,1163240.0,10808.0,627250.0,190950.0,3574374.0,,56279.99999999999,38000.0,16851.0,205218448.0,5333580.0,10060.0,2408160.0,72650.0,26290.0,92076592.0,202915.5,122317254.0,9808320.0,1370200.0,,99400.0,15725.0,124334.0,1237846.8375000001,18256000.5,1457800.0001576,49816.0,281400.0,10716401.1744,21206122.0,3735314.0,6620.0,21266167.0,18450770.0,,254100.0,180768.0,5750810.0,62346000.0,,5413540.0,170500.0,9584.0,642140.0,20000.0,1477840.0,280620.0,6072900.0,2608582.0,298350.0,8242204.0,1555400.0,111258.0,179169250.0,63760.0,,,321389.0,21818706.0,28290.0,39365718.0,16000.0,30364160.0,,,,3901600.0,19655470.0,5280.0,237980.0,51533307.0,24400.0,3528890.0,,1933575.0,258527.5,78200.0,198850.0,12912.0,24152920.0,232000.0,2457386301091.95,2457386301091.95,50400.0,30050.0,27099700.0,794522.0,8417260.0,2315940.0,7546931.000000001,256000.0,203370.0,,236549.99999999997,45280500.0,59675200.0,104000.0,1586937.0,7201161.0,1322.0,,385380.0,146375695.8725,563300.0,2071070.0,12161139726141.121,568670.0,2100210.0,12161139726141.121,,2002144.0,516096.0,87315.0,150814521.0,465886.0,54302080.0,124630.0,15037436635550.16,15037436635550.16,3804219.9999999995,2722125.0,101280.0,871500.0,1098900.0,107250.0,102841248.0,91025669.49,172990.0,12360.0,12999.0,29452.5,,478240.0,64780.0,2242500.0,165700.0,56500.0,1616000.0,1196000.0,1616000.0,121431.0,6860439.0,11211200.0,105000.0,3824160.0,4054050.0,72348750.0,3591875087094.84,189200.0,22000.0,29655135.12,39812.5,,,1217160.0,7072649.999999999,122000.0,50220.0,399076134.72999996,988079.9999999999,143942200.0,161759900.0,301000.0,53280.0,278880.0,49800.0,3591875087094.84,75735.0,77165.0,,175987950.0,22666100.0,53951369.99999999,97075.0,31148755.000000004,52734250.0,530565.0,355769.99999999994,30665671.200000003,3212500.0,572360.0,909720.0,272800.0,35000.0,605880.0,226800.0,1426470.0,54479.25,14300.0,849402.192,30525.0,18629698.0,,3000775.0,38694420.0,1833100.0,2394700.0,169904.0,1742784.0,3241600.0,11569112.0,5789160.0,276670.0,6821452.0,,39428592.0,117285.0,65830.0,,,381024.0,1713555.0,574980.0,660000.0,,,85900.0,5366900.0,4465856678082.16,4465856678082.16,35260.0,450800.0,56334112103042.46,73600.0,,13208400.0,3006990.0,7226496.0,8200.0,26800.0,927000.0,55405805.0,5797680.000000001,543220.0,1275820.0,68004464.5,5131930.0,170361120.0,89742696.0,2358817492586.52,238149.96645,90280.0,4000.0,1306980.0,47500.0,43786004.0,478340.0,402575.0,2422500.0,272834400.0,8522246.0,,63495.0,1730986.25,1391412.0,2797540.0,716895.0,374450.0,4647200.0,4729266.0,,219335800.00000003,74820.0,2686500.0,91120.0,72652400.0,11611320.0,31462800.0,,12381.0,313020.0,2358817492586.52,187650.0,11400.0,,23241670.0,217748700.0,57462.5,2491160.0,3892334.25,3002448.0,49300.0,25500.000000000004,140250350.0,261120.00000000003,17449720.0,25224441.0,88000.0,91670.0,33695.0,16152400.0,106600.0,74976300.0,51427060.00000001,19594200.0,162500.0
2017-08-31,2493560.0,,,37961.0,1407600.0,1315600.0,1134240.0,5993300.0,238546800.0,383040.0,1410545.3460607203,41440.0,,274300.0,595950.0,44037400.0,69373600.0,2523090.0,583000.0,14604.0,241672200.0,0.0,779580.0,0.0,16723999.999999998,244477.5,47174850.0,,6562120.0,956000.0,52830.0,,5744670.0,362500.0,302860.0,,1250188.0,6360.0,248000.0,65000.0,2485320.0,,31280.0,19910.0,42826.0,263351070.0,8971410.0,15165.0,977540.0,47845.0,15800.0,101938500.0,61623.00000000001,72866070.0,10513680.0,590450.0,69693617.0,40255.5,4100.0,1170470.0,445980.46499999997,34542744.0,6288240.0008274,12584.0,101325.0,4619998.944,25003200.0,771840.0,30000.0,18209124.0,11511936.0,,142450.0,91770.0,12744750.0,9400040.0,,1954150.0,18950.0,9584.0,462150.0,2259.9999999999995,374850.0,477900.00000000006,8082800.0,792305.0,480528.0,2883972.0,135320.0,32642.999999999996,95712500.0,45875.0,,,201000.0,68164992.0,6750.0,20126688.0,3230.0,20647560.0,,,,307300.0,4813614.0,24500.0,242930.0,24939720.0,10200.0,3849300.0,,612000.0,45215.0,161070.0,350250.0,23403.0,23875730.0,155050.0,1728254812026.0798,1728254812026.0798,26620.0,29950.0,21993930.0,709716.0,10833900.0,810980.0,2372605.0,113740.0,73080.0,,404250.00000000006,21623910.0,47660000.0,56870.0,1197597.0,2429850.0,3592.0,,156800.0,141649779.9408,769900.0,1010000.0,8554701709972.08,104407.0,1122324.0,8554701709972.08,,2639355.0,833700.0,22575.0,127892100.0,912038.4,37768120.0,113220.0,15246571303358.5,15246571303358.5,1206000.0,2724902.0,87182.0,115315.0,639840.0,226480.0,156296988.0,62565416.760000005,39900.0,16480.0,19471.5,11739.0,,613130.0,49410.0,444600.0,30720.0,25380.0,887040.0,220500.0,887040.0,91815.0,6129810.0,5458720.0,10070.0,1146350.0,6340800.0,32727600.0,3051556878924.84,122650.0,4400.0,10502904.360000001,192050.0,,,498200.0,6767684.000000001,16240.000000000002,101050.0,207639347.04,1069970.0,181960000.0,85483584.0,126250.0,6400.0,512900.0,56700.0,3051556878924.84,88200.0,9660.0,,83484000.0,8248400.000000001,8605740.0,89030.0,18738850.0,48400404.0,68760.0,54320.0,35179200.0,2409600.0,899910.0,205700.00000000003,273900.0,70400.0,279760.0,188400.0,607200.0,37292.4,11600.0,292446.0,27445.0,22909167.0,,2575400.0,86995685.0,508399.99999999994,9118290.0,162280.0,1500785.0,2018250.0000000002,4530020.0,5703330.0,2367250.0,2828080.0,,9802920.0,737360.0,149688.0,,,1265748.0,57120.0,800237.5,2195200.0,,,10230.0,6627000.0,3785987939865.21,3785987939865.21,18400.0,139780.0,48872478083855.4,28735.0,,3128680.0,16076500.0,3954792.0,7195.0,78000.0,381650.0,41881765.0,2802280.0,273870.0,95920.0,42898520.0,895104.0,98554720.0,165066600.0,1957810889006.0,142320.024,61919.99999999999,28750.0,1748790.0,38465.5,8064900.0,110500.0,288000.0,756840.0,201790830.0,6519672.0,,369212.0,2536822.5,115500.0,507542.5,904495.0,220820.5,1989540.0,1324010.0,,204534440.0,6090.0,525280.0,54600.0,20743440.0,2721600.0,23132280.0,,3375.0,120560.0,1957810889006.0,129800.0,9200.0,,21894950.0,131214500.0,11952.5,1267376.0,2230197.45,5695087.5,66400.0,32400.0,229441284.0,116199.99999999999,31831800.0,19417524.0,36080.0,65280.0,19410.0,8207319.999999999,172280.0,28043840.000000004,20464960.0,24581445.0,31220.0
2017-09-30,2558160.0,,,173057.0,199500.0,1392300.0,1319500.0,5578440.0,243259360.0,485100.0,1498123.4070748508,101080.0,,1137240.0,1049760.0,66701759.5,174645124.0,3113040.0,157410.0,199080.0,462655159.99999994,0.0,1146780.0,0.0,15185040.000000002,139896.0,50030400.0,,1976150.0000000002,838500.0,71205.0,,7775440.0,624000.0,352160.0,,4127880.0,8834.0,768400.0,345850.0,1319597.0,,42800.0,10365.0,11963.0,344880515.0,2684830.0,,746660.0,8241100.0,41705.0,187405960.0,46860.0,196187355.0,12304600.0,327600.0,30582948.000000004,111720.0,9500.0,523920.0,392595.21,40541230.0,10396229.9978955,48256.0,122960.0,2326317.1487999996,19522160.0,526536.0,14877.000000000002,9158175.0,23336872.0,,94800.0,65600.0,11648128.0,6315330.0,,7690140.0,3534.0,56905.0,469480.0,5000.0,370000.0,1254271.0,21945105.0,367488.0,174642.0,913990.0,189000.0,134640.0,125593600.0,21412.0,,,436100.00000000006,37088794.0,15890.0,18544860.0,17975.0,15243900.0,,,,326900.0,4128486.0,23400.0,85840.0,26138866.5,13600.000000000002,2854260.0,,1784750.0,280962.0,1125540.0,194000.0,80652.0,46215494.0,494760.0,2201185302222.06,2201185302222.06,89760.0,1507.5,51494400.0,842688.0,20332000.0,869700.0,8938546.5,1202760.0,41600.0,,118800.00000000001,11475000.0,59823000.0,2062000.0,2139675.0,1224528.0,8649.0,,55816.0,143915380.392,2796182.5,3671950.0,14569162097766.639,120456.0,1187010.0,14569162097766.639,,2884602.0,2936336.0,19920.0,137981175.0,1677872.21,49808556.0,58375.0,16168963606670.04,16168963606670.04,1452000.0,2342697.0,13618.0,553410.0,556010.0,147640.0,160204940.0,83089886.88,17786.0,22570.0,12575.0,543.0,,745200.0,226380.0,782600.0,48625.0,40365.0,908160.0,3742200.0,908160.0,50828.0,3338534.0,4117719.9999999995,21200.0,632320.0,2217040.0,48860998.0,4815425351334.5205,279400.0,15600.0,75381285.72,54222.5,,,1248000.0,9992100.0,19395.0,60697.99999999999,213830518.11,1744400.0,262848200.00000003,85842120.0,242845.0,5890.0,310500.0,41000.0,4815425351334.5205,195465.0,28860.0,,183419424.0,33847500.0,5750910.0,102900.0,34471710.0,30865696.0,22940.0,196470.0,47336756.4,4436320.0,527770.0,50075.0,375600.0,96200.0,1145040.0,796900.0,745000.0,69224.40000000001,28550.0,305500.0,45400.0,41691520.0,,789254.0,81029950.0,240000.0,3781800.0000000005,89890.0,431680.0,750960.0,14527396.0,10260850.0,1043094.0,2441780.0,,8976528.0,29904.0,17446.0,,,1079760.0,157545.0,2098000.0,55950.0,,,485095.0,20400600.0,5849656141870.17,5849656141870.17,25257.0,1088416.0,65935900997874.69,25875.0,,4785440.0,72833984.0,3650960.0,18000.0,35100.0,96360.0,73951870.0,1405300.0,523800.0,113880.0,76146978.0,371571.0,81868150.0,160089570.0,2565996185417.28,770600.0,33340.0,5985.0,1141080.0,9160.0,14080760.0,358400.0,153950.0,1152570.0,354131250.0,20031942.0,,253215.0,3597300.0,932196.4999999999,1131780.0,1860433.9999999998,480134.0,3965035.0,535959.0,,296789060.0,7740.0,221970.0,60030.0,10999600.0,2830040.0,9063760.0,,4435.5,48400.0,2565996185417.28,115835.0,43095.0,,22350985.0,126718200.0,17190.0,1347000.0,9378000.0,2230308.0,29700.000000000004,52700.0,177617833.0,68340.0,20090700.0,30666648.0,44860.0,113745.0,16020.0,11287680.0,124090.0,37148800.0,17731740.0,8724309.0,49500.0
2017-10-31,1437108.0,,,99120.0,88625.0,151226.0,1069920.0,1983225.0,534373817.5,412250.0,1533638.444958678,88020.0,,996042.5,973650.0,42649818.25,105089831.0,3218085.0,572400.0,78967.5,471531525.0,0.0,609575.0,0.0,16992875.0,133626.5,33541650.0,,749925.0000000001,6496890.0,12960.0,,18014795.0,214400.0,401145.0,,749640.0,65155.0,7612725.0,1449375.0,924508.0,,102645.0,116215.0,11787.5,338572272.5,2107170.0,,882160.0,8853000.0,45750.0,104528702.5,32154.0,155300003.0,8510390.0,189060.0,15052220.0,45305.0,2490.0,55230.0,461524.14,23789989.0,4456024.99969275,34650.0,87150.0,7322203.705999999,43454695.0,363675.0,15844.5,6879675.0,32747070.0,,81900.0,55979.0,22434695.5,3690060.0,,5391070.0,11910.0,74340.0,337175.0,7223.999999999999,275750.0,972138.0,8195795.0,1040040.0,145920.0,291155.0,235215.0,26607.0,84825742.0,67860.0,,,210990.0,65465814.0,26550.0,9844610.0,3260.0,5490708.0,,,,653305.0,6189666.0,22540.0,40880.0,26279842.5,7475.0,1645000.0,,1699500.0,75856.0,154020.0,57900.0,6216.0,29040940.0,589759.5,1912376585396.645,1912376585396.645,8653.0,11730.0,23115210.0,1424777.0,17534800.0,191220.0,6158423.5,2040000.0,19100.0,,33800.0,7062690.0,69428920.0,389160.0,2300344.0,2051311.0,5320.0,,1219185.0,138112059.86755,1201200.0,558900.0,19982206053304.883,187938.0,510887.0,19982206053304.883,,2032800.0,1233085.0,60520.0,97334262.5,8873929.23,52276620.0,73360.0,16141071063629.95,16141071063629.95,636810.0,2629004.0,181744.0,468380.0,291575.0,214635.0,183105205.0,64870966.545,22150.0,4160.0,5797.0,3794.0,,203255.0,53270.0,1792750.0,202000.0,7167.0,577305.0,6736728.0,577305.0,29290.0,6382558.5,1875350.0,44825.0,307310.0,1493250.0,21046988.0,3921861231812.86,254300.0,132000.0,75802764.18,72560.0,,,852720.0,2164332.0,106030.0,29095.0,145002147.515,975659.9999999999,110798772.0,116921090.0,172800.0,22960.0,228900.0,4050.0000000000005,3921861231812.86,1214865.0,100800.0,,107217197.0,8560950.0,2444835.0,45335.0,34778132.5,41858756.0,73150.0,114640.0,17046250.2,1765880.0,189000.0,78540.0,252650.0,134150.0,243065.0,279000.0,1825870.0,26465.4,79170.0,403804.0,70000.0,12221477.0,,484975.0,113858802.0,260700.0,1759025.0,86944.0,415230.0,521280.0,4964727.0,10580490.0,785299.0,9686163.25,,5000431.0,34125.0,54750.0,,,576782.0,8360.0,799000.0,882420.0,,,1617470.0,19702212.0,5098681965343.041,5098681965343.041,15840.0,275205.0,61221883083854.7,42588.0,,7820715.0,75588281.0,22012713.75,2875.0,52000.0,835325.0,36703140.0,1740075.0,493730.0,100169.99999999999,116919657.5,1530285.0,95951800.0,97500480.0,2109606624312.7402,533851.49945,21300.0,5850.0,887140.0,43893.0,25559896.25,285800.0,387000.0,1458285.0,330662950.0,52623754.0,,696880.5,3496806.5,423625.0,312400.0,1629600.0,972774.75,3926517.5,1304000.0,,261081257.5,10050.0,159210.0,41440.0,6981519.999999999,1369720.0,13927290.0,,9304.0,44370.0,2109606624312.7402,132225.0,16185.0,,25417637.5,153137677.5,29212.5,1841120.0,8868000.0,1635618.75,26500.0,30000.0,144319540.5,137160.0,5382335.0,11311675.0,73500.0,241530.0,12075.0,5407876.0,65830.0,23994682.0,12863900.0,2892671.0,38825.0
2017-11-30,1120929.0,,,75515.0,79275.0,408114.0,1502265.0,2377080.0,307672557.5,367620.0,1973389.1413483983,48090.0,,707200.0,424935.0,76861053.0,69310405.0,1758080.0,1272348.0,42900.0,356357185.0,0.0,293940.0,0.0,16980492.0,174135.0,49100490.0,,571500.0,2157600.0,87150.0,,9060030.0,526650.0,319700.0,,1409540.0,60996.00000000001,4326075.0,448725.0,1467854.0,,22460.0,54250.0,12549.999999999998,219777225.0,1728010.0,33850.0,1437450.0000000002,2326820.0,27300.0,126526858.0,9270.0,182331485.0,4133785.0,378310.0,13278384.0,52785.0,1245.0,105060.0,134402.4675,17901570.0,1143759.9998285999,46509.0,136253.0,5320540.0,51334545.0,52640.0,26850.5,4908910.5,18760851.0,,107600.0,273850.0,8120034.0,4572000.0,,5355105.0,,1158.0,455370.0,989.0,350025.0,408230.0,15064782.5,1084590.0,61371.0,163440.0,340550.0,36938.0,93089676.0,33465.0,,,648900.0,71225164.0,1104735.0,6115774.0,24970.0,3885306.0,,,,469000.0,2274208.0,7285.0,25379.999999999996,65812612.5,11840.0,15924645.0,,2773995.0,546467.5,761100.0,249600.0,25740.0,13648895.0,199248.0,2262483461729.0,2262483461729.0,30000.0,8159.999999999999,15183955.0,844671.5,38366440.0,150705.0,5741510.0,214555.0,34370.0,,100000.0,6505360.0,100972020.0,781500.0,2330512.5,1472303.0,21850.0,,22830397.5,133193930.4359,711875.0,1297800.0,13060793172817.379,258006.0,341985.0,13060793172817.379,,1875467.5,149240.0,35490.0,71372430.5,55899486.04000001,57610249.0,37910.0,18414466966264.07,18414466966264.07,4924220.0,2778075.0,324000.0,522860.0,401840.0,173250.0,188467548.0,87725850.87,12500.0,168015.0,8175.0,1611.0,,67465.0,22820.0,1632500.0,500930.0,17625.0,532270.0,678975.0,532270.0,25503.0,5988000.5,3902570.0,53000.0,746910.0,1205485.0,29071708.0,4812776798207.9,226000.0,29700.0,86079893.64,20430.0,,,1089745.0,3488424.0,16500.0,14370.0,155017446.88,651450.0,147563905.0,323366690.0,180690.0,2900.0,216240.0,13575.0,4812776798207.9,723120.0,38145.0,,135913170.0,17100225.0,3683610.0,158500.0,35934325.0,47157021.0,355378.5,315770.0,22431862.799999997,30075770.0,276925.0,53250.0,60000.0,66050.0,534050.0,111600.0,746330.0,48195.00000000001,28500.0,234779.99999999997,50000.0,31043472.5,,607128.0,120674195.0,286475.0,589050.0,70895.5,527805.0,1512880.0,6068690.0,3644945.0,367840.0,3899922.5,,4557039.0,84720.0,64550.0,,,146544.0,24266.5,1122430.0,771805.0,,,1150290.0,16563139.5,4446329233177.945,4446329233177.945,73390.0,204505.0,64262395812469.8,34045.5,,4113364.0,105479310.5,32323092.0,22340.0,2610.0,2187544.0,56033687.5,3714080.0,3603595.0,314370.0,44270102.5,514956.5,90874805.0,77111415.0,2165424964689.29,1408314.824,71325.0,13720.0,3888310.0,3800.0,19937208.0,325480.0,279000.0,692370.0,272210475.0,34132117.0,,404009.0,1640437.5,1371513.0,1249600.0,1085814.5,1189345.0,1441640.0,632450.0,,250466675.0,35600.0,1813555.0,28600.0,7821540.0,838035.0,14665865.0,,16017.0,30110.0,2165424964689.29,102480.0,9500.0,,26268550.0,176173850.0,5677.5,854042.0,70623040.0,3822179.0,147200.0,51450.0,172270560.0,104490.0,16391465.0,14860275.0,46565.0,478775.0,15045.0,5851295.0,32105.0,26943382.0,9185000.0,11856625.0,111000.0
2017-12-31,2201550.0,1056609.0,,50660.0,225700.0,353600.0,1659735.0,1846075.0,254479600.0,154895.0,636667.2514142891,29720.0,,2500000.0,583440.0,47027640.0,72984478.0,749070.0,315360.0,407008.0,326705400.0,0.0,311405.0,0.0,14249712.0,47804.0,58384079.99999999,,151900.0,738000.0,24390.0,,6336520.0,312800.0,223250.0,,994840.0,58099.99999999999,2383800.0,483600.0,636345.0,,26825.0,104325.0,46000.0,316102550.0,1927200.0,7430.0,1036000.0000000001,1093350.0,19450.0,87248700.0,22850.0,141191595.0,3636880.0,389480.0,10893520.0,25727.5,,140365.0,70902.64125,26816208.0,1285440.0000618,9380.0,288796.0,7710675.0,29152914.0,666402.0,39286.0,3445100.0,10788864.0,,71300.0,94860.0,19372980.0,1584000.0,,3886400.0,28400.0,5250.0,248220.0,3762.5,112500.0,114885.0,7767899.999999999,3324188.0,62255.99999999999,108986.0,945200.0000000001,47850.0,65777800.0,32947.5,141451.0,,300840.0,50041712.0,790500.0,4906104.0,6402940.0,10429822.0,,,,453590.0,2575122.0,18260.0,21299.999999999996,26434534.5,6600.0,14657500.0,,200600.0,64740.0,364060.0,58400.0,16233.0,12432266.000000002,1166550.0,2196430958586.69,2196430958586.69,24480.0,56000.0,13606320.0,1478080.0,3419100.0,461040.00000000006,4566832.0,154680.0,27600.0,,14460.0,5491890.0,94116310.0,1059075.0,1229085.0,1194600.0,128520.0,,6177680.0,107582851.8492,885800.0,571650.0,11588889311887.26,50988.0,452648.00000000006,11588889311887.26,,4079544.0,178948.00000000003,358000.0,59011050.0,15548945.389999999,11160783.999999998,72800.0,15527500033267.68,15527500033267.68,10214160.0,2797250.0,85500.0,258420.0,483000.00000000006,146060.0,140767582.0,94323539.94,11004.0,,20580.0,7322.5,,15315.0,70820.0,985320.0,455940.0,51750.0,231190.0,794725.0,231190.0,68375.0,2039235.0,15141920.0,100200.0,2291880.0,267410.0,28131840.0,2444010949165.2603,79200.0,25000.0,39017122.56,93825.0,,,237360.0,2891864.0,21280.000000000004,40500.0,201195907.79999998,224829.99999999997,120233775.0,161578448.0,46375.0,249690.0,85140.0,143350.0,2444010949165.2603,30823410.0,367500.0,,119526365.0,18260850.0,2382900.0,101000.0,29710560.0,37362600.0,21880.0,92630.0,6058800.0,11467740.0,694540.0,28950.0,30600.0,28200.0,147420.0,228000.0,391500.0,37941.75,327120.0,244200.0,36190.0,13642731.0,,834018.0,37295450.0,127800.0,795500.0,231000.0,1900825.0,2254530.0,4809664.0,1372560.0,184499.99999999997,2924382.5,,4929840.0,35535.0,218000.0,,,68983.0,55396.00000000001,1060000.0,29350.0,,,208440.0,9394920.0,4633071146782.26,4633071146782.26,35200.0,528640.0,55128495368977.8,19000.0,,3135846.0,28979176.0,13404584.0,21410.0,601750.0,772740.0,30302399.999999996,4819500.0,9481500.0,64260.0,31686030.0,337552.0,97686540.0,123064200.0,1818032826166.4,698984.0,59770.00000000001,212150.0,5469120.0,10055.0,22871844.0,451200.0,293062.5,560565.0,324792690.0,26748464.0,,432450.0,1816199.0000000002,1017700.0,505954.0,2449440.0,432100.0,2618550.0,2181924.0,,349891920.0,13440.0,856900.0,294560.0,3970120.0,809250.0,12898600.0,,103276.0,42195.0,1818032826166.4,214800.0,14961030.0,71500.0,22641750.0,168765970.0,30620.0,1321610.0,50766640.0,2396548.0,19345.0,13600.0,202850080.0,132500.0,6379800.0,16412334.0,61599.99999999999,485160.0,12500.0,7626358.0,15830.0,15710520.0,5962320.0,22612529.0,19400.0
2018-01-31,6542685.0,734425.0,,23488.0,108500.0,253440.00000000003,1568000.0,2757935.0,329910375.0,140860.0,3757487.656052186,73800.0,,51700.0,362700.0,72558750.0,114872694.0,2231320.0,271795.0,536074.0,504645050.0,0.0,772849.9999999999,0.0,13018880.0,150768.0,51276060.0,,339300.0,1583900.0,32670.0,,5569500.0,195800.0,341210.0,,723550.0,47560.0,1980000.0,1161300.0,461615.0,,32520.0,22440.0,42070.0,529143427.0,2567400.0,7370.0,474030.00000000006,942480.0,135100.0,130907738.0,26250.0,201498000.0,3985800.0,182320.0,12792414.0,56205.0,4150.0,113088.0,128754.50625303524,28315256.0,1839749.9997524999,33263.0,364550.0,17899520.0,24677640.0,713622.5,18900.0,4935680.0,9866346.0,,124800.0,70650.0,9815524.0,1486750.0,,1254520.0,9150.0,12180.0,264960.0,4995.0,280350.0,66035.0,9228000.0,747438.0,153690.0,943959.0,915420.0,97090.0,87037356.0,76398.0,153900.0,,253470.0,35912128.0,421200.0,30736500.0,26429520.0,18033030.0,,,,287360.0,12252198.0,8850.0,20400.0,50896539.0,17350.0,33818040.0,,1125600.0,437008.0,758960.0,58800.0,8427.0,22785882.0,1002400.0,3443962946880.84,3443962946880.84,164675.0,15119.999999999998,19944920.0,2741140.0,4190670.0000000005,233740.0,4860999.0,1810535.0,23500.0,,82095.0,4129650.0000000005,86003775.0,506935.0,2635530.0,3127477.0,13754.0,,18768660.0,189805314.26839998,1513500.0,1037850.0,17404301879790.28,34868.0,3895892.0,17404301879790.28,,5658030.0,3223680.0,68400.0,90592295.0,20464022.25,23841320.0,83160.0,17216690747665.951,17216690747665.951,3876450.0,1016260.0,211700.0,149135.0,455429.99999999994,84010.0,241240200.0,124520230.8,30612.5,12180.0,8024.999999999999,6659.0,,23520.000000000004,48360.0,1178100.0,143100.0,11710.0,262500.0,500199.99999999994,262500.0,151716.0,2498310.0,3603680.0,50880.0,676800.0,488749.99999999994,103574250.0,2139840348998.9602,74400.0,19000.0,64602869.76,20150.0,,,262740.0,7936200.0,17680.0,80670.0,282242580.34999996,163350.0,182952644.0,91951794.0,107250.0,14050.0,82000.0,28650.0,2139840348998.9602,4678680.0,23100.0,,120323166.0,14886900.0,3105920.0,43540.0,41092755.0,74259000.0,54000.0,78840.0,19852300.8,57580170.0,10783570.0,45900.0,55200.0,36400.0,161820.0,769200.0,492800.00000000006,165420.0,89900.0,787416.0,34742.5,24285090.0,,1130050.0,110174580.0,84750.0,472600.00000000006,341960.00000000006,1664745.0,12235050.0,22344800.0,2303750.0,146481.0,7232730.0,,7032756.0,137402.5,56000.0,,,111125.0,28001.0,21400.0,170190.0,,,361800.0,7295879.999999999,5976172966277.739,5976172966277.739,37482.5,997150.0,75472948824713.88,33725.0,,5975164.0,23433072.0,14924505.0,30450.0,55440.0,368830.0,85134960.0,2558160.0,2145870.0,88880.0,49884500.0,420500.0,61332000.0,198627780.0,2382475488513.05,1426760.0,211200.0,21500.0,2103750.0,11642.0,15640950.0,177650.0,546000.0,634400.0,371878400.0,73925460.0,,125460.0,1160000.0,204141.0,1448448.0,1726760.0,870649.5,1579065.0,1682320.0,,313614120.0,35080.0,727920.0,62400.0,1821200.0,1050840.0,3049120.0,,159470.0,86700.0,2382475488513.05,161460.0,17719600.0,3000.0,30796500.0,186958420.0,135675.0,1180200.0,17518500.0,5719480.0,33840.0,43200.0,209891760.0,179800.0,12560280.0,17882130.0,237999.99999999997,242720.0,30550.0,7438656.0,19160.0,64238544.0,4856400.0,7984500.0,26880.0
2018-02-28,1552272.0,1003243.0,,74577.0,91500.0,971290.0,1057420.0,1655840.0,321914635.0,46920.0,571547.9684862002,128140.0,,511000.0,788480.0,76044076.0,124354560.0,1589400.0,502545.0,1513800.0,515157720.0,0.0,45862200.0,0.0,16823686.0,77631.0,48799490.0,,733900.0,8751600.0,404000.0,,12618810.0,883199.9999999999,271250.0,,853290.0,16212.0,22061600.0,5286180.0,454317.0,,32110.0,77550.0,16866.0,340010175.0,2445700.0,26350.0,825660.0,586960.0,190840.0,176520260.0,23180.0,176821704.0,3953280.0,924000.0,14282880.0,83790.0,822.0,162014.0,131610.00000579638,15962000.0,9832800.0008194,19360.0,897952.0,8571500.0,21600800.0,148299.5,65455.0,6081750.0,14036184.0,,89900.0,200430.0,4486500.0,3238500.0,,2320000.0,126630.0,56580.0,439300.0,10200.0,500500.0,44000.0,17439910.0,130625.0,298920.0,561680.0,1897600.0,84411.0,54085530.0,35700.0,39064.0,,3311280.0,29879880.0,280800.0,3986336.0,18043200.0,11355302.0,,,,165120.0,3774078.0,23940.0,24570.0,23183970.0,3350.0,26731250.0,,1047150.0,317250.0,630000.0,499750.0,99763.5,15959580.0,1362163.5,2473157811000.0005,2473157811000.0005,11385.0,408400.0,11629800.0,2375820.0,6479760.0,350900.0,6689385.0,5050000.0,22200.0,,139430.0,3286790.0,64484750.0,1239300.0,1855660.0,362734.0,14645.0,,4342400.0,109685594.24200001,103167.5,597975.0,16553425734541.281,28728.0,592360.0,16553425734541.281,,7125739.0,36225000.0,45240.0,86946624.0,26471302.2,50935014.0,296010.0,14133598973351.58,14133598973351.58,6896320.0,166200.0,47691.0,161280.0,1107830.0,127295.0,209728470.0,126500937.465,29460.0,4290.0,6133.0,4842.0,,44710.0,102300.0,942480.0,167990.0,23483.0,522329.99999999994,397439.99999999994,522329.99999999994,47250.0,2997750.0,4337100.0,45030.0,801350.0,454750.0,44162300.0,4415238011186.8,83250.0,9750.0,83688680.4,33966.0,,,683910.0,5024386.0,32250.0,85184.0,214182446.04000002,284040.0,137229990.0,87539040.0,153000.0,17100.0,136800.0,20350.0,4415238011186.8,4684560.0,9840.0,,199812745.0,47342200.0,2879280.0,30500.0,21878900.0,64268490.0,39590.0,98690.0,9981100.8,608089570.0,16680300.0,13350.0,756600.0,7200.0,184730.0,256299.99999999997,1080000.0,301794.0,52730.0,816370.0,55965.0,20356050.0,,518339.99999999994,70673787.0,151800.0,405000.0,274850.0,1349150.0,11486730.0,15868776.000000002,3884560.0,171990.0,2766020.0,,5990032.0,67600.0,18530.0,,,680380.0,26239.999999999996,811200.0,66000.0,,,220800.0,6268000.0,6240136169889.6,6240136169889.6,26862.75,1029888.0,78209615152271.88,30035.0,,6297780.0,71604750.0,9200880.0,3466980.0,58649.99999999999,648450.0,35433940.0,1896440.0,1480050.0,174340.0,50658750.0,742200.0,69757020.0,87146250.0,3917812916578.56,3800160.0,413960.0,24170.0,1788710.0,18386.5,18156799.0,342305.0,180072.5,302940.0,396217800.0,58751880.0,,136290.0,1102635.0,268195.0,1009372.0,588060.0,770000.0,1402587.0,1143510.0,,349468000.0,80560.0,551988.0,34050.0,2693260.0,8536500.0,6903450.0,,15980300.0,46200.0,3917812916578.56,226800.0,80238480.00000001,16326.0,29074325.0,147712980.0,75325.0,630000.0,46063022.0,2142135.0,107500.0,38200.0,202069330.0,81600.0,7456080.0,50102073.0,86700.0,19943880.0,13237.5,5573439.0,37380.0,75164290.0,4906720.0,5424900.0,37440.0
2018-03-31,545385.0,1227990.0,,66255.0,685900.0,522198.0,1665325.0,4450160.0,254288565.0,321090.0,955553.9664325065,120540.0,,354250.0,479360.0,70343176.25,93545436.0,2269920.0,561215.0,479834.0,599300955.0,0.0,14979575.0,0.0,18388733.0,950574.0,56325750.0,,12459355.0,3653990.0,117200.0,,9061210.0,7629000.0,107100.0,,622011.0,121444.0,5739635.0,1064910.0,335921.0,,11000.0,23400.0,9800.0,273312492.5,1681910.0,29490.0,1518195.0,382120.0,276490.0,117973431.0,564060.0,187770214.0,10924985.0,474430.0,9529589.5,344232.0,87639.75,5408880.0,257000.0000025024,13735600.0,16378025.0013006,9845.0,578922.0,6260215.0,12008705.0,45369.0,154050.0,3864975.0,27781570.0,,237075.0,421833.0,6712248.0,8554275.0,,1602765.0,72401.0,6000.0,1540190.0,17775.0,277550.0,304650.0,12161312.5,2471243.5,145151.0,2360605.0,744000.0,25253.0,62146245.0,95978.0,18610.0,,767050.0,16231466.0,94185.0,3950008.0,7278030.0,1205298.0,,,,229615.0,1029141.0,13920.0,36300.0,33606975.0,30625.0,11468705.0,,589200.0,46055.0,162720.0,63700.0,25085.0,30679492.0,314600.0,2735823341795.765,2735823341795.765,55800.00000000001,51150.0,14122175.0,2623762.0,8294060.0,257940.0,5632272.5,204525.0,75480.0,,154200.0,5487660.0,61491267.5,811250.0,2522970.0,115800.0,23234.0,,1883850.0,106790812.05579999,1500500.0,300600.0,13304909062499.2,59848.0,277399.5,13304909062499.2,,3348270.0,15758606.0,21840.0,97287232.0,13876645.274999999,56549180.0,72355.0,13723686354529.219,13723686354529.219,23631620.0,126575.00000000001,69854.0,2895155.0,464400.0,473410.0,208001212.0,195828224.235,10300.0,34240.0,13275.0,10800.0,,68900.0,264473.0,593435.0,42350.0,11501.25,357360.0,1655400.0000000002,357360.0,329960.0,2553731.0,61325357.5,58240.0,13650390.0,381175.0,59034155.0,3111771173095.83,112500.0,33900.0,69667141.44,45450.0,,,325000.0,2315620.0,55000.0,51246.0,316362795.67499995,278025.0,88304400.0,83471260.0,53825.0,12320.0,146760.0,13912270.0,3111771173095.83,4399068.75,9930.0,,141677998.5,290248640.0,3732690.0,44100.0,32578280.0,32761922.5,251795.0,392730.0,9090986.399999999,147339913.0,3805880.0,135000.0,224400.0,4450.0,261800.0,356300.0,652450.0,85330.0,63479.99999999999,321741.0,89300.0,15347580.0,,1973788.0,64563508.0,4172550.0,4903100.0,151185.0,997146.0,2020745.0,5171990.0,3116375.0,73000.0,2676538.0,,1309752.0,31994.5,28505.0,,,75375.0,34440.0,361635.0,68750.0,,,935205.0,3555195.0,6083867670267.125,6083867670267.125,18810.0,3854065.0,62404142700803.95,246050.0,,2568522.0,101761399.0,2949250.0,732000.0,34950.0,256220.0,32263617.5,1771695.0,1125400.0,55420.0,80592310.0,6915960.0,81430372.5,106108274.0,2415453290346.1953,1417314.0,153220.0,6100.0,1683285.0,2819400.0,42938163.75,746130.0,202125.0,673790.0,270771095.0,30835750.0,,172368.0,805800.0,521590.0,1905750.0,386595.0,489720.0,3233735.0,1247750.0,,246013700.0,44550.0,242446.5,35980.0,2623880.0,5653275.0,3238150.0,,5349157.5,83730.0,2415453290346.1953,81360.0,11358830.0,52295.4,24880704.25,108403477.5,72070.0,607760.0,13891771.0,10260680.0,148625.0,34000.0,115704830.0,39865.0,10648775.0,32523717.5,21905.0,20940760.0,12190.0,6785381.5,631690.0,32904713.0,14802845.0,10979600.0,202575.0
2018-04-30,1465885.0,106318.0,,112850.0,100300.0,710360.0,1109952.5,3361500.0,306898680.0,176850.0,758106.6691397398,54935.0,,131930.0,272680.0,59404391.0,106899020.0,809310.0,212000.0,177138.0,367183810.0,0.0,10087220.0,0.0,9519579.0,131514.0,41477975.0,,3186490.0,785400.0,32850.0,,15942950.0,1278600.0,88560.0,,565800.0,169290.0,3099530.0,1498555.0,1720745.0,,63000.0,87980.0,2968.5,246084752.0,1284530.0,8515.0,981275.0,199750.0,78000.0,147868975.0,22750.0,154242801.0,3941150.0,880270.0,8735991.0,157850.0,11517.0,1441600.0,168154.9999897438,11088560.5,7823450.0001988,34840.0,177984.0,4148857.5,15890785.0,13335.75,20160.0,3228535.0,8648711.0,,106900.0,630769.0,6386562.0,10977150.0,,722835.0,21882.0,1878.0,972685.0,8000.0,105800.0,126636.00000000001,8190215.0,1162149.0,92662.0,395767.0,215090.00000000003,65383.0,42619400.0,17775.0,33462.0,,295475.0,22902172.0,50490.0,40575271.0,2294710.0,7703658.0,,,,379755.0,1625867.5,6660.0,23220.0,25815431.0,8320.0,23271849.0,,1499400.0,166641.5,66300.0,144000.0,6968.000000000001,13206144.0,87360.0,1779730017614.91,1779730017614.91,62049.99999999999,6750.0,10178520.0,1759914.0,25138560.0,1939640.0,5351464.75,,26880.0,,31605.0,6141380.0,49615190.0,628102.5,3831095.0,905967.5,26724.0,,1045920.0,101230089.75815,104840.0,594000.0,11397252960987.254,171820.0,285570.0,11397252960987.254,,2177361.0,3417051.0,23715.0,80417102.75,7783819.875,11631876.0,32900.0,15196602967677.184,15196602967677.184,4967620.0,99479.99999999999,131000.0,4787015.0,276120.0,96040.0,272589675.0,112911761.2875,5000.0,13260.0,18400.0,,,55400.0,34500.0,387315.0,93680.0,10161.0,110140.0,817550.0,110140.0,77821.0,1845600.0,46996740.0,30570.0,5561815.0,482775.0,40314726.0,2392457106806.74,54000.0,32750.0,39229734.96,17840.0,,,189420.0,1120956.0,17000.0,13616.0,184741144.64999998,220070.0,57767130.0,66547075.0,113200.0,4460.0,68895.0,3775705.0,2392457106806.74,1285959.0,18200.0,,143235950.0,47953160.0,3071590.0,21065.0,11941395.0,75372932.5,10710.0,61520.0,9403128.0,79968287.5,774960.0,340400.0,786950.0,95550.0,353250.0,129600.0,248800.0,40237.5,43505.0,274290.0,110000.0,10443150.5,,865992.0,67510523.5,1587750.0,1174650.0,133600.0,351544.0,3462209.9999999995,1524017.0,1220585.0,119021.0,4409409.25,,489128.0,9414.0,9990.0,,,56730.0,5607.0,1316340.0,81480.0,,,517095.0,7971385.0,3429957818238.9004,3429957818238.9004,10886.0,876250.0,49670718476377.19,35904.0,,2731224.0,65033825.0,1594740.0,336300.0,17930.0,440940.0,47373710.0,3312935.0,548070.0,54800.0,40689678.0,818320.0,33095922.5,98230307.0,2046756554523.54,891939.0,46725.0,18620.0,434545.0,255750.0,36820115.0,85860.0,122850.0,549505.0,219120355.0,27303181.0,,30400.0,908965.0,462956.00000000006,877206.25,1204530.0,311808.0,2545105.0,3698160.0,,192486770.0,113800.0,338516.0,77100.0,1504400.0,1177990.0,1872460.0,,11756880.0,39360.0,2046756554523.54,39850.0,3020550.0,102000.0,25033167.5,129197872.5,9945.0,652175.0,6631724.0,2184820.0,59800.0,62050.0,110533650.0,40870.0,187999245.0,58381339.0,15265.0,7587665.0,23000.0,2920039.0,155950.0,18267568.0,5390810.0,6604315.0,45725.0
2018-05-31,553350.0,426551.0,,43600.0,596750.0,999439.9999999999,1274055.0,2415800.0,195536550.0,38955.0,391073.25025447755,45120.0,,355500.0,147420.0,63321241.5,60932007.99999999,631630.0,123260.0,29728.0,304752280.0,0.0,4702750.0,0.0,11856564.0,164542.5,33131280.0,,912000.0,355200.0,75600.0,,2899800.0,274400.0,78780.0,,296100.00000000006,709906.0,11143440.0,2096420.0,1115395.0,,18705.0,8500.0,9684.0,209100176.99999997,505680.0,7005.0,327180.0,268780.0,53100.0,117707360.0,25000.0,143190168.0,7322500.0,374220.0,8236314.0,99150.0,6030.0,354270.0,269760.00001070614,6995961.0,1463700.000246,62639.99999999999,117991.99999999999,3673245.0000000005,17931600.0,203311.5,27280.0,4368480.0,5630856.0,,61000.0,342760.0,12079564.0,3306150.0,,808500.0,12320.0,612.0,193920.0,8085.0,49500.0,100000.0,7406250.0,1211624.0,119040.00000000001,78540.0,427440.00000000006,10304.0,78217920.0,64505.700000000004,47969.6,,502240.0,28321650.0,9720.0,23330848.0,1916264.9999999998,2024766.0,,,,259975.0,2261700.0,5110.0,12000.0,11322000.0,3950.0,22249808.999999996,,486125.0,85344.0,265560.0,197400.0,10198.5,6206200.0,1070000.0,1831052294936.2,1831052294936.2,46030.0,2018.5,15266160.0,2201085.0,3863999.9999999995,898570.0,3081250.0,5698925.0,72000.0,,46000.0,1561250.0,55934100.0,343060.0,1205964.0,172935.0,9641.0,,1385520.0,99280198.82159999,2741955.0,1970000.0,10376376825118.2,21713.0,363492.0,10376376825118.2,,17166994.0,1456560.0,6040.0,188035670.0,3454353.0,22728384.0,45760.0,11381928687640.0,11381928687640.0,2548800.0,167077.0,59241.0,1195950.0,94265.0,309510.0,162078800.0,100150031.1,8500.0,,5051.0,208650.0,,22075.0,96210.0,112340.00000000001,36590.0,1098.0,69300.0,339150.0,69300.0,44460.0,6938749.999999999,5889559.999999999,17415.0,645840.0,146260.0,77951640.0,949543982819.25,25500.000000000004,52800.0,34664947.2,9559.0,,,177135.0,2183206.0,11365.0,22176.0,209060662.68,859040.0000000001,59742540.0,102474900.0,86000.0,3030.0,58900.0,937800.0,949543982819.25,208620.0,,,139357470.0,68860160.0,987000.0,23730.0,24106530.0,70360400.0,44720.0,75640.0,5834158.2,62226683.99999999,439270.00000000006,69540.0,197100.0,92300.0,246400.0,136400.0,187200.0,22788.5,28900.0,257558.0,20900.0,10459521.0,,522160.00000000006,19937380.0,1076900.0,2176200.0,76320.0,1034640.0000000001,6061440.0,6270576.0,4308000.0,100695.0,4705672.0,,753414.0,17055.0,28834.0,,,41477.5,4157.0,3546340.0,25075.0,,,273700.0,10241800.0,4214398186275.0,4214398186275.0,17200.0,887950.0,46425482696038.92,25080.0,,1860551.0000000002,16592640.0,4018260.0,464340.0,67500.0,94000.0,41385450.0,1788750.0,606510.0,81400.0,19232100.0,253115.0,40162440.0,113027067.0,1526978139707.26,616205.0,28140.0,4000.0,196970.0,64790.0,25905711.0,113400.00000000001,211625.0,3676200.0000000005,220053270.0,26577120.0,,24691.25,1825650.0,1389910.0,453599.99999999994,1008399.0,1184859.0,1052092.5,1012370.0,,325736355.0,17185.0,1230260.0,130560.0,1021840.0000000001,328860.0,1259840.0,,3016192.0000000005,41340.0,1526978139707.26,23500.0,4219500.0,17530.600000000002,23067103.0,75839175.0,7317.5,1177470.0,4202800.0,4033480.0,47800.0,22050.0,115605227.00000001,48000.0,69295380.0,22936869.0,50300.0,1604800.0,6600.0,2265480.0,1212600.0,18731056.0,1565200.0,4786110.0,28700.0
2018-06-30,162192.0,135197.5,,1728600.0,2827199.9999999995,1506455.0,1167400.0,2640000.0,220829050.0,43850.0,378558.9062463341,44505.0,,618750.0,342900.0,75368748.0,87204160.0,551200.0,199500.0,79261.0,456365400.0,0.0,2213920.0,0.0,11513984.0,193687.0,56409750.0,,988000.0,179400.0,74510.0,,2278150.0,425600.0,103880.0,,137260.0,174468.0,2008720.0000000002,692240.0,608400.0,,83155.0,4045.0,20040.0,380291360.0,546960.0,465832.5,416340.0,178980.0,60060.0,78231846.0,26155.0,162345759.0,3028000.0,1062480.0,12266250.0,51660.0,17820.0,590240.0,196800.0000078105,14686100.0,707200.000034,27280.000000000004,37044.0,3430260.0000000005,9758420.0,198180.0,28688.0,2110840.0,2280402.0,,82500.0,265650.0,9552000.0,2917200.0,,851700.0,1800.0,15255.0,201600.0,2010.0,68000.0,19380.0,20703600.0,1135924.5,246400.0,116438.5,16239960.0,29091.0,77833216.0,48220.5,7000.0,447246738.0,,14258160.000000002,26085.0,10536000.0,2814560.0,291030.0,,,,80970.0,2056352.0,8800.0,13980.0,9424800.0,17000.0,11724951.5,,3000000.0,110400.0,152040.0,366500.0,17993.0,4449342.0,284125.0,2041382001704.98,2041382001704.98,144000.0,,8295030.0,1721795.0,4439160.0,552160.0,3752784.0,2786750.0,51940.0,,59605.0,1167650.0,60454940.0,151500.0,909360.0000000001,631192.0,3882.0,,935585.0,116012006.5572,493095.0,242550.0,11332502309818.01,46900.0,479560.0,11332502309818.01,,6024360.0,2814432.0,18980.0,179947372.5,3726858.6,16735330.0,54960.0,11745566582024.72,11745566582024.72,3594240.0000000005,94888.0,42560.0,10465310.0,1062785.0,2261000.0,202810680.0,104496470.39999999,10920.0,28940.000000000004,20592.0,10200.0,,44000.0,38450.0,217080.0,40500.0,13653.75,221200.00000000003,258055.00000000003,221200.00000000003,38732.0,3989050.0,2909660.0,38520.0,722250.0,585900.0,45688968.00000001,1302299707935.7998,68000.0,24150.0,9352324.799999999,33400.0,9945550.0,666340.0,589680.0,1483408.0,13600.0,39072.0,375181847.47999996,404390.0,86935800.0,121938087.99999999,104275.0,,67710.0,712499.9999999999,1302299707935.7998,157200.0,13440.0,,122821622.0,21021720.0,1894400.0,19860.0,17736300.0,32805000.0,162740.0,20710.0,5019012.0,76281846.0,1066800.0,20280.0,140650.0,14900.0,230030.0,201600.0,276900.0,54117.0,290730.0,305985.0,48000.0,6440040.0,,191250.0,36038400.0,134550.0,561000.0,85020.0,2562665.0,656640.0,5027368.0,2944950.0,137522.0,3642385.5,,1388016.0,25070.0,27000.0,,,134172.5,4055.0,510500.0,51550.0,,,1656640.0,9561000.0,4396790143684.4,4396790143684.4,25800.0,267030.0,45641300623243.86,14770.0,,935480.0,18679400.0,4878090.0,2458620.0,51800.0,501085.0,52379280.0,1006740.0,681389.9999999999,58080.0,40421140.0,5447070.0,77219760.0,75341960.0,1478527309772.8,1295900.0,64160.0,5880.0,88560.0,138005.0,28966760.0,187530.0,166387.5,699780.0,299145000.0,24551800.0,,80808.0,426666.00000000006,916255.9999999999,1563852.5,379790.0,949240.0,724586.5,732000.0,,351886400.0,24300.0,803674.9999999999,40800.0,4169549.9999999995,674000.0,1126900.0,,13086360.0,26925.0,1478527309772.8,37120.0,3305400.0,102000.0,21334320.0,117047810.0,2920.0,1238020.0,2712850.0,2295310.0,,18600.0,131530550.0,12980.0,30033000.0,22720428.0,52000.0,50531820.0,8000.0,2759856.0,312940.0,39206680.0,1848280.0,3140000.0,103040.0
2018-07-31,146890.0,990000.0,,317235.0,285670.0,6204170.0,1623090.0,2118680.0,226952035.0,55199.99999999999,161395.9303800224,667940.0,,1095000.0,250024.99999999997,57889119.75,52014606.0,142480.0,70920.0,105080.0,313572500.0,0.0,1158505.0,0.0,8392377.0,181800.0,36875670.0,,885875.0,279500.0,26730.0,,1300035.0,115700.0,84425.0,,146840.0,62766.0,15952770.0,3912275.0,696318.75,,29000.0,25160.0,32273.5,165625320.0,386560.0,14010.0,321710.0,39520.0,53350.0,44679068.0,53050.0,196754372.5,1406550.0,1306120.0,6487891.0,154195.0,2848.5,202937.5,521909.9999645632,15617400.0,581115.00002985,9058.5,82210.0,3422340.0,6755980.0,136628.5,3842.0,1859175.0,651946.0,,104550.0,137780.0,3879853.0,688900.0,,1973770.0,6402.0,,209915.0,1500.0,81900.0,21420.0,19791512.5,1138152.0,67860.0,39000.0,21799470.0,64703.5,33449282.0,39794.0,25250.0,15406745.0,,18612846.0,19250.0,5446190.0,6662605.0,196985.0,,,,79200.0,5163507.0,12190.0,13920.0,3109234.0,3150.0,11407344.0,,1930000.0,9912.0,372750.0,239800.0,9341.0,5629920.0,41600.0,1992111340619.415,1992111340619.415,42500.0,56500.0,9527860.0,840937.5,5269860.0,3690170.0,1761943.0,,67200.0,,94600.0,969890.0,30823187.5,287687.5,424498.5,538025.0,12600.0,,578910.0,100573875.81325,682500.0,1003340.0,8337408052066.564,76672.0,407382.0,8337408052066.564,,1970445.0,907410.0,33920.0,94327465.75,2807551.125,14126649.0,33280.0,7902219899498.476,7902219899498.476,4666650.0,160800.0,8653.0,20454120.0,1009555.0000000001,426725.0,150174294.0,88680647.7375,30250.0,8020.0,8940.0,6408.0,,80000.0,14250.0,220090.0,17780.0,5862.5,279490.0,266220.0,279490.0,55449.0,2231865.0,1577430.0,93100.0,394025.0,398610.0,31724220.0,912617755357.05,7900.000000000001,101400.0,15971370.48,39096.0,1559725.0,138460.0,447765.0,1697793.0,11175.0,34000.0,356853115.18,80770.0,56762820.0,71288940.0,34200.0,14750.0,21600.0,7041155.0,912617755357.05,632505.0,13440.0,,112442580.0,8649215.0,1531040.0,16550.0,5669390.0,45935669.0,102500.0,602765.0,3214872.0,20794001.0,548600.0,38500.0,177000.0,28600.0,5728460.0,133900.0,155500.0,29400.0,189535.0,215390.0,3924.0,5394727.5,,208040.0,34223620.0,70000.0,1303575.0,27860.0,3845322.5,726420.0,987872.0,3315600.0,73450.0,3202525.0,,725720.0,83090.0,33302.0,,,267000.0,11354.0,360825.0,21275.0,,,952355.0,6920555.0,2892015423660.3,2892015423660.3,40480.0,293760.0,36475399070610.51,54670.0,,577955.0,8499352.0,1650030.0,706070.0,116620.0,144150.0,22180317.0,594750.0,391570.0,62450.0,26288002.5,331415.0,34710555.0,59849543.0,981232407446.27,177285.0,13750.0,7890.0,169275.0,58220.0,19039033.0,48900.0,176975.0,1067145.0,230305800.0,25344849.0,,276206.0,1120970.0,956482.0,1475880.0,875294.5,2054325.0,1540200.0,1010360.0000000001,,140082170.0,24000.0,393542.0,25550.0,7520410.0,419610.0,631150.0,,6592582.0,53130.0,981232407446.27,1051715.0,18109850.0,12074.0,19670577.5,79987312.5,51000.0,547556.0,3301960.0,1291282.5,,21450.0,113026771.5,23800.0,11833915.0,26564263.5,22550.0,9495080.0,22000.0,3062768.0,11712800.0,16276720.0,1358270.0,6327030.0,34050.0
2018-08-31,161240.0,230545.0,,879900.0,3642000.0,4743000.0,1314400.0,1647500.0,258860000.0,67950.0,1128637.400234421,654480.0,,740240.0,370520.0,65694321.0,83959040.0,373030.0,589280.0,348430.0,472465590.00000006,0.0,2884200.0,0.0,15187680.0,261079.99999999997,38135900.0,,2405800.0,256500.0,29100.0,,5417820.0,189800.0,70560.0,,660110.0,116336.0,71025200.0,17061330.0,545750.0,,8125.0,31900.0,4212465.0,222769224.00000003,1373940.0,7000.0,1551000.0,1157370.0,62000.0,127294640.0,25875.0,105790290.0,2977480.0,257240.0,5695200.0,54944.5,2550.75,182600.0,495989.9999846694,19815120.0,1588979.9997016,21200.0,86025.0,2079805.0,11609840.0,385114.5,21000.0,2281950.0,3883740.0,,48000.0,91840.0,28075008.0,1483300.0,,1959749.9999999998,11800.0,12980.0,84640.0,9810.0,138000.0,27829.999999999996,9748750.0,1320575.0,38676.0,646000.0,25572390.0,77280.0,36612200.0,96850.0,75000.0,3883030.0000000005,,16310008.0,39600.0,7765320.0,2623400.0,589536.0,,,,132785.0,3708516.0,1800.0,37290.0,4977784.0,12900.0,51346400.0,,1280000.0,154395.0,698060.0,45250.0,4335.0,10550560.0,192468.0,1280736000784.85,1280736000784.85,15298.0,9400.0,7683660.0,736812.0,11570000.0,13317780.0,5750331.0,927250.0,24480.0,,102720.0,1134980.0,107388500.0,375750.0,946332.0,732366.0,3369.0,,2263240.0,116797873.3683,327500.0,79000.0,11603843159082.15,30099.999999999996,1682725.0,11603843159082.15,,5983124.0,1416000.0,27780.0,95285800.5,3318603.75,5632432.0,24840.0,11590321432565.85,11590321432565.85,2314390.0,157600.0,175420.0,14015040.0,498980.0,128880.0,156084500.0,63759914.504999995,22920.0,89100.0,,,,112070.0,25120.0,274500.0,36830.0,12645.0,268800.0,261355.0,268800.0,152759.0,9814500.0,2304450.0,22880.0,372400.0,264710.0,21504080.0,2661708494098.2,57400.00000000001,98900.0,25886250.0,9400.0,702240.0,41520.0,721330.0,7345214.0,29750.0,3468.0,139355240.97,205700.00000000003,92573410.0,73133824.0,159450.0,30940.0,141840.0,4241100.0,2661708494098.2,619920.0,21380.0,,103552880.0,19963990.0,1673310.0,34980.0,15171720.0,26284229.999999996,311709.0,255359.99999999997,16833117.6,17026119.0,353940.0,53350.00000000001,132150.0,15400.0,3665090.0,335350.0,188700.0,21969.999999999996,122390.0,40115.0,21100.0,6460510.0,,246500.0,38755000.0,791250.0,2367400.0,161385.0,1118250.0,317520.0,766622.0,3161700.0,34300.0,9477650.0,,697380.0,358903.0,222600.0,,,115228.0,1230301.0,1636200.0,320900.0,,,1781880.0,3223820.0,5326268266900.83,5326268266900.83,27302.25,209100.0,48602359858196.164,46890.0,,3243840.0000000005,116329080.0,1957950.0,1643950.0000000002,8490.0,625160.0,46682885.0,898620.0,322000.0,77280.0,41900784.0,184756.0,74588125.0,42150864.0,1765731255188.88,736960.0,13280.0,3840.0,381000.0,36560.0,11937937.5,426320.0,215050.0,672750.0,219168080.0,56787500.0,,229301.5,791574.0,189026.0,719868.0,691285.0,1051267.5,1428840.0,1993530.0,,290986800.0,30020.0,616940.0,67680.0,16505820.000000002,702100.0,2477520.0,,2641186.0,33360.0,1765731255188.88,420510.0,54897760.00000001,24700.0,19148000.0,76095360.0,35700.0,1259400.0,5946880.0,534670.0,,254300.0,94293956.0,19040.0,8239880.0,27762560.0,22215.0,16835000.0,24600.0,1775663.9999999998,6748500.0,20599280.0,2176790.0,3191970.0,22770.0
2018-09-30,225120.0,263675.0,,244745.0,6126475.0,12578535.0,1671015.0,2184050.0,249555082.5,12600.0,1018650.8419807096,1152260.0,,980000.0,600800.0,100454720.0,48031592.0,510650.0,349375.0,62900.0,329034605.0,0.0,2041510.0,0.0,16184801.0,164756.0,58337235.0,,1888800.0,522000.0,5640.0,,1911915.0,170000.0,66625.0,,295680.0,58725.0,15491455.0,3312480.0,811132.5,,17625.0,28160.0,13964950.0,265966941.5,2329700.0,7000.0,877810.0,37950.0,43200.0,56511705.0,32480.0,232463905.0,1634695.0,173335.0,5161025.0,10822.25,8025.0,108560.0,218120.000010129,11341091.0,645329.9999707,5970.0,88289.0,3001005.0,8613920.0,630200.0,7899.5,2162285.0,6265305.0,,40225.0,72060.0,13516350.0,2587575.0,,796745.0,1300.0,,74390.0,2337.0,116000.0,11900.0,10376647.5,1523580.0,31776.0,338806.0,12470775.0,37306.0,29868228.0,90193.0,29959.2,2722729.5,,27753055.0,14040.0,6397352.0,1056030.0,1970274.5,,,,119129.99999999999,3505621.5,168000.0,44785.0,8154384.0,34770.0,48855900.0,,1170000.0,179500.0,1108300.0,45025.0,7780.5,17814690.0,844200.0,1708492927248.56,1708492927248.56,5677.5,,3754965.0,1200678.0,3329270.0,11855355.0,4435445.5,1500000.0,20500.0,,202600.0,914550.0,142024520.0,1732500.0,552700.5,455861.0,4528.0,,2216485.0,88385274.6119,484500.0,330225.0,10746452162344.066,36928.0,857963.5,10746452162344.066,,2626912.0,374931.0,102680.0,61384277.5,25370971.200000003,8755955.0,17755.0,12496914717319.281,12496914717319.281,1191885.0,94831.5,24000.0,67016770.0,244085.0,88840.0,151687710.0,82012153.44,10772.5,12270.0,,,,95090.0,77570.0,163955.0,11985.0,5192200.25,88210.0,151280.0,88210.0,155100.0,4585445.0,3611390.0,23920.0,625530.0,190290.0,30444110.0,992567949388.0249,79200.0,30350.0,12865296.0,56196.0,313735.0,75740.0,99330.0,2138482.0,35200.0,5068.0,234295508.47000003,231810.0,72465545.0,74856380.0,61875.0,35250.0,52380.0,1464440.0,992567949388.0249,1075436.25,26800.0,,115968987.5,47807285.0,693870.0,12900.0,22993692.5,16294265.0,1090100.0,77800.0,3418038.0,14374557.5,595330.0,1758665.0,343850.0,22800.0,4371070.0,137400.0,368550.0,21095.999999999996,34360.0,81141.0,8400.0,7488667.500000001,,205700.0,20817000.0,2227400.0,858675.0,250900.0,915832.5,279350.0,2196329.0,2919495.0,46864.0,4417640.0,,404075.0,533000.0,1038455.0,,,27045.0,,505500.0,20200.0,,,313940.0,9200675.0,3772703174702.8,3772703174702.8,8367.5,86840.0,43755717287557.44,29700.0,,3271565.0,33121736.0,3531697.5,489005.0,72240.0,337920.0,36196825.0,487550.0,299225.0,41245.0,67758298.75,288031.5,35893075.0,134919274.0,1290460843547.6602,1437310.0,32240.0,5730.0,149400.0,33085.0,22073258.0,374400.0,145160.0,716450.0,214578325.0,59622072.0,,491153.99999999994,856043.25,303750.0,361810.0,3489695.9999999995,1085040.0,1507840.0,699525.0,,270888805.0,15400.0,478645.0,25800.0,13360570.0,384355.0,8698560.0,,2872273.0,22120.0,1290460843547.6602,204485.0,15132360.0,19138.5,44482467.5,102820687.5,46287.5,986700.0,9460360.0,2143968.0,,187200.0,154560708.0,17250.0,9324920.0,17755626.0,51450.00000000001,41801985.0,8000.0,1772915.0,1587500.0,29878912.0,1576815.0,3462480.0,20000.0
2018-10-31,156492.0,91007.5,,187256.0,5094600.0,688160.0,430650.0,447057.5,164546200.0,13799.999999999998,308277.4564148861,345600.0,,575175.0,224790.0,51229800.0,39187920.0,398080.0,1003000.0,30566.0,302895550.0,0.0,894440.0,0.0,11010560.0,113375.0,65517959.99999999,,660000.0,120000.0,6175.0,,5553600.0,484800.0,50000.0,,195650.0,12474.0,7237320.0,2794240.0,1390945.0,,21250.0,13260.0,4478250.0,196069380.0,2318420.0,,738990.0,22780.0,40875.0,50240080.00000001,3169.75,98688968.0,735540.0,109050.0,12709380.0,8255.0,802.5,40664.0,35600.000000481,5029860.0,246340.0000226,43450.0,74365.0,1490310.0,16682379.999999998,424600.0,25770.0,791180.0,6476272.0,,45000.0,80478.0,13001652.0,905250.0,,678050.0,,,141300.0,10327.5,35100.0,39105.0,7100390.0,1881800.0,22440.0,60800.0,19497900.0,21054.0,35383200.0,35000.0,70700.0,1785546.0,,27810368.000000004,23980.0,205500.0,1744550.0,593880.0,,,,47320.0,2192400.0,6845.0,10400.0,5490720.0,30320.0,95379041.5,,2074487.5,236160.0,217299.99999999997,89000.0,13744.0,9506784.0,1204955.0,1155217811343.2,1155217811343.2,1144.0,40000.0,4691400.0,1143740.0,1085190.0,4987000.0,2649576.0,1821600.0,40455.0,,84390.0,695100.0,125171520.0,474406.0,704025.0,427799.0,110370.0,,113960.0,61333636.39480001,182200.0,41717.5,7205971625275.86,13685.0,234380.0,7205971625275.86,,1334658.0,951700.0,36800.0,73895320.0,3371646.5999999996,8987286.0,8000.0,11044436391479.66,11044436391479.66,567840.0,76500.0,81200.0,52441830.0,90850.0,74160.0,122917300.0,71152376.4,25300.0,,34740.0,13083.0,,52860.0,6430.0,51875.0,18255.0,9660.0,36300.0,144000.0,36300.0,104103.0,710480.0,1529500.0,74460.0,369720.0,96050.0,52830312.0,912847740723.2999,84500.0,243050.0,15403248.0,9100.0,38880.0,23800.0,42760.0,973990.0,41000.0,3002.0,109739031.36,83700.0,39960350.0,63123840.0,233675.0,6000.0,57600.0,650520.0,912847740723.2999,166605.0,60000.0,,71877080.0,18606600.0,1132560.0,15250.0,19994310.0,102374650.0,1000000.0,19440.0,2628522.0,17211036.0,127965.0,117640.00000000001,274300.0,13000.0,812040.0,268800.0,162800.0,15960.0,12360.0,34850.0,11924.0,4261504.0,,99055.0,21865200.0,210000.0,193250.0,347400.0,332500.0,159300.0,1090800.0,2019360.0,8585.5,1605520.0,,499689.99999999994,30900.0,27704.0,,,80925.0,17000.0,100250.0,20380.0,,,74420.0,1957800.0,2868821983713.75,2868821983713.75,45667.5,81270.0,33155637019612.023,35378.0,,3007760.0,35392000.0,594360.0,669760.0000000001,21520.0,148800.0,25680950.0,106950.0,167340.0,13350.0,57433416.0,82708.0,26397500.0,132628522.0,1180975027633.0898,1772496.0,8540.0,,51800.0,18745.0,16776454.0,68420.0,172900.0,575680.0,170508975.0,58818300.0,,82780.0,401170.0,673200.0,957373.0,970500.0,268464.0,992710.0,1147392.0,,255860510.00000003,44800.0,700650.0,10200.0,29353450.000000004,216540.0,3916000.0,,1440930.0,36750.0,1180975027633.0898,86480.0,11813130.0,4200.0,16678800.0,70437905.0,33010.0,610400.0,3936600.0000000005,1227058.0,,33500.0,121164400.0,17850.0,5090820.0,23053312.0,168700.0,42969470.0,6135.0,1438800.0,397800.0,21916440.0,859610.0,2614000.0,26000.0
2018-11-30,225120.0,57000.0,,209076.0,11309750.0,1943369.9999999998,858500.0,450240.00000000006,213589110.0,10080.0,424627.3351263112,440700.0,,113475.0,387500.0,43347920.0,97931616.0,431290.0,902475.0,56250.0,475938880.0,0.0,1661920.0,0.0,10431750.0,292320.0,53235125.0,,711750.0,86800.0,4220.0,,10227120.0,322000.0,67090.0,,82600.0,16299.0,21948140.0,3903119.9999999995,837591.0,,3775.0,2700.0,3281550.0,200173470.0,3429140.0000000005,61540.0,,116920.0,73600.0,67302405.0,39985.0,166079265.0,968240.0,883950.0,54027545.0,10391.0,17958.0,60344.0,67149.9999954197,18168480.0,504559.99992860004,76692.0,86577.0,2615200.0,10712360.0,320400.0,29694.0,3837779.9999999995,6329664.0,,55099.99999999999,24105.0,10336912.0,1676900.0,,744980.0,680.0,700.0,196560.0,1520.0,88400.0,94668.5,6479488.0,994192.5,44100.0,99845.0,469915759.99999994,16145.999999999998,50720904.0,42586.0,45089.5,2214640.0,,11454630.0,12150.0,1150560.0,2610800.0,1865364.0,,,,44720.0,1941060.0,3000.0,17680.0,7752096.0,600.0,173332850.0,,950600.0,3802292.0,130680.0,432480.0,7819.5,26148784.0,447412.5,1949550250630.95,1949550250630.95,15690.0,,3966820.0,913835.0,1251200.0,9379620.0,4287649.0,48000.0,60675.0,,22110.0,2121000.0,142821000.0,192000.0,590382.0,51450.0,5432.5,44347800.0,490000.0,108653354.26110001,1489250.0,92500.0,10812863863401.6,60312.5,316250.0,10812863863401.6,,3391240.0,1059500.0,24210.0,103683706.0,2053350.0,48763500.0,28640.0,12433671109201.5,12433671109201.5,787760.0,71640.0,55998.0,44312370.0,225680.0,60480.0,159362000.0,73495440.9,17415.0,,7080.0,8940.0,,15390.000000000002,31680.0,192940.0,31930.0,10430.0,46280.0,253800.0,46280.0,105848.0,5016960.0,2577960.0,22000.0,642600.0,93720.0,66390508.0,1634762708440.7998,67000.0,7000.0,19464840.0,13000.0,272510.0,78850.0,53550.0,2519000.0,57600.0,22194.0,402448700.64000005,189400.0,52180700.0,84673240.0,66550.0,34710.0,112545.0,454140.00000000006,1634762708440.7998,204795.0,77700.0,,129866100.0,21222300.0,3348550.0,35280.0,10019790.0,88744250.0,70400.0,8080.0,14464440.0,29402940.0,322400.0,47840.0,205400.0,122400.0,441760.0,232200.0,202100.0,63095.5,59550.0,193080.0,26220.0,9686772.0,,155610.0,50362200.0,201600.0,637500.0,50434.0,734580.0,405000.0,679212.0,2707840.0,23216.0,3550159.9999999995,,1168712.0,2050.0,20620.0,,,66300.0,99519.0,64350.0,101000.0,,,98600.0,2937600.0,3834461937099.27,3834461937099.27,21492.5,456720.0,53293293518578.74,12870.0,,6582400.0,85833156.0,1650150.0,226100.0,13450.0,99750.0,48533100.0,165900.0,191100.0,22560.0,36147000.0,100100.0,32184080.0,92760351.0,2445220822840.5303,496800.0,11175.0,6270.0,70740.0,55840.0,44820030.0,70200.0,173137.5,289100.0,215986610.0,35422875.0,,125921.5,174048.0,2154852.0,366398.5,1813500.0,905895.0000000001,790730.0000000001,329280.0,,297026800.0,21280.0,2854180.0,30620.0,25055320.0,324520.0,2885300.0,,2070600.0,33320.0,2445220822840.5303,70070.0,17493000.0,25250.0,5769400.0,109208750.0,11640.0,1870400.0,8947250.0,486420.0,,29750.0,102554660.0,48720.0,10448630.0,16741002.0,103840.0,26919500.0,46500.0,1686060.0,654240.0,31827592.0,993600.0,6661680.0,8680.0
2018-12-31,3968480.0,32010.0,,63040.0,13118990.0,4885965.0,1054304.0,1078688.0,342221805.0,602480.0,4453307.529947832,87030.0,,176655.0,111680.0,52657982.5,85573063.0,1725320.0,460117.25,41750.0,388870092.5,0.0,1170780.0,0.0,10535807.0,88960.0,50799335.0,,363725.0,330250.0,21130.0,,2687145.0,486000.0,127020.0,,336600.0,49950.0,7118585.0,1075760.0,618048.0,,19200.0,4820.0,29999125.0,329853908.0,5867370.0,3196285.0,,346970.0,94060.0,76624675.5,41362.0,173492665.0,835325.0,283900.0,8983673.5,12792.75,2343.0,58412.0,21874.99999976156,9222709.25,768735.00005665,54111.0,61295.5,1944547.5,22231750.0,53810.0,17450.0,1183745.0,8663332.0,,40875.0,502400.0,6545457.5,1061850.0,,1428595.0,,,210795.0,4554.0,361475.0,2405906.0,5969824.0,156420.0,162690.0,31680.0,65156717.5,39877.5,52438406.0,26050.0,52600.0,1279230.0,,33087899.0,16685.0,2421633.0,5484432.0,1031855.9999999999,,,,156000.0,19390111.5,6680.0,7500.0,5876385.0,299900.0,62009956.25,,198750.0,12820357.0,538025.0,240300.0,12983.0,40185249.0,266240.0,1564120019596.7852,1564120019596.7852,15299.999999999998,31918.500000000004,7071955.0,595631.5,2178550.0,4936800.0,13882709.5,3269000.0,35455.0,,25500.0,1646035.0,89524875.0,249600.0,494744.0,217980.00000000003,3011.9999999999995,18998930.0,381832.5,79183580.9479,426525.0,717800.0,10860904700273.54,10019.0,416295.0,10860904700273.54,,3653786.0,268795.0,25130.0,150320503.5,1066068.0,22508787.0,29475.0,13427761106084.66,13427761106084.66,793065.0,79200.0,11837.0,19959075.0,823215.0,20340.0,216324192.0,83086062.04499999,145925.0,49530.0,42380.0,83304.0,,5180.0,16160.0,366910.0,25200.0,47828.75,29680.000000000004,284110.0,29680.000000000004,78068.0,5157480.0,2218175.0,15300.0,336900.0,79560.0,53872872.0,837637502777.65,45500.0,19500.0,8548262.4,18469.0,1220200.0,44460.0,73200.0,2728305.0,48000.0,17380.0,277842837.575,120750.0,73968000.0,88954320.0,78000.0,32780.0,19585.0,302870.0,837637502777.65,210177.0,23040.0,,100407000.0,12343400.0,2826810.0,13320.0,15350850.0,93159109.0,1002990.0,105950.0,11239685.0,7960625.0,337825.0,32970.0,683800.0,140100.0,349060.0,318500.0,336950.0,15770.000000000002,34505.0,330620.0,10800.0,14486963.0,,90460.0,95592112.5,160000.0,187850.0,63742.0,1005409.5,1405880.0,1372229.0,6228230.0,18119.0,5759700.0,,1223654.0,49750.0,113730.0,,,164450.0,63209.99999999999,140975.0,30000.0,,,74010.0,1411700.0,4408358259178.06,4408358259178.06,243329.5,160280.0,49230416094721.92,96000.0,,4234035.0,15780120.0,2171190.0,1045320.0,119600.0,249600.0,44529217.5,236225.0,148000.0,50860.0,45077843.75,488125.0,48137215.0,61107514.0,1719607021867.29,7043187.5,11355.0,2160.0,40800.0,35065.0,13083215.0,77250.0,254300.0,666260.0,240012500.0,122422690.0,,106173.0,1234240.0,676642.5,620500.0,573750.0,188750.0,242240.0,1058400.0,,373225670.0,19035.0,2002546.0,26400.000000000004,7469880.0,135195.0,8019840.0,,1985978.0,42670.0,1719607021867.29,79050.0,14520075.0,34340.0,7790400.0,118564237.5,15400.0,1076605.0,3925480.0,912824.75,,22750.0,109486308.5,30605.0,21685500.0,20758237.5,83725.0,13062795.0,14890.0,3040730.0,849415.0,15782520.0,1518000.0,11796715.0,20160.0
2019-01-31,1722244.0,100200.0,,102450.0,17150600.0,3007072.5,3634962.5,5142680.0,475080550.0,119285.0,31552951.87676047,160510.0,,240720.0,397600.0,83121720.0,131690354.0,5814340.0,99000.0,49476.0,641250712.5,0.0,1152870.0,0.0,10009080.0,100750.0,50202800.0,,930675.0,500000.0,38400.0,,3550365.0,658000.0,196725.0,,625550.0,18725.0,14644305.0,2180115.0,585030.0,,27930.0,8160.000000000001,6946990.0,366031613.5,4153785.0,6265.0,2459455.0,182095.0,166940.0,77054128.0,34410.0,197112232.5,1365245.0,332775.0,9128776.0,9826.5,5110.0,50750.0,17549.999999061074,15967965.0,1481800.00029875,8789.0,88091.0,3775750.0,48937620.0,82000.0,81200.0,1311260.0,7140378.0,,29400.0,34020.0,8278166.0,2459275.0,,1618610.0,,,139125.0,1516.0,127050.0,258876.0,17702255.0,143302.5,135486.0,104517.0,41540718.0,27064.0,53772810.0,29347.999999999996,34380.5,4075113.0,,37151696.0,6480.0,5363104.0,4330563.0,3210809.0,,,,225000.0,2137435.0,11690.0,26090.0,8856768.0,29700.0,44247560.5,,942670.0,6401028.0,1330565.0,178400.0,8455.0,43735125.0,53894.0,2008653301400.23,2008653301400.23,3000.0,15570.000000000002,17124495.0,1260464.0,5145390.0,10500550.0,5510581.25,13650.0,19120.0,,43000.0,1109675.0,76799165.0,182500.0,1223364.0,794524.0,5606.0,10319285.0,573552.5,104118430.7957,32430.0,184500.0,14754805010764.727,42698.0,4336871.0,14754805010764.727,,6699337.0,666250.0,12780.0,131898620.0,3675609.9,15458103.0,15310.0,15900180743983.906,15900180743983.906,909550.0,53394.0,8928.0,15194210.0,884155.0,70620.0,194546440.0,145592257.65,32187.5,7220.0,55430.0,4910.0,,67200.0,22320.0,595200.0,72815.0,109987.0,77040.0,62170.0,77040.0,183456.0,20419136.0,3920960.0,22440.0,449070.0,100025.0,42655502.0,881853363717.955,71800.0,46550.0,11399137.2,40150.0,1379850.0,49140.0,223680.0,8113148.0,29000.0,3276.0,204103364.5,138650.0,143860114.0,106427713.0,77500.0,24845.0,25060.0,306640.0,881853363717.955,253005.0,14855.0,,124374834.0,8345750.0,6141015.0,37800.0,15105107.5,47989744.0,157785.0,161295.0,10081980.0,18291265.0,1312280.0,154360.0,334800.0,1503450.0,392265.0,306150.0,210650.0,110525.0,72000.0,161200.0,24010.5,21862150.0,,669270.0,145649250.0,4099400.0,312800.0,39996.0,3956679.5,9778600.0,4279011.0,8859250.0,63752.0,6475995.0,,630142.0,140932.5,29096.0,,,127310.0,6622.000000000001,333030.0,195180.0,,,89320.0,1775700.0,6400550888856.285,6400550888856.285,628396.0,132510.0,65805177834507.84,21720.0,,14397985.0,14551314.0,2837915.0,837505.0,51000.0,57400.0,39814395.0,423275.0,225440.0,57800.0,24096525.5,1619718.0,27666440.0,84262109.0,2085789108271.945,827720.0,61250.0,5700.0,147045.0,68125.0,33831200.0,207480.0,153032.5,2408000.0,287006350.0,92609467.5,,102544.00000000001,329854.0,190875.0,87725.0,356524.0,51800.0,456435.0,240498.99999999997,,432433665.0,33220.0,1548531.5,10235.0,14978880.0,220550.0,10129925.0,,2361246.5,42255.0,2085789108271.945,62010.0,9329300.0,15065.4,3183210.0,134507497.5,57365.0,1276974.0,4710475.0,1074027.25,,176250.0,215556946.0,34200.0,19447380.0,27950476.5,101900.0,6027190.0,1700.0,5643735.0,703800.0,46771070.0,2487435.0,15903460.0,18320.0
2019-02-28,681516.0,144000.0,,41540.0,26883280.0,4970560.0,4283315.0,1703140.0,249331180.0,85800.0,14954222.082677372,247885.0,,311350.0,1505975.0,55810510.0,91783553.0,1428375.0,151500.0,54590.00000000001,470153250.0,0.0,2760805.0,0.0,8131830.0,56597.0,31540717.500000004,,1199300.0,1504300.0,116590.0,,2724510.0,1466800.0,362080.0,,382075.0,63900.0,6387830.0,1839650.0,265500.0,,16860.0,7640.0,1680175.0,413653741.5,3058135.0,25100.0,3940940.0,183665.0,56985.0,153570743.0,27300.0,171447619.5,1037355.0,805000.0,6964941.0,56800.0,46150.0,132720.0,106470.0000004095,7857830.0,1548400.0000248998,12193.0,404758.0,2252037.5,32443960.0,147325.0,39680.0,3722930.0,11184188.0,,110250.0,1046806.0,7029435.0,5363077.5,,940500.0000000001,,,619580.0,1516.0,473100.0,51874.0,16737730.0,134840.0,168075.0,125560.0,35681040.0,42045.0,50534926.0,6191.5,79713.0,13349896.0,,27227544.0,30200.0,6631880.0,2346309.0,7885607.999999999,,,,614450.0,1566519.0,8400.0,133320.0,8142878.0,66435.0,41089886.5,,133400.0,10246720.0,500230.0,44500.0,4656.0,33919000.0,118295.0,2063623696316.04,2063623696316.04,34930.0,500.0,16162395.0,847310.0,3233480.0,3349030.0,9492830.0,49522.0,182755.0,,1160900.0,1622460.0,75652890.0,83308.0,1276567.5,401360.0,13943.999999999998,67012720.0,139500.0,97335677.2731,90000.0,162000.0,12665908924793.904,96827.0,17977053.0,12665908924793.904,,24608211.0,473850.0,38380.0,345974609.5,2197752.75,12902000.0,75270.0,15682214571267.375,15682214571267.375,428610.0,39510.0,71424.0,8541200.0,983065.0,125425.0,213375846.0,119468634.6,11040.0,10950.0,6794.0,,,88665.0,124382.0,389425.0,48840.0,36210.0,276425.0,8790.0,276425.0,104864.0,6695962.5,1344520.0,97500.0,226200.0,88400.0,37182765.0,856427180218.325,140250.0,120899.99999999999,24761356.2,1906921.0,584620.0,82370.0,642450.0,6146473.0,4768320.0,13590.0,180076462.01,190475.0,79078120.0,79298888.0,159800.0,8600.0,741125.0,100889.99999999999,856427180218.325,376695.0,37935.0,,63571440.0,6049075.0,5656425.0,62730.0,10508400.0,91147988.0,66858.0,250635.0,11057550.0,6776925.0,2632500.0,572285.0,262600.0,1277150.0,567500.0,346200.0,862600.0,1762373.0,36520.0,604556.0,43180.0,79368627.0,,251480.0,93227825.0,85194745.0,251250.0,40894.0,1471365.0,9057300.0,2380300.0,10450950.0,20958.0,15314710.0,,3416230.0,130000.0,26625.0,,,228231.5,14772.5,38825.0,265200.0,,,155760.0,1700080.0,7405984567186.36,7405984567186.36,255017.0,122100.0,60991865992699.016,25410.0,,6517045.0,11437338.0,3418557.5,818090.0,34710.0,788175.0,50992560.0,356250.0,233310.0,76140.0,53333722.0,536928.5,24706600.0,54218161.0,2606634128838.4805,945067.5,83200.0,25775.0,140125.0,62935.0,23801537.5,340380.0,287475.0,3204980.0,224169995.0,83288322.0,,71487.5,2187795.5,217560.0,527730.0,1278400.0,1898000.0,280085.0,1116024.0,,247694545.0,43680.0,324850.0,21240.0,15720675.0,229455.0,4994515.0,,3819905.0,133605.0,2606634128838.4805,1693755.0,5022600.0,6000.0,2960555.0,154175500.0,14355.0,1413112.0,3839100.0,940114.0,,190650.0,116702077.5,35080.0,4579335.0,212596395.0,483320.0,3013645.0,33600.0,4257750.0,784175.0,57611776.0,1879425.0,59717580.0,17049300.0
2019-03-31,294272.0,119700.0,,26320.0,9571380.0,1108000.0,1922840.0,864560.0,175422600.0,18775.0,11398779.627988774,92020.0,,202100.0,856950.0,80537444.0,110709324.0,887040.0,262000.0,7262.0,424738640.0,0.0,4787160.0,0.0,6037460.0,128050.0,53612100.0,,180600.0,391000.0,74740.0,,1804500.0,606900.0,86820.0,,325920.0,394500.0,7495640.0,1790150.0,324475.0,,136200.0,12210.000000000002,842800.0,219811680.0,1794890.0,12600.0,6605040.0,39440.0,58500.0,66391520.00000001,11304.5,113373040.0,540000.0,69600.0,4453537.0,2515.5,8700.0,79300.0,57340.00000284413,8844655.5,999020.0001254,4614.0,96200.0,1941500.0,26910100.0,53050.0,18100.0,2171750.0,7200820.0,,34650.0,467360.0,8271340.0,6167700.0,,1647150.0,,,207100.0,,230175.0,109649.0,10225600.0,212660.0,44640.0,231460.0,14203127.0,10948.0,42346250.0,24960.0,24965.0,8238048.0,,7637171.999999999,29980.0,10567140.0,3204960.0,7733950.0,,,,854500.0,745232.0,20625.0,5200.0,4880928.0,24840.0,45084606.0,,1019600.0,14618552.0,193500.0,164665.0,5037.0,49892290.0,306830.0,1280488907894.39,1280488907894.39,48400.00000000001,,11773350.0,680295.0,3385280.0,1088880.0,15193685.0,189296.0,63440.0,,719100.0,1944680.0,49671365.0,139258.0,876090.0,245875.0,19072.0,41091210.0,1269485.0,124858683.629,473790.0,396000.0,11728761910087.68,256878.0,25929600.0,11728761910087.68,,23727404.0,813656.0,32970.0,329877020.0,2123496.0,8180040.0,16375.0,12578861609674.799,12578861609674.799,272285.0,71100.0,53500.0,6667920.0,244480.0,34650.0,179761600.0,244567437.975,29301.0,4820.0,24000.0,,,63940.0,60060.0,153815.0,27500.0,31682.5,277200.0,202500.0,277200.0,906036.0,4825088.0,1286880.0,206910.0,239940.0,40480.0,39226660.0,722919100081.5,44500.0,32800.0,14452020.0,192384.0,186625.0,11025.0,96005.0,3745758.0,1333460.0,3200.0,131073494.50999999,54650.0,107768938.0,73479420.0,149125.0,9415.0,78000.0,67005.0,722919100081.5,108570.0,5600.0,,93692900.0,3288000.0,5772840.0,61030.0,17057640.0,28555800.0,13247.0,98100.0,5564000.0,3577530.0,221480.0,99820.0,119600.0,81600.0,313920.0,100800.0,676000.0,301020.0,35815.0,214520.0,48895.0,26780183.0,,577780.0,20470320.0,39627500.0,119675.0,36601.0,375250.0,6706799.999999999,868968.0,3930240.0,133728.0,30260160.0,,1338000.0,217360.0,22728.0,,,464290.0,9000.0,88200.0,703800.0,,,16265.0,313500.0,4771602961578.7,4771602961578.7,65653.0,216648.0,44180289231545.02,4082.5,,3645090.0,12682720.0,960260.0,206460.0,16140.0,183370.0,76440000.0,233000.0,191760.0,44425.0,54865350.0,109254.0,51819840.0,62048180.0,1564758964024.8901,3722500.0,25600.0,3600.0,48720.0,45000.0,23880850.0,275855.0,117325.0,2881320.0,182883120.0,111439669.0,,75050.0,579000.5,1449350.0,303050.0,785622.5,294400.0,3304580.0,1582710.0,,243946889.99999997,41625.0,819749.0,30680.0,9052640.0,130950.00000000001,870460.0,,2283790.0,50545.0,1564758964024.8901,381780.0,2016000.0,1580.0,2441405.0,153578200.0,22737.5,1048064.0,3486840.0,678150.0,,57600.0,120677280.0,15819.999999999998,2209410.0,43337600.0,66975.0,2411010.0,16000.0,2488200.0,237650.0,58456064.0,572850.0,11178650.0,13334800.0
2019-04-30,325120.0,29434.5,,56672.0,5632800.0,542700.0,3598398.0,1897745.0,252316680.0,25000.0,42931652.68672909,37200.0,,233500.0,437580.0,41951312.0,100223214.0,744120.0,792200.0,77045.0,769810500.0,0.0,2831480.0,0.0,6694050.0,793650.0,30749350.0,,201600.0,315700.0,463200.0,,2185650.0,486000.0,96000.0,,525980.0,67120.0,4866390.0,514040.0,570141.75,,21140.0,21000.0,976500.0,201567983.99999997,1143760.0,12510.0,1868799.9999999998,34560.0,38420.0,113055600.0,13629.0,165635050.0,263640.0,160800.0,3006120.0,18454.5,87000.0,39790.0,46000.000000500004,14422980.0,578099.9999016,7030.0,113750.0,4255680.0,42982640.0,213525.0,12977.0,1830400.0,12841740.0,,85550.0,350390.0,4040920.0,5032680.0,,1557510.0,,,417480.0,2271.0,56000.0,30975.0,17545000.0,55738.0,106322.5,194600.0,7002533.999999999,51264.0,44309376.0,98580.0,43050.0,8197632.0,,21120256.0,2180.0,3521820.0,997668.0,4646400.0,,,,677040.0,1627206.0,9990.0,5200.0,2310680.0,1340.0,29066250.0,,795800.0,4917826.0,393239.99999999994,89000.0,8679.0,14641000.0,52150.0,1252278734564.0,1252278734564.0,45000.0,,12304260.0,746664.0,10232040.0,2279970.0,5692778.0,186999.0,85000.0,,716300.0,2141300.0,44248230.0,56842.0,3125199.0,94416.0,1186.0,24548800.0,1755270.0,110814068.3011,597320.0,1026750.0,9872028944398.95,245427.0,25839696.0,9872028944398.95,,25078680.0,1017900.0,17040.0,254969800.0,1341360.0,5420100.0,27300.0,13112843776380.4,13112843776380.4,555100.0,91650.0,71630.0,5473490.0,221760.0,91500.0,218441530.0,62791223.25,14703.0,48600.0,,332640.0,,53300.0,79968.0,162840.0,35200.0,74402.0,98800.0,444280.0,98800.0,254619.99999999997,3480414.0000000005,3546090.0,147880.0,188180.0,916080.0,28057670.0,893872980995.7001,99200.0,99600.0,15469218.0,98496.0,55180.0,15300.0,88200.0,18795504.0,1553060.0,7845.0,200994451.35,130500.0,87225993.0,70707536.0,125925.0,13000.0,64640.00000000001,64379.99999999999,893872980995.7001,66862.5,23920.0,,110280800.0,2720000.0,9953860.0,54750.0,29059800.0,56209140.0,152064.5,68340.0,3032600.0,3556320.0,248105.0,38355.0,38700.0,32050.0,254700.0,44000.0,354900.0,158004.0,37560.0,347136.0,24665.0,11335552.0,,325710.00000000006,134927100.0,38157280.0,441600.0,69567.5,135000.0,3476200.0,6168500.0,2843400.0,171926.5,20856675.0,,1321200.0,95977.5,4240.0,,,505370.0,1630.0,108900.0,23200.0,,,12429.999999999998,800120.0,7927456212453.6,7927456212453.6,61776.0,462560.0,51575066072055.945,11030.0,,1409480.0,40037406.0,439400.0,79255.0,9230.0,343200.0,42863040.0,87150.0,130000.0,60080.0,20786220.0,167508.0,23091200.0,27674640.0,1647618510495.4001,3244748.0,28380.0,12000.0,65710.0,327250.0,6890800.0,373500.0,306000.0,1475600.0,154536800.0,48225177.0,,258495.5,1504752.0,221400.0,715055.0,987900.0,260941.0,76112.5,420270.0,,198358860.0,2526720.0,1107000.0,2390.0,18392400.0,156275.0,1104690.0,,1437008.0,50190.0,1647618510495.4001,817480.0,1346400.0,8399.0,1719550.0,129298545.0,87975.0,695826.0,2217000.0,162810.0,,49000.0,115971360.0,13559.999999999998,4066160.0000000005,27854810.0,155000.0,3104710.0,16000.0,2827680.0,142100.0,41334170.0,1083460.0,5303200.000000001,4171200.0
2019-05-31,148590.0,42750.0,,26400.0,7402539.999999999,857088.0,1314800.0,331200.0,408768800.0,43180.0,73633271.61824986,552330.0,,443650.0,390590.0,91226656.0,87376436.0,607620.0,278080.0,27900.0,556136900.0,0.0,8928000.0,0.0,5138980.0,180220.0,59980080.0,,139400.0,299300.0,325500.0,,1743350.0,58900.0,357380.0,,232420.0,287127.0,2493660.0,307120.0,833753.0,,23600.0,31005.0,1583400.0,347265270.0,836759.9999999999,12510.0,1377640.0,18450.0,22500.0,69203680.0,8707.5,152061258.0,536410.0,2420480.0,6752886.0,9900.0,870.0,31646.0,48919.999998975,17451237.0,149160.000033,24552.0,16005.0,2374425.0,49500360.0,4504500.0,15278.0,6279459.999999999,10363200.0,,100300.0,644328.0,3217528.0,10970440.0,,1153280.0,,,391230.0,4122.5,75000.0,61050.0,22769780.0,257214.0,38185.0,703624.0,25558512.0,27234.0,46801178.00000001,81804.0,50000.0,4621600.0,,36405248.0,20350.0,8444304.0,878864.0,7017342.000000001,,,,292800.0,7564882.0,17490.0,62500.0,4096959.9999999995,26500.0,30321455.0,,555750.0,1766800.0,128060.0,62300.0,7870.0,40235700.0,127246.0,1532418222722.0,1532418222722.0,13485.0,1485.0,14340080.0,827080.0,18444800.0,1348560.0,6563812.5,,32850.0,,168480.0,2924100.0,178753750.0,503880.0,794592.0,187785.0,1003.9999999999999,18012800.0,10035360.0,81040300.6448,119210.0,1604400.0,11836933594017.0,270160.0,24725400.0,11836933594017.0,,7031310.0,844600.0,26210.0,313742326.0,2133864.0,8098536.0,22750.0,16059420481799.73,16059420481799.73,258000.0,69700.0,26225.0,3548250.0,103750.0,49980.0,307745748.0,116031012.30000001,45333.0,244275.0,50000.0,12024.0,,13530.0,74000.0,74150.0,34800.0,39850.0,27000.0,25480.0,27000.0,540800.0,7686140.0,9587820.0,206990.0,807520.0,144570.0,43099199.99999999,916626419020.7999,38500.0,15800.000000000002,18976350.0,349305.0,36570.0,6520.0,58580.0,13350560.0,512120.0,9480.0,173285757.28,196900.0,135860736.0,88946028.0,98150.0,,38245.0,97350.00000000001,916626419020.7999,258060.00000000003,12160.0,,103457750.0,4569600.0,10619700.0,37895.0,44439925.0,50949800.0,114961.0,27000.0,3243000.0,3698100.0,239370.0,33040.0,114400.0,7400.0,112340.0,456500.0,280800.0,164900.0,6440.0,67000.0,12900.0,17432310.0,,378410.0,40670640.0,28641780.0,202860.0,18140.0,130580.0,2368600.0,6739200.0,4561920.0,44460.0,21345388.5,,789264.0,31200.0,36420.0,,,487840.0,22722.5,72900.0,761250.0,,,44460.0,3039400.0,5547919171382.319,5547919171382.319,84952.0,109500.0,57487782364804.484,8280.0,,726160.0,6228800.0,396687.5,189980.0,25500.0,211305.0,38147560.0,274050.0,168839.99999999997,35460.0,34275250.0,413404.99999999994,58044630.0,95203400.0,2065622436674.37,2630865.0,37120.0,87230.0,71550.0,32875.0,7208380.0,213000.0,190825.0,3900820.0,265340880.0,51982500.0,,71155.5,485100.0,1161875.0,573074.25,833766.4999999999,420090.0,811260.0,499800.0,,353195520.0,933960.0,961191.0,14315.0,31456970.0,141250.0,1695920.0000000002,,807007.0,4320.0,2065622436674.37,585620.0,1893600.0,20000.0,6267250.0,182489550.0,18200.0,357750.0,4158880.0000000005,510000.0,,25200.0,185213286.0,17440.0,4760730.0,25906312.0,306280.0,1938300.0,8490.0,6065670.0,129070.0,27115064.0,1836799.9999999998,5363680.000000001,3025750.0
2019-06-30,230320.0,57141.5,,10523.0,36200320.0,1763847.0,1507580.0,682892.0,377202060.0,45970.0,91568159.03943464,1497000.0,,96400.0,201550.0,48192925.0,72415340.0,1593390.0,490000.0,66630.0,546335382.0,0.0,26736100.0,0.0,10787287.0,81740.0,38496785.0,,967900.0,111200.0,397095.0,,3064140.0,204250.0,253760.0,,189710.0,47300.0,3905975.0,586580.0,250074.0,,7080.0,8960.0,2132840.0,341247261.0,1000919.9999999999,44430.0,2285360.0,63070.0,118580.0,28910800.0,19000.0,152476198.75,600625.0,1409800.0,20409907.0,80911.5,22256100.0,20040.0,134140.00000275,20040792.0,246765.0000156,29358.0,127532.5,3164875.0,43387785.0,24387.5,23400.0,2988900.0,7192975.0,,119699.99999999999,255952.0,4819098.0,14607555.0,,1116090.0,,,342720.0,1598.0,2006325.0,137700.0,13960065.0,227535.0,240175.0,75400.0,50511684.5,64012.5,33702663.0,56099.99999999999,50399.0,2126028.0,,45027440.0,12299.999999999998,2831479.0,517583.0,8034858.0,,,,602125.0,13089840.0,8750.0,15350.0,3917569.0,5720.0,28140072.0,,1579350.0,1469244.0,540210.0,3560000.0,35100.0,76394350.0,272987.0,1670839675754.4448,1670839675754.4448,14525.0,,77408770.0,690299.0,3142425.0,902990.0,6390903.5,40482.0,43350.0,,52900.0,3611515.0,111247325.0,72750.0,636124.5,60828.00000000001,988.0000000000001,18142300.0,16779961.5,69308393.2069,408485.0,229700.0,11268357557379.584,73954.0,6920876.0,11268357557379.584,,11440584.0,467952.0,75835.0,246288449.0,1454294.25,1837336.0,29075.0,16274913785381.02,16274913785381.02,350280.0,17610.0,32986.0,9599225.0,104920.0,144605.0,160533232.0,96430304.775,54152.0,20665.0,2909.5,12425.0,,135540.0,17928.0,239205.0,38955.0,1000.0,28462.5,12570.000000000002,28462.5,264650.0,4322250.0,3828650.0,50490.0,309820.0,225490.0,21695225.0,661443401705.54,44300.0,53200.0,16553079.600000001,106450.0,62000.0,42900.0,93920.0,9069296.0,291250.0,3096.0,167678211.695,172635.0,103690454.5,83193420.0,54950.0,2440.0,41140.0,959850.0,661443401705.54,86880.0,319620.0,,118321680.0,4005000.0,8250745.0,23840.0,32936730.0,24300200.0,80320.0,18415.0,3639400.0,7798380.0,198375.0,28560.000000000004,45100.0,22000.0,100125.0,105600.0,218500.0,181076.5,35040.0,181425.0,4260.0,9037938.0,,335070.0,30926822.5,11659920.0,65500.0,92605.0,140991.5,8574900.0,8410213.0,2971430.0,19007.0,21303233.5,,452977.0,50000.0,41280.0,,,142100.0,14855.0,168385.0,54660.0,3510000.0,437640.0,464820.0,4210320.0,7799317620899.425,7799317620899.425,63462.25,138105.0,62783383324117.31,11070.0,,4348355.0,13271145.0,1880225.0,668825.0,73060.0,86350.0,52749105.0,121125.0,630290.0,131790.0,49550990.0,227653.5,20888055.0,82207924.0,1956036229652.7349,1739025.0,29210.0,19040.0,40020.0,28800.0,8036302.5,414765.0,161950.0,1774285.0,193430525.0,67392370.0,,111750.0,223589.99999999997,1530270.0,437900.0,798210.0,371750.0,1100270.0,855960.0,,331834710.0,777690.0,700783.5,11900.0,36694015.0,246840.0,3407260.0,,524414.0,39000.0,1956036229652.7349,2700090.0,4074575.0,20000.0,3836120.0,206665837.5,9800.0,961200.0,3120695.0,820991.0,,62000.0,177486048.0,24640.000000000004,4165525.0,27892294.0,166800.0,10635060.0,45900.0,10707630.0,137475.0,36655074.0,2160735.0,7028250.0,1771275.0
2019-07-31,143360.0,35905.0,,143252.0,37137180.0,1599000.0,2741400.0,1954484.0,291797860.0,19880.0,42050385.87756269,2589450.0,,669052.0,152035.0,47096192.0,78688850.0,15574680.000000002,510375.0,24948.0,461779240.0,0.0,24485360.0,0.0,11870430.0,1067500.0,51669400.0,,2381940.0,758000.0,405880.0,,5131840.0,264600.0,180899.99999999997,,110655.0,45310.0,3806790.0,473480.0,312170.0,,17250.0,13679.999999999998,1178220.0,311266620.0,674450.0,9382.5,1614810.0,104340.0,292500.0,52206960.0,10978.0,212246530.0,1273440.0,421200.0,23939471.0,1849705.0,711435.0,51240.0,70679.99999886,20531988.0,242999.99998999998,21510.0,141520.0,2772450.0,20771560.0,66050.0,7966.0,5331256.0,9854880.0,,92800.0,78540.0,7558096.0,17987760.0,,954250.0,,,278760.0,4782.0,864800.0,56425.0,6034210.0,621954.0,400673.0,128640.0,31306980.0,19625.0,35357394.0,59200.0,25000.0,3452540.0000000005,,15896752.0,4640.0,8532810.0,402549.99999999994,5588800.0,,,,579500.0,6411460.0,7605.0,4840.0,8300284.0,6360.0,28233020.0,,3460477.5,1037400.0,460800.0,89000.0,9252.0,66671100.0,902600.0,1735594639065.43,1735594639065.43,4245.0,,67576600.0,851734.0,2883500.0,1298800.0,29687532.0,31500.0,58350.0,,138880.0,2496200.0,99692150.0,488040.0,614035.0,90753.0,6757.0,15489000.0,9821720.0,88596540.0,448500.0,182100.0,10646002282918.08,705741.0,5608640.0,10646002282918.08,,5318280.0,496944.0,6750.0,155097000.0,3344085.0,2134950.0,79800.0,13200508115382.08,13200508115382.08,543520.0,58250.0,32240.0,5933000.0,141610.0,51000.0,238708184.0,71970561.6,7632.0,95000.0,7965.0,,,72800.0,19318.0,198720.0,12300.0,500.0,68640.0,27390.0,68640.0,464880.0,5645200.0,3449250.0,359870.0,318060.0,286880.0,38756430.0,1160174673276.3,40750.0,37150.0,6322387.2,84600.0,42000.0,15100.0,905060.0,7762856.0,270300.0,21560.0,168497600.92000002,166000.0,90717132.0,48775050.0,99700.0,11540.0,47695.0,1127700.0,1160174673276.3,558400.0,5420.0,,81580800.0,5019000.0,6542500.0,18830.0,18811350.0,18772000.0,10230.0,93500.00000000001,5878800.0,8643510.0,448000.0,18850.0,164400.0,32400.0,469800.0,129799.99999999999,312000.0,153170.0,17460.0,438240.0,41000.0,8895985.0,,284260.0,28760550.0,23707080.0,461500.0,92700.0,236418.0,12390260.0,2486400.0,2779920.0,149952.0,20742694.5,,269762.0,970000.0,10750.0,,,304830.0,1423.5,496500.0,547000.0,4053060.0,3777295.0,7026420.0,1810760.0,5620708291840.0,5620708291840.0,303449.5,209280.0,49365313013747.1,46120.0,,1788400.0,14828486.000000002,1758450.0,791520.0,67440.0,1017959.9999999999,56889250.0,99600.0,936320.0000000001,49500.0,56925505.0,295160.0,31855000.0,68107795.0,1801443907952.0999,518535.00000000006,25600.0,3420.0,90420.0,13800.0,9778120.0,471250.0,176000.0,1615400.0,220508100.0,61230741.0,,68265.0,349667.5,1010320.0,1093145.75,1103155.75,390285.0,936250.0000000001,226605.0,,271972500.0,193200.0,913353.0,10760.0,16988160.0,454740.0,3085600.0,,793638.0,135200.0,1801443907952.0999,424710.0,1591200.0,10098.0,6633882.0,91611060.0,23000.0,267800.0,3007620.0,704940.0,,38400.0,159315570.0,11200.000000000002,3161340.0,32604493.0,104549.99999999999,6913060.0,16100.000000000002,21821620.0,367590.0,25037100.0,4469820.0,4739770.0,1580700.0
2019-08-31,126364.99999999999,175000.0,,103156.0,27861960.0,1001560.0,4061587.9999999995,2739960.0,308075600.0,57350.0,72758396.06334482,9507850.0,,1618650.0,43370.0,72849740.0,107343500.0,7066780.0,49925.0,51900.00000000001,628922460.0,0.0,9014580.0,0.0,12652200.0,99400.0,59170400.0,,788320.0,197400.0,234210.0,,9501440.0,249900.0,453440.0,,285890.0,41768.0,5129800.0,567500.0,94380.0,,12649.999999999998,17205.0,402600.0,297501945.0,978930.0,,862580.0,67850.0,29785.0,53665920.0,10900.0,216694632.0,487430.0,308700.0,6407196.0,473340.0,720800.0,24570.0,43500.0000015,29614255.0,202709.9999826,8400.0,138243.0,2668890.0,43134900.0,162000.0,8250.0,2414160.0,6943464.0,,27000.0,20460.0,5151573.0,10620960.0,,1126080.0,,,87720.0,3180.0,314000.0,103684.5,13707750.0,1421000.0,196250.0,364200.0,14785390.0,40770.0,53871640.0,102800.0,46910.0,11654220.0,,19278608.0,9690.0,5581062.0,263000.0,6559599.999999999,,,,246450.0,6711696.0,8325.0,11250.0,6314687.999999999,16430.0,14887425.5,,50125.0,1669800.0,1029000.0,254450.0,27300.0,47621120.0,1440447.5,1931504313510.4,1931504313510.4,17030.0,,68757000.0,1055150.0,1286260.0,449280.0,14395144.500000002,24900.0,24325.0,,127890.00000000001,1358640.0,102812490.0,504900.0,510840.00000000006,212950.0,6967.0,13531840.0,12934714.5,105310920.0,424475.0,1569400.0,13649152327449.34,31500.0,16037000.0,13649152327449.34,,6888960.0,530000.0,21280.0,251828878.00000003,14627784.600000001,2006879.9999999998,28699.999999999996,14612407898676.0,14612407898676.0,229600.0,17437.5,42919.5,4547270.0,69000.0,26175.0,248408832.0,121327881.885,7194.0,47380.0,50599.99999999999,4850.0,207000499.5,26070.0,10248.0,207000.0,23800.0,4105.0,84150.0,236242.5,84150.0,388890.0,2898560.0000000005,1428450.0,168955.0,137600.0,219310.0,21013920.0,1381620456731.19,380000.0,378400.0,4200004.8,43695.0,44800.0,12240.0,219840.0,4802240.0,121330.0,2920.0,236251570.05,113800.0,253260690.0,66730410.0,64200.0,94850.0,55200.0,999790.0,1381620456731.19,90420.0,,,123546570.0,3266550.0,3928600.0,23170.0,11716655.0,13490928.0,26454.0,59740.0,7488799.999999999,2896520.0,481160.0,49610.0,103200.0,364800.0,195880.0,262900.0,144300.0,204000.0,10175.0,218115.0,29080.0,7974380.0,,164650.0,29398969.999999996,19272550.0,87225.0,111683.0,42210.0,22227180.0,2310120.0,1108140.0,26860.0,16163720.0,,662494.0,115720.5,41555.0,,,375000.0,21065.0,210000.0,199352.5,3675995.0,1024650.0,882649.9999999999,1054680.0,6714461664111.761,6714461664111.761,216530.0,414786.0,64378347898462.43,20400.0,,5921000.0,58277040.0,1622500.0,3529380.0,29000.0,35700.0,75449660.0,57000.0,782600.0,30900.0,39925885.0,61925.0,17917110.0,109623388.0,1673046097319.52,138427.5,5060.0,7050.0,56400.0,40710.0,8939700.0,651320.0,253750.0,3344759.9999999995,355643200.0,29618042.0,,292110.0,1653600.0,513400.0,767095.0,2296122.0,487260.0,1112217.5,955320.0,,511068650.0,959760.0,516222.0,15000.0,11634300.0,194880.00000000003,684600.0,,681338.0,537245.0,1673046097319.52,581940.0,2264400.0,18837.5,3841440.0,170318750.0,26210.0,256410.0,2949860.0,1304286.0,,18600.0,215738720.0,29835.0,6284560.0,50307750.0,48045.0,3517560.0,28175.000000000004,7505000.0,138880.0,29981184.0,1700170.0,2418620.0,747500.0
2019-09-30,118450.00000000001,962080.0,,26456.0,14419650.0,450870.0,4077730.0000000005,2878600.0,239888350.0,105600.0,50513278.05419825,16588869.0,,517600.0,153240.0,42450412.5,68160000.0,2224110.0,131920.0,20735.0,411048530.0,0.0,8690500.0,0.0,5624080.0,43400.0,49459040.0,,10725690.0,280300.0,658320.0,,2630970.0,250200.0,124155.0,,81655.0,1982.0,2418080.0,311240.0,31293.0,,12215.0,35270.0,451200.0,209137884.99999997,902720.0,8590.0,655760.0,22200.000000000004,14500.0,24650990.0,12100.0,166853160.0,1345410.0,268140.0,5706272.0,48282.75,103348.0,327195.0,28784.999998755,9255031.0,69430.0,16320.0,59943.5,4492730.0,8735120.0,1077300.0,52800.0,1411690.0000000002,6616192.0,,26600.000000000004,24180.0,4400262.0,4883200.0,,1423080.0,,,324940.0,36570.0,118500.0,95973.0,3410100.0,546720.0,254239.99999999997,25584.0,11294800.0,32759.0,54266735.99999999,27922.2,29325.5,1706488.0,,5498288.0,14700.0,9358770.0,1248390.0,2912480.0,,,,125025.0,9753840.0,10200.0,12100.0,3496620.0,2120.0,25545437.5,,853112.5,261503.99999999997,2619912.0,200200.0,4626.0,46769520.0,430000.0,1380924039946.24,1380924039946.24,50930.0,3640.0,21412050.0,641520.0,50038560.0,395470.0,12464585.5,49500.0,14570.0,,333540.0,494400.0,64484640.0,1242300.0,710100.0,219478.0,18167.0,23071400.000000004,5107265.0,100165050.0,1262380.0,336600.0,12037334574449.83,99622.0,3676812.0,12037334574449.83,,6146728.0,180484.0,67500.0,149964100.0,6042343.5,1574118.0,12150.0,10730504589179.04,10730504589179.04,51200.0,29069.999999999996,7161.0,2019000.0,108480.0,14335.0,110986680.0,100699414.62,13000.0,95455.0,27454.5,14000.0,10721150.0,22655.0,6760.0,152900.0,51700.0,24950.0,78400.0,177255.0,78400.0,217500.0,1142190.0,1378430.0,489500.0,102060.0,270900.0,19185528.0,1979286040387.44,158700.0,160200.0,2896693.2,30267.0,39240.0,9760.0,268400.0,2026420.0,67500.0,15877.000000000002,165390275.37,34800.0,84212990.0,53268300.0,169425.0,9990.0,22660.0,153990.0,1979286040387.44,142800.0,2890.0,,76357164.0,1373400.0,1210300.0,23770.0,12911520.0,8465490.0,60540.0,185300.0,54650170.00000001,13692240.0,94960.0,19200.0,30800.0,28800.0,389480.0,43900.0,155800.0,39787.99999999999,11160.0,243285.0,6645.0,9620116.0,,68960.0,31291920.0,9620540.0,75600.0,117697.0,28863.0,18402850.0,3721200.0,1049010.0,5300.0,4590800.0,,699600.0,249380.0,29430.0,,,357072.0,869.5,139800.0,221450.0,1962150.0,4167255.0,274620.0,710600.0,5404339791952.87,5404339791952.87,176928.0,502990.0,51689177116050.72,12289.5,,2919139.9999999995,14703060.0,441140.0,1866260.0,66150.0,46155.0,42614195.0,65100.0,211120.0,86000.0,23579400.0,83634.0,13134150.0,89977850.0,1064359689409.26,39100.0,25400.0,2800.0,64000.0,4519.0,32387980.0,165365.0,284425.0,1549400.0,230786160.0,20288758.0,,16676.0,1076088.5,525350.0,1378530.0,2333250.0,917355.0,830500.0,1182375.0,,308487195.0,272800.0,329300.0,9800.0,6077100.0,334800.0,403649.99999999994,,388720.0,470580.0,1064359689409.26,771789.9999999999,1817600.0,5880.0,8656766.0,84764160.0,2149.0,319999.0,1778850.0,1000050.0,,31500.0,97248536.0,41070.0,3582079.9999999995,24931830.0,36750.0,3242250.0,28195.0,2820800.0,36400.0,29355906.0,595680.0,2031360.0,295725.0
2019-10-31,78750.0,109341.25,,114660.0,10217200.0,244712.0,2173600.0,1125984.0,226623810.0,25800.0,39075189.97779818,10117800.0,,109780.0,60060.0,35482915.0,86632200.0,928290.0,118405.0,39702.0,247752720.0,0.0,5228100.0,0.0,3276990.0,37734.0,35906475.0,,5387580.0,202700.0,285600.0,,1015739.9999999999,88000.0,92220.0,,125499.99999999999,146200.0,612180.0,142740.0,127475.0,34983710.0,9200.0,4490.0,163040.0,177149700.0,1057260.0,,1692000.0,22200.000000000004,18360.0,29383139.999999996,26150.0,168506564.0,572880.0,221850.0,3241168.0,13723.499999999998,54720.0,54780.00000000001,9349.999999725,10532775.0,82000.0,9502.5,62960.0,2574840.0,4114000.0,279400.0,15786.0,803700.0,7077044.0,,14000.000000000002,74080.0,4774263.0,5826680.0,,890040.0,,,102000.0,1590.0,462125.0,64580.0,2730350.0,378375.0,58957.0,57150.0,9321700.0,14749.0,72675036.0,47500.0,22119.0,1215488.0,,20530260.0,148500.0,1110780.0,277221.0,2951034.0,,,,281600.0,7669900.0,6360.0,6685.0,4373768.0,22540.0,24140802.0,,597000.0,194010.0,1028790.0,44900.0,13492.5,28466460.0,309350.0,1747167280339.52,1747167280339.52,190800.0,,16102400.0,613600.0,13449320.0,238680.00000000003,5101715.0,24900.0,11450.0,,164250.0,314400.0,62384250.0,251500.0,182520.0,10794.0,10602.0,16951680.0,1059695.0,48004000.0,970000.0,130950.0,10653256810926.08,197613.0,3806838.0,10653256810926.08,176146650.0,2886176.0,189200.0,14520.0,192479960.0,1803778.2,1300404.0,28160.0,8611082733831.78,8611082733831.78,233930.0,11475.0,51345.0,1620000.0,20900.0,44280.0,111501520.0,88783176.93,42264.5,90000.0,15051.000000000002,971208.0,6273720.0,15000.0,11528.0,100800.0,29160.0,49131.0,25790.0,145862.5,25790.0,111000.0,1378950.0,532440.0,440550.0,21250.0,112800.0,17722320.0,927371869455.1599,55200.0,113600.0,2639875.2,124000.0,12075.0,130965.0,94299.99999999999,1098580.0,58800.0,7054.0,176987527.86,28000.0,87270450.0,41652720.0,61875.0,27799.999999999996,12150.0,127200.0,927371869455.1599,76500.0,,,96232950.0,1216950.0,675180.0,24640.0,23267250.0,19586028.0,312018.5,158400.0,28021140.0,13423240.0,80960.0,52962.5,72000.0,35750.0,122670.0,106150.0,121600.0,31979.999999999996,5540.0,161280.0,24600.0,3120900.0,,69700.0,33473280.0,3324360.0,33600.0,112920.0,31293.0,3951320.0,1675800.0,854909.9999999999,1641.0,3252560.0,,293700.0,20400.0,80460.0,,,582660.0,2742.0,505140.0,78845.0,2362500.0,809250.0,325180.0,275400.0,3699210791796.0,3699210791796.0,85800.0,90198.0,44868915065857.74,32737.0,,1235520.0,7563900.0,617450.0,3520440.0,15820.0,75320.0,41732790.0,56250.0,154100.0,14040.0,45669686.0,131230.5,17136070.0,90292250.0,1400883321824.83,571980.0,11790.0,,34290.0,28150.0,9473070.0,66765.0,100100.0,2392500.0,653232520.0,24867150.0,,,1559843.0,387500.0,645000.0,1282905.0,456000.0,738407.5,10641520.0,,229579349.99999997,79120.0,278565.0,103535.0,4017000.0,40000.0,949280.0000000001,,218680.0,316300.0,1400883321824.83,229840.0,1123200.0,32722.0,4250748.0,76227600.0,16944.0,118800.0,744180.0,876453.0,,30000.0,184512000.0,8790.0,4706900.0,26358528.0,10240.0,1934730.0000000002,8430.0,1445850.0,59400.0,18787626.0,330480.0,1136700.0,86570.0
2019-11-30,118968.0,49495.5,,55650.0,6111460.0,116773.0,1470712.0,740960.0,324631557.5,66400.0,13100585.157317588,13440875.0,,1048240.0,59060.0,48656472.0,205365501.0,1378880.0,524000.0,23934.5,428612030.0,0.0,2926980.0,0.0,3595645.0,48795.0,59320075.00000001,2705400.0,1129810.0,220000.0,100640.0,,821450.0000000001,56100.0,84200.0,,80140.0,1980000.0,1319445.0,402065.0,163552.0,11711880.0,9280.0,20400.0,1106190.0,218102202.5,1319650.0,15925.0,,84360.00000000001,28420.0,24456239.0,6096.0,211512736.5,194960.0,49980.0,2621427.5,37126.25,31500.0,20185.0,20319.999999705,7423763.5,90450.0,15224.0,284011.0,1868047.5,3075080.0,538650.0,17100.0,1048100.0,7142013.0,,33600.0,80960.0,16328686.5,10770730.0,,1001700.0,,,164010.0,,417425.0,132617.0,4690100.0,2903949.0,27192.5,365180.0,6452145.0,9060.0,183334344.0,74219.0,45000.0,1255022.0,,9530307.0,7140.0,632320.0,249990.0,2426932.0,,,,498400.0,4840500.0,3300.0,14520.0,7013816.0,1180.0,23871552.0,,129290.0,163236.0,336900.0,85250.0,4629.0,31101045.0,142245.0,1529251925458.055,1529251925458.055,38100.0,1372.0,11564750.0,827832.0,12494340.0,384865.0,6614981.25,32734.0,20750.0,1155370050.0,73500.0,203505.0,68805320.0,748475.0,405574.0,317268.0,8432.0,14266910.0,1274745.0,55891600.0,980000.0,694900.0,12539223559090.186,114480.00000000001,1084860.0,12539223559090.186,93347445.0,1366012.0,152926.0,3630.0,151850978.5,3113492.0,788255.0,10200.0,8100383253930.709,8100383253930.709,78140.0,40430.0,25050.0,2234565.0,57200.0,27550.0,158406895.0,81583658.20500001,4785.0,13049.999999999998,8550.0,1909920.0000000002,16540944.0,27695.0,10832.0,96600.0,27260.0,23345.0,15555.0,175273.0,15555.0,80960.0,1358850.0,1021920.0,58580.0,69920.0,50550.0,31552770.0,1163022353909.62,51600.0,36400.0,10342578.6,61281.0,18375.0,8720.0,271565.0,1017610.0,90950.0,2672.0,140327129.0,41450.0,60004900.0,55357625.0,334050.0,46260.0,41800.0,100050.0,1163022353909.62,98310.0,,,69938055.0,2322730.0,1148070.0,21600.0,23466180.0,16072826.0,496920.0,15370.0,27747495.0,9671285.0,51760.0,28860.0,201600.0,328200.0,62650.0,109900.0,77700.0,76595.5,16225.0,81585.0,10325.0,3879922.0,,40760.0,30472830.0,3975925.0,114550.0,118750.0,36880.0,4998285.0,1976255.0,681305.0,4381.0,5453350.0,,182050.0,323280.0,58386.5,1841400.0,,470080.0,,,69807.5,1109825.0,457950.0,213300.0,338374.99999999994,3936498845010.155,3936498845010.155,41109.0,145615.0,43933576093997.664,12815.0,,786480.0,6085486.0,986112.5,2753585.0,27970.0,169570.5,35311670.0,46700.0,120420.0,22905.0,19672474.5,63140.0,26380165.0,76643081.0,1153618153454.92,263730.0,257070.0,3450.0,73080.0,83402.0,10023180.0,70260.0,444570.0,799965.0,300217100.0,13473772.5,,,1253070.0,1088199.0,1030260.0,1376268.5,1007680.0,2334108.0,3779304.5,,266122695.0,51540.0,785824.5,29250.0,4259350.0,122595.0,536000.0,,133482.5,16336390.0,1153618153454.92,185175.0,1719975.0,17020.0,3762166.0,78863687.5,48000.0,77937.0,1196310.0,213600.0,,11600.0,97326777.0,166500.00000000003,5686110.0,18647503.0,14805.0,868840.0,26466.0,776765.0,62245.0,32124687.0,231645.0,4438940.0,40565.0
2019-12-31,78922.0,704088.0,,3311.9999999999995,3382300.0,102365.0,2648570.0,1562980.0,351311277.5,14900.0,5535692.138198588,2481930.0,,385770.0,32240.0,65113452.5,148552192.0,733175.0,51156.5,13375.0,469884712.5,0.0,1962830.0,0.0,4514728.0,45214.5,29762960.0,888800.0,495500.0,96900.0,99125.0,,403455.0,24750.0,78000.0,,139845.0,1083600.0,656115.0,304000.0,56700.0,9679085.0,8099.999999999999,10815.0,11140150.0,275288103.0,522420.0,25187.5,,34390.0,74800.0,30781128.0,7933.500000000001,200325223.0,330435.0,226710.0,3442642.5,55160.0,36846.0,419257.0,27505.0000005375,6915016.5,28500.0,2125.5,153748.0,1842205.0,3677620.0,36400.0,78174.5,2262810.0,6799082.0,,40500.0,70931.0,8792330.5,6410410.000000001,,2420760.0,,,255240.0,2385.0,84650.0,373680.0,3715067.0,526620.0,35119.5,375386.5,13681400.0,31550.0,126119123.5,29500.0,59000.0,788010.0,,28944582.0,12240.0,945945.0,126000.0,3245308.0,,,,64500.0,1420920.0,13440.0,42100.0,3750815.0,1785.0,6780405.0,,697900.0,879801.0,73110.0,222625.0,10500.0,24850875.0,216000.0,1995736903195.47,1995736903195.47,41940.0,3610.0,13127090.0,839563.0,5458320.0,178865.0,4236226.5,151950.0,15500.0,31576445.0,25200.0,331625.0,60412000.0,2018540.0,479507.5,244400.0,2108.0,9322625.0,554820.0,72631750.0,999000.0,2169100.0,18016420485358.242,542864.0,1128680.0,18016420485358.242,30523139.0,4068954.0,74120.0,6899.999999999999,222469239.0,1487615.0,948850.0,9150.0,9311790204077.855,9311790204077.855,37240.0,47950.0,44420.0,1085975.0,43260.0,8170.0,100831945.0,117878703.17999999,34568.0,124000.0,8059.0,1045044.0,2712360.0,4820.0,54530.0,51600.0,7180.0,19020.0,4000.0,31799.0,4000.0,78495.0,884420.0,935740.0,47015.0,13585.0,76075.0,20823600.0,669465049100.82,88250.0,42500.0,5102700.0,51213.0,14000.0,14370.0,110280.0,764405.0,55975.0,9200.0,149394848.0,79800.0,91902450.0,48986820.0,296010.0,83640.0,17530.0,23280.0,669465049100.82,87100.0,14300.0,,258498130.0,1942725.0,1051975.0,13000.0,79898688.0,11888020.0,220000.0,22630.0,13334710.0,5852710.0,43735.0,69550.0,193200.0,206950.0,109980.0,205700.0,366950.0,45951.0,2690.0,73660.0,114800.0,5638280.0,,39900.0,38800242.5,2416400.0,79500.0,556387.0,25000.0,8242200.0,1480115.0,707070.0,31032.0,8232885.0,,825859.0,34332.0,30754.5,817260.0,,1361856.0,2884.5,,84570.0,2306250.0,1455500.0,263350.0,546719.9999999999,4782625786499.33,4782625786499.33,67674.0,199278.0,49587011735597.59,2360.0,,1041845.0,4447119.0,1277317.5,3855065.0,295200.0,116124.0,48935390.0,57400.0,128520.0,15540.0,13564941.5,225787.0,40495180.0,127115040.0,1087640561600.3049,50900.0,31800.0,2040.0,58560.0,521280.0,9922852.5,81900.0,88875.0,476815.0,399400125.0,26361025.0,,,748430.0,305536.0,1377733.0,495275.0,100016.0,750000.0,775200.0,,314569400.0,17010.0,1041655.0,2205.0,4464445.0,50150.0,1050835.0,,287670.0,3977700.0,1087640561600.3049,48300.0,594625.0,14214.0,1230990.0,94665690.0,45000.0,281960.0,778735.0,821731.0,,11800.0,126134155.0,136125.0,2303025.0,29920357.0,8850.0,773010.0,34230.0,889050.0,182385.0,39118840.0,171805.0,769615.0,32980.0
2020-01-31,66585.0,689272.5,,1194.0,10851770.0,226980.0,4782508.0,3554250.0,208711530.0,52000.0,8657155.020319056,5247494.0,,1471925.0,168785.0,39183842.5,39870360.0,765260.0,50519.0,27625.5,599102300.0,0.0,2869440.0,0.0,11582304.0,20416.0,35802880.0,49500.0,516000.0,423000.0,240099.99999999997,,1711300.0000000002,98000.0,108000.0,,640000.0,56000.0,1579760.0,173250.0,51744.0,12333700.0,8400.0,15400.0,4484150.0,285482700.0,908560.0,,,22830.0,663070.0,49052898.0,11099.0,147300285.0,308160.0,244400.0,3148192.0,33797.5,34372.5,22707.0,27220.00000125,15470540.0,54145.0,1416.0,43830.0,2707650.0,31392960.0,142177.5,31813.0,752000.0,6984120.0,,33750.0,64200.0,2863828.0,1770200.0,312004.0,4815000.0,,,141900.0,4243.0,124000.0,3276.0,8388368.0,1423335.0,34505.0,127706.0,12454530.0,30156.0,58272354.0,30780.0,33800.0,1424500.0,,6869632.0,11910.0,2549570.0,327240.0,1091352.0,,,,117850.0,5728348.0,14220.0,8675.0,3295428.0,1360.0,20193000.0,,1105000.0,340445.0,197600.0,240300.0,10896.0,29023740.0,100589.0,1513746112769.19,1513746112769.19,7520.0,18050.0,16892730.0,1207176.0,3861040.0,415800.00000000006,3347315.9999999995,4822.0,13620.0,52622640.0,117420.0,525295.0,62579600.0,101000.0,1300607.0,457800.0,14531.0,13370840.0,684345.0,75730200.0,330400.0,211675.0,8949467793022.75,193851.5,2921624.0,8949467793022.75,12681258.0,7013952.0,3924940.0,14930.0,181817900.0,1257600.0,2761902.0,9960.0,10582023307158.398,10582023307158.398,622700.0,24750.0,6090.0,1929950.0,187445.0,102600.0,94599690.0,93595919.76,94092.0,,13000.0,550.0,2865243.0,5390.0,6840.0,66640.0,107775.0,12450.0,53460.0,49300.0,53460.0,146880.0,1621620.0,648290.0,,47580.0,62775.0,17670000.0,627065716438.0,59500.00000000001,9250.0,25118640.0,68709.0,50880.0,29700.0,216480.0,1145400.0,158950.0,3450.0,167483898.0,65250.0,108692650.00000001,52884650.0,139200.0,35435.0,43690.0,66000.0,627065716438.0,357420.0,7680.0,,84704750.0,5649600.0,840240.0,26445.0,159983682.0,14506500.0,2002000.0,25440.0,18154500.0,3488640.0,124000.0,49375.0,101200.0,8800.0,35555.0,255199.99999999997,189200.00000000003,45880.0,13320.0,524056.0,122399.99999999999,5583280.0,,42460.0,23074875.0,4002900.0,45100.0,66000.0,42600.0,1067690.0,2489095.0,2190780.0,20440.0,14659190.0,,355200.0,100500.0,69120.0,707250.0,,300348.0,74049.5,,61325.0,1144000.0,450825.0,194340.0,1124480.0,6496918137292.26,6496918137292.26,154100.0,74676.0,47391505974428.0,6806.0,,1618800.0,7053044.0,467310.0,1320880.0,17940.0,59200.5,48363480.0,107975.0,144210.0,86880.0,20055360.0,645650.0,10351860.0,63365400.0,1379637223374.0598,2618000.0,58410.0,5440.0,12330.0,95880.0,7497000.0,48600.0,200750.0,396240.0,225909900.0,32319882.000000004,,,1956570.0,182650.0,883640.0,1598622.0,609465.0,1462610.0,3457207.0,,392109900.0,52965.0,1493478.0,19000.0,4298060.0,1344310.0,1816800.0,,320864.0,21807000.0,1379637223374.0598,176890.0,1274000.0,13192.5,64908838.0,146102250.0,22450.0,322380.0,4936560.0,666875.0,,24000.0,131746500.0,32445.0,8024320.0,50780450.0,7695.0,1585550.0,10757.0,1885520.0,43200.0,34034702.0,310340.0,2940210.0,101760.0
2020-02-29,216080.0,512549.0,,39992.0,8820000.0,68931.0,8458848.0,8130720.0,215623400.0,53710.0,7089498.789348956,1016688.0,,980000.0,35400.0,50317422.0,74374296.0,448500.0,25375.0,2892.0,492716835.0,0.0,2365000.0,0.0,17340625.0,150060.0,28036125.0,90000.0,522600.0,240000.0,49575.0,,865630.0,331800.0,63840.0,,66040.0,38500.0,428090.0,90000.0,56309.5,8535030.0,2150.0,4950.0,839280.0,208899315.0,1218180.0,,630500.0,24275.0,,30256824.000000004,8383.75,152827160.0,295590.0,46830.0,3045900.0,24190.0,17994.5,15620.0,16400.000001,8814336.0,278250.0,19861.0,34650.0,3919645.0,8268239.999999999,19172.5,41250.0,1450270.0,6874236.0,,27000.0,252000.0,2103981.0,2890500.0,201885.0,2160390.0,,,64500.0,2964.5,349800.0,48480.0,6847595.999999999,2096669.5,66500.0,419000.0,131862260.0,51903.0,43396280.0,100200.0,38395.8,647256.0,,14495300.0,1800.0,1173702.0,86152.0,4850295.0,,,,62400.0,13451912.0,12387050.0,10000.0,1397760.0,3480.0,19474940.0,,850000.0,353400.0,65600.0,400500.0,171600.0,18620250.0,17288.0,1292362479362.5,1292362479362.5,18000.0,,23638860.0,1104012.0,1562400.0,1699100.0,5613204.0,41650.0,84960.0,59906430.0,82955.0,613600.0,62364450.0,640050.0,1529682.0,298110.0,5304.0,6419730.0,409025.0,114544600.0,1374900.0,739260.0,8763685897846.95,29940.0,9586590.0,8763685897846.95,17562000.0,12151020.0,156200.0,12550.0,160320700.0,779820.0,6368260.0,6930.0,12070798951743.36,12070798951743.36,351360.0,9100.0,255850.0,2260100.0,66300.0,7000.0,155752320.0,89972032.5,236571.0,110200.0,7815.0,20150.0,1633248.0000000002,8360.0,5072.0,110200.0,45600.0,15322.499999999998,24500.0,98880.0,24500.0,116280.0,1884960.0,535500.0,,72080.0,32900.0,27279999.0,286086391681.05,23400.0,18000.0,40521168.0,13080.0,627600.0,48160.00000000001,84240.0,976144.0000000001,1026600.0,14840.0,149874767.0,140800.0,90491410.0,47424420.0,71850.0,6899.999999999999,102860.0,92335.0,286086391681.05,191015.0,,,84857870.0,1324300.0,2023500.0,29000.0,96696964.0,8527760.0,1454000.0,11000.0,8246700.000000001,3649800.0000000005,53130.0,30800.0,76300.0,151250.0,62980.00000000001,220000.0,58240.00000000001,35280.0,5920.0,250016.0,5682.0,2840860.0,,104720.0,36165120.0,1508100.0,304225.0,123189.99999999999,22625.0,1226680.0,897598.0,8738850.0,10899.0,7041415.000000001,,912140.0,139965.0,21000.0,2499000.0,,103620.0,4420.0,,508030.0,5724000.0,1967250.0,60300.0,545900.0,5912556504023.9,5912556504023.9,62315.0,35200.0,46973076525562.0,7721.0,,911950.0,2503270.0,1206560.0,852485.0,60280.00000000001,26010.0,26503070.0,57999.99999999999,295800.0,7775.0,13690236.000000002,184988.0,8914050.0,60959178.0,1292830966105.76,799410.0,34800.0,,62009.99999999999,23550.0,5474090.0,100140.0,79237.5,311190.0,217061040.0,23886800.0,,,1205820.0,208757.5,2486925.0,1707860.0,601600.0,1299027.0,2561190.0,,565385205.0,48285.0,1133380.0,16160.0,2569280.0000000005,2087140.0,680860.0,,486680.0,9268770.0,1292830966105.76,133130.0,322080.0,19000.0,25300665.0,102178885.0,,397566.0,973350.0,410112.0,,33300.0,131065935.0,117490.0,5421900.0,15754860.0,14460.0,1152440.0,60400.0,8584800.0,141400.0,24040584.0,271200.0,868680.0,378300.0
2020-03-31,192898.0,790048.5,,98633.0,3002450.0,121862.0,11419315.5,1980221.0,383344902.5,6899.999999999999,9690459.935662866,1249965.5,,547800.0,132140.0,46851590.0,83571873.0,332375.0,312840.0,2917.0,638104665.0,0.0,1239360.0,0.0,7143240.5,152500.0,66841310.0,336925.0,1066100.0,155600.0,75600.0,,995860.0,81750.0,95040.0,,89250.0,158400.0,457550.0,292625.0,156290.0,2977730.0,45925.0,8010.0,138000.0,393918948.5,1199695.0,19700.0,211250.0,39500.0,,42851955.0,43500.0,212270918.0,2176275.0,176910.0,1879350.0,17020.0,6000.0,12798.0,39599.999999175,12784105.5,65550.0,24075.0,149152.0,1974172.5,8200185.0,10875.0,30400.0,1368150.0,7836470.0,,40500.0,139920.0,7471204.0,1283450.0,143500.0,848700.0,,,304320.0,846.0000000000001,68250.0,15835.0,7627240.0,4950010.0,140400.0,112800.0,38489495.0,28224.0,65193015.0,65000.0,64352.799999999996,801985.0,,26842161.0,3440.0,2886805.0,59500.0,596722.0,,,,75175.0,14678694.0,15485045.0,38500.0,2878896.0,5300.0,18385307.5,,,145730.0,39600.0,176000.0,1222.0,50645269.0,374500.0,1553729218336.85,1553729218336.85,13015.0,30400.0,12971110.0,4971977.25,3588765.0,411500.0,3483437.5,323400.0,44920.0,20937190.0,40060.0,287400.0,133710560.0,102400.0,1695495.0,253395.0,1961.0,1456060.0,352680.0,73280532.0,392135.0,940975.0,10231693345395.9,83030.0,4481736.0,10231693345395.9,9428106.0,9271688.0,165360.0,10505.0,201551495.0,801700.0,2267330.0,13000.0,8314682177667.12,8314682177667.12,391895.0,55000.0,73656.0,859600.0,52780.0,16570.0,196211340.0,118605630.15,2165900.0,77400.0,100032.0,312120.0,324112.5,7480.000000000001,27936.0,66075.0,13860.0,13402.5,83250.0,102900.00000000001,83250.0,32810.0,1672985.0,299820.0,,21800.0,74560.0,16255407.5,311736610774.92004,28500.0,7900.000000000001,7152413.4,15325.0,9425305.0,198820.0,73050.0,4010949.0,164700.0,14742.0,219513720.0,101400.0,94679780.0,99534127.0,32500.0,3290.0,39760.0,39050.0,311736610774.92004,54075.0,,,206194050.0,880040.0,3237070.0,23425.0,35052765.0,7983832.5,3008759.0,88140.0,9948970.0,2015350.0,26600.0,21250.0,52200.0,63900.0,42040.0,57599.99999999999,55770.0,117947.5,13335.0,176400.0,23800.0,8357440.0,,35000.0,69290385.0,681350.0,51600.0,108417.0,61730.0,460100.0,2202285.0,2747450.0,9800.0,9223555.0,,1787144.0,198000.0,101010.0,2721950.0,,58500.0,15736.000000000002,,323200.0,3440145.0,983250.0,36855.0,733899.9999999999,4638625975450.07,4638625975450.07,66212.5,391755.5,41434117998411.62,16530.0,,1522980.0,2290982.0,374240.0,1088700.0,79620.0,102451.0,45125140.0,107950.0,148580.0,14050.0,25397484.0,44484.0,34423070.0,69000917.5,1357139547840.975,16922750.0,41050.0,3400.0,35000.0,21450.0,7467260.0,143000.0,49350.0,507260.0,465085940.0,25509052.5,,,784480.5,370000.0,406620.0,3072780.0,1433112.5,983115.0,2783140.0,,545173825.0,73405.0,1462650.0,130000.0,3123690.0,618600.0,888440.0,,386970.0,2267505.0,1357139547840.975,48980.0,288000.0,1513.0,6706331.5,228012980.0,,140130.0,372490.0,981709.5,,8300.0,214831140.0,27599.999999999996,3013560.0,12224452.0,307500.0,506160.0,7525.0,2198610.0,24700.0,40586710.0,136360.0,754760.0,130500.0
2020-04-30,427276.5,34182.0,,65160.0,1701625.0,129775.5,2545590.0,887130.0,268789125.0,9200.0,17251822.12200811,698426.5,,388440.0,64615.0,45639037.5,26033580.0,839510.0,133400.0,1991.0,348445425.0,0.0,4560045.0,0.0,3247234.0,91500.0,45029517.5,169800.0,201575.0,188000.0,33550.0,,982900.0,32450.0,75900.0,,20900.0,17000.0,1298050.0,87650.0,244750.0,5447425.0,7100.0,72900.0,217325.0,300552315.0,180215.0,,269750.0,8480.0,,30443615.0,16397.0,189972705.0,906965.0000000001,18000.0,3276670.0,20157.5,13043.500000000002,21074.0,9919.99999998,11079066.75,14190.0,6070.0,13148.0,2022560.0,4915215.0,35235.0,29463.000000000004,2888700.0,8290720.0,,107750.0,287634.0,9170095.5,1115800.0,86478.0,791850.0,,,46750.0,,48690.0,6500.0,2624368.0,2830425.0,140010.0,78000.0,124997110.0,35067.5,22120940.0,8736.0,20903.5,346884.0,,12188039.0,9450.0,3554413.0,132332.5,9311430.0,,,,21450.0,30278745.0,6863220.0,76715.0,1819425.0,1500.0,19408641.0,,,70980.0,87360.0,12450.0,,21069060.0,230472.0,946521701824.8899,946521701824.8899,8425.0,,8568835.0,2345997.5,3696100.0,636995.0,1166550.0,29200.0,28950.0,15010225.0,50985.0,174865.0,139640820.0,120000.0,1146752.5,249389.99999999997,28312.0,3811740.0,1326820.0,94977153.0,185890.0,1554300.0,5883210023561.881,63040.0,6103660.0,5883210023561.881,17774316.0,1012150.0,73405.0,3355.0,154244790.0,18876330.0,3640200.0,18850.0,7207712082074.2,7207712082074.2,498705.0,11000.0,16935.0,453500.0,21630.0,8900.0,313679654.5,89501676.1275,13405.5,14780.0,6513.0,344400.0,537055.0,2205.0,41110.0,321720.0,44550.0,3602.5,32550.0,6950.0,32550.0,49620.0,1736805.0,361880.0,,49555.0,8690.0,9444469.5,222652399676.91998,237600.0,28000.0,27892143.0,39680.0,6755350.0,29339.999999999996,101230.0,7253628.0,83125.0,7790.0,177761290.0,61850.0,97027250.0,70359190.0,24980.0,,24590.0,39200.0,222652399676.91998,81200.0,2100.0,,107743945.0,1039685.0,4554170.0,46800.0,34210392.0,11887404.0,121565.0,56325.0,11480415.0,3668450.0,29500.0,16000.0,58000.0,114000.0,79450.0,49200.00000000001,7235.0,99400.0,16440.0,76075.0,37800.0,9284570.0,,75810.0,217031325.0,604650.0,71300.0,8010.0,98525.0,1210510.0,15072800.0,1797075.0,20000.0,8658993.0,,1818855.0,165480.0,92020.0,2200000.0,,145350.0,18275.0,,137032.5,1486975.0,270300.0,97750.0,43740.0,2733990058112.35,2733990058112.35,79200.0,59753.0,28920519761973.95,10606.0,,1082040.0,5697000.0,298515.0,2343960.0,20000.0,62860.0,42015726.0,53360.0,181040.0,37505.0,28799382.5,15428.0,16499857.0,64007807.0,1570804605119.585,6112897.5,50400.0,1700.0,11345.0,158265.0,11824680.0,171290.0,45300.0,291840.0,247059750.0,27563228.75,,,1127664.0,227850.0,147956.5,2032752.5,281200.0,762960.0,727500.0,,320340640.0,49340.0,304034.0,2775.0,2734880.0,1060435.0,2655875.0,,312420.0,1933650.0,1570804605119.585,96599.99999999999,413825.0,1920.0,33457867.5,231947665.0,,214802.5,474690.0,259803.25,,25200.0,156855177.5,12665.0,4654495.0,5477815.0,79680.0,502665.0,2055.0,5766125.0,20680.0,31189023.0,117175.0,1120035.0,109455.0
2020-05-31,692860.0,108319.5,,120359.99999999999,1362720.0,103846.0,8187480.0,5859302.0,218393600.0,5950.0,12203898.888569817,325542.0,,255067.5,23750.0,31195770.000000004,11280280.0,123500.0,5050.0,6160.000000000001,339629730.0,0.0,4503600.0,0.0,3029400.0,66781.0,24989560.0,58680.0,97350.0,302400.0,40800.0,,1136460.0,61000.0,123000.0,,51800.0,155200.0,517280.0,255405.0,212625.0,2507840.0,7000.0,5310.0,196799.99999999997,276709504.0,194579.99999999997,,304200.0,19780.0,,42575300.0,6601.499999999999,126601225.0,311790.0,15300.000000000002,990000.0,2605.5,3855.0,10391.0,10500.00000021,9830725.0,7410.0,6040.0,18290.0,2835736.0,6957499.999999999,38400.0,13000.0,1408920.0,13383370.0,,68400.0,39000.0,4494600.0,662400.0,112050.0,273000.0,,,13920.0,1687.0,49400.0,57479.99999999999,3443496.0,1051715.0,117000.0,57000.0,35356200.0,12443.0,27293420.000000004,12101.0,20273.0,790783.0,,10963656.0,3300.0,792688.0,424809.0,5980212.0,,,,37625.0,9270800.0,2616240.0,575540.0,2490060.0,16755.0,16602751.0,,,80000.0,26290.0,,67210.0,10740707.0,482570.0,851630702181.12,851630702181.12,5865.0,,6268860.0,1120371.0,1660830.0,320100.0,1281420.0,24800.0,20170.0,11721250.0,38000.0,427390.0,196440420.0,907800.0,3968510.0000000005,192000.0,1266.0,2949340.0,538530.0,86263640.0,854270.0,548900.0,5113010407376.49,98800.0,5414660.0,5113010407376.49,12741801.000000002,156560.0,42980.0,11310.0,104241735.0,4077620.0,1730430.0,65000.0,6166814702661.94,6166814702661.94,408170.0,2500.0,41661.0,292000.0,10360.0,21360.0,109046000.0,74172819.0,14142.0,18450.0,256000.0,4950.5,277820.0,12960.0,19497.0,172500.0,12310.0,16000.0,37960.0,4590.0,37960.0,60480.0,8490430.0,94380.0,,23430.0,27690.0,10895808.0,153827943396.4,12800.0,28000.0,33032304.0,72360.0,11382500.0,50199.99999999999,30800.000000000004,2240961.0,34400.0,105600.0,103802000.0,30600.0,32559600.0,71369484.0,18030.0,10320.0,7800.0,8900.0,153827943396.4,12600.0,,,110045000.0,506219.99999999994,3421830.0,21240.0,29488832.000000004,22567563.0,3010000.0,101000.0,10030930.0,1264800.0,121920.0,12600.0,16800.0,85500.0,23750.0,36450.0,24300.0,123668.0,12965.0,11928.0,57000.0,4573300.0,,73810.0,219898880.0,525600.0,50000.0,4956.0,206190.0,490200.0,4357080.0,888300.0,23000.0,3530000.0,,1195056.0,54890.0,74480.0,1761240.0,,109855.0,3289.0,,82400.0,1123100.0,201085.0,98210.0,16445.0,2537770188775.68,2537770188775.68,73865.0,56100.0,26949150389560.0,12740.0,,490320.0,6067600.000000001,447120.0,3754170.0,14500.0,15675.0,29659940.0,28860.0,103500.0,46190.0,43147265.0,16891.5,8071770.0,61480270.0,1449416411928.8,673400.0,8060.0,9000.0,22540.0,17710.0,8866338.0,326700.0,31600.0,96500.0,173837840.0,15896640.0,,,254036.0,155250.0,145522.0,684335.0,235090.24999999997,754963.75,1543875.0,,235985735.0,18560.0,1323510.0,1790.0,2702560.0000000005,2797200.0,1017000.0,,273050.0,1283810.0,1449416411928.8,45590.0,140140.0,894.0,27809730.0,147803000.0,26970.0,174840.0,187440.0,158907.0,,8400.0,168788490.0,5260.0,1784610.0,6622280.0,39840.0,182700.0,8283.0,4216680.0,14770.0,31403616.0,78850.0,705560.0,48180.0
2020-06-30,1528800.0,190645.0,,36648.0,2335000.0,310310.0,8448000.0,2965340.0,315123100.0,17250.0,11533454.081854986,1088373.0,,280260.0,401030.0,54108530.0,238342272.0,719780.0,74095.0,17120.0,318014400.0,0.0,2758390.0,0.0,2420142.0,29847.0,25495580.0,441000.0,168300.0,1191190.0,66845.0,251617575.0,3788280.0,111000.0,48410.0,,257730.0,33730.0,817800.0,231040.0,385400.0,2877440.0,27300.0,13624.999999999998,228960.0,341926780.0,305200.0,,484400.0,11900.0,,54386200.0,8395.0,160044600.0,2526000.0,160500.0,5559000.0,17550.0,29383.0,22536.0,26100.0000009,33191910.000000004,65460.0,7204.0,131400.0,4530050.0,12444210.000000002,156200.0,6900.0,5006170.0,15927480.0,,31040.0,92750.0,13089252.0,2276100.0,227130.0,558260.0,,,110320.0,2532.0,119400.00000000001,33610.0,8739126.0,462580.0,49885.0,54400.0,175088290.0,90840.0,56674080.00000001,107915.99999999999,37500.0,504680.0,,14165000.0,5795.0,4131000.0,522329.0,8222400.0,,,,623700.0,345206400.0,2104060.0,230000.0,15372525.0,1425.0,5724160.0,,,357525.0,47160.0,158400.0,2436.0,36094240.0,253504.0,1447125157810.9202,1447125157810.9202,43520.0,,20544480.0,1639700.0,4133640.0,404250.00000000006,6453000.0,143550.0,13300.0,11252050.0,156800.0,272000.0,158360400.0,51000.0,2779050.0,350640.0,20000.0,10432800.0,2954519.9999999995,242088000.0,500000.0,1945600.0,13443976745147.58,76405.0,16593858.0,13443976745147.58,45290952.0,161337.5,59052.0,10300.0,163019460.0,7802440.0,2387400.0,12450.0,11002878782149.95,11002878782149.95,578310.0,41230.0,12665.0,1379500.0,67860.0,23775.0,276444490.0,119925524.25,27900.0,19385.0,52000.0,,405625.0,10350.0,66444.0,439280.0,28050.000000000004,12100.0,503040.0,55080.0,503040.0,177620.0,1391600.0,625680.0,,45560.0,18480.0,15256845.0,550182737108.52,63000.0,67000.0,69319675.2,76048.0,5596160.0,35590.0,266220.0,6917232.0,78000.0,56968.0,162232875.0,69000.0,100478840.0,85220200.0,30900.0,9950.0,36575.0,4160.0,550182737108.52,62100.00000000001,1480.0,385552140.0,198353240.0,1543770.0,7038900.0,31060.0,44607866.0,59302062.0,3082702.5,477840.0,22112720.0,13085149.999999998,96760.0,41750.0,174300.0,98500.0,70200.0,67500.0,25920.0,363525.0,6360.0,27362.0,30400.0,7249410.0,,120950.00000000001,96118525.0,928400.0,67975.0,10219.0,772840.0,134560.0,4875053.0,2804300.0,19930.0,13318200.0,,1326528.0,151155.0,60300.0,411915.0,,495700.0,4195.0,,123600.0,1411500.0,170925.0,75330.0,47685.0,3511313047143.6,3511313047143.6,47100.0,91800.0,46497597563908.984,11770.0,,1559880.0,12015952.0,1035326.0000000001,1981140.0,61700.0,35840.0,60987000.0,34330.0,92590.0,38920.0,28370480.0,53211.99999999999,20644872.0,130978344.0,1898715336606.4,198930.0,48720.0,9300.0,37655.0,63550.0,11221760.0,95665.0,55700.0,201080.0,329573045.0,28219167.0,,,458744.99999999994,984520.0,303000.0,765000.0,885080.0,1140000.0,1507040.0,,416810350.0,45500.0,696048.0,22500.0,3734049.9999999995,5139360.0,1439550.0,,352000.0,5076480.0,1898715336606.4,90750.0,371700.0,10010.0,54158740.0,191963625.0,54000.0,213182.5,409700.0,847550.0,,23100.0,171269280.0,32700.000000000004,10446090.0,10651300.0,16310.0,992670.0,13636.0,2948720.0,22800.0,36868500.0,114700.0,697160.0,62349.99999999999
2020-07-31,375428.0,510000.0,,71253.0,1584850.0,165808.5,14393985.0,2753086.0,149688030.0,2500.0,12551831.172560506,348690.0,,98610.0,307095.0,36631165.0,34073443.0,305045.0,101200.0,24480.0,206345430.0,0.0,862475.0,0.0,1332944.0,9375.0,19714840.0,419580.0,319075.0,279500.0,56815.0,39085755.0,8768365.0,455850.0,45900.0,,1159225.0,4973.999999999999,1101600.0,57820.0,404550.0,2221730.0,523975.0,233090.0,146880.0,291193419.0,156050.0,18400.0,1056050.0,6650.0,,33166336.0,16753.0,122595672.5,1032860.0,35650.0,2508140.0,73553.25,51075.0,22837.0,12889.999999905,6340000.0,403200.0,1944.0000000000002,38860.0,1612549.0,5899830.0,147952.0,2134.5,9762725.0,16068900.0,,60480.0,958420.0,3370295.0,871525.0,51350.0,428525.0,,,15640.0,9339.0,82050.0,10100.0,3582640.0,2144331.0,81475.0,128820.0,87122865.0,48180.0,38930970.0,82975.5,37112.2,516523.0,,5011620.0,10200.0,2695000.0,236340.0,2431835.0,,,,232925.0,19352923.0,1296950.0,76000.0,2565144.0,28200.0,17020227.75,,,143992.0,37920.0,30225.0,27506.0,38733745.0,426465.0,813455119208.5651,813455119208.5651,12440.0,,12516865.0,1221590.0,7917800.0,351935.0,4240209.0,10600.0,21985.0,6756865.0,105750.0,207440.0,97520920.0,95920.0,13015692.5,692220.0,8254.0,8841740.0,903650.0,53389500.0,757000.0,50250.0,6008329336781.77,49650.0,15439860.0,6008329336781.77,8856631.5,299694.5,22480.0,9750.0,106000725.0,7003390.0,893610.0,47675.0,6071667060427.99,6071667060427.99,302835.0,43800.0,7810.0,888550.0,29199.999999999996,350260.0,110084477.0,99763074.6525,13440.0,9060.0,2290.5,9360.0,322498.0,7770.0,22270.0,1681455.0,570420.0,19350.0,1401400.0,11410.0,1401400.0,76265.0,2837800.0,558970.0,,13400.0,23950.0,12725598.5,680196556239.385,402250.0,157500.0,37316166.0,49700.0,1917990.0,17760.0,618360.0,1934979.5,314025.0,57712.0,108331227.50000001,137725.0,56665700.0,52114092.0,13400.0,205250.0,77350.0,15000.0,680196556239.385,115440.00000000001,50160.0,93360320.0,81521495.0,4367380.0,2730990.0,43230.0,43220903.0,23271773.0,364362.5,617145.0,37060485.0,7937560.0,47075.0,57200.0,110800.0,79200.0,448850.0,53200.0,110730.0,190437.5,17765.0,173835.0,34600.0,4542965.0,,341600.0,111371495.0,1172450.0,46399.99999999999,4525.0,127825.0,,4652376.0,957150.0,137250.0,5780351.0,,1277848.0,175150.0,18690.0,607200.0,,225425.0,227011.5,,41400.0,2021250.0,535250.0,109650.0,53900.0,2095683533339.61,2095683533339.61,61164.99999999999,322137.5,27972334794888.64,960.5,,4659000.0,5709235.0,317985.0,3411100.0,14000.0,27625.0,22182786.0,31105.0,90980.0,15000.0,31028827.0,26152.0,31064679.5,52454931.5,1307063559731.05,646250.0,11700.0,2100.0,43785.0,28500.0,4765340.0,118360.0,60950.0,45600.0,353621350.0,16204701.0,,,426734.5,264327.5,113250.0,1382370.0,285008.0,570000.0,1124388.0,,195744247.5,41910.0,727954.5,20050.0,1794555.0,2383940.0,657550.0,,271275.0,1909080.0,1307063559731.05,81200.0,607200.0,18480.0,22629456.0,186387915.0,24600.0,261645.0,261885.0,601328.0,,655200.0,97806277.0,43850.0,3655620.0,3876795.0,24640.000000000004,363490.0,19575.0,1435275.0,21240.0,27597824.0,240000.0,714630.0,242485.0
2020-08-31,192792.0,120032.0,,40306.0,1909500.0,215004.0,2666580.0,1326240.0,135463760.0,21355.0,42030821.04152861,353410.0,,222020.0,2611200.0,25307100.0,74348490.0,295740.0,261645.0,4338.0,322794000.0,0.0,1153440.0,0.0,801850.0,156870.0,20800080.0,1275220.0,423000.0,372810.0,76500.0,7788791.999999999,20747890.0,1945800.0,51000.0,146280840.0,1220700.0,24366.0,594500.0,25800.0,252000.0,6602870.0,589380.0,295650.0,69440.0,275047800.0,100739.99999999999,,1443000.0,110495.0,,32893275.000000004,3046.0,173923750.0,2141600.0,310400.0,1528800.0,22737.0,31030.0,47130.0,59200.000003199995,7580000.0,129660.0,5120.0,7540.0,1498500.0,29151349.999999996,75756.0,5800.0,3147500.0,32913971.999999996,,54135.0,169015.0,16245000.0,951999.9999999999,303000.0,510405.0,,,38100.0,1224.5,78000.0,63130.0,3878400.0,1210895.0,511475.0,124700.0,92910510.0,228010.0,20001300.0,77720.25,32800.0,3361640.0,,9498480.0,52500.0,5202288.0,85000.0,2883066.0,,,,122400.0,73075851.0,1105440.0,25740.0,4620550.0,37490.0,17928400.0,,,40985.0,155550.0,28250.0,875.0,20574000.0,2743000.0,804527356298.1901,804527356298.1901,7285.0,11490.0,8406040.0,1691139.0,9482000.0,270940.0,1634107.5,502000.0,12460.0,6170150.0,50190.0,181200.0,90824950.0,61200.0,4792000.0,2067780.0000000002,3522.0,8731410.0,824039.9999999999,84528772.0,500000.0,2270050.0,7388339037329.25,98375.0,5800202.0,7388339037329.25,8840565.0,295660.5,26964.000000000004,3960.0,140545040.0,3162170.0,439200.0,4420.0,8652925792738.17,8652925792738.17,139160.0,13440.000000000002,8141.0,2647210.0,20350.0,62790.00000000001,113710500.0,98747166.0,8148.0,2950.0,8000.0,,156436.0,20650.0,55304.0,4590960.0,387000.0,4300.0,115200.0,59640.0,115200.0,67900.0,1326320.0,83750.0,,18330.0,15960.0,11950365.0,1159929421251.28,570000.0,185000.0,10121120.0,51136.0,624960.0,3520.0,2351100.0,1784450.0,205400.0,14469.0,97367580.0,78300.0,48192000.0,59872500.0,15150.0,5100.0,21930.0,40975.00000000001,1159929421251.28,19510.0,5400.0,99763230.0,84447040.0,6750870.0,980490.0,40700.0,19192096.0,8601969.0,2136575.0,2722320.0,58285539.99999999,11888260.0,94860.0,157000.0,94600.0,129000.0,540440.0,505680.0,23760.0,317730.0,114240.0,89600.0,3424.0,4186080.0,,117660.0,155981929.5,2152540.0,26100.0,20250.0,49070.0,,6049500.0,1383300.0,14280.0,2558000.0,,824418.0,1473712.5,183430.0,10250000.0,,68925.0,201780.0,,53500.0,2176200.0,110725.0,49375.0,278160.0,2671563867255.69,2671563867255.69,28335.0,131040.0,36674031050084.695,7058.5,,10149240.0,4033871.0,297360.0,2973810.0,15720.0,22100.0,39669120.0,13620.0,95130.0,46200.0,42260520.0,13559.999999999998,51162488.0,39858360.0,1386333826977.96,4248750.0,11000.0,1400.0,40180.0,47010.0,8686080.0,35360.0,361000.0,12880.0,570103910.0,8730000.0,,,660128.0,135360.0,1558518.0000000002,2015580.0,76125.0,382500.0,1174500.0,,285127425.0,52350.0,461615.00000000006,16290.0,2310000.0,3848300.0,445450.0,,126820.0,890339.9999999999,1386333826977.96,79800.0,690200.0,9200.0,12127500.0,220413780.0,11145.0,352440.0,368600.0,693482.0,,234600.00000000003,196851895.0,91840.00000000001,1600560.0,7144260.0,4800.0,195750.0,20270.0,867180.0,8900.0,20493760.0,119350.0,486209.99999999994,144200.0
2020-09-30,162120.0,90000.0,,23850.0,1819250.0,90450.5,3769884.0,1298150.0,161175000.0,2060.0,40678640.584687985,712746.0,,118450.0,1049885.0,25679000.0,59355699.5,282850.0,313905.0,4140.0,304824850.0,0.0,7075765.0,0.0,509015.0,21624.0,25958980.0,56540.0,583075.0,1273950.0,59950.00000000001,4057284.9999999995,9224780.0,272800.0,48510.0,29299307.5,1764000.0,20016.0,560310.0,45020.0,109860.0,7591405.0,623350.0,87890.0,3700545.0,200574577.5,352090.0,,585750.0,14740.0,,45719812.5,6145.5,99328079.5,2159860.0,210240.0,2453490.0,21504.0,29132.5,21000.0,20645.0,8145525.0,100100.0,6490.0,11400.0,1365052.5,23855900.0,124829.99999999999,3880.0,1390261.5,36819104.0,,120310.0,303280.0,3920245.5,799050.0,26702.0,468150.0,,,39690.0,2475.0,38750.0,20280.0,12579464.0,1549240.0,294875.0,97500.0,90687610.0,37785.0,16982975.0,55465.5,47774.0,4269046.5,,24961460.0,13140.0,7659966.0,188151.0,6980453.0,,,,151300.0,5529246.0,611100.0,16560.0,2518042.5,11600.0,3127610.5,,,68800.0,131150.0,28000.0,4000.0,25673477.5,390768.0,688950988782.9,718672792101.0,17645.0,,5047595.0,1237853.75,11317120.0,202150.0,2259934.5,1010000.0,41360.0,6818280.0,33545.0,241145.0,65072350.0,193160.0,2220976.0,1412750.0,11014.0,18556130.0,1859925.0,75002264.0,57090.0,204400.0,6128109220993.2,42870.0,14096340.0,5737254265793.91,14811912.5,313236.0,49335.0,132600.0,107975062.5,7430960.0,4495187.5,17640.0,8525055562677.64,8079103616851.3,243750.0,4010.0,37495.0,4234100.0,73730.0,77500.0,110613386.5,75785851.73249999,6935.0,,482.0,,172893.0,40880.0,65188.0,1685935.0,87350.0,8600.0,51460.0,76475.0,51045.0,111595.0,1812050.0,124380.0,,40640.0,10240.0,7570785.999999999,611146641838.93,162000.0,132000.0,12756535.0,31060.5,1096560.0,87780.0,2104800.0,1363671.0,59100.0,11800.0,104765800.0,54000.0,52366520.0,57102620.0,20370.0,2090.0,36185.0,15000.0,596555459183.655,44000.0,1740.0,75857745.0,43252560.0,4574490.0,1642340.0,60355.0,16019640.0,15829092.0,90114.5,1308095.0,24867750.0,19803680.0,16165.0,13450.0,38700.0,83000.0,323420.0,280000.0,47590.0,147906.5,10225.0,112511.99999999999,1738.0,2316620.0,,37800.0,102658526.25,1009375.0,30000.0,52200.0,48760.0,,918809.0,3703075.0,19520.0,12132422.5,,893756.0,145553.75,140774.0,7542090.0,,127045.0,1578.0,,75600.0,84800.0,108800.0,34800.0,128120.0,2572325177951.62,2541477225239.96,38088.25,95331.0,30354137786479.27,1070.0,,8845520.0,4406431.5,341550.0,3869794.9999999995,78000.0,50380.0,26090444.0,30265.0,126160.0,241230.0,25233962.0,23600.0,19619105.0,40460290.0,1435952182482.81,166800.0,16350.0,28050.0,19400.0,12320.0,4847325.0,48240.0,38900.0,243675.0,263667175.0,17142071.5,,,731495.5,195063.00000000003,531962.5,1618540.0,386237.5,727898.0,1106850.0,,249687825.0,10400.0,1540392.0,5460.0,5975130.0,1316005.0,2238825.0,,305440.0,1102270.0,1417398675217.68,134550.0,508890.0,49920.0,18503360.0,186469265.0,,87720.0,3548855.0,936424.25,,45600.0,147999205.0,7210.0,1531335.0,5546765.0,19040.000000000004,210960.0,7000.0,1804095.0,48690.0,17578290.0,162300.0,893140.0,152535.0
2020-10-31,448227.5,40600.0,,788940.0,2616475.0,85391.0,9753856.0,1690194.0,132792415.0,38720.0,69275246.29234618,1014407.5,,108150.0,904655.0,66290500.0,50655176.5,733015.0,1646064.0,13786.999999999998,272072945.0,,7251675.0,0.0,1881865.0,33405.0,28415227.5,709880.0,733375.0,3999300.0,65175.0,16785784.0,19141510.0,627000.0,66935.0,17550530.0,1636200.0,21728.0,3492230.0,198550.0,147015.0,4237665.0,357020.0,91760.0,3715120.0,205607500.0,435000.0,495550.0,1031950.0,10270.0,,36704721.0,15116.0,96340694.0,1924980.0,376990.0,50663379.0,40077.5,10790.0,31675.0,23780.0,14290290.0,195040.0,974.0,42542.5,1853705.0,27892470.0,269890.0,6642.0,2203705.0,24129757.0,1156962250.0,170400.0,564850.0,6445428.5,992100.0,53530.0,152400.0,,,34560.0,6552.0,279800.0,310425.0,8690556.0,1086480.0,252405.0,104400.0,311494110.5,30447.0,36038540.0,120139.79999999999,49852.0,601929.0,,18262189.0,61200.0,3508725.0,495444.0,4374457.0,,,,214700.0,4728903.5,697830.0,21250.0,5346800.0,4350.0,17318722.5,,,45968.0,181800.0,82500.0,28850.0,34455990.0,1230970.0,,778030808127.551,7580.0,,10566555.0,1230060.25,10473430.0,197375.0,6497264.0,,36000.0,10492305.0,79010.0,254695.0,116478385.0,304800.0,2567685.0,67930.0,11440.0,18885410.0,838280.0,98410036.0,100200.0,7361537.5,,54400.0,7325585.5,7771946847409.903,10262781.5,484507.5,159300.0,116065.0,232813512.0,12018895.0,1679666.0,11880.0,,7190065566885.646,322770.0,43285.0,12096.0,6397485.0,155760.0,97485.0,120854449.0,80054235.87,12900.0,6520.0,72300.0,,326339.5,11200.0,28671.0,2318605.0,186630.0,19382.5,,8800.0,125825.0,160700.0,3843420.0,764050.0,,102000.0,71780.0,33001426.0,,237600.00000000003,75900.0,17747900.0,34142.0,1677520.0,19530.0,2628810.0,1623725.0,158000.0,8180.0,141164917.5,207000.0,48235645.0,60758019.0,35000.0,18905.0,34580.0,35700.0,1553432154289.9458,26070.0,23375.0,91870800.0,228337555.0,41766425.0,1727585.0,17460.0,18568890.0,16200959.5,2591295.0,1444270.0,42563470.0,108368137.5,63525.0,45500.0,131650.0,34150.0,703120.0,175300.0,27089.999999999996,428892.0,48070.0,101628.0,16820.0,5789615.0,,136355.0,137129405.0,7694200.000000001,19200.0,39560.0,1352200.0,,1965005.0,4024200.0,57552.0,11130130.0,,2462850.0,89320.0,113775.0,1053000.0,,254100.0,98134.0,,42160.0,3038875.0,397750.0,72225.0,197835.0,,2042012667390.2998,62644.5,104214.0,42567878771646.266,10670.0,,11697270.0,19448514.0,913535.0,5547645.0,14245.0,44370.0,34949875.0,35660.0,264180.0,31110.0,26623057.5,426915.0,43113833.0,57263904.0,2956427593811.5264,14360603.0,30975.0,16060.0,68795.0,44715.0,7974367.0,67500.0,28500.0,195000.0,185495850.0,17676077.25,,,416765.00000000006,,4210095.0,4340586.25,2283.0,203255.0,67056.0,,194481700.00000003,99660.0,2300356.0,9100.0,6601160.0,1780240.0,1012000.0,,421410.0,1835699.9999999998,,67450.0,3515760.0,1067.0,16578769.0,242404867.5,16040.0,91390.0,6740825.0,1077408.75,,83200.0,110002431.0,42230.0,2142545.0,9203425.0,16310.0,393370.0,53300.0,6350655.0,66750.0,35722585.0,550375.0,,76180.0
2020-11-30,1246828.5,,,1393000.0,12861975.0,269640.5,5090900.0,139965.0,304118085.0,168220.0,184169717.96914536,1420108.0,,,5945465.0,71496597.5,98990715.0,1554680.0,,10212.5,479512910.0,,12125170.0,0.0,3516490.0,201656.0,67228342.5,,1852150.0,1759070.0,167405.0,7854728.0,21813735.0,2703500.0,191930.0,30536005.0,3395497.0,43792.0,4436550.0,138840.0,186980.0,4990775.0,761640.0,163415.0,2236080.0,940719690.0,797790.0,270300.0,1561550.0,80250.0,,56240490.0,3522.5,531868648.5,1693265.0,1378495.0,62849618.0,51902.0,25185.0,831094.0,45665.0,64077943.75,597985.0,3304.0,171000.0,4350975.0,35003575.0,4366200.0,7328.0,2321815.0,24317165.0,171001286.0,171050.0,540410.0,19357592.5,7210500.0,,180310.0,,,167475.0,3276.0,1463700.0,412135.0,38873137.0,,580059.5,1522420.0,370947794.0,139232.0,57351144.0,,,2637665.0,,30101602.5,36950.0,11136725.0,341882.0,4181543.5,,,,763175.0,15113061.0,3379720.0,53600.0,9809360.0,38440.0,17211180.0,,,276085.0,78320.0,39200.0,16629.0,49626862.5,,,3248929935750.311,28500.0,3500.0,34376810.0,2989520.5,17536725.0,396090.0,3784643.0,,67750.0,36436320.0,85200.0,1513560.0,191271220.0,,2434405.5,1131250.0,17824.0,21750520.0,4580750.0,268288890.0,,,,297900.0,26580954.5,13745579767815.469,19691067.5,471886.0,674000.0,164115.0,217910674.5,17595920.0,6146764.5,11040.0,,15111269609855.727,1163720.0,38640.0,42680.0,8728450.0,537270.0,168740.0,197620644.0,135298039.5,21851.0,8760.0,27450.0,,785008.5,34000.0,115886.0,4828215.0,244800.0,73534.25,,26940.0,512950.0,320635.0,7624805.0,915250.0,,161700.0,98680.0,72572533.0,,169650.0,219650.0,82921504.5,15200.0,2172825.0,40000.0,9220255.0,8956755.0,186750.0,45200.0,313501035.0,242600.0,149097390.0,79693530.0,56000.0,8680.0,105000.0,181835.0,2001266726065.9272,11975.0,22460.0,207415290.5,144538645.0,65992200.0,5519850.0,32670.0,30340100.0,79745430.5,,1778055.0,55245320.0,46702930.0,212940.0,184700.0,253000.0,42900.0,452080.0,164350.0,235325.0,756607.0,9985.0,135752.0,54400.0,10294350.0,,152470.0,145321897.5,101397610.0,113000.0,77569.5,126985000.0,,6118944.0,11521550.0,6325.0,18665127.5,,1343550.0,,,,,284390.0,35813.0,,,,,147600.0,1549975.0,,6356423358613.884,82157.5,384525.0,77474276268923.31,2980.0,,12250362.0,25370825.0,2343562.0,6011025.0,11270.0,42510.0,123932583.0,228910.0,445720.0,96250.0,26144994.0,303400.0,30896024.0,172854047.5,3700149192902.5728,1930955.0,52120.0,,136750.0,468792.0,33820036.0,224175.0,550000.0,374400.0,431074350.0,47438810.0,,,,,,,,,,,416504292.5,160680.0,3921448.0,108830.0,21113035.0,3127100.0,1995875.0,,784685.0,10464820.0,,184150.0,3704475.0,,50498839.0,243060782.5,187300.0,1149330.0,9699045.0,1895422.25,,45900.0,201453697.5,13910.0,7507960.0,23378705.0,44830.0,2119760.0,13960.0,6047955.0,286430.0,50922726.0,17736340.0,,273690.0
2020-12-31,729976.5,,,3219031.0,24753795.0,491580.0,4424959.0,233915.99999999997,242601395.0,75660.0,145106279.74251723,5600862.0,,,2431165.0,57280870.0,73372468.0,1287200.0,,38695.0,400775715.0,,16874995.0,0.0,6092451.5,110298.0,57580700.0,,1415250.0,85967505.0,663330.0,6616559.0,14036455.0,83824300.0,177995.0,34815545.0,4584444.0,131790.0,8096165.0,309680.0,535372.5,8102095.0,312055.0,57000.0,5008581.0,435506207.5,1441275.0,,6358600.0,90450.0,,35333301.5,71165.0,264664528.0,4997575.0,44942700.0,19743721.5,80773.5,29693.5,200610.0,86605.0,51601829.5,807820.0,13800.0,136997.5,4982902.5,15262435.0,1185642.5,10896.5,4364125.0,28844758.0,60370113.0,824725.0,1069592.5,13651274.0,7780625.0,,1562500.0,,,251230.0,1696.0,3794300.0,564085.0,48180512.0,,1778794.0,1614649.5,320099317.5,68524.5,49237870.5,,,3584920.0,,20463367.5,271040.0,2329250.0,818505.0,3026803.0,,,,1447325.0,59508769.0,3441160.0,505420.0,10938794.0,26130.0,18558442.5,,,274328.5,2256880.0,31860.0,5956.5,24074340.0,,,2351368444106.631,53650.0,3700.0,20698740.0,2175948.5,28493400.0,618560.0,16457220.0,,30800.0,47211955.0,203950.0,871260.0,115187085.0,,5220031.5,1052840.0,3219.0,16836105.0,2693470.0,174881405.0,,,,165470.0,23588881.0,11323549100466.56,15693302.000000002,481478.0,469060.0,410650.0,200131790.0,11088690.0,8650915.0,69160.0,,14690926229025.242,2205680.0,130790.0,95430.0,5345640.0,639975.0,244305.0,168262015.0,123247597.75,49400.0,52815.0,29640.000000000004,52694839.99999999,831627.0,77320.0,99540.0,6421895.0,311865.0,882432.0,,32130.0,887675.0,304155.0,15729410.0,1262340.0,,317690.0,59965.0,34659060.0,,535500.0,190800.0,46975884.0,20654.0,2254560.0,17775.0,8249840.0,6401956.0,274550.0,15230.0,459856960.0,235950.0,94660799.99999999,88466840.0,67550.0,43200.0,1995250.0,170525.0,3611915971708.545,123665.0,10170.0,139433435.5,124618940.0,94047149.99999999,4965385.0,32900.0,21911056.0,67616340.5,,2204125.0,45119560.0,61294725.0,281930.0,277450.0,3145000.0,704600.0,1635200.0,841450.0,997045.0,690245.0,10575.0,308800.0,17772.5,19856875.0,,237650.0,113924880.0,97374230.0,77400.0,719672.0,44253840.0,,1801889.5,7366050.0,26289.5,11380380.0,,811927.0,,,,,579586.5,21000.0,,,,,306590.0,1330935.0,,5792473815538.502,129808.25,1144297.0,68410977271309.44,4317.0,,19986905.0,21889845.0,1383175.0,14265315.0,384000.0,79900.0,156792350.0,184800.0,1312485.0,244480.0,34020769.75,265142.0,60891513.0,156264900.0,3275843228545.7134,4038481.0,226550.0,,239654.99999999997,194220.0,23720205.0,263020.0,69475.0,1585540.0,296978332.5,31110732.5,,,,,,,,,,,388743890.0,233750.0,6174635.0,20600.0,14568405.0,4780050.0,4876000.0,,507095.0,6656790.0,,466960.0,8014175.0,,41602998.0,201960050.0,17800.0,1024800.0,6346545.0,2827404.0,,250000.0,175460366.0,9360.0,7406440.0,46079187.5,62674.99999999999,4903750.0,105000.0,7466245.0,126000.0,18696192.0,10957760.0,,806250.0
2021-01-31,979767.5000000001,,,11118528.0,47429175.0,675067.5,6725939.0,654160.0,184557540.0,40250.0,474230808.0,10564894.0,,,2949090.0,50682870.0,41073041.0,1700920.0,,24000.0,286741200.0,,13317210.0,0.0,4546323.0,51950.0,43906070.0,,3578400.0,969547145.0,4281705.0,9904120.0,15530980.0,201652100.0,246600.0,36233640.0,3908303.0,257520.0,5369910.0,306815.0,260400.0,4156330.0,526055.0,160000.0,365268.5,375280500.0,767710.0,,6474700.0,177210.0,,23511744.0,5433.75,171309928.5,5974615.0,693743820.0,22333356.0,57550.0,41236.0,136981.0,18015.0,24294075.0,620760.0,21517.0,78912.0,1956555.0,11396240.0,731250.0,18200.0,5677765.5,30603711.999999996,50500500.0,609500.0,4043800.0,4964584.0,4609100.0,,306090.0,,,111315.0,14006.0,1516100.0,887713.0,22364402.0,,1158771.0,4401120.0,507069932.0,448936.0,34835727.0,,,1167840.0,,18273517.0,552720.0,1291090.0,528530.0,2366825.0,,,,701250.0,10918836.0,1248930.0,120420.0,7880111.0,11540.0,17857598.75,,,299527.5,1911045.0,17047.5,4140.0,35792712.5,,,1413890900151.8765,33500.0,155474000.0,12651595.0,2186330.0,45679435.0,483150.0,5109835.0,,68365.0,43723015.0,2570200.0,645160.0,123543480.0,,4265100.0,616286.0,8835.0,49052700.0,6336622.5,139271395.0,,,,145280.0,11629240.5,9748475243394.746,9507220.0,340336.0,184500.0,860415.0,128391616.0,23234760.0,13585500.0,150390.0,,19672994190035.625,3485785.0,20370.0,38074.5,5334000.0,10760040.0,207580.0,158096635.0,108198063.0,23460.0,77050.0,36519.0,23400.0,470509.0,31960.000000000004,73983.0,9430205.0,514405.0,249882.5,,109000.00000000001,10192270.0,244135.0,7678230.0,1101050.0,,343135.0,360685.0,18996904.0,,2818200.0,229900.0,26956807.5,38246.0,3861925.0,59250.0,9628170.0,3219674.5,349200.0,6076.0,171956300.0,1002350.0,82260700.0,60982935.0,124600.0,64290.0,16946050.0,367900.0,5170855957073.471,63250.0,17280.0,249212974.5,82951810.0,219748740.0,4929880.0,18160.0,31926838.0,21224784.5,,2161280.0,41853897.0,45513490.0,562800.0,249900.0,9274700.0,1224450.0,12494320.0,9722700.0,779920.0,293741.5,7050.0,48010.0,22550.0,8572420.0,,383640.0,141763337.5,435585480.0,123750.0,291550.0,62052995.0,,1810582.0,8088665.0,28596.5,7434640.0,,1476624.0,,,,,244155.5,63650.0,,,,,97225.0,798385.0,,5091994614707.4,162497.0,478474.0,79747314618932.61,4876.5,,7870873.0,14757588.0,891266.0,8166680.0,20930.0,84265.0,77370020.0,354000.0,808825.0,96250.0,36242542.0,188190.0,20162250.0,76929960.0,5491982355647.783,3249000.0,308595.0,,202720.0,321150.0,7085195.0,126625.0,211480.0,1115430.0,220864055.0,22334650.5,,,,,,,,,,,312574595.0,469980.0,1750382.0000000002,35200.0,8701070.0,2925125.0,3027600.0,,323245.0,15535585.0,,5511250.0,12593200.0,,77888312.0,139606250.0,44175.0,256309.0,6658200.0,887631.0,,811200.0,137002513.0,66150.0,6374180.0,17254520.0,51190.0,10662260.0,14160.0,3605145.0,148070.0,48239330.0,10481260.0,,1237320.0
2021-02-28,373900.5,,,9171508.0,65449095.0,557560.0,1627875.0,252560.0,190452837.5,34460.0,375858074.5,10999732.5,,,2354570.0,39737950.0,52694905.0,532885.0,,17094.0,281821200.0,,4992185.0,0.0,8334606.0,159460.0,33514425.0,,1871850.0,437903125.00000006,6917500.0,10245690.0,5478100.0,81469400.0,166305.0,24374027.5,5001832.0,24250.0,5643980.0,222040.0,146850.0,5777940.0,358800.0,90000.0,186905.0,308842366.0,387690.0,,8176500.0,624170.0,,16419210.0,7452.5,207431938.5,2133480.0,209639215.0,8409080.0,26150.0,11025.0,102680.0,20540.0,29695075.5,392680.0,11934.0,217190.0,1697225.0,6017425.0,1713925.0,50065.0,2227082.0,18131748.0,210051482.0,570000.0,768590.0,9741228.5,9837200.0,,131600.0,,,490825.0,16700.0,323750.0,10124800.0,27772064.0,,1501992.0,9854828.0,1055169600.0,2230338.0,18218365.5,,,876450.0,,5874642.0,21440630.0,1434030.0,338362.0,4641555.0,,,,376500.0,4008104.0,550770.0,69340.0,4202355.0,9520.0,18046193.25,,,109178.5,313185.0,54000.0,3972.5,28833697.5,,,1488658972436.3936,97020.0,,12060895.0,2163579.0,38787910.0,234075.0,2848192.5,,45200.0,36943340.0,4871760.0,296175.0,83166885.0,,9827730.0,2614176.0,2642.0,87422525.0,4630097.5,109972400.0,,,,302400.0,2935072.0,11096445591059.512,7857317.5,655742.5,133800.0,647455.0,156556559.5,5092465.0,39752452.0,53865.0,,17214486107137.895,1238700.0,19982.5,16260.000000000002,4513820.0,5442010.0,262300.0,174290699.5,94898017.0,8230.0,17330.0,22743.0,,116039.0,11200.0,84502.0,4161990.0,368565.0,106820.0,,38380.0,64917125.0,87335.0,1193600.0,443725.0,,105610.0,60325.0,30286053.0,,1161125.0,210500.0,11651971.0,16260.000000000002,7563745.0,89640.00000000001,4022115.0,1579231.5,206800.0,13870.0,199263711.25,366225.0,63425730.0,72576624.0,142800.0,204525.0,19904575.0,112510.0,3179252829120.481,106700.0,47760.0,166368270.0,77449050.0,53244150.0,1864530.0,23000.0,12875420.0,9982770.0,,1096210.0,36455170.0,17974625.0,136600.0,320000.0,4417800.0,566800.0,5193335.0,8016200.0,523794.0,263202.5,16660.0,72198.0,22850.0,4307360.0,,136440.0,60383765.0,454041230.0,67100.0,482775.0,19134960.0,,728360.5,2490100.0,21045.0,7651425.0,,854978.0,,,,,692633.5,36520.0,,,,,9144470.0,2663485.0,,3409070038555.209,64771.0,531810.0,73212358135911.56,3393.5,,3626325.0,8476951.0,201040.0,4449719.999999999,36075.0,27839.999999999996,39853508.0,103250.0,1856370.0,87500.0,66791719.5,49200.0,12395559.0,72476350.0,5546409432804.021,4456122.5,4960980.0,,228280.0,72910.0,11081075.0,964570.0,209405.0,1728100.0000000002,405433385.0,14207797.0,,,,,,,,,,,279403910.0,377005.0,1718470.0,32070.0,4372540.0,3348805.0,1359225.0,,213750.0,3751080.0,,2539825.0,27149075.0,,28467820.5,220397575.0,33525.0,683252.0,1652700.0,3033747.5,,5149950.0,158782091.5,144430.0,2692785.0,5608960.0,19470.0,140720570.0,36250.0,1979060.0000000002,95340.0,20589300.0,4141900.0,,710390.0
2021-03-31,1149170.0,,,12075095.0,37278150.0,221750.0,896212.0,233575.0,169660580.0,12550.0,185198508.0,23367450.0,,,1319375.0,36584100.0,42648073.0,409770.0,,7500.0,287230775.0,,3543890.0,0.0,14924715.0,626072.5,38885000.0,,995275.0,326461680.0,3443790.0,10942287.5,3447565.0,662769000.0,115120.0,30132592.5,6171030.0,18600.0,5714105.0,135645.0,44200.0,3243040.0,50830.0,37050.0,47630.0,316404594.0,254465.0,,51355730.0,9340270.0,,12326445.0,,165987918.0,1761050.0,83309455.0,7889740.0,23670.0,47168.75,73451.0,1523750.0,15966250.0,356489.99999999994,10912.0,769256.0,1134290.0,3649440.0,3432290.0,,9628059.5,18534298.0,103691390.0,262500.0,481575.0,12801242.0,1622775.0,,135240.0,,,1029580.0,5943.0,643025.0,148980210.0,25661389.0,,2315002.0,3174150.0,1389565202.0,2707145.0,16899297.5,,,580590.0,,17514153.5,5673325.0,1376190.0,673426.5,1995183.5,,,,608800.0,15247605.0,469320.0,384560.0,2388170.5,55800.0,3218387.0,,,235881.5,284900.0,11700.0,9000.0,23272935.0,,,1313003882822.6145,16820.0,14350.0,9110550.0,2528956.0,21197415.0,198210.0,1572696.75,,85680.0,12438015.0,2447775.0,565985.0,83292687.5,,7920827.0,1246480.5,13312.0,109507435.0,1412867.5,41354600.0,,,,243200.0,3438246.0,8078643346356.4795,5712931.5,164880.0,285750.0,253230.0,215276878.5,3973030.0,18017938.0,206965.0,,12228047074648.252,597210.0,20600.0,39690.0,5997275.0,2145620.0,162000.0,124366333.0,90865243.5,9440.0,11200.0,16310.0,4500.0,213991.0,8466945.0,268241.0,2196925.0,193700.0,75155.0,,143136.0,44242750.0,123540.0,291700.0,1296180.0,,28665705.0,1530545.0,36280494.0,,855170.0,116000.0,10201996.0,11266.0,8948055.0,55219.99999999999,3843225.0,1276757.0,46900.0,13338.0,272359737.5,235850.0,42517170.0,64677010.0,63000.0,269935.0,5410375.0,114295.00000000001,2398059137400.669,151465.0,39200.0,171263073.0,65953025.0,24664000.0,1653875.0,26450.0,20763645.0,8482845.0,,1024830.0,43050515.0,14292725.0,105100.0,100250.0,2856600.0,120900.0,4620630.0,3190700.0,565650.0,455406.0,9120.0,45150.0,3317.5,3236145.0,,89680.0,62239875.0,339671625.0,9967450.0,935733.0,10972780.0,,477235.0,2917875.0,177570.5,3796942.5,,249240.0,,,,,135477.5,40300.0,,,,,30493855.0,1878255.0,,2869019214824.4937,99106.75,3136698.5,62106647208780.89,12538.5,,9298045.0,5726850.0,184658.0,2686325.0,107775.0,140860.0,44093485.0,179800.0,262850.0,561095.0,46778484.0,41890.0,19013747.0,84279438.0,5116221982366.907,1477693.25,1803890.0,,290080.0,204760.0,10298562.5,515725.0,473000.0,1092890.0,276239000.0,20463100.0,,,,,,,,,,,196294342.5,183270.0,1323669.0,14700.000000000002,2799740.0,2501370.0,745050.0,,164860.0,2358990.0,,1958010.0,29198045.0,,12939066.0,191965332.5,45000.0,119000.0,1201785.0,896481.0,,1191120.0,148953766.5,119880.00000000001,2586930.0,6826560.0,21900.0,46453290.0,28078.0,1533600.0,208310.0,18136271.0,5196040.0,,654440.0
