,close
1985-01-02,100.0
1985-01-03,99.01
1985-01-04,98.92
1985-01-07,96.99
1985-01-08,97.38
1985-01-09,95.93
1985-01-10,96.11
1985-01-11,96.19
1985-01-14,95.8
1985-01-15,95.41
1985-01-16,96.2
1985-01-17,96.55
1985-01-18,97.62
1985-01-21,99.08
1985-01-22,99.04
1985-01-23,99.94
1985-01-24,99.7
1985-01-25,99.5
1985-01-28,99.5
1985-01-29,99.77
1985-01-30,100.77
1985-01-31,100.57
1985-02-01,100.18
1985-02-04,100.61
1985-02-05,100.61
1985-02-06,102.99
1985-02-07,105.36
1985-02-08,104.81
1985-02-11,104.81
1985-02-12,104.51
1985-02-13,104.67
1985-02-14,103.86
1985-02-15,103.34
1985-02-18,103.34
1985-02-19,103.27
1985-02-20,103.27
1985-02-21,103.15
1985-02-22,103.3
1985-02-25,102.96
1985-02-26,101.24
1985-02-27,101.36
1985-02-28,101.42
1985-03-01,101.09
1985-03-04,100.77
1985-03-05,101.86
1985-03-06,101.8
1985-03-07,101.77
1985-03-08,102.97
1985-03-11,102.15
1985-03-12,103.33
1985-03-13,103.95
1985-03-14,104.3
1985-03-15,104.91
1985-03-18,105.08
1985-03-19,105.38
1985-03-20,106.83
1985-03-21,106.26
1985-03-22,106.55
1985-03-25,106.0
1985-03-26,105.76
1985-03-27,105.81
1985-03-28,106.25
1985-03-29,106.7
1985-04-01,106.41
1985-04-02,105.96
1985-04-03,107.08
1985-04-08,107.06
1985-04-09,107.15
1985-04-10,106.74
1985-04-11,106.85
1985-04-12,107.5
1985-04-15,107.51
1985-04-16,107.52
1985-04-17,107.65
1985-04-18,107.07
1985-04-19,107.63
1985-04-22,107.52
1985-04-23,106.96
1985-04-24,106.79
1985-04-25,106.95
1985-04-26,106.95
1985-04-29,105.22
1985-04-30,106.28
1985-05-02,105.73
1985-05-03,105.8
1985-05-07,106.51
1985-05-08,106.82
1985-05-09,106.81
1985-05-10,106.49
1985-05-13,106.49
1985-05-14,106.93
1985-05-15,107.23
1985-05-16,107.09
1985-05-17,107.15
1985-05-20,107.8
1985-05-21,108.72
1985-05-22,109.5
1985-05-23,110.16
1985-05-24,110.82
1985-05-27,111.06
1985-05-28,112.61
1985-05-29,112.14
1985-05-30,111.96
1985-05-31,112.47
1985-06-03,112.09
1985-06-04,111.98
1985-06-05,113.6
1985-06-06,115.25
1985-06-07,113.41
1985-06-10,114.4
1985-06-11,114.5
1985-06-13,114.29
1985-06-14,112.94
1985-06-17,113.18
1985-06-18,113.22
1985-06-19,113.11
1985-06-20,111.11
1985-06-21,111.0
1985-06-25,111.19
1985-06-26,112.16
1985-06-27,111.3
1985-07-01,112.38
1985-07-02,111.87
1985-07-03,111.28
1985-07-05,112.45
1985-07-08,111.62
1985-07-09,111.27
1985-07-10,111.93
1985-07-11,111.89
1985-07-12,111.06
1985-07-15,110.07
1985-07-16,110.11
1985-07-17,110.82
1985-07-18,111.05
1985-07-19,111.71
1985-07-22,111.93
1985-07-23,111.29
1985-07-24,111.38
1985-07-25,112.75
1985-07-26,112.19
1985-07-29,112.24
1985-07-30,112.81
1985-07-31,112.83
1985-08-01,112.45
1985-08-02,111.63
1985-08-05,111.89
1985-08-06,112.38
1985-08-07,112.38
1985-08-08,112.25
1985-08-09,113.72
1985-08-12,112.69
1985-08-13,112.39
1985-08-14,111.56
1985-08-15,111.64
1985-08-16,112.02
1985-08-19,111.94
1985-08-20,112.06
1985-08-21,110.05
1985-08-22,111.68
1985-08-23,111.46
1985-08-26,111.68
1985-08-27,111.62
1985-08-28,112.84
1985-08-29,115.29
1985-08-30,116.31
1985-09-02,115.86
1985-09-03,116.96
1985-09-04,116.74
1985-09-05,117.14
1985-09-06,118.44
1985-09-09,120.56
1985-09-10,121.86
1985-09-11,123.22
1985-09-12,125.0
1985-09-13,125.11
1985-09-16,123.41
1985-09-17,121.95
1985-09-18,122.39
1985-09-19,121.28
1985-09-20,121.16
1985-09-23,120.98
1985-09-24,121.03
1985-09-25,121.98
1985-09-26,123.41
1985-09-27,124.07
1985-09-30,123.59
1985-10-01,123.42
1985-10-02,123.13
1985-10-03,124.08
1985-10-04,125.45
1985-10-07,124.82
1985-10-08,124.42
1985-10-09,124.73
1985-10-10,125.79
1985-10-11,125.94
1985-10-14,125.99
1985-10-15,127.89
1985-10-16,127.83
1985-10-17,128.99
1985-10-21,129.37
1985-10-22,129.0
1985-10-23,129.46
1985-10-24,129.7
1985-10-25,130.29
1985-10-28,129.6
1985-10-29,128.33
1985-10-30,128.15
1985-10-31,129.06
1985-11-04,128.46
1985-11-05,130.1
1985-11-06,129.75
1985-11-07,129.71
1985-11-08,130.21
1985-11-11,129.6
1985-11-12,128.95
1985-11-13,129.32
1985-11-14,129.8
1985-11-15,129.59
1985-11-18,129.8
1985-11-19,128.93
1985-11-20,128.68
1985-11-21,128.18
1985-11-22,128.16
1985-11-25,125.91
1985-11-26,126.5
1985-11-27,126.43
1985-11-28,126.53
1985-11-29,126.33
1985-12-02,126.22
1985-12-03,126.29
1985-12-04,126.28
1985-12-05,126.23
1985-12-06,126.32
1985-12-09,126.33
1985-12-10,125.93
1985-12-11,126.35
1985-12-12,127.68
1985-12-13,128.42
1985-12-16,127.74
1985-12-17,128.53
1985-12-18,129.15
1985-12-19,129.64
1985-12-20,129.16
1985-12-23,129.12
1985-12-24,129.45
1985-12-26,129.77
1985-12-27,131.19
1986-01-02,131.32
1986-01-03,131.78
1986-01-06,130.78
1986-01-07,132.13
1986-01-08,132.07
1986-01-09,133.06
1986-01-10,133.93
1986-01-13,134.67
1986-01-14,134.28
1986-01-15,134.02
1986-01-16,133.69
1986-01-17,133.9
1986-01-20,134.02
1986-01-21,134.34
1986-01-22,134.21
1986-01-23,134.08
1986-01-24,135.79
1986-01-27,134.98
1986-01-28,134.27
1986-01-29,134.0
1986-01-30,134.07
1986-01-31,133.19
1986-02-03,133.11
1986-02-04,132.26
1986-02-05,132.22
1986-02-10,130.5
1986-02-11,130.91
1986-02-12,131.02
1986-02-13,131.4
1986-02-14,131.18
1986-02-17,130.11
1986-02-18,129.52
1986-02-19,129.81
1986-02-20,130.03
1986-02-21,130.03
1986-02-26,148.22
1986-02-27,150.68
1986-02-28,157.03
1986-03-03,160.7
1986-03-04,158.99
1986-03-05,164.31
1986-03-06,163.21
1986-03-07,160.63
1986-03-10,161.12
1986-03-11,159.55
1986-03-12,158.69
1986-03-13,161.34
1986-03-14,160.46
1986-03-17,160.38
1986-03-18,161.96
1986-03-19,163.43
1986-03-20,163.43
1986-03-21,163.6
1986-03-24,166.93
1986-03-25,169.25
1986-03-26,167.87
1986-03-31,169.6
1986-04-01,169.01
1986-04-02,168.39
1986-04-03,168.67
1986-04-04,169.97
1986-04-07,169.05
1986-04-08,168.94
1986-04-09,169.01
1986-04-10,169.61
1986-04-11,171.05
1986-04-14,171.27
1986-04-15,169.07
1986-04-16,168.09
1986-04-17,167.96
1986-04-18,167.36
1986-04-21,167.53
1986-04-22,165.89
1986-04-23,166.42
1986-04-24,166.67
1986-04-25,167.79
1986-04-28,167.2
1986-04-29,168.33
1986-04-30,168.37
1986-05-02,167.63
1986-05-05,166.66
1986-05-07,164.15
1986-05-08,165.13
1986-05-09,165.46
1986-05-12,164.48
1986-05-13,163.99
1986-05-14,164.43
1986-05-15,164.47
1986-05-16,164.54
1986-05-19,164.48
1986-05-20,163.92
1986-05-21,164.13
1986-05-22,163.85
1986-05-23,164.9
1986-05-26,165.4
1986-05-27,165.11
1986-05-28,164.97
1986-05-29,165.08
1986-05-30,165.31
1986-06-02,165.31
1986-06-03,167.85
1986-06-04,172.03
1986-06-09,183.38
1986-06-10,184.8
1986-06-11,188.25
1986-06-13,190.69
1986-06-16,191.37
1986-06-17,189.77
1986-06-18,184.92
1986-06-19,185.47
1986-06-20,188.79
1986-06-23,189.57
1986-06-24,191.76
1986-06-25,191.14
1986-06-26,192.48
1986-06-27,196.09
1986-06-30,201.36
1986-07-01,207.62
1986-07-02,216.97
1986-07-03,217.95
1986-07-07,211.13
1986-07-08,220.25
1986-07-09,230.4
1986-07-10,233.1
1986-07-11,235.7
1986-07-14,248.25
1986-07-15,250.52
1986-07-16,243.97
1986-07-17,240.6
1986-07-18,240.98
1986-07-21,244.84
1986-07-22,241.68
1986-07-23,240.23
1986-07-24,231.65
1986-07-25,227.75
1986-07-28,220.37
1986-07-29,213.96
1986-07-30,219.12
1986-07-31,226.03
1986-08-01,231.13
1986-08-04,228.87
1986-08-05,224.57
1986-08-06,228.87
1986-08-07,231.04
1986-08-08,235.26
1986-08-11,237.55
1986-08-12,239.4
1986-08-13,237.07
1986-08-14,242.56
1986-08-15,239.37
1986-08-18,235.85
1986-08-19,232.86
1986-08-20,230.71
1986-08-22,232.87
1986-08-25,235.31
1986-08-26,240.47
1986-08-27,239.59
1986-08-28,239.25
1986-08-29,238.46
1986-09-01,245.69
1986-09-03,252.97
1986-09-04,261.08
1986-09-05,268.67
1986-09-08,268.61
1986-09-09,269.34
1986-09-10,273.78
1986-09-11,278.43
1986-09-12,276.76
1986-09-15,270.71
1986-09-16,269.97
1986-09-17,264.13
1986-09-18,269.83
1986-09-19,286.05
1986-09-22,296.51
1986-09-23,291.51
1986-09-24,289.96
1986-09-25,288.47
1986-09-26,301.87
1986-09-29,327.62
1986-09-30,327.64
1986-10-01,323.5
1986-10-02,325.08
1986-10-03,329.95
1986-10-07,358.23
1986-10-08,354.5
1986-10-09,361.8
1986-10-10,363.22
1986-10-13,383.89
1986-10-14,388.01
1986-10-15,385.95
1986-10-16,385.09
1986-10-17,402.19
1986-10-20,400.43
1986-10-21,381.13
1986-10-22,393.43
1986-10-23,399.98
1986-10-24,389.85
1986-10-27,362.31
1986-10-28,351.9
1986-10-29,360.24
1986-10-30,374.62
1986-11-03,369.51
1986-11-04,373.03
1986-11-05,366.36
1986-11-06,364.2
1986-11-07,356.11
1986-11-10,356.99
1986-11-11,374.8
1986-11-12,384.44
1986-11-13,379.46
1986-11-14,367.07
1986-11-17,359.36
1986-11-18,354.35
1986-11-19,350.32
1986-11-20,348.84
1986-11-21,357.71
1986-11-24,382.55
1986-11-25,389.14
1986-11-26,382.18
1986-11-27,395.35
1986-11-28,397.19
1986-12-02,402.01
1986-12-03,385.48
1986-12-04,383.66
1986-12-05,381.13
1986-12-08,378.18
1986-12-09,373.56
1986-12-10,370.29
1986-12-11,376.71
1986-12-12,386.01
1986-12-15,391.7
1986-12-16,395.24
1986-12-17,407.31
1986-12-18,413.18
1986-12-19,414.08
1986-12-22,416.53
1986-12-23,422.79
1986-12-24,426.32
1986-12-29,424.81
1987-01-02,442.27
1987-01-05,458.06
1987-01-06,465.14
1987-01-07,465.38
1987-01-08,486.03
1987-01-09,506.67
1987-01-12,517.39
1987-01-13,499.56
1987-01-14,500.21
1987-01-15,477.36
1987-01-16,482.93
1987-01-19,496.15
1987-01-20,496.13
1987-01-21,468.91
1987-01-22,483.57
1987-01-23,469.07
1987-01-26,459.36
1987-01-27,488.43
1987-01-28,504.8
1987-01-29,527.85
1987-01-30,524.89
1987-02-03,527.11
1987-02-04,525.22
1987-02-05,532.22
1987-02-06,536.72
1987-02-09,539.85
1987-02-10,527.94
1987-02-11,528.53
1987-02-12,524.5
1987-02-13,521.24
1987-02-16,518.65
1987-02-17,515.14
1987-02-18,499.62
1987-02-19,508.04
1987-02-20,511.21
1987-02-23,514.81
1987-02-24,513.51
1987-02-26,513.81
1987-02-27,517.17
1987-03-02,503.45
1987-03-03,499.34
1987-03-04,496.73
1987-03-05,479.7
1987-03-06,472.37
1987-03-09,470.12
1987-03-10,451.51
1987-03-11,458.5
1987-03-12,458.46
1987-03-13,472.58
1987-03-16,464.11
1987-03-17,461.34
1987-03-18,458.11
1987-03-19,452.93
1987-03-20,449.81
1987-03-23,454.12
1987-03-24,464.19
1987-03-25,475.18
1987-03-26,486.34
1987-03-27,503.15
1987-03-30,510.0
1987-03-31,514.4
1987-04-01,508.52
1987-04-02,511.11
1987-04-03,511.38
1987-04-06,508.5
1987-04-07,508.56
1987-04-08,507.7
1987-04-09,512.98
1987-04-10,516.95
1987-04-13,517.55
1987-04-14,518.21
1987-04-15,537.35
1987-04-20,540.51
1987-04-21,545.79
1987-04-22,546.68
1987-04-23,559.52
1987-04-24,565.38
1987-04-27,575.98
1987-04-28,565.98
1987-04-29,568.34
1987-04-30,566.65
1987-05-04,552.51
1987-05-05,567.83
1987-05-07,596.3
1987-05-08,595.15
1987-05-13,606.02
1987-05-14,596.24
1987-05-15,592.63
1987-05-18,586.16
1987-05-19,587.94
1987-05-20,588.26
1987-05-21,590.78
1987-05-22,594.87
1987-05-25,572.92
1987-05-26,577.16
1987-05-27,586.45
1987-05-28,589.94
1987-05-29,610.59
1987-06-01,613.59
1987-06-02,619.1
1987-06-03,636.66
1987-06-04,650.22
1987-06-05,671.24
1987-06-08,669.53
1987-06-09,678.18
1987-06-10,689.06
1987-06-11,696.78
1987-06-15,717.1
1987-06-16,738.22
1987-06-17,770.2
1987-06-18,775.9
1987-06-19,779.08
1987-06-22,781.87
1987-06-23,798.16
1987-06-24,842.89
1987-06-25,835.39
1987-06-26,882.29
1987-06-29,950.36
1987-06-30,930.5
1987-07-01,965.89
1987-07-02,1025.25
1987-07-03,1012.82
1987-07-06,955.64
1987-07-07,993.24
1987-07-08,1031.39
1987-07-09,1046.5
1987-07-10,1051.3
1987-07-13,1104.34
1987-07-14,1119.9399
1987-07-15,1112.0601
1987-07-16,1179.75
1987-07-17,1232.62
1987-07-20,1332.98
1987-07-21,1337.59
1987-07-22,1318.1899
1987-07-23,1229.76
1987-07-24,1075.61
1987-07-27,973.45
1987-07-28,1138.4399
1987-07-29,1129.3101
1987-07-30,1122.96
1987-07-31,1150.49
1987-08-03,1188.78
1987-08-04,1214.42
1987-08-05,1234.4399
1987-08-06,1251.77
1987-08-10,1234.26
1987-08-11,1207.71
1987-08-12,1141.92
1987-08-14,1168.91
1987-08-17,1106.39
1987-08-18,1029.51
1987-08-19,1037.11
1987-08-20,1070.88
1987-08-24,1001.58
1987-08-25,981.66
1987-08-26,1042.41
1987-08-27,1093.03
1987-08-31,1049.8101
1987-09-01,1002.05
1987-09-02,1033.37
1987-09-03,1011.95
1987-09-04,978.18
1987-09-07,864.17
1987-09-08,908.04
1987-09-09,899.91
1987-09-10,901.51
1987-09-11,897.73
1987-09-14,861.17
1987-09-15,818.09
1987-09-16,774.97
1987-09-17,693.99
1987-09-18,809.57
1987-09-21,804.29
1987-09-22,815.44
1987-09-23,780.62
1987-09-24,743.7
1987-09-25,710.33
1987-09-28,694.42
1987-09-29,723.11
1987-09-30,745.59
1987-10-01,805.74
1987-10-02,836.08
1987-10-05,812.7
1987-10-06,787.18
1987-10-07,803.63
1987-10-08,739.46
1987-10-09,748.35
1987-10-12,775.72
1987-10-13,797.42
1987-10-14,835.25
1987-10-15,834.82
1987-10-16,837.38
1987-10-19,895.03
1987-10-20,789.54
1987-10-21,795.16
1987-10-22,905.26
1987-10-23,857.98
1987-10-26,799.84
1987-10-27,811.39
1987-10-28,796.09
1987-10-29,732.98
1987-10-30,743.37
1987-11-02,773.99
1987-11-03,777.61
1987-11-04,751.46
1987-11-05,745.08
1987-11-06,735.33
1987-11-09,737.91
1987-11-10,734.62
1987-11-11,698.63
1987-11-12,674.13
1987-11-13,691.14
1987-11-16,680.91
1987-11-17,656.03
1987-11-18,626.18
1987-11-19,633.64
1987-11-20,652.13
1987-11-23,661.55
1987-11-24,683.99
1987-11-25,692.1
1987-11-27,692.06
1987-12-01,680.87
1987-12-02,662.37
1987-12-03,657.74
1987-12-04,656.98
1987-12-07,646.73
1987-12-08,642.72
1987-12-09,652.49
1987-12-10,677.95
1987-12-11,679.39
1987-12-14,701.25
1987-12-15,704.99
1987-12-16,688.65
1987-12-17,712.26
1987-12-18,713.31
1987-12-21,735.14
1987-12-22,743.05
1987-12-23,779.34
1987-12-24,801.46
1987-12-28,796.24
1987-12-29,813.17
1988-01-04,827.79
1988-01-05,814.85
1988-01-06,827.17
1988-01-07,844.3
1988-01-08,870.29
1988-01-11,857.43
1988-01-12,864.21
1988-01-13,841.12
1988-01-14,812.28
1988-01-15,828.05
1988-01-19,853.89
1988-01-20,861.59
1988-01-21,877.27
1988-01-22,858.49
1988-01-25,842.58
1988-01-26,847.55
1988-01-27,842.29
1988-01-28,823.74
1988-01-29,815.5
1988-02-01,785.73
1988-02-02,799.0
1988-02-03,820.54
1988-02-04,838.47
1988-02-05,816.89
1988-02-08,811.07
1988-02-09,792.53
1988-02-10,798.49
1988-02-11,792.42
1988-02-12,790.35
1988-02-15,793.48
1988-02-16,807.91
1988-02-17,798.49
1988-02-18,791.21
1988-02-19,783.76
1988-02-22,772.24
1988-02-23,771.71
1988-02-24,777.98
1988-02-26,772.41
1988-02-29,752.23
1988-03-01,759.62
1988-03-02,776.49
1988-03-03,788.7
1988-03-04,768.77
1988-03-07,748.41
1988-03-08,743.42
1988-03-09,747.68
1988-03-10,745.59
1988-03-11,744.83
1988-03-14,753.26
1988-03-15,750.74
1988-03-16,748.54
1988-03-17,737.3
1988-03-18,747.59
1988-03-21,744.28
1988-03-22,739.96
1988-03-23,729.42
1988-03-24,738.94
1988-03-25,739.58
1988-03-28,737.89
1988-03-29,744.29
1988-03-30,744.39
1988-04-04,727.42
1988-04-05,732.22
1988-04-06,740.35
1988-04-07,737.55
1988-04-08,738.91
1988-04-11,739.54
1988-04-12,736.94
1988-04-13,728.63
1988-04-14,734.62
1988-04-15,736.14
1988-04-18,754.89
1988-04-19,767.92
1988-04-20,749.27
1988-04-21,740.85
1988-04-22,780.14
1988-04-25,773.55
1988-04-26,765.78
1988-04-27,768.69
1988-04-28,780.95
1988-04-29,788.19
1988-05-02,788.11
1988-05-03,785.23
1988-05-04,788.55
1988-05-05,788.99
1988-05-06,777.59
1988-05-09,766.26
1988-05-10,775.14
1988-05-11,779.82
1988-05-12,781.13
1988-05-13,785.24
1988-05-16,784.71
1988-05-17,782.97
1988-05-18,796.6
1988-05-19,816.86
1988-05-20,815.91
1988-05-23,817.19
1988-05-24,803.91
1988-05-25,799.75
1988-05-26,800.32
1988-05-27,797.11
1988-05-30,794.82
1988-05-31,793.74
1988-06-01,803.07
1988-06-02,812.01
1988-06-03,828.86
1988-06-06,845.69
1988-06-07,844.74
1988-06-08,839.06
1988-06-09,842.49
1988-06-10,845.49
1988-06-13,836.33
1988-06-14,841.67
1988-06-15,849.57
1988-06-16,848.09
1988-06-17,849.98
1988-06-20,858.55
1988-06-21,860.63
1988-06-22,879.31
1988-06-23,880.76
1988-06-24,872.08
1988-06-27,860.67
1988-06-28,846.24
1988-06-29,849.01
1988-06-30,847.21
1988-07-01,852.14
1988-07-04,853.32
1988-07-05,857.11
1988-07-06,862.5
1988-07-07,860.77
1988-07-08,855.56
1988-07-11,848.81
1988-07-12,844.38
1988-07-13,848.4
1988-07-14,846.7
1988-07-15,850.57
1988-07-18,852.38
1988-07-19,855.05
1988-07-20,876.85
1988-07-21,874.81
1988-07-22,878.4
1988-07-25,881.55
1988-07-26,869.17
1988-07-27,859.11
1988-07-28,865.85
1988-07-29,870.99
1988-08-01,872.5
1988-08-02,880.59
1988-08-03,871.21
1988-08-04,857.47
1988-08-05,846.37
1988-08-08,831.69
1988-08-09,836.06
1988-08-10,827.49
1988-08-11,810.35
1988-08-12,807.17
1988-08-15,801.25
1988-08-16,811.28
1988-08-17,802.46
1988-08-18,824.52
1988-08-19,819.95
1988-08-22,797.03
1988-08-23,782.45
1988-08-24,762.26
1988-08-25,741.81
1988-08-26,761.66
1988-08-29,763.11
1988-08-30,775.85
1988-08-31,786.15
1988-09-01,774.85
1988-09-02,763.19
1988-09-05,767.11
1988-09-06,762.12
1988-09-07,758.14
1988-09-08,754.17
1988-09-09,757.35
1988-09-12,753.94
1988-09-13,759.07
1988-09-14,748.28
1988-09-15,747.54
1988-09-16,746.16
1988-09-19,744.92
1988-09-20,742.82
1988-09-21,742.05
1988-09-22,736.0
1988-09-23,736.46
1988-09-26,729.91
1988-09-27,723.68
1988-09-28,705.05
1988-09-29,694.85
1988-09-30,699.98
1988-10-03,700.56
1988-10-04,686.1
1988-10-05,688.69
1988-10-06,692.34
1988-10-07,697.01
1988-10-10,716.68
1988-10-11,716.81
1988-10-12,724.48
1988-10-13,725.36
1988-10-14,725.52
1988-10-17,746.3
1988-10-18,743.63
1988-10-19,739.54
1988-10-20,733.85
1988-10-21,743.75
1988-10-24,740.34
1988-10-26,726.62
1988-10-27,726.81
1988-10-28,728.68
1988-11-02,728.15
1988-11-03,730.75
1988-11-04,729.96
1988-11-07,731.86
1988-11-08,730.01
1988-11-09,737.09
1988-11-10,737.82
1988-11-11,727.87
1988-11-14,722.29
1988-11-15,733.59
1988-11-16,729.75
1988-11-17,720.17
1988-11-18,719.54
1988-11-21,718.35
1988-11-22,719.05
1988-11-23,728.48
1988-11-24,732.33
1988-11-25,733.01
1988-11-28,736.55
1988-11-29,730.73
1988-12-01,739.7
1988-12-02,756.92
1988-12-05,764.27
1988-12-06,760.3
1988-12-07,759.59
1988-12-08,757.69
1988-12-09,761.33
1988-12-12,757.9
1988-12-13,762.84
1988-12-14,777.01
1988-12-15,774.13
1988-12-16,779.28
1988-12-19,805.0
1988-12-20,816.67
1988-12-21,809.23
1988-12-22,794.97
1988-12-23,798.84
1988-12-26,811.86
1988-12-27,822.98
1988-12-28,823.02
1988-12-29,841.65
1989-01-02,847.43
1989-01-03,828.21
1989-01-04,848.05
1989-01-05,847.11
1989-01-06,853.7
1989-01-09,853.86
1989-01-10,841.71
1989-01-11,837.1
1989-01-12,836.56
1989-01-13,838.61
1989-01-16,844.87
1989-01-17,853.62
1989-01-18,863.94
1989-01-19,862.26
1989-01-20,857.58
1989-01-23,855.24
1989-01-24,851.77
1989-01-25,849.0
1989-01-26,847.96
1989-01-27,848.62
1989-01-30,851.35
1989-01-31,838.02
1989-02-01,834.22
1989-02-02,824.5
1989-02-03,815.23
1989-02-06,804.62
1989-02-07,807.58
1989-02-08,819.0
1989-02-09,828.59
1989-02-10,842.66
1989-02-13,838.95
1989-02-14,822.22
1989-02-15,818.54
1989-02-16,820.45
1989-02-17,825.03
1989-02-20,820.27
1989-02-21,822.73
1989-02-22,839.06
1989-02-23,840.7
1989-02-24,836.61
1989-02-27,843.73
1989-02-28,870.31
1989-03-01,877.16
1989-03-02,888.47
1989-03-03,906.58
1989-03-06,933.18
1989-03-07,917.54
1989-03-08,914.71
1989-03-09,917.83
1989-03-10,929.13
1989-03-13,930.51
1989-03-14,905.98
1989-03-15,874.38
1989-03-16,864.37
1989-03-17,866.16
1989-03-20,868.62
1989-03-21,879.38
1989-03-22,892.63
1989-03-27,884.24
1989-03-29,892.37
1989-03-30,890.83
1989-03-31,909.39
1989-04-03,942.32
1989-04-04,949.01
1989-04-05,950.37
1989-04-06,947.38
1989-04-07,934.06
1989-04-10,922.07
1989-04-11,923.33
1989-04-12,922.14
1989-04-13,922.76
1989-04-14,934.9
1989-04-17,938.58
1989-04-18,942.11
1989-04-19,956.3
1989-04-20,958.36
1989-04-21,981.85
1989-04-24,984.22
1989-04-25,993.68
1989-04-26,967.11
1989-04-27,979.68
1989-04-28,1002.35
1989-05-02,1004.35
1989-05-03,1010.38
1989-05-04,1020.35
1989-05-05,1041.5699
1989-05-08,1046.27
1989-05-09,1039.41
1989-05-10,1044.01
1989-05-11,1061.49
1989-05-12,1083.35
1989-05-15,1095.2
1989-05-16,1090.64
1989-05-17,1075.15
1989-05-18,1102.97
1989-05-19,1084.53
1989-05-22,1045.7
1989-05-23,1045.12
1989-05-24,1048.6899
1989-05-25,1020.98
1989-05-26,1014.93
1989-05-29,993.43
1989-05-30,1016.07
1989-05-31,1038.88
1989-06-01,1026.9399
1989-06-02,1040.28
1989-06-05,1031.17
1989-06-06,1015.07
1989-06-07,1029.78
1989-06-08,1057.6
1989-06-09,1046.3
1989-06-13,1042.26
1989-06-14,1043.35
1989-06-15,1038.72
1989-06-16,1048.5601
1989-06-19,1065.6
1989-06-20,1064.83
1989-06-21,1074.1899
1989-06-22,1066.0
1989-06-23,1069.3101
1989-06-26,1060.65
1989-06-27,1056.37
1989-06-28,1047.01
1989-06-29,1031.26
1989-06-30,1012.72
1989-07-03,1004.33
1989-07-04,976.3
1989-07-05,987.32
1989-07-06,1009.3
1989-07-07,1005.5
1989-07-10,1009.56
1989-07-11,1007.52
1989-07-12,1015.86
1989-07-13,1033.74
1989-07-14,1036.87
1989-07-17,1029.64
1989-07-18,1028.55
1989-07-19,1040.39
1989-07-20,1049.61
1989-07-21,1065.78
1989-07-24,1078.24
1989-07-25,1079.58
1989-07-26,1111.21
1989-07-27,1148.45
1989-07-28,1198.02
1989-07-31,1168.2
1989-08-01,1149.46
1989-08-02,1165.38
1989-08-03,1200.6
1989-08-04,1191.26
1989-08-07,1174.98
1989-08-08,1201.86
1989-08-09,1208.77
1989-08-10,1217.4399
1989-08-11,1204.54
1989-08-14,1183.26
1989-08-15,1163.73
1989-08-16,1150.99
1989-08-17,1137.3
1989-08-18,1135.6899
1989-08-21,1133.55
1989-08-22,1136.4
1989-08-23,1150.84
1989-08-24,1158.83
1989-08-25,1157.9
1989-08-28,1148.3101
1989-08-29,1134.86
1989-08-30,1123.14
1989-08-31,1126.51
1989-09-01,1163.01
1989-09-04,1154.72
1989-09-05,1151.98
1989-09-06,1160.51
1989-09-07,1146.53
1989-09-08,1157.09
1989-09-11,1140.88
1989-09-12,1137.71
1989-09-13,1130.46
1989-09-14,1131.61
1989-09-15,1144.67
1989-09-18,1138.4399
1989-09-19,1127.46
1989-09-20,1129.1
1989-09-21,1135.86
1989-09-22,1128.34
1989-09-25,1151.5601
1989-09-26,1153.3101
1989-09-27,1151.9399
1989-09-28,1147.9399
1989-09-29,1145.9
1989-10-02,1126.48
1989-10-03,1114.74
1989-10-04,1121.83
1989-10-05,1159.21
1989-10-06,1216.45
1989-10-09,1242.89
1989-10-10,1236.42
1989-10-12,1264.5699
1989-10-13,1288.62
1989-10-16,1212.21
1989-10-17,1222.83
1989-10-18,1197.26
1989-10-19,1214.1801
1989-10-20,1259.9399
1989-10-23,1283.89
1989-10-24,1287.6899
1989-10-25,1275.1801
1989-10-26,1278.99
1989-10-27,1264.03
1989-10-30,1277.25
1989-10-31,1309.37
1989-11-02,1322.0699
1989-11-03,1310.4399
1989-11-06,1348.16
1989-11-07,1342.14
1989-11-08,1356.73
1989-11-09,1363.23
1989-11-10,1363.27
1989-11-13,1382.48
1989-11-14,1392.87
1989-11-15,1376.42
1989-11-16,1359.53
1989-11-17,1377.85
1989-11-20,1396.26
1989-11-21,1386.52
1989-11-23,1375.55
1989-11-24,1369.41
1989-11-27,1352.1
1989-11-28,1343.25
1989-11-29,1317.86
1989-12-11,1211.8199
1989-12-12,1162.21
1989-12-13,1103.28
1989-12-14,1062.54
1989-12-15,1002.81
1989-12-18,977.44
1989-12-19,985.66
1989-12-20,1028.1
1989-12-21,1048.6801
1989-12-22,1074.96
1989-12-26,1131.85
1989-12-27,1115.22
1989-12-28,1104.5
1989-12-29,1104.5699
1990-01-02,1115.45
1990-01-03,1109.74
1990-01-04,1119.33
1990-01-05,1124.1899
1990-01-08,1127.39
1990-01-09,1121.7
1990-01-10,1120.23
1990-01-11,1107.78
1990-01-12,1099.5
1990-01-15,1076.51
1990-01-16,1056.12
1990-01-17,1057.76
1990-01-18,1059.25
1990-01-19,1080.35
1990-01-22,1079.88
1990-01-23,1073.71
1990-01-24,1067.01
1990-01-25,1058.74
1990-01-26,1048.17
1990-01-29,1065.92
1990-01-30,1063.64
1990-01-31,1048.9301
1990-02-01,1043.28
1990-02-02,1016.02
1990-02-05,1020.24
1990-02-06,1032.38
1990-02-07,1038.91
1990-02-08,1035.54
1990-02-09,1041.0601
1990-02-12,1047.9399
1990-02-13,1056.1
1990-02-14,1059.7
1990-02-15,1034.48
1990-02-16,1040.35
1990-02-19,1048.88
1990-02-20,1047.65
1990-02-21,1044.79
1990-02-22,1041.22
1990-02-23,1031.97
1990-02-26,1025.21
1990-02-27,1021.85
1990-02-28,1015.95
1990-03-01,1016.21
1990-03-02,1028.3199
1990-03-05,1014.09
1990-03-06,1023.86
1990-03-07,1034.1
1990-03-08,1037.25
1990-03-09,1035.3199
1990-03-12,1037.7
1990-03-13,1061.22
1990-03-14,1084.0699
1990-03-15,1115.61
1990-03-16,1128.33
1990-03-19,1150.74
1990-03-20,1117.0
1990-03-21,1160.7
1990-03-22,1135.6899
1990-03-23,1115.46
1990-03-26,1129.45
1990-03-27,1129.6
1990-03-28,1120.3101
1990-03-29,1098.1801
1990-03-30,1099.3101
1990-04-02,1089.7
1990-04-03,1083.7
1990-04-04,1096.59
1990-04-05,1091.7
1990-04-06,1087.55
1990-04-10,1078.64
1990-04-11,1094.54
1990-04-16,1096.02
1990-04-17,1096.77
1990-04-18,1094.52
1990-04-19,1084.67
1990-04-20,1075.3101
1990-04-23,1062.85
1990-04-24,1042.22
1990-04-25,1029.4301
1990-04-26,1011.38
1990-04-27,977.3
1990-04-30,936.57
1990-05-02,963.08
1990-05-03,952.17
1990-05-04,953.47
1990-05-07,976.82
1990-05-08,985.54
1990-05-09,998.64
1990-05-10,975.42
1990-05-11,976.41
1990-05-14,977.08
1990-05-15,974.8
1990-05-16,974.92
1990-05-17,960.43
1990-05-18,924.26
1990-05-21,932.18
1990-05-22,908.0
1990-05-23,878.36
1990-05-24,874.89
1990-05-25,903.61
1990-05-28,881.23
1990-05-29,860.72
1990-05-30,798.15
1990-05-31,817.86
1990-06-01,817.3
1990-06-04,800.44
1990-06-05,773.5
1990-06-06,740.31
1990-06-07,764.53
1990-06-08,772.15
1990-06-11,802.74
1990-06-13,855.76
1990-06-14,861.4
1990-06-15,887.98
1990-06-18,920.51
1990-06-19,910.87
1990-06-20,919.78
1990-06-21,927.7
1990-06-22,945.58
1990-06-25,918.93
1990-06-26,905.3
1990-06-27,899.26
1990-06-28,895.41
1990-06-29,882.98
1990-07-02,870.17
1990-07-03,852.45
1990-07-04,837.82
1990-07-05,870.48
1990-07-06,873.67
1990-07-09,884.79
1990-07-10,888.54
1990-07-11,889.67
1990-07-12,889.04
1990-07-13,884.17
1990-07-16,891.5
1990-07-17,897.17
1990-07-18,882.22
1990-07-19,880.48
1990-07-20,883.16
1990-07-23,882.08
1990-07-24,886.12
1990-07-25,888.47
1990-07-26,915.65
1990-07-27,924.57
1990-07-30,936.63
1990-07-31,936.02
1990-08-01,935.52
1990-08-02,937.99
1990-08-03,922.33
1990-08-06,896.71
1990-08-07,869.44
1990-08-08,870.61
1990-08-09,871.18
1990-08-10,856.71
1990-08-13,824.78
1990-08-14,828.98
1990-08-15,843.86
1990-08-16,844.33
1990-08-17,835.07
1990-08-20,791.53
1990-08-21,787.13
1990-08-22,732.07
1990-08-23,683.58
1990-08-24,696.76
1990-08-27,726.05
1990-08-28,752.06
1990-08-29,742.48
1990-08-30,740.5
1990-08-31,750.27
1990-09-03,748.16
1990-09-04,732.42
1990-09-05,726.33
1990-09-06,717.71
1990-09-07,712.67
1990-09-10,701.68
1990-09-11,695.36
1990-09-12,670.24
1990-09-13,671.43
1990-09-14,642.3
1990-09-17,625.57
1990-09-18,615.39
1990-09-19,621.51
1990-09-20,643.91
1990-09-21,626.26
1990-09-24,605.71
1990-09-25,567.11
1990-09-26,551.75
1990-09-27,544.02
1990-09-28,546.55
1990-10-01,535.5
1990-10-02,537.77
1990-10-03,549.66
1990-10-04,515.39
1990-10-05,514.8
1990-10-08,567.37
1990-10-09,571.81
1990-10-10,552.34
1990-10-11,540.62
1990-10-12,545.18
1990-10-15,537.45
1990-10-16,535.66
1990-10-17,540.93
1990-10-18,537.25
1990-10-19,540.45
1990-10-22,547.65
1990-10-23,555.0
1990-10-24,573.16
1990-10-25,613.14
1990-10-26,616.39
1990-10-29,606.19
1990-10-30,596.65
1990-10-31,609.85
1990-11-02,599.74
1990-11-05,598.53
1990-11-06,612.49
1990-11-07,608.37
1990-11-08,596.35
1990-11-09,595.01
1990-11-12,594.52
1990-11-13,610.11
1990-11-14,614.5
1990-11-15,647.54
1990-11-16,645.82
1990-11-19,651.63
1990-11-20,677.3
1990-11-21,663.89
1990-11-22,653.75
1990-11-23,643.75
1990-11-26,634.2
1990-11-27,610.62
1990-11-28,615.49
1990-11-29,620.62
1990-12-03,631.44
1990-12-04,631.39
1990-12-05,613.91
1990-12-06,618.11
1990-12-07,621.99
1990-12-10,643.15
1990-12-11,664.29
1990-12-12,675.98
1990-12-13,687.87
1990-12-14,690.25
1990-12-17,674.45
1990-12-18,655.62
1990-12-19,657.45
1990-12-20,667.59
1990-12-21,664.1
1990-12-26,657.78
1990-12-27,651.65
1990-12-28,651.78
1991-01-02,628.89
1991-01-03,595.47
1991-01-04,612.63
1991-01-07,601.97
1991-01-08,593.78
1991-01-09,586.83
1991-01-10,582.64
1991-01-11,586.84
1991-01-14,605.21
1991-01-15,595.11
1991-01-16,602.26
1991-01-17,628.99
1991-01-18,665.79
1991-01-21,650.77
1991-01-22,652.12
1991-01-23,648.7
1991-01-24,665.84
1991-01-25,691.55
1991-01-28,706.71
1991-01-29,722.87
1991-01-30,746.95
1991-01-31,756.43
1991-02-01,739.1
1991-02-04,758.86
1991-02-05,805.16
1991-02-06,863.45
1991-02-07,857.51
1991-02-08,841.72
1991-02-11,876.68
1991-02-12,887.41
1991-02-13,866.01
1991-02-14,862.48
1991-02-15,874.71
1991-02-18,885.1
1991-02-19,894.52
1991-02-20,914.17
1991-02-21,931.22
1991-02-22,956.02
1991-02-25,1006.04
1991-02-26,976.33
1991-02-27,966.69
1991-02-28,983.03
1991-03-01,962.56
1991-03-04,933.5
1991-03-05,941.09
1991-03-06,967.26
1991-03-07,971.43
1991-03-08,986.35
1991-03-11,990.24
1991-03-12,1020.61
1991-03-13,1026.45
1991-03-14,1007.52
1991-03-15,999.06
1991-03-18,1007.56
1991-03-19,1016.68
1991-03-20,989.09
1991-03-21,989.3
1991-03-22,1001.38
1991-03-25,1034.4
1991-03-26,1068.01
1991-03-27,1097.86
1991-04-01,1117.9
1991-04-02,1110.77
1991-04-03,1106.98
1991-04-04,1128.87
1991-04-05,1148.36
1991-04-08,1154.73
1991-04-10,1067.6801
1991-04-11,1060.79
1991-04-12,1070.58
1991-04-15,1095.9
1991-04-16,1090.46
1991-04-17,1080.9301
1991-04-18,1091.36
1991-04-19,1071.5
1991-04-22,1026.09
1991-04-23,1022.83
1991-04-24,1046.3101
1991-04-25,1052.9301
1991-04-26,1048.1801
1991-04-29,1033.5601
1991-04-30,1057.53
1991-05-02,1061.83
1991-05-03,1058.6801
1991-05-06,1054.7
1991-05-07,1100.89
1991-05-08,1113.4301
1991-05-09,1118.5
1991-05-10,1117.4399
1991-05-13,1109.41
1991-05-14,1125.86
1991-05-15,1124.48
1991-05-16,1109.49
1991-05-17,1116.55
1991-05-20,1144.86
1991-05-21,1162.21
1991-05-22,1178.37
1991-05-23,1166.75
1991-05-24,1194.3101
1991-05-27,1179.46
1991-05-28,1167.15
1991-05-29,1183.4
1991-05-30,1176.26
1991-05-31,1173.59
1991-06-03,1146.8199
1991-06-04,1149.91
1991-06-05,1138.48
1991-06-06,1142.8199
1991-06-07,1157.52
1991-06-10,1146.54
1991-06-11,1150.6801
1991-06-13,1142.15
1991-06-14,1141.62
1991-06-17,1095.09
1991-06-18,1086.87
1991-06-19,1113.36
1991-06-20,1101.16
1991-06-21,1082.62
1991-06-24,1046.53
1991-06-25,1024.6801
1991-06-26,1048.88
1991-06-27,1042.3199
1991-06-28,1059.26
1991-07-01,1053.45
1991-07-02,1061.98
1991-07-03,1074.16
1991-07-04,1094.17
1991-07-05,1063.83
1991-07-08,1027.08
1991-07-09,1001.08
1991-07-10,990.31
1991-07-11,984.14
1991-07-12,990.25
1991-07-15,993.91
1991-07-16,993.22
1991-07-17,978.39
1991-07-18,983.5
1991-07-19,1022.97
1991-07-23,1010.34
1991-07-24,1003.6
1991-07-25,988.91
1991-07-26,996.58
1991-07-29,999.92
1991-07-30,1021.72
1991-07-31,1017.15
1991-08-01,1007.74
1991-08-02,1011.66
1991-08-05,1017.87
1991-08-06,1011.88
1991-08-07,1008.86
1991-08-08,986.85
1991-08-09,975.37
1991-08-12,968.86
1991-08-13,945.95
1991-08-14,936.98
1991-08-15,953.91
1991-08-16,952.76
1991-08-19,947.73
1991-08-20,918.31
1991-08-21,922.02
1991-08-22,957.91
1991-08-23,969.16
1991-08-26,990.47
1991-08-27,1005.23
1991-08-28,1025.99
1991-08-29,1024.6801
1991-08-30,1017.55
1991-09-02,1015.27
1991-09-03,1022.0
1991-09-04,1013.8
1991-09-05,1014.44
1991-09-06,1003.22
1991-09-09,958.75
1991-09-10,946.61
1991-09-11,895.28
1991-09-12,902.02
1991-09-13,918.58
1991-09-16,905.7
1991-09-17,907.69
1991-09-18,906.95
1991-09-19,907.01
1991-09-20,905.28
1991-09-23,912.75
1991-09-24,966.59
1991-09-25,973.67
1991-09-26,965.31
1991-09-27,959.33
1991-09-30,934.32
1991-10-01,941.11
1991-10-02,950.4
1991-10-03,960.31
1991-10-04,988.27
1991-10-07,998.99
1991-10-08,982.5
1991-10-09,982.51
1991-10-10,968.07
1991-10-11,978.81
1991-10-14,1009.15
1991-10-15,1030.53
1991-10-16,1034.22
1991-10-17,1018.85
1991-10-18,1019.42
1991-10-21,1021.86
1991-10-22,1014.99
1991-10-23,1013.31
1991-10-24,1008.13
1991-10-25,1008.17
1991-10-28,1007.09
1991-10-29,1009.56
1991-10-30,1021.38
1991-10-31,1025.3
1991-11-04,1026.49
1991-11-05,1031.7
1991-11-06,1038.11
1991-11-07,1053.88
1991-11-08,1080.86
1991-11-11,1119.64
1991-11-12,1103.52
1991-11-13,1118.65
1991-11-14,1136.47
1991-11-15,1132.27
1991-11-18,1099.65
1991-11-19,1102.3101
1991-11-20,1094.49
1991-11-21,1108.42
1991-11-22,1105.3101
1991-11-25,1105.03
1991-11-26,1090.0699
1991-11-27,1094.99
1991-11-28,1092.04
1991-11-29,1088.08
1991-12-02,1096.03
1991-12-03,1104.91
1991-12-04,1104.29
1991-12-05,1115.5699
1991-12-06,1102.45
1991-12-09,1111.42
1991-12-10,1141.13
1991-12-11,1129.08
1991-12-12,1125.77
1991-12-13,1126.1
1991-12-16,1113.08
1991-12-17,1111.3101
1991-12-18,1114.58
1991-12-19,1114.4301
1991-12-20,1119.73
1991-12-23,1115.46
1991-12-24,1125.12
1991-12-26,1138.78
1991-12-27,1151.87
1992-01-02,1172.78
1992-01-03,1221.16
1992-01-06,1231.24
1992-01-07,1241.48
1992-01-08,1227.39
1992-01-09,1208.09
1992-01-10,1219.83
1992-01-13,1224.34
1992-01-14,1236.66
1992-01-15,1260.5
1992-01-16,1276.79
1992-01-17,1303.3
1992-01-20,1303.0
1992-01-21,1301.0
1992-01-22,1281.3101
1992-01-23,1282.28
1992-01-24,1278.6801
1992-01-27,1268.2
1992-01-28,1230.59
1992-01-29,1242.04
1992-01-30,1231.03
1992-01-31,1255.97
1992-02-03,1267.28
1992-02-04,1261.9399
1992-02-05,1246.87
1992-02-06,1252.37
1992-02-07,1253.5699
1992-02-10,1234.53
1992-02-11,1212.79
1992-02-12,1225.48
1992-02-13,1219.3199
1992-02-14,1201.75
1992-02-17,1179.1
1992-02-18,1176.5699
1992-02-19,1141.01
1992-02-20,1139.36
1992-02-21,1156.08
1992-02-24,1188.3101
1992-02-25,1215.15
1992-02-26,1193.48
1992-02-27,1201.11
1992-02-28,1183.67
1992-03-02,1171.83
1992-03-03,1157.46
1992-03-04,1159.98
1992-03-05,1157.61
1992-03-06,1118.8101
1992-03-09,1106.38
1992-03-10,1116.71
1992-03-11,1120.03
1992-03-12,1118.21
1992-03-13,1122.63
1992-03-16,1106.61
1992-03-17,1083.01
1992-03-18,1101.27
1992-03-19,1105.0699
1992-03-20,1120.17
1992-03-23,1101.79
1992-03-24,1094.63
1992-03-25,1088.95
1992-03-26,1086.6
1992-03-27,1086.11
1992-03-30,1091.1899
1992-03-31,1092.9399
1992-04-01,1099.8101
1992-04-02,1102.95
1992-04-03,1111.77
1992-04-06,1131.4301
1992-04-07,1139.8199
1992-04-08,1135.99
1992-04-10,1134.83
1992-04-13,1136.09
1992-04-14,1149.24
1992-04-15,1170.8
1992-04-20,1176.22
1992-04-21,1171.54
1992-04-22,1164.39
1992-04-23,1178.3
1992-04-24,1174.6801
1992-04-27,1190.87
1992-04-28,1211.48
1992-04-29,1228.24
1992-04-30,1239.02
1992-05-04,1245.83
1992-05-05,1245.52
1992-05-06,1209.74
1992-05-07,1231.45
1992-05-08,1235.02
1992-05-13,1328.04
1992-05-14,1337.35
1992-05-15,1338.37
1992-05-18,1317.11
1992-05-19,1338.95
1992-05-20,1358.2
1992-05-21,1376.8
1992-05-22,1379.6899
1992-05-25,1432.84
1992-05-26,1440.91
1992-05-27,1421.83
1992-05-28,1403.35
1992-05-29,1399.3199
1992-06-01,1387.79
1992-06-02,1405.72
1992-06-03,1439.42
1992-06-04,1496.73
1992-06-05,1517.21
1992-06-08,1580.28
1992-06-09,1568.25
1992-06-10,1573.34
1992-06-11,1580.95
1992-06-15,1575.5601
1992-06-16,1578.48
1992-06-17,1535.8199
1992-06-18,1499.78
1992-06-19,1493.92
1992-06-22,1519.54
1992-06-23,1453.86
1992-06-24,1477.5699
1992-06-25,1477.9
1992-06-26,1525.3199
1992-06-29,1555.8101
1992-07-01,1524.09
1992-07-02,1513.5699
1992-07-03,1477.16
1992-07-06,1496.33
1992-07-08,1481.8199
1992-07-09,1435.52
1992-07-10,1476.28
1992-07-13,1444.73
1992-07-14,1437.79
1992-07-15,1428.41
1992-07-16,1451.5
1992-07-17,1449.48
1992-07-20,1453.0
1992-07-21,1433.04
1992-07-22,1453.79
1992-07-23,1470.76
1992-07-24,1463.39
1992-07-27,1475.1
1992-07-28,1477.67
1992-07-29,1485.3101
1992-07-30,1495.72
1992-07-31,1499.5
1992-08-03,1479.8199
1992-08-04,1491.98
1992-08-05,1485.85
1992-08-06,1463.8
1992-08-07,1462.76
1992-08-10,1445.65
1992-08-11,1445.67
1992-08-12,1471.25
1992-08-13,1491.46
1992-08-14,1520.17
1992-08-17,1519.85
1992-08-18,1523.6801
1992-08-19,1517.34
1992-08-20,1490.5699
1992-08-21,1475.12
1992-08-24,1455.71
1992-08-25,1440.45
1992-08-26,1454.49
1992-08-27,1426.3101
1992-08-28,1386.77
1992-08-31,1376.66
1992-09-01,1366.91
1992-09-02,1392.34
1992-09-03,1392.27
1992-09-04,1392.0
1992-09-07,1413.7
1992-09-08,1412.9
1992-09-09,1407.47
1992-09-10,1413.0
1992-09-11,1417.96
1992-09-14,1418.51
1992-09-15,1429.27
1992-09-16,1433.4399
1992-09-17,1427.02
1992-09-18,1421.33
1992-09-21,1410.65
1992-09-22,1396.15
1992-09-23,1387.55
1992-09-24,1386.42
1992-09-25,1389.61
1992-09-28,1386.47
1992-09-29,1395.36
1992-09-30,1404.54
1992-10-01,1418.11
1992-10-02,1428.78
1992-10-05,1442.65
1992-10-06,1417.78
1992-10-07,1407.8
1992-10-08,1403.8199
1992-10-09,1408.13
1992-10-12,1391.88
1992-10-13,1398.5601
1992-10-14,1386.8101
1992-10-15,1368.34
1992-10-16,1371.11
1992-10-19,1357.61
1992-10-20,1344.41
1992-10-21,1354.15
1992-10-22,1327.6801
1992-10-23,1321.41
1992-10-27,1322.14
1992-10-28,1331.55
1992-10-29,1357.01
1992-10-30,1361.4
1992-11-03,1352.52
1992-11-04,1362.5699
1992-11-05,1356.66
1992-11-06,1350.6801
1992-11-09,1345.66
1992-11-10,1337.17
1992-11-11,1335.29
1992-11-12,1340.99
1992-11-13,1346.92
1992-11-16,1339.5699
1992-11-17,1324.23
1992-11-18,1315.16
1992-11-19,1310.59
1992-11-20,1303.63
1992-11-23,1299.5699
1992-11-24,1291.6801
1992-11-25,1281.1801
1992-11-26,1263.6899
1992-11-27,1263.58
1992-12-01,1266.41
1992-12-02,1273.33
1992-12-03,1279.47
1992-12-07,1284.23
1992-12-08,1278.58
1992-12-09,1265.8199
1992-12-10,1248.83
1992-12-11,1232.36
1992-12-14,1202.5699
1992-12-15,1183.5
1992-12-16,1222.92
1992-12-17,1226.73
1992-12-18,1215.8101
1992-12-21,1207.5
1992-12-22,1207.16
1992-12-23,1223.67
1992-12-24,1234.5699
1992-12-28,1241.01
1992-12-29,1256.22
1993-01-04,1270.6801
1993-01-05,1274.61
1993-01-06,1277.42
1993-01-07,1292.21
1993-01-08,1313.3101
1993-01-11,1314.09
1993-01-12,1308.17
1993-01-13,1320.76
1993-01-14,1320.55
1993-01-15,1312.55
1993-01-18,1306.65
1993-01-19,1282.99
1993-01-20,1309.6801
1993-01-21,1331.24
1993-01-22,1341.47
1993-01-25,1340.14
1993-01-26,1317.3101
1993-01-27,1324.34
1993-01-28,1340.9
1993-01-29,1344.24
1993-02-01,1337.52
1993-02-02,1334.73
1993-02-03,1331.6801
1993-02-04,1337.04
1993-02-05,1342.01
1993-02-08,1379.89
1993-02-09,1374.54
1993-02-10,1379.67
1993-02-11,1403.61
1993-02-12,1404.65
1993-02-15,1406.09
1993-02-16,1413.08
1993-02-17,1409.11
1993-02-18,1458.26
1993-02-19,1473.24
1993-02-22,1471.87
1993-02-23,1474.92
1993-02-24,1482.46
1993-02-26,1519.37
1993-03-01,1494.39
1993-03-02,1473.95
1993-03-03,1518.67
1993-03-04,1539.85
1993-03-05,1543.15
1993-03-08,1527.48
1993-03-09,1529.5
1993-03-10,1529.8199
1993-03-11,1503.73
1993-03-12,1494.6801
1993-03-15,1471.65
1993-03-16,1475.78
1993-03-17,1456.04
1993-03-18,1435.58
1993-03-19,1453.72
1993-03-22,1455.6
1993-03-23,1443.25
1993-03-24,1460.3
1993-03-25,1452.5699
1993-03-26,1451.01
1993-03-29,1440.1
1993-03-30,1448.4
1993-03-31,1452.67
1993-04-01,1460.29
1993-04-02,1480.3
1993-04-05,1515.4
1993-04-06,1529.38
1993-04-07,1556.13
1993-04-12,1564.89
1993-04-13,1564.35
1993-04-14,1578.85
1993-04-15,1583.25
1993-04-16,1580.6801
1993-04-19,1568.65
1993-04-20,1554.8101
1993-04-21,1532.76
1993-04-22,1540.7
1993-04-23,1546.99
1993-04-26,1552.41
1993-04-27,1549.39
1993-04-28,1564.67
1993-04-29,1594.59
1993-04-30,1604.33
1993-05-03,1615.46
1993-05-04,1636.52
1993-05-05,1654.39
1993-05-06,1643.5
1993-05-07,1653.91
1993-05-10,1642.62
1993-05-11,1607.61
1993-05-12,1605.71
1993-05-13,1596.1899
1993-05-14,1604.73
1993-05-17,1616.04
1993-05-18,1596.14
1993-05-19,1574.36
1993-05-20,1575.72
1993-05-21,1572.1
1993-05-24,1577.71
1993-05-25,1592.64
1993-05-26,1608.85
1993-05-27,1609.03
1993-05-28,1597.45
1993-05-31,1588.76
1993-06-01,1580.26
1993-06-02,1572.5601
1993-06-03,1581.15
1993-06-04,1587.29
1993-06-07,1604.17
1993-06-08,1599.65
1993-06-09,1581.84
1993-06-10,1578.08
1993-06-11,1580.49
1993-06-14,1581.27
1993-06-15,1568.42
1993-06-16,1568.4
1993-06-17,1576.3
1993-06-18,1577.86
1993-06-21,1573.91
1993-06-22,1568.96
1993-06-23,1554.66
1993-06-24,1548.89
1993-06-25,1543.41
1993-06-28,1556.41
1993-06-29,1568.78
1993-06-30,1577.47
1993-07-01,1587.04
1993-07-02,1583.97
1993-07-05,1579.51
1993-07-06,1593.51
1993-07-07,1606.5
1993-07-08,1630.77
1993-07-09,1631.49
1993-07-12,1629.78
1993-07-13,1624.6801
1993-07-14,1616.98
1993-07-15,1624.0699
1993-07-16,1615.0601
1993-07-19,1621.7
1993-07-20,1650.77
1993-07-21,1681.86
1993-07-22,1706.95
1993-07-23,1715.78
1993-07-26,1704.1
1993-07-27,1738.38
1993-07-28,1740.97
1993-07-29,1738.34
1993-07-30,1751.21
1993-08-02,1775.86
1993-08-03,1783.3
1993-08-04,1768.41
1993-08-05,1760.92
1993-08-06,1743.97
1993-08-09,1715.79
1993-08-10,1734.1899
1993-08-11,1747.67
1993-08-12,1751.6801
1993-08-13,1759.65
1993-08-16,1763.08
1993-08-17,1775.1
1993-08-18,1767.6
1993-08-19,1760.84
1993-08-20,1775.76
1993-08-23,1796.05
1993-08-24,1793.52
1993-08-25,1777.77
1993-08-26,1769.17
1993-08-27,1765.79
1993-08-30,1775.85
1993-08-31,1780.79
1993-09-01,1827.2
1993-09-02,1842.72
1993-09-03,1877.75
1993-09-06,1877.11
1993-09-07,1882.0
1993-09-08,1883.02
1993-09-09,1911.77
1993-09-10,1919.22
1993-09-13,1978.8101
1993-09-14,1954.4
1993-09-15,1952.16
1993-09-16,1975.73
1993-09-17,1996.37
1993-09-20,1967.97
1993-09-21,1939.71
1993-09-22,1921.4301
1993-09-23,1938.2
1993-09-24,1953.52
1993-09-27,1956.17
1993-09-28,1961.12
1993-09-29,1982.41
1993-09-30,1973.76
1993-10-01,1959.55
1993-10-04,1904.54
1993-10-05,1951.0601
1993-10-06,1948.6899
1993-10-07,1961.04
1993-10-08,1982.72
1993-10-11,2026.53
1993-10-12,2093.8301
1993-10-13,2112.03
1993-10-14,2136.75
1993-10-15,2175.25
1993-10-18,2187.95
1993-10-19,2158.99
1993-10-20,2205.78
1993-10-21,2247.46
1993-10-22,2260.99
1993-10-25,2231.1799
1993-10-26,2243.53
1993-10-27,2228.45
1993-10-28,2326.5901
1993-10-29,2372.8301
1993-11-03,2467.53
1993-11-04,2446.74
1993-11-05,2411.3201
1993-11-08,2351.46
1993-11-09,2340.0701
1993-11-10,2367.8701
1993-11-11,2371.8701
1993-11-12,2366.7
1993-11-15,2384.8899
1993-11-16,2407.01
1993-11-17,2411.3101
1993-11-18,2404.1799
1993-11-19,2402.8999
1993-11-22,2418.1299
1993-11-23,2388.8
1993-11-24,2372.3999
1993-11-25,2350.6101
1993-11-26,2375.24
1993-11-29,2332.29
1993-12-01,2323.76
1993-12-02,2395.8899
1993-12-03,2434.1699
1993-12-07,2509.1001
1993-12-08,2518.9199
1993-12-09,2510.6201
1993-12-10,2513.29
1993-12-13,2579.21
1993-12-14,2583.49
1993-12-15,2567.8301
1993-12-16,2614.97
1993-12-17,2662.4299
1993-12-20,2808.8
1993-12-21,2836.28
1993-12-22,2897.8301
1993-12-23,2997.46
1993-12-27,3170.6201
1993-12-28,3165.6499
1993-12-29,3196.0801
1994-01-03,3271.51
1994-01-04,3308.3701
1994-01-05,3231.1699
1994-01-06,3293.3301
1994-01-07,3159.5601
1994-01-10,3089.3899
1994-01-11,3047.3601
1994-01-12,2978.0
1994-01-13,2901.1499
1994-01-14,2922.22
1994-01-17,2908.6499
1994-01-18,2910.97
1994-01-19,3062.28
1994-01-20,3112.9299
1994-01-21,3106.21
1994-01-24,3112.51
1994-01-25,3089.4399
1994-01-26,2985.6101
1994-01-27,3002.8501
1994-01-28,2929.5
1994-01-31,2874.5601
1994-02-01,2835.49
1994-02-02,2906.1399
1994-02-03,2922.99
1994-02-04,2965.3799
1994-02-07,2903.52
1994-02-08,2952.8501
1994-02-09,2995.3301
1994-02-10,3013.76
1994-02-11,3040.8999
1994-02-14,3008.74
1994-02-15,3012.55
1994-02-16,3034.97
1994-02-17,3036.74
1994-02-18,3051.71
1994-02-21,3005.6001
1994-02-22,3003.4299
1994-02-23,2996.21
1994-02-24,2956.27
1994-02-28,2861.6101
1994-03-01,2755.6499
1994-03-02,2699.75
1994-03-03,2698.05
1994-03-04,2606.8201
1994-03-07,2654.28
1994-03-08,2637.03
1994-03-09,2502.54
1994-03-10,2552.8401
1994-03-11,2558.73
1994-03-14,2631.53
1994-03-15,2633.46
1994-03-16,2642.8999
1994-03-17,2713.3101
1994-03-18,2657.98
1994-03-21,2598.5701
1994-03-22,2563.6001
1994-03-23,2603.0601
1994-03-24,2601.3701
1994-03-25,2631.0701
1994-03-28,2689.74
1994-03-29,2703.1299
1994-03-30,2711.5
1994-04-04,2653.7
1994-04-05,2633.01
1994-04-06,2680.3401
1994-04-07,2631.71
1994-04-08,2639.47
1994-04-11,2643.0801
1994-04-12,2634.6001
1994-04-13,2695.71
1994-04-14,2759.5
1994-04-15,2769.4199
1994-04-18,2819.01
1994-04-19,2825.9299
1994-04-20,2846.8201
1994-04-21,2777.1101
1994-04-22,2788.1599
1994-04-25,2838.3999
1994-04-26,2867.5901
1994-04-27,2840.98
1994-04-28,2854.46
1994-04-29,2844.22
1994-05-02,2885.4399
1994-05-03,2937.9299
1994-05-04,3064.05
1994-05-05,2980.0
1994-05-06,2960.23
1994-05-10,2913.45
1994-05-11,2952.27
1994-05-12,2949.1699
1994-05-13,2937.28
1994-05-16,2902.23
1994-05-17,2936.4299
1994-05-18,2899.3501
1994-05-19,2856.49
1994-05-20,2870.3201
1994-05-23,2922.1699
1994-05-24,2901.98
1994-05-25,2879.21
1994-05-26,2917.0701
1994-05-27,2907.0
1994-05-30,2951.3899
1994-05-31,3030.77
1994-06-01,3114.4399
1994-06-02,3079.3501
1994-06-03,3060.1799
1994-06-06,3022.0701
1994-06-07,2994.55
1994-06-08,3017.1599
1994-06-09,2990.8501
1994-06-10,2988.1799
1994-06-13,2986.1899
1994-06-14,2936.05
1994-06-15,2921.8701
1994-06-16,2916.5601
1994-06-17,2882.8301
1994-06-20,2854.6799
1994-06-21,2814.5901
1994-06-22,2815.95
1994-06-23,2822.1499
1994-06-24,2789.1399
1994-06-27,2749.45
1994-06-28,2740.72
1994-06-29,2731.49
1994-06-30,2746.3601
1994-07-01,2694.51
1994-07-04,2645.1299
1994-07-05,2595.1599
1994-07-06,2627.8
1994-07-07,2629.23
1994-07-08,2583.8501
1994-07-11,2543.75
1994-07-12,2533.3201
1994-07-13,2510.76
1994-07-14,2557.8301
1994-07-15,2604.8999
1994-07-18,2650.8101
1994-07-19,2669.0701
1994-07-20,2663.46
1994-07-21,2648.54
1994-07-22,2708.1499
1994-07-25,2771.51
1994-07-26,2728.53
1994-07-27,2784.6001
1994-07-28,2791.1399
1994-07-29,2803.21
1994-08-01,2883.3401
1994-08-02,2866.53
1994-08-03,2884.28
1994-08-04,2897.6201
1994-08-05,2883.3899
1994-08-08,2884.03
1994-08-09,2882.3701
1994-08-10,2944.1899
1994-08-11,2976.99
1994-08-12,3007.3601
1994-08-15,3005.95
1994-08-16,3011.6001
1994-08-17,3029.7
1994-08-18,3004.0701
1994-08-19,3006.7
1994-08-22,3045.1699
1994-08-23,3105.8501
1994-08-24,3124.1101
1994-08-25,3127.0601
1994-08-26,3098.8899
1994-08-29,3092.27
1994-08-30,3104.0701
1994-08-31,3112.8301
1994-09-01,3079.3899
1994-09-02,3096.26
1994-09-05,3104.3
1994-09-06,3086.48
1994-09-07,3040.3201
1994-09-08,2987.6299
1994-09-09,2981.97
1994-09-12,2919.3101
1994-09-13,2953.24
1994-09-14,2953.3701
1994-09-15,2954.46
1994-09-16,2942.3799
1994-09-19,2936.21
1994-09-20,2920.1899
1994-09-21,2920.46
1994-09-22,2934.3601
1994-09-23,2959.3601
1994-09-26,2944.2
1994-09-27,2934.27
1994-09-28,2877.6899
1994-09-29,2891.96
1994-09-30,2908.24
1994-10-03,2919.3401
1994-10-04,2953.6101
1994-10-05,2973.3101
1994-10-06,2977.8
1994-10-07,2997.1599
1994-10-10,2972.1101
1994-10-11,2946.95
1994-10-12,2970.46
1994-10-13,2990.75
1994-10-14,2999.9299
1994-10-17,3050.1399
1994-10-18,3092.95
1994-10-19,3099.3401
1994-10-20,3077.1201
1994-10-21,3084.8
1994-10-24,3113.1499
1994-10-25,3089.3401
1994-10-26,3078.26
1994-10-27,3060.25
1994-10-28,3068.52
1994-11-02,3090.6499
1994-11-03,3054.99
1994-11-04,3096.5801
1994-11-07,3047.9399
1994-11-08,3006.51
1994-11-09,3009.8799
1994-11-10,2968.21
1994-11-11,2926.6101
1994-11-14,2909.3999
1994-11-15,2927.7
1994-11-16,2901.45
1994-11-17,2904.1001
1994-11-18,2912.8601
1994-11-21,2899.79
1994-11-22,2846.0
1994-11-23,2725.75
1994-11-24,2730.47
1994-11-25,2723.3601
1994-11-28,2678.99
1994-11-29,2691.1899
1994-12-01,2645.3601
1994-12-02,2596.74
1994-12-05,2622.71
1994-12-06,2655.6299
1994-12-07,2663.1699
1994-12-08,2656.3601
1994-12-09,2607.6599
1994-12-12,2619.8301
1994-12-13,2620.5901
1994-12-14,2617.8999
1994-12-15,2679.8501
1994-12-16,2708.99
1994-12-19,2723.26
1994-12-20,2740.04
1994-12-21,2790.5901
1994-12-22,2807.0701
1994-12-23,2785.5
1994-12-26,2791.3999
1994-12-27,2794.5801
1994-12-28,2777.78
1994-12-29,2785.8101
1995-01-02,2798.21
1995-01-03,2805.28
1995-01-04,2771.97
1995-01-05,2729.3701
1995-01-06,2756.22
1995-01-09,2704.98
1995-01-10,2657.6799
1995-01-11,2631.47
1995-01-13,2482.04
1995-01-16,2484.4099
1995-01-17,2554.3999
1995-01-18,2539.5901
1995-01-19,2554.3799
1995-01-20,2462.6499
1995-01-23,2421.4299
1995-01-24,2374.8601
1995-01-25,2425.1101
1995-01-26,2440.3101
1995-01-27,2403.96
1995-01-30,2419.6399
1995-01-31,2420.1201
1995-02-01,2476.8899
1995-02-02,2457.79
1995-02-03,2510.99
1995-02-06,2559.6001
1995-02-07,2584.46
1995-02-08,2556.3999
1995-02-09,2570.0
1995-02-10,2624.47
1995-02-13,2641.79
1995-02-14,2660.51
1995-02-15,2620.6799
1995-02-16,2632.98
1995-02-17,2609.76
1995-02-20,2589.8501
1995-02-21,2590.3601
1995-02-22,2598.1399
1995-02-23,2598.23
1995-02-24,2587.9099
1995-02-27,2484.45
1995-02-28,2509.99
1995-03-01,2478.23
1995-03-02,2490.9099
1995-03-06,2456.54
1995-03-07,2447.3999
1995-03-08,2411.78
1995-03-09,2370.0601
1995-03-10,2310.96
1995-03-13,2335.6299
1995-03-14,2271.5701
1995-03-15,2266.3701
1995-03-16,2297.3
1995-03-17,2350.9099
1995-03-20,2305.9099
1995-03-21,2308.6001
1995-03-22,2294.04
1995-03-23,2275.3201
1995-03-24,2262.9399
1995-03-27,2248.3899
1995-03-28,2288.76
1995-03-29,2340.5801
1995-03-30,2372.3501
1995-03-31,2392.25
1995-04-03,2376.6299
1995-04-04,2418.3799
1995-04-05,2410.3501
1995-04-06,2446.1101
1995-04-07,2443.3
1995-04-10,2471.1499
1995-04-11,2484.02
1995-04-12,2496.78
1995-04-17,2487.95
1995-04-18,2477.6299
1995-04-19,2477.8601
1995-04-20,2489.8
1995-04-21,2502.48
1995-04-24,2512.6299
1995-04-25,2481.9199
1995-04-26,2474.23
1995-04-27,2470.98
1995-04-28,2465.8701
1995-05-02,2448.1599
1995-05-03,2444.5801
1995-05-04,2472.1201
1995-05-05,2520.6599
1995-05-09,2597.0801
1995-05-10,2605.45
1995-05-11,2689.29
1995-05-12,2732.27
1995-05-15,2717.9399
1995-05-16,2769.0701
1995-05-17,2779.5701
1995-05-18,2745.4299
1995-05-19,2725.96
1995-05-22,2704.8501
1995-05-23,2748.3301
1995-05-24,2798.95
1995-05-25,2780.73
1995-05-26,2764.51
1995-05-29,2744.3701
1995-05-30,2763.3101
1995-05-31,2772.3701
1995-06-01,2802.72
1995-06-02,2824.6699
1995-06-05,2840.54
1995-06-06,2877.3301
1995-06-07,2838.8501
1995-06-08,2839.47
1995-06-09,2832.1699
1995-06-13,2809.27
1995-06-14,2810.6599
1995-06-15,2782.6899
1995-06-16,2790.3101
1995-06-19,2783.75
1995-06-20,2810.6101
1995-06-21,2793.4099
1995-06-22,2777.6799
1995-06-23,2772.72
1995-06-26,2754.6101
1995-06-27,2747.79
1995-06-28,2751.71
1995-06-29,2762.3701
1995-06-30,2766.45
1995-07-03,2768.29
1995-07-04,2791.5701
1995-07-05,2818.8601
1995-07-06,2834.27
1995-07-07,2893.3999
1995-07-10,2958.1201
1995-07-11,2910.1499
1995-07-12,2914.3501
1995-07-13,2900.78
1995-07-14,2882.1399
1995-07-17,2879.21
1995-07-18,2883.97
1995-07-19,2862.0801
1995-07-20,2837.4199
1995-07-21,2881.71
1995-07-24,2878.98
1995-07-25,2869.4199
1995-07-26,2867.3401
1995-07-27,2869.1001
1995-07-28,2893.45
1995-07-31,2896.01
1995-08-01,2886.6799
1995-08-02,2896.95
1995-08-03,2927.5801
1995-08-04,2898.0801
1995-08-07,2888.8401
1995-08-08,2890.8601
1995-08-09,2868.8201
1995-08-10,2856.4199
1995-08-11,2874.1699
1995-08-14,2877.3601
1995-08-15,2862.98
1995-08-16,2845.22
1995-08-17,2828.6001
1995-08-18,2840.4099
1995-08-21,2827.48
1995-08-22,2801.3
1995-08-23,2787.9199
1995-08-24,2769.98
1995-08-25,2777.22
1995-08-28,2774.8799
1995-08-29,2762.27
1995-08-30,2776.3799
1995-08-31,2758.95
1995-09-01,2761.49
1995-09-04,2759.0901
1995-09-05,2730.3201
1995-09-06,2704.5601
1995-09-07,2710.9199
1995-09-08,2688.24
1995-09-11,2673.4099
1995-09-12,2659.55
1995-09-13,2682.46
1995-09-14,2731.49
1995-09-15,2757.4299
1995-09-18,2755.74
1995-09-19,2750.74
1995-09-20,2743.49
1995-09-21,2736.9299
1995-09-22,2725.29
1995-09-25,2718.6899
1995-09-26,2683.55
1995-09-27,2663.21
1995-09-28,2645.0
1995-09-29,2629.25
1995-10-02,2629.21
1995-10-03,2617.6799
1995-10-04,2569.3301
1995-10-05,2618.23
1995-10-06,2640.77
1995-10-09,2611.04
1995-10-10,2600.0
1995-10-11,2588.8201
1995-10-12,2599.8
1995-10-13,2624.45
1995-10-16,2636.26
1995-10-17,2638.8201
1995-10-18,2633.1899
1995-10-19,2613.51
1995-10-20,2601.3601
1995-10-23,2585.1699
1995-10-24,2572.49
1995-10-25,2544.0601
1995-10-26,2542.27
1995-10-27,2512.3401
1995-10-30,2470.8201
1995-10-31,2460.73
1995-11-02,2489.0801
1995-11-06,2460.3501
1995-11-07,2469.8701
1995-11-08,2484.9399
1995-11-09,2461.75
1995-11-10,2414.6899
1995-11-13,2360.05
1995-11-14,2340.4099
1995-11-15,2315.26
1995-11-16,2291.3999
1995-11-17,2264.0801
1995-11-20,2196.48
1995-11-21,2252.24
1995-11-22,2268.3301
1995-11-23,2319.3501
1995-11-24,2326.1201
1995-11-27,2377.8799
1995-11-28,2392.25
1995-11-29,2442.1599
1995-12-01,2467.1399
1995-12-04,2553.0
1995-12-05,2551.5701
1995-12-06,2572.1599
1995-12-07,2537.1799
1995-12-08,2500.8401
1995-12-11,2496.04
1995-12-12,2460.05
1995-12-13,2460.5
1995-12-14,2484.6499
1995-12-15,2497.6499
1995-12-18,2491.96
1995-12-19,2476.1499
1995-12-20,2509.6299
1995-12-21,2561.78
1995-12-22,2560.6499
1995-12-26,2565.53
1995-12-27,2533.3899
1995-12-28,2558.0701
1995-12-29,2594.1799
1996-01-02,2578.97
1996-01-03,2631.74
1996-01-04,2700.48
1996-01-05,2696.1201
1996-01-08,2695.6299
1996-01-09,2681.76
1996-01-10,2658.48
1996-01-11,2664.73
1996-01-12,2747.26
1996-01-15,2778.8601
1996-01-16,2776.75
1996-01-17,2748.3601
1996-01-18,2731.27
1996-01-19,2764.52
1996-01-22,2831.1499
1996-01-23,2873.6799
1996-01-24,2876.3401
1996-01-25,2902.72
1996-01-26,2892.76
1996-01-29,2886.5801
1996-01-30,2868.3799
1996-01-31,2885.76
1996-02-01,2900.8301
1996-02-02,2927.26
1996-02-05,2919.24
1996-02-06,2915.03
1996-02-07,2882.9399
1996-02-08,2845.5901
1996-02-09,2824.6699
1996-02-12,2854.02
1996-02-13,2905.6599
1996-02-14,2943.3899
1996-02-15,2933.7
1996-02-16,2932.04
1996-02-19,2941.72
1996-02-20,2923.71
1996-02-21,2936.6499
1996-02-22,2952.9099
1996-02-23,2950.6399
1996-02-26,2933.6599
1996-02-27,2893.9199
1996-02-28,2882.45
1996-02-29,2882.6001
1996-03-01,2948.1799
1996-03-04,2905.8301
1996-03-05,2908.6799
1996-03-06,2918.8899
1996-03-07,2883.3401
1996-03-08,2876.79
1996-03-11,2810.6499
1996-03-12,2803.8601
1996-03-13,2769.9199
1996-03-14,2783.6299
1996-03-15,2821.75
1996-03-18,2858.49
1996-03-19,2875.4199
1996-03-20,2859.8201
1996-03-21,2877.8
1996-03-22,2881.55
1996-03-25,2878.6101
1996-03-26,2871.79
1996-03-27,2834.4099
1996-03-28,2848.71
1996-03-29,2900.75
1996-04-01,2919.0801
1996-04-02,2939.3899
1996-04-03,2962.79
1996-04-10,2994.4199
1996-04-11,2990.24
1996-04-12,2987.49
1996-04-15,3008.6001
1996-04-16,3016.6299
1996-04-17,2987.6899
1996-04-18,2958.8101
1996-04-19,2957.99
1996-04-22,2973.8701
1996-04-23,2996.6001
1996-04-24,2969.3301
1996-04-25,2973.3101
1996-04-26,2980.5801
1996-04-29,2960.1001
1996-04-30,2937.98
1996-05-02,2956.0
1996-05-03,2975.5601
1996-05-07,3014.27
1996-05-08,3066.05
1996-05-09,3129.0801
1996-05-10,3111.4299
1996-05-13,3117.05
1996-05-14,3126.8999
1996-05-15,3123.5701
1996-05-16,3112.4199
1996-05-17,3116.6899
1996-05-20,3111.3501
1996-05-21,3126.97
1996-05-22,3155.97
1996-05-23,3196.25
1996-05-24,3213.0901
1996-05-27,3256.1001
1996-05-28,3247.76
1996-05-29,3285.0601
1996-05-30,3286.3
1996-05-31,3250.26
1996-06-03,3231.3701
1996-06-04,3215.04
1996-06-05,3239.5701
1996-06-06,3237.26
1996-06-07,3273.1101
1996-06-10,3286.7
1996-06-11,3249.1699
1996-06-13,3209.47
1996-06-14,3166.3201
1996-06-17,3170.5601
1996-06-18,3170.0801
1996-06-19,3186.8301
1996-06-20,3191.23
1996-06-21,3212.28
1996-06-24,3227.1599
1996-06-25,3216.5801
1996-06-26,3240.3899
1996-06-27,3256.53
1996-06-28,3275.26
1996-07-01,3294.0901
1996-07-02,3305.6799
1996-07-03,3351.73
1996-07-05,3374.3999
1996-07-08,3320.1599
1996-07-09,3274.26
1996-07-10,3272.8701
1996-07-11,3226.02
1996-07-12,3213.1001
1996-07-15,3248.3101
1996-07-16,3199.3201
1996-07-17,3187.6599
1996-07-18,3188.04
1996-07-19,3228.3
1996-07-22,3217.4199
1996-07-23,3170.1001
1996-07-24,3075.3601
1996-07-25,3087.25
1996-07-26,3064.6001
1996-07-29,3023.4299
1996-07-30,2998.51
1996-07-31,3028.3401
1996-08-01,3108.6399
1996-08-02,3155.22
1996-08-05,3153.98
1996-08-06,3121.52
1996-08-07,3128.8201
1996-08-08,3112.79
1996-08-09,3088.1899
1996-08-12,3076.4199
1996-08-13,3112.6699
1996-08-14,3101.78
1996-08-15,3093.73
1996-08-16,3108.7
1996-08-19,3092.6699
1996-08-20,3090.6899
1996-08-21,3111.5601
1996-08-22,3187.78
1996-08-23,3226.46
1996-08-26,3210.3
1996-08-27,3196.3899
1996-08-28,3200.98
1996-08-29,3215.79
1996-08-30,3220.71
1996-09-02,3249.3899
1996-09-03,3207.8899
1996-09-04,3197.6001
1996-09-05,3191.5601
1996-09-06,3170.1599
1996-09-09,3166.4199
1996-09-10,3201.8
1996-09-11,3186.1899
1996-09-12,3194.5601
1996-09-13,3193.6799
1996-09-16,3233.6699
1996-09-17,3259.72
1996-09-18,3248.5901
1996-09-19,3237.03
1996-09-20,3242.22
1996-09-23,3244.54
1996-09-24,3236.48
1996-09-25,3235.04
1996-09-26,3222.5601
1996-09-27,3223.71
1996-09-30,3169.78
1996-10-01,3189.98
1996-10-02,3171.8799
1996-10-03,3130.26
1996-10-04,3131.1399
1996-10-07,3121.03
1996-10-08,3037.54
1996-10-09,3026.24
1996-10-10,3002.3501
1996-10-11,2973.5901
1996-10-14,2935.8601
1996-10-15,2927.4299
1996-10-16,2983.5701
1996-10-17,3061.0601
1996-10-18,3099.73
1996-10-21,3092.3401
1996-10-22,3073.1201
1996-10-23,3049.5901
1996-10-24,3041.78
1996-10-25,2962.6001
1996-10-28,2852.1599
1996-10-29,2904.4099
1996-10-30,2927.3
1996-10-31,2964.0
1996-11-04,2976.1399
1996-11-05,2987.1799
1996-11-06,2998.4299
1996-11-07,3063.0601
1996-11-08,3090.0
1996-11-11,3046.97
1996-11-12,3047.74
1996-11-13,3049.49
1996-11-14,3072.8101
1996-11-15,3072.79
1996-11-18,3105.55
1996-11-19,3109.02
1996-11-20,3117.6201
1996-11-21,3099.1101
1996-11-22,3102.3601
1996-11-25,3104.46
1996-11-26,3074.28
1996-11-27,3065.6499
1996-11-28,3063.74
1996-11-29,3090.1599
1996-12-02,3095.74
1996-12-03,3101.3601
1996-12-04,3130.8701
1996-12-05,3163.3301
1996-12-06,3139.45
1996-12-09,3090.1599
1996-12-10,3128.3799
1996-12-11,3160.76
1996-12-12,3129.1101
1996-12-13,3120.2
1996-12-16,3115.5801
1996-12-17,3093.21
1996-12-18,3105.8
1996-12-19,3154.3799
1996-12-20,3180.2
1996-12-23,3139.9199
1996-12-24,3152.53
1996-12-26,3165.52
1996-12-27,3170.5601
1997-01-02,3154.48
1997-01-03,3169.26
1997-01-06,3186.3701
1997-01-07,3195.47
1997-01-08,3206.99
1997-01-09,3223.3601
1997-01-10,3262.1399
1997-01-13,3270.3101
1997-01-14,3261.72
1997-01-15,3258.52
1997-01-16,3290.1899
1997-01-17,3294.3101
1997-01-20,3280.8501
1997-01-21,3279.23
1997-01-22,3275.8301
1997-01-23,3328.3799
1997-01-24,3332.53
1997-01-27,3323.1001
1997-01-28,3341.99
1997-01-29,3373.6101
1997-01-30,3392.76
1997-01-31,3421.9099
1997-02-03,3447.6001
1997-02-04,3398.8899
1997-02-05,3396.04
1997-02-06,3371.1299
1997-02-07,3381.8401
1997-02-10,3386.02
1997-02-11,3358.7
1997-02-12,3339.8301
1997-02-13,3335.73
1997-02-14,3322.3
1997-02-17,3314.8401
1997-02-18,3306.4299
1997-02-19,3315.52
1997-02-20,3310.4299
1997-02-21,3301.98
1997-02-24,3338.6699
1997-02-25,3363.0801
1997-02-26,3349.8201
1997-02-27,3333.9399
1997-02-28,3315.28
1997-03-03,3320.4099
1997-03-04,3302.8201
1997-03-05,3292.3
1997-03-06,3279.8201
1997-03-07,3286.45
1997-03-10,3289.3401
1997-03-11,3280.99
1997-03-12,3270.6399
1997-03-13,3261.24
1997-03-14,3234.79
1997-03-17,3231.8601
1997-03-18,3215.6399
1997-03-19,3200.6101
1997-03-20,3206.6699
1997-03-21,3201.6499
1997-03-24,3222.46
1997-03-25,3204.1201
1997-03-26,3223.1399
1997-03-31,3222.98
1997-04-01,3171.79
1997-04-02,3162.21
1997-04-03,3104.77
1997-04-04,3060.5901
1997-04-07,2990.96
1997-04-08,2909.3
1997-04-10,2949.02
1997-04-11,2976.78
1997-04-14,2932.8401
1997-04-15,2949.46
1997-04-16,2960.97
1997-04-17,2927.8701
1997-04-18,2944.98
1997-04-22,2860.45
1997-04-23,2913.5601
1997-04-24,2906.3301
1997-04-25,2872.3701
1997-04-28,2837.3101
1997-04-29,2708.4399
1997-04-30,2648.1699
1997-05-02,2605.6499
1997-05-05,2736.4199
1997-05-06,2776.53
1997-05-07,2694.3999
1997-05-08,2682.1001
1997-05-09,2671.3899
1997-05-13,2677.1101
1997-05-14,2705.9199
1997-05-15,2631.0901
1997-05-16,2576.1299
1997-05-19,2509.3601
1997-05-20,2499.3799
1997-05-21,2538.97
1997-05-22,2586.6899
1997-05-23,2598.2
1997-05-27,2710.9099
1997-05-28,2722.6699
1997-05-29,2758.6101
1997-05-30,2809.45
1997-06-02,2820.72
1997-06-03,2802.78
1997-06-04,2796.1101
1997-06-05,2778.4399
1997-06-06,2762.8
1997-06-09,2778.3701
1997-06-10,2775.1101
1997-06-11,2787.74
1997-06-13,2801.6101
1997-06-16,2790.8601
1997-06-17,2798.25
1997-06-18,2823.3501
1997-06-19,2905.97
1997-06-20,2881.73
1997-06-23,2808.6499
1997-06-24,2818.27
1997-06-25,2829.29
1997-06-26,2837.1001
1997-06-27,2835.03
1997-06-30,2809.21
1997-07-01,2815.54
1997-07-02,2764.8899
1997-07-03,2742.4199
1997-07-04,2758.96
1997-07-07,2753.1499
1997-07-08,2698.6599
1997-07-09,2589.2
1997-07-10,2511.1499
1997-07-11,2701.1399
1997-07-14,2710.73
1997-07-15,2655.8601
1997-07-16,2587.3601
1997-07-17,2620.3799
1997-07-18,2672.95
1997-07-21,2648.3401
1997-07-22,2656.73
1997-07-23,2636.3701
1997-07-24,2572.8
1997-07-25,2572.6899
1997-07-28,2592.21
1997-07-29,2592.46
1997-07-30,2595.4199
1997-07-31,2616.3999
1997-08-01,2635.6399
1997-08-04,2639.53
1997-08-05,2676.2
1997-08-06,2694.79
1997-08-07,2670.01
1997-08-08,2647.8201
1997-08-11,2572.4299
1997-08-12,2535.3999
1997-08-13,2527.0801
1997-08-14,2493.49
1997-08-15,2448.9299
1997-08-18,2368.6699
1997-08-20,2408.0601
1997-08-21,2459.04
1997-08-22,2428.73
1997-08-25,2364.03
1997-08-26,2300.8201
1997-08-27,2284.03
1997-08-28,2071.97
1997-08-29,2021.52
1997-09-01,1975.28
1997-09-02,1950.41
1997-09-03,1994.13
1997-09-04,2077.6799
1997-09-05,2109.22
1997-09-08,2106.5801
1997-09-09,2228.8601
1997-09-10,2212.77
1997-09-11,2145.29
1997-09-12,2141.6799
1997-09-15,2123.0
1997-09-16,2109.55
1997-09-17,2073.96
1997-09-18,2009.85
1997-09-19,2078.5701
1997-09-22,2096.23
1997-09-23,2049.6699
1997-09-24,2077.04
1997-09-25,2065.5601
1997-09-26,2080.78
1997-09-29,2059.1499
1997-09-30,2057.3899
1997-10-01,2067.6201
1997-10-02,2031.47
1997-10-03,2029.67
1997-10-06,1961.24
1997-10-07,1920.63
1997-10-08,1946.83
1997-10-09,2005.5
1997-10-10,2061.4099
1997-10-13,2062.0901
1997-10-14,2074.21
1997-10-15,2040.11
1997-10-16,2036.48
1997-10-17,2050.8799
1997-10-20,2015.78
1997-10-21,1993.89
1997-10-22,1928.97
1997-10-23,1832.91
1997-10-24,1847.78
1997-10-27,1857.34
1997-10-28,1740.1801
1997-10-29,1814.15
1997-10-30,1813.16
1997-10-31,1818.09
1997-11-03,1825.26
1997-11-04,1881.14
1997-11-05,1900.67
1997-11-06,1893.0601
1997-11-07,1893.61
1997-11-10,1851.97
1997-11-11,1862.28
1997-11-12,1841.8101
1997-11-13,1803.55
1997-11-14,1844.95
1997-11-17,1892.0699
1997-11-18,1877.76
1997-11-19,1872.0
1997-11-20,1872.75
1997-11-21,1849.67
1997-11-24,1831.97
1997-11-25,1795.35
1997-11-26,1799.39
1997-11-27,1761.36
1997-11-28,1771.9399
1997-12-01,1777.04
1997-12-02,1779.25
1997-12-03,1799.49
1997-12-04,1806.91
1997-12-05,1900.0601
1997-12-08,1957.21
1997-12-09,1979.5
1997-12-10,1972.84
1997-12-11,1875.63
1997-12-12,1854.74
1997-12-15,1819.67
1997-12-16,1801.38
1997-12-17,1796.9
1997-12-18,1846.09
1997-12-19,1858.22
1997-12-22,1887.1801
1997-12-23,1855.66
1997-12-24,1847.25
1997-12-29,1869.23
1998-01-02,1891.27
1998-01-05,1872.84
1998-01-06,1820.6
1998-01-07,1747.34
1998-01-08,1655.85
1998-01-09,1518.0
1998-01-12,1532.97
1998-01-13,1590.99
1998-01-14,1686.22
1998-01-15,1706.85
1998-01-16,1676.63
1998-01-19,1771.89
1998-01-20,1773.86
1998-01-21,1755.27
1998-01-22,1707.61
1998-01-23,1704.0699
1998-01-26,1730.8199
1998-01-27,1733.15
1998-01-28,1782.0699
1998-01-29,1796.6801
1998-01-30,1948.01
1998-02-02,2145.7
1998-02-03,2085.8799
1998-02-04,2042.14
1998-02-05,2049.1499
1998-02-06,2036.78
1998-02-09,2050.6899
1998-02-10,2078.8701
1998-02-11,2218.3201
1998-02-12,2166.45
1998-02-13,2094.98
1998-02-16,2022.73
1998-02-17,2055.53
1998-02-18,2097.6001
1998-02-19,2136.3
1998-02-20,2135.9099
1998-02-23,2116.0
1998-02-24,2100.78
1998-02-25,2153.7
1998-02-26,2182.75
1998-02-27,2266.3
1998-03-02,2280.5601
1998-03-03,2258.8601
1998-03-04,2219.3101
1998-03-05,2207.54
1998-03-06,2181.96
1998-03-09,2175.4099
1998-03-10,2134.9099
1998-03-11,2188.4199
1998-03-12,2176.5
1998-03-13,2173.29
1998-03-16,2194.1201
1998-03-17,2239.8301
1998-03-18,2283.98
1998-03-19,2288.3899
1998-03-20,2274.1399
1998-03-23,2310.0601
1998-03-24,2305.0601
1998-03-25,2311.4199
1998-03-26,2310.3701
1998-03-27,2301.6599
1998-03-30,2273.8
1998-03-31,2238.4199
1998-04-01,2209.3701
1998-04-02,2174.0
1998-04-03,2173.55
1998-04-06,2160.48
1998-04-07,2183.3501
1998-04-08,2193.47
1998-04-13,2210.46
1998-04-14,2222.04
1998-04-15,2210.5701
1998-04-16,2184.55
1998-04-17,2176.1001
1998-04-20,2156.6001
1998-04-21,2151.48
1998-04-22,2154.28
1998-04-23,2164.3301
1998-04-24,2153.9099
1998-04-27,2122.1899
1998-04-28,2126.6899
1998-04-29,2133.99
1998-04-30,2181.3201
1998-05-04,2208.1201
1998-05-05,2267.1799
1998-05-06,2211.1299
1998-05-07,2189.97
1998-05-08,2209.96
1998-05-12,2214.52
1998-05-13,2163.6699
1998-05-14,2130.0
1998-05-15,2128.6001
1998-05-18,2125.4099
1998-05-19,2068.9099
1998-05-20,2100.29
1998-05-21,2148.6101
1998-05-22,2139.25
1998-05-25,2124.48
1998-05-26,2109.3
1998-05-27,2060.1399
1998-05-28,2014.23
1998-05-29,2011.45
1998-06-01,1996.05
1998-06-02,1946.08
1998-06-03,1928.99
1998-06-04,1953.88
1998-06-05,1957.76
1998-06-08,1930.59
1998-06-09,1924.49
1998-06-10,1917.87
1998-06-11,1829.02
1998-06-15,1746.86
1998-06-16,1726.55
1998-06-17,1716.1801
1998-06-18,1828.59
1998-06-19,1741.71
1998-06-22,1689.6899
1998-06-23,1695.86
1998-06-24,1712.88
1998-06-25,1709.03
1998-06-26,1723.37
1998-06-29,1760.13
1998-07-01,1781.96
1998-07-02,1856.1899
1998-07-03,1859.24
1998-07-06,1854.39
1998-07-07,1860.3199
1998-07-08,1857.5
1998-07-09,1828.4
1998-07-10,1802.21
1998-07-13,1775.85
1998-07-14,1784.87
1998-07-15,1794.0601
1998-07-16,1797.0
1998-07-17,1787.26
1998-07-20,1734.45
1998-07-21,1742.65
1998-07-22,1711.75
1998-07-23,1678.16
1998-07-24,1680.88
1998-07-27,1661.1899
1998-07-28,1628.33
1998-07-29,1605.27
1998-07-30,1613.5
1998-07-31,1607.61
1998-08-03,1543.0699
1998-08-04,1511.4399
1998-08-05,1524.75
1998-08-06,1480.89
1998-08-07,1448.72
1998-08-10,1427.66
1998-08-11,1373.1899
1998-08-12,1307.3
1998-08-13,1303.29
1998-08-14,1337.92
1998-08-17,1335.71
1998-08-18,1323.17
1998-08-19,1364.59
1998-08-20,1390.9301
1998-08-21,1372.6
1998-08-24,1323.11
1998-08-25,1310.1899
1998-08-26,1287.02
1998-08-27,1266.99
1998-08-28,1194.71
1998-08-31,1192.25
1998-09-01,1191.76
1998-09-02,1197.77
1998-09-03,1192.95
1998-09-04,1159.38
1998-09-07,1186.9301
1998-09-08,1192.08
1998-09-09,1157.4301
1998-09-10,1100.17
1998-09-11,1082.1801
1998-09-14,1100.76
1998-09-15,1140.4
1998-09-16,1176.54
1998-09-17,1269.24
1998-09-18,1174.61
1998-09-21,1164.26
1998-09-22,1123.3
1998-09-23,1159.6899
1998-09-24,1220.25
1998-09-25,1215.46
1998-09-28,1230.5
1998-09-29,1238.17
1998-09-30,1259.64
1998-10-01,1227.3199
1998-10-02,1195.62
1998-10-05,1166.54
1998-10-06,1170.16
1998-10-07,1212.75
1998-10-08,1250.41
1998-10-09,1301.36
1998-10-12,1343.27
1998-10-13,1367.77
1998-10-14,1324.22
1998-10-15,1342.78
1998-10-16,1437.36
1998-10-19,1489.35
1998-10-20,1467.6899
1998-10-21,1494.62
1998-10-23,1523.98
1998-10-26,1586.4
1998-10-27,1592.5
1998-10-28,1602.23
1998-10-29,1668.96
1998-10-30,1755.04
1998-11-03,1801.64
1998-11-04,1714.09
1998-11-05,1761.6
1998-11-06,1797.37
1998-11-09,1712.51
1998-11-10,1637.1
1998-11-11,1708.23
1998-11-12,1734.15
1998-11-13,1711.98
1998-11-16,1745.6
1998-11-17,1779.23
1998-11-18,1820.77
1998-11-19,1819.01
1998-11-20,1841.6899
1998-11-23,1922.26
1998-11-24,1961.25
1998-11-25,1958.54
1998-11-26,1920.9301
1998-11-27,1975.36
1998-12-01,1921.79
1998-12-02,1886.0
1998-12-03,1807.03
1998-12-04,1822.64
1998-12-07,1834.36
1998-12-08,1815.85
1998-12-09,1769.34
1998-12-10,1822.23
1998-12-11,1835.61
1998-12-14,1800.8
1998-12-15,1796.73
1998-12-16,1869.24
1998-12-17,1878.3
1998-12-18,1886.36
1998-12-21,1873.15
1998-12-22,1893.66
1998-12-23,1910.46
1998-12-24,1932.15
1998-12-28,1932.9399
1998-12-29,1968.78
1999-01-04,1980.7
1999-01-05,2006.85
1999-01-06,2079.75
1999-01-07,2134.9099
1999-01-08,2140.6399
1999-01-11,2139.6399
1999-01-12,2148.46
1999-01-13,2167.3999
1999-01-14,2063.28
1999-01-15,2041.55
1999-01-18,2130.8999
1999-01-19,2103.8401
1999-01-20,2146.3899
1999-01-21,2142.8
1999-01-22,2062.3401
1999-01-25,1951.4399
1999-01-26,1982.26
1999-01-27,1994.0
1999-01-28,1998.8101
1999-01-29,1954.15
1999-02-01,1969.99
1999-02-02,1975.29
1999-02-03,2007.38
1999-02-04,1986.3
1999-02-05,1977.84
1999-02-08,1965.49
1999-02-09,1935.02
1999-02-10,1897.1899
1999-02-11,1894.59
1999-02-12,1919.78
1999-02-15,1910.3
1999-02-16,1918.87
1999-02-17,1918.5699
1999-02-18,1927.45
1999-02-19,1926.63
1999-02-22,1939.6899
1999-02-23,1958.7
1999-02-24,1934.11
1999-02-25,1945.91
1999-02-26,1965.05
1999-03-01,1964.27
1999-03-02,1970.38
1999-03-03,2008.92
1999-03-04,1997.6801
1999-03-05,2013.41
1999-03-08,2028.28
1999-03-09,1998.41
1999-03-10,1981.48
1999-03-11,1950.52
1999-03-12,1945.3
1999-03-15,1941.34
1999-03-16,1981.84
1999-03-17,1982.79
1999-03-18,2024.05
1999-03-19,2006.46
1999-03-22,2018.49
1999-03-23,2043.97
1999-03-24,2025.54
1999-03-25,1999.27
1999-03-26,2022.0699
1999-03-29,2009.26
1999-03-30,2012.02
1999-03-31,2028.21
1999-04-05,2041.17
1999-04-06,2043.36
1999-04-07,2070.1699
1999-04-08,2104.8799
1999-04-12,2157.0801
1999-04-13,2157.6399
1999-04-14,2168.4099
1999-04-15,2177.3601
1999-04-16,2233.6399
1999-04-19,2355.98
1999-04-20,2358.6499
1999-04-21,2312.97
1999-04-22,2338.4099
1999-04-23,2384.47
1999-04-26,2395.47
1999-04-27,2420.8501
1999-04-28,2459.99
1999-04-29,2433.49
1999-04-30,2433.7
1999-05-03,2446.74
1999-05-04,2464.8401
1999-05-05,2447.6699
1999-05-06,2516.8301
1999-05-07,2526.76
1999-05-10,2564.8301
1999-05-11,2537.5801
1999-05-12,2579.52
1999-05-13,2522.01
1999-05-14,2502.75
1999-05-17,2453.5901
1999-05-18,2468.3
1999-05-19,2390.8201
1999-05-20,2369.2
1999-05-21,2377.1299
1999-05-24,2405.47
1999-05-25,2370.3701
1999-05-26,2390.3501
1999-05-27,2402.8799
1999-05-28,2392.28
1999-05-31,2419.8301
1999-06-01,2440.3201
1999-06-02,2415.77
1999-06-03,2382.4099
1999-06-04,2354.6001
1999-06-07,2403.01
1999-06-08,2415.0701
1999-06-09,2366.45
1999-06-10,2372.8999
1999-06-11,2367.79
1999-06-14,2391.2
1999-06-15,2385.45
1999-06-16,2391.3
1999-06-17,2418.0801
1999-06-18,2429.6399
1999-06-21,2448.6201
1999-06-22,2478.6101
1999-06-23,2470.9199
1999-06-24,2498.53
1999-06-25,2463.98
1999-06-28,2462.05
1999-06-29,2484.5701
1999-06-30,2486.96
1999-07-01,2543.3
1999-07-02,2578.72
1999-07-05,2621.6699
1999-07-06,2610.3601
1999-07-07,2605.5901
1999-07-08,2612.1799
1999-07-09,2594.72
1999-07-12,2606.21
1999-07-13,2604.49
1999-07-14,2570.96
1999-07-15,2579.3301
1999-07-16,2585.6899
1999-07-19,2559.49
1999-07-20,2551.4199
1999-07-21,2519.45
1999-07-22,2488.6201
1999-07-23,2447.5601
1999-07-26,2376.1201
1999-07-27,2263.1201
1999-07-28,2352.97
1999-07-29,2364.0901
1999-07-30,2342.8101
1999-08-02,2356.1299
1999-08-04,2372.05
1999-08-05,2348.24
1999-08-06,2298.6399
1999-08-09,2255.3
1999-08-10,2230.78
1999-08-11,2157.8899
1999-08-12,2187.5701
1999-08-13,2170.99
1999-08-16,2175.3
1999-08-17,2087.1299
1999-08-18,2105.0901
1999-08-19,2159.2
1999-08-20,2209.47
1999-08-23,2220.77
1999-08-24,2248.9299
1999-08-25,2260.1399
1999-08-26,2236.71
1999-08-27,2221.74
1999-08-30,2201.24
1999-08-31,2173.8201
1999-09-01,2152.76
1999-09-02,2158.95
1999-09-03,2155.0901
1999-09-06,2168.47
1999-09-07,2159.79
1999-09-08,2165.5801
1999-09-09,2133.6001
1999-09-10,2099.3401
1999-09-13,2088.7
1999-09-14,2101.21
1999-09-15,2074.0801
1999-09-16,2070.21
1999-09-17,2083.8799
1999-09-20,2105.75
1999-09-21,2126.54
1999-09-22,2107.73
1999-09-23,2094.8601
1999-09-24,2070.1101
1999-09-27,2057.04
1999-09-28,2070.4299
1999-09-29,2081.4099
1999-09-30,2096.2
1999-10-01,2102.96
1999-10-04,2104.28
1999-10-05,2064.76
1999-10-06,2057.53
1999-10-07,2071.6399
1999-10-08,2063.8301
1999-10-11,2070.1699
1999-10-12,2066.3999
1999-10-13,2050.72
1999-10-14,2046.6
1999-10-15,2014.63
1999-10-18,1999.15
1999-10-19,1990.61
1999-10-20,2017.62
1999-10-21,1984.62
1999-10-22,1946.6801
1999-10-25,1920.46
1999-10-26,1927.65
1999-10-27,1962.28
1999-10-28,1968.97
1999-10-29,2036.05
1999-11-03,2043.89
1999-11-04,2026.42
1999-11-05,2018.41
1999-11-08,1988.55
1999-11-09,1987.9301
1999-11-10,1996.6801
1999-11-11,2010.3101
1999-11-12,1991.01
1999-11-15,1983.47
1999-11-16,1957.8101
1999-11-17,1949.74
1999-11-18,1958.85
1999-11-19,1950.79
1999-11-22,1962.0699
1999-11-23,1956.63
1999-11-24,1964.21
1999-11-25,1962.47
1999-11-26,1959.55
1999-11-29,1979.42
1999-12-01,1983.01
1999-12-02,1953.01
1999-12-03,1936.9
1999-12-06,1940.9399
1999-12-07,1942.62
1999-12-08,1911.1
1999-12-09,1891.96
1999-12-10,1939.8101
1999-12-13,2012.84
1999-12-14,2011.25
1999-12-15,1999.49
1999-12-16,1972.78
1999-12-17,1997.88
1999-12-20,2031.39
1999-12-21,2034.97
1999-12-22,2062.8101
1999-12-23,2085.5801
1999-12-24,2090.48
1999-12-27,2100.0701
1999-12-28,2118.3899
1999-12-29,2142.97
2000-01-03,2141.77
2000-01-04,2153.1799
2000-01-05,2074.75
2000-01-06,2079.1101
2000-01-07,2094.29
2000-01-10,2142.25
2000-01-11,2140.78
2000-01-12,2101.02
2000-01-13,2084.5
2000-01-14,2102.1001
2000-01-17,2097.23
2000-01-18,2074.8401
2000-01-19,2048.53
2000-01-20,2053.3701
2000-01-21,2062.6599
2000-01-24,2055.5601
2000-01-25,2047.28
2000-01-26,1998.59
2000-01-27,1975.2
2000-01-28,1969.39
2000-01-31,1989.4301
2000-02-01,1973.4399
2000-02-02,1975.96
2000-02-03,1998.13
2000-02-04,2008.86
2000-02-07,2005.58
2000-02-08,2034.4399
2000-02-09,2047.27
2000-02-10,2020.15
2000-02-11,1997.21
2000-02-14,1976.74
2000-02-15,1938.0601
2000-02-16,1894.95
2000-02-17,1869.71
2000-02-18,1884.28
2000-02-21,1833.84
2000-02-22,1799.83
2000-02-23,1828.9301
2000-02-24,1794.8101
2000-02-28,1720.65
2000-02-29,1641.9399
2000-03-01,1653.95
2000-03-02,1667.4399
2000-03-03,1696.75
2000-03-06,1738.3
2000-03-07,1686.72
2000-03-08,1639.79
2000-03-09,1626.95
2000-03-10,1621.62
2000-03-13,1602.96
2000-03-14,1633.33
2000-03-15,1638.6
2000-03-16,1629.97
2000-03-17,1646.28
2000-03-20,1657.0699
2000-03-21,1651.4
2000-03-22,1646.91
2000-03-23,1680.58
2000-03-24,1681.71
2000-03-27,1697.25
2000-03-28,1701.08
2000-03-29,1691.14
2000-03-30,1697.8101
2000-03-31,1681.72
2000-04-03,1688.3199
2000-04-04,1682.53
2000-04-05,1691.05
2000-04-06,1713.24
2000-04-07,1738.49
2000-04-10,1796.66
2000-04-11,1757.45
2000-04-12,1744.5699
2000-04-13,1725.98
2000-04-14,1712.54
2000-04-17,1637.54
2000-04-18,1648.13
2000-04-19,1664.0
2000-04-24,1664.46
2000-04-25,1647.5601
2000-04-26,1639.83
2000-04-27,1620.53
2000-04-28,1598.73
2000-05-02,1606.04
2000-05-03,1592.6801
2000-05-04,1553.34
2000-05-05,1551.9
2000-05-08,1518.61
2000-05-09,1523.4301
2000-05-10,1522.96
2000-05-11,1505.21
2000-05-12,1539.3101
2000-05-15,1517.09
2000-05-16,1507.98
2000-05-17,1534.05
2000-05-18,1521.36
2000-05-19,1478.6801
2000-05-22,1412.09
2000-05-23,1404.67
2000-05-24,1418.79
2000-05-25,1426.62
2000-05-26,1427.26
2000-05-29,1482.77
2000-05-30,1470.0699
2000-05-31,1478.76
2000-06-01,1470.53
2000-06-02,1512.75
2000-06-05,1552.65
2000-06-06,1562.38
2000-06-07,1522.33
2000-06-08,1537.13
2000-06-09,1521.9301
2000-06-13,1522.15
2000-06-14,1524.51
2000-06-15,1565.6899
2000-06-16,1569.95
2000-06-19,1560.67
2000-06-20,1560.4
2000-06-21,1555.62
2000-06-22,1545.9
2000-06-23,1542.97
2000-06-26,1532.24
2000-06-27,1529.37
2000-06-28,1531.01
2000-06-29,1532.74
2000-06-30,1533.99
2000-07-03,1535.65
2000-07-04,1538.88
2000-07-05,1539.92
2000-07-06,1542.41
2000-07-07,1550.6
2000-07-10,1557.5699
2000-07-11,1563.08
2000-07-12,1554.5699
2000-07-13,1561.52
2000-07-14,1553.89
2000-07-17,1546.6
2000-07-18,1528.85
2000-07-19,1516.99
2000-07-20,1489.47
2000-07-21,1479.46
2000-07-24,1477.8
2000-07-25,1481.6
2000-07-26,1478.33
2000-07-27,1448.9
2000-07-28,1437.08
2000-07-31,1417.17
2000-08-01,1410.33
2000-08-02,1412.77
2000-08-03,1436.0601
2000-08-04,1451.1801
2000-08-07,1450.1
2000-08-08,1438.74
2000-08-09,1458.53
2000-08-10,1469.24
2000-08-11,1474.86
2000-08-14,1463.85
2000-08-15,1473.28
2000-08-16,1473.0699
2000-08-17,1499.74
2000-08-18,1506.5699
2000-08-21,1492.75
2000-08-22,1496.98
2000-08-23,1491.3101
2000-08-24,1491.25
2000-08-25,1493.48
2000-08-28,1505.2
2000-08-29,1514.25
2000-08-30,1525.1899
2000-08-31,1537.52
2000-09-01,1529.65
2000-09-04,1532.64
2000-09-05,1542.76
2000-09-06,1527.8
2000-09-07,1523.04
2000-09-08,1523.6899
2000-09-11,1501.48
2000-09-12,1496.89
2000-09-13,1489.4
2000-09-14,1450.15
2000-09-15,1450.99
2000-09-18,1440.27
2000-09-19,1424.23
2000-09-20,1434.77
2000-09-21,1422.6899
2000-09-22,1420.61
2000-09-25,1424.17
2000-09-26,1426.17
2000-09-27,1439.24
2000-09-28,1441.83
2000-09-29,1434.49
2000-10-02,1425.16
2000-10-03,1395.52
2000-10-04,1372.7
2000-10-05,1389.11
2000-10-06,1389.0
2000-10-09,1365.01
2000-10-10,1332.22
2000-10-11,1326.26
2000-10-12,1318.74
2000-10-13,1323.65
2000-10-16,1295.02
2000-10-17,1271.75
2000-10-18,1263.67
2000-10-19,1256.96
2000-10-20,1251.23
2000-10-23,1267.6899
2000-10-24,1282.42
2000-10-25,1294.37
2000-10-26,1293.63
2000-10-27,1284.88
2000-10-30,1284.66
2000-10-31,1287.85
2000-11-06,1500.1
2000-11-07,1512.58
2000-11-08,1478.42
2000-11-09,1488.79
2000-11-10,1488.95
2000-11-13,1455.9399
2000-11-14,1469.58
2000-11-15,1469.2
2000-11-16,1468.4399
2000-11-17,1470.52
2000-11-20,1465.1
2000-11-21,1449.0
2000-11-22,1456.65
2000-11-23,1447.74
2000-11-24,1442.27
2000-11-27,1434.25
2000-11-28,1418.04
2000-11-29,1404.83
2000-12-01,1386.25
2000-12-04,1381.83
2000-12-05,1381.23
2000-12-06,1393.29
2000-12-07,1390.67
2000-12-08,1400.36
2000-12-11,1393.71
2000-12-12,1398.15
2000-12-13,1395.2
2000-12-14,1398.87
2000-12-15,1403.39
2000-12-18,1408.1899
2000-12-19,1413.99
2000-12-20,1447.65
2000-12-21,1426.05
2000-12-22,1429.17
2000-12-26,1467.8199
2000-12-27,1464.34
2000-12-28,1486.46
2000-12-29,1494.5
2001-01-02,1448.49
2001-01-03,1450.96
2001-01-04,1475.11
2001-01-05,1469.08
2001-01-08,1494.38
2001-01-09,1531.8199
2001-01-10,1534.15
2001-01-11,1515.89
2001-01-12,1541.65
2001-01-15,1567.9301
2001-01-16,1551.79
2001-01-17,1458.63
2001-01-18,1438.21
2001-01-19,1452.9301
2001-01-22,1708.0601
2001-01-23,1662.3
2001-01-24,1665.4301
2001-01-25,1693.1801
2001-01-26,1708.1801
2001-01-29,1686.28
2001-01-30,1668.4301
2001-01-31,1687.0
2001-02-01,1669.13
2001-02-02,1669.58
2001-02-05,1652.08
2001-02-06,1664.23
2001-02-07,1659.25
2001-02-08,1683.4399
2001-02-09,1695.59
2001-02-12,1712.0601
2001-02-13,1692.27
2001-02-14,1687.74
2001-02-15,1688.05
2001-02-16,1689.91
2001-02-19,1673.95
2001-02-20,1659.08
2001-02-21,1654.86
2001-02-22,1641.05
2001-02-23,1647.0
2001-02-26,1636.04
2001-02-27,1632.3
2001-02-28,1613.49
2001-03-01,1570.2
2001-03-02,1596.97
2001-03-05,1616.54
2001-03-06,1611.47
2001-03-07,1603.85
2001-03-08,1589.5699
2001-03-09,1588.39
2001-03-12,1567.53
2001-03-13,1526.4
2001-03-14,1523.79
2001-03-15,1491.61
2001-03-16,1498.3199
2001-03-19,1507.52
2001-03-20,1491.54
2001-03-21,1471.5601
2001-03-22,1466.23
2001-03-23,1431.5699
2001-03-26,1448.37
2001-03-27,1446.99
2001-03-28,1451.55
2001-03-29,1430.16
2001-03-30,1446.4
2001-04-02,1439.05
2001-04-03,1452.26
2001-04-04,1452.15
2001-04-05,1460.67
2001-04-06,1471.13
2001-04-10,1459.49
2001-04-11,1445.26
2001-04-16,1453.84
2001-04-17,1435.6801
2001-04-18,1425.97
2001-04-19,1428.87
2001-04-20,1428.54
2001-04-23,1437.16
2001-04-24,1444.0
2001-04-25,1462.1801
2001-04-26,1437.5
2001-04-27,1420.36
2001-04-30,1378.84
2001-05-02,1435.88
2001-05-03,1430.39
2001-05-04,1442.46
2001-05-07,1431.91
2001-05-08,1427.28
2001-05-09,1441.77
2001-05-10,1443.85
2001-05-11,1484.83
2001-05-15,1457.97
2001-05-16,1461.79
2001-05-17,1453.03
2001-05-18,1448.62
2001-05-21,1451.76
2001-05-22,1451.2
2001-05-23,1446.2
2001-05-24,1434.6801
2001-05-25,1410.23
2001-05-28,1395.12
2001-05-29,1385.4301
2001-05-30,1396.5
2001-05-31,1402.29
2001-06-01,1416.09
2001-06-04,1412.45
2001-06-05,1392.71
2001-06-06,1389.52
2001-06-07,1406.65
2001-06-08,1410.5
2001-06-11,1435.77
2001-06-13,1462.66
2001-06-14,1474.11
2001-06-15,1479.3
2001-06-18,1470.92
2001-06-19,1448.73
2001-06-20,1449.45
2001-06-21,1444.17
2001-06-22,1439.77
2001-06-25,1424.52
2001-06-26,1423.4399
2001-06-27,1415.73
2001-06-28,1414.79
2001-06-29,1410.0699
2001-07-02,1395.79
2001-07-03,1392.0699
2001-07-04,1385.99
2001-07-05,1402.23
2001-07-06,1396.92
2001-07-09,1405.39
2001-07-10,1397.66
2001-07-11,1390.1
2001-07-12,1399.42
2001-07-13,1396.3
2001-07-16,1397.61
2001-07-17,1384.01
2001-07-18,1393.1801
2001-07-19,1381.87
2001-07-20,1376.36
2001-07-23,1374.83
2001-07-24,1369.02
2001-07-25,1366.01
2001-07-26,1362.58
2001-07-27,1363.34
2001-07-30,1350.95
2001-07-31,1362.89
2001-08-01,1333.71
2001-08-02,1341.5601
2001-08-03,1328.17
2001-08-06,1333.05
2001-08-07,1332.03
2001-08-08,1308.41
2001-08-09,1278.4
2001-08-10,1294.23
2001-08-13,1303.65
2001-08-14,1303.0601
2001-08-15,1325.16
2001-08-16,1316.22
2001-08-17,1306.17
2001-08-20,1311.13
2001-08-21,1306.66
2001-08-22,1294.4301
2001-08-23,1278.14
2001-08-24,1286.0699
2001-08-27,1287.48
2001-08-28,1282.49
2001-08-29,1270.5699
2001-08-30,1262.91
2001-08-31,1265.4399
2001-09-03,1253.61
2001-09-04,1252.58
2001-09-05,1254.33
2001-09-06,1283.74
2001-09-07,1297.35
2001-09-10,1297.1899
2001-09-11,1294.09
2001-09-12,1241.39
2001-09-13,1243.76
2001-09-14,1236.42
2001-09-17,1178.11
2001-09-18,1206.38
2001-09-19,1187.05
2001-09-20,1177.4301
2001-09-21,1162.85
2001-09-24,1145.09
2001-09-25,1161.74
2001-09-26,1144.28
2001-09-27,1141.59
2001-09-28,1126.63
2001-10-01,1125.0601
2001-10-02,1105.01
2001-10-03,1089.28
2001-10-04,1094.9301
2001-10-05,1088.4399
2001-10-08,1048.67
2001-10-09,1033.1899
2001-10-10,991.35
2001-10-11,990.03
2001-10-12,1017.87
2001-10-15,1040.8
2001-10-16,1035.91
2001-10-17,1043.01
2001-10-18,1028.4
2001-10-19,1019.44
2001-10-22,1001.1
2001-10-23,988.04
2001-10-24,979.34
2001-10-25,989.97
2001-10-26,1002.52
2001-10-29,994.84
2001-10-30,995.14
2001-10-31,993.35
2001-11-05,997.5
2001-11-06,988.56
2001-11-07,988.79
2001-11-08,996.02
2001-11-09,999.79
2001-11-12,993.23
2001-11-13,989.96
2001-11-14,997.52
2001-11-15,1015.86
2001-11-16,1033.34
2001-11-19,1042.02
2001-11-20,1025.47
2001-11-21,1033.86
2001-11-22,1067.0601
2001-11-23,1088.46
2001-11-26,1088.37
2001-11-27,1111.52
2001-11-28,1120.5699
2001-11-29,1128.47
2001-12-03,1105.0601
2001-12-04,1096.55
2001-12-05,1121.97
2001-12-06,1133.34
2001-12-07,1130.2
2001-12-10,1120.83
2001-12-11,1116.5601
2001-12-12,1108.62
2001-12-13,1107.73
2001-12-14,1126.01
2001-12-18,1124.4
2001-12-19,1129.41
2001-12-20,1139.87
2001-12-21,1145.97
2001-12-26,1145.49
2001-12-27,1152.86
2001-12-28,1168.08
2002-01-02,1169.5699
2002-01-03,1174.29
2002-01-04,1189.89
2002-01-07,1192.03
2002-01-08,1186.97
2002-01-09,1183.6801
2002-01-10,1189.48
2002-01-11,1191.6
2002-01-14,1192.73
2002-01-15,1184.84
2002-01-16,1194.58
2002-01-17,1214.1
2002-01-18,1257.48
2002-01-21,1290.63
2002-01-22,1277.91
2002-01-23,1317.39
2002-01-24,1339.64
2002-01-25,1337.15
2002-01-28,1319.23
2002-01-29,1304.39
2002-01-30,1307.11
2002-01-31,1361.9399
2002-02-01,1386.3101
2002-02-04,1383.42
2002-02-05,1372.74
2002-02-06,1367.48
2002-02-07,1339.9399
2002-02-08,1344.35
2002-02-11,1365.96
2002-02-12,1382.41
2002-02-13,1388.64
2002-02-14,1407.49
2002-02-15,1416.83
2002-02-18,1438.83
2002-02-19,1469.0699
2002-02-20,1453.17
2002-02-21,1443.4399
2002-02-22,1396.38
2002-02-26,1396.79
2002-02-27,1403.0699
2002-02-28,1406.22
2002-03-01,1410.42
2002-03-04,1429.35
2002-03-05,1428.24
2002-03-06,1418.54
2002-03-07,1432.5601
2002-03-08,1432.1899
2002-03-11,1409.41
2002-03-12,1388.86
2002-03-13,1382.6
2002-03-14,1366.13
2002-03-15,1379.61
2002-03-18,1381.33
2002-03-19,1390.9399
2002-03-20,1407.54
2002-03-21,1415.47
2002-03-22,1417.75
2002-03-25,1413.3101
2002-03-26,1407.13
2002-03-27,1403.62
2002-04-01,1396.1
2002-04-02,1422.75
2002-04-03,1419.72
2002-04-04,1426.27
2002-04-05,1432.86
2002-04-09,1421.3
2002-04-10,1410.04
2002-04-11,1414.78
2002-04-12,1405.34
2002-04-15,1396.38
2002-04-16,1393.27
2002-04-17,1404.41
2002-04-18,1401.78
2002-04-19,1401.36
2002-04-22,1373.79
2002-04-23,1369.36
2002-04-24,1354.8199
2002-04-25,1328.5
2002-04-26,1323.96
2002-04-29,1315.01
2002-04-30,1346.09
2002-05-02,1363.3199
2002-05-03,1375.59
2002-05-06,1357.65
2002-05-07,1343.83
2002-05-08,1345.79
2002-05-09,1356.8
2002-05-10,1350.77
2002-05-13,1353.5
2002-05-14,1347.54
2002-05-15,1357.66
2002-05-16,1355.74
2002-05-17,1349.63
2002-05-20,1344.02
2002-05-21,1328.7
2002-05-22,1319.58
2002-05-23,1323.9399
2002-05-24,1335.12
2002-05-27,1333.09
2002-05-28,1325.12
2002-05-29,1323.42
2002-05-30,1328.55
2002-05-31,1315.0
2002-06-03,1321.26
2002-06-04,1327.29
2002-06-05,1311.7
2002-06-06,1302.6801
2002-06-07,1274.87
2002-06-10,1284.8
2002-06-11,1274.36
2002-06-13,1262.22
2002-06-14,1265.75
2002-06-17,1250.8101
2002-06-18,1250.5699
2002-06-19,1220.34
2002-06-20,1217.28
2002-06-21,1214.15
2002-06-24,1214.26
2002-06-25,1197.89
2002-06-26,1164.49
2002-06-27,1157.8101
2002-06-28,1156.35
2002-07-01,1195.37
2002-07-02,1190.11
2002-07-03,1141.55
2002-07-04,1136.6
2002-07-05,1119.72
2002-07-08,1121.23
2002-07-09,1138.4301
2002-07-10,1153.12
2002-07-11,1139.14
2002-07-12,1161.6899
2002-07-16,1168.73
2002-07-17,1157.34
2002-07-18,1156.6
2002-07-19,1167.5601
2002-07-22,1157.87
2002-07-23,1158.05
2002-07-24,1149.03
2002-07-25,1141.3101
2002-07-26,1129.42
2002-07-29,1118.03
2002-07-30,1122.39
2002-07-31,1123.24
2002-08-01,1125.16
2002-08-02,1119.0699
2002-08-05,1115.3101
2002-08-06,1085.21
2002-08-07,1091.16
2002-08-08,1093.25
2002-08-09,1102.37
2002-08-12,1098.58
2002-08-13,1128.16
2002-08-14,1134.3101
2002-08-15,1133.09
2002-08-16,1143.5699
2002-08-19,1136.89
2002-08-20,1128.88
2002-08-21,1104.73
2002-08-22,1098.5
2002-08-23,1087.26
2002-08-26,1092.86
2002-08-27,1098.91
2002-08-28,1109.11
2002-08-29,1105.96
2002-08-30,1103.36
2002-09-02,1098.29
2002-09-03,1098.09
2002-09-04,1113.96
2002-09-05,1118.45
2002-09-06,1121.3101
2002-09-09,1133.46
2002-09-10,1133.59
2002-09-11,1153.41
2002-09-12,1145.4301
2002-09-13,1155.49
2002-09-16,1160.12
2002-09-17,1162.53
2002-09-18,1153.3
2002-09-19,1149.03
2002-09-20,1142.87
2002-09-23,1138.63
2002-09-24,1122.0699
2002-09-25,1126.6
2002-09-26,1120.99
2002-09-27,1119.92
2002-09-30,1129.34
2002-10-01,1115.78
2002-10-02,1114.7
2002-10-03,1103.28
2002-10-04,1101.64
2002-10-07,1098.01
2002-10-08,1075.75
2002-10-09,1081.27
2002-10-10,1063.29
2002-10-11,1072.1899
2002-10-14,1067.51
2002-10-15,1047.6899
2002-10-16,1048.17
2002-10-17,1039.58
2002-10-18,1027.67
2002-10-21,1014.9
2002-10-22,1019.3
2002-10-23,1012.86
2002-10-24,1027.59
2002-10-25,1032.09
2002-10-28,1047.05
2002-10-29,1045.7
2002-10-30,1048.53
2002-11-04,1050.98
2002-11-05,1042.3101
2002-11-06,1060.4399
2002-11-07,1083.6
2002-11-08,1074.12
2002-11-11,1063.3101
2002-11-12,1055.29
2002-11-13,1059.45
2002-11-14,1061.86
2002-11-15,1058.71
2002-11-18,1034.48
2002-11-19,1024.99
2002-11-20,1034.2
2002-11-21,1030.84
2002-11-22,1054.8
2002-11-25,1056.41
2002-11-26,1050.85
2002-11-27,1036.27
2002-11-28,1042.66
2002-11-29,1047.22
2002-12-02,1050.04
2002-12-03,1042.54
2002-12-04,1036.26
2002-12-05,1031.75
2002-12-09,1027.53
2002-12-10,1013.31
2002-12-11,1013.58
2002-12-12,1025.51
2002-12-13,1030.1801
2002-12-16,1019.98
2002-12-17,1015.39
2002-12-18,1018.4
2002-12-19,997.78
2002-12-20,1000.78
2002-12-23,1008.84
2002-12-26,1015.33
2002-12-27,1018.41
2003-01-02,1008.64
2003-01-03,1011.5
2003-01-06,1015.07
2003-01-07,1019.59
2003-01-08,1040.42
2003-01-09,1035.3101
2003-01-10,1058.3
2003-01-13,1055.05
2003-01-14,1061.33
2003-01-15,1075.47
2003-01-16,1074.45
2003-01-17,1081.6
2003-01-20,1066.7
2003-01-21,1060.0699
2003-01-22,1052.4399
2003-01-23,1048.53
2003-01-24,1050.42
2003-01-28,1035.5699
2003-01-29,1039.26
2003-01-30,1039.88
2003-01-31,1056.6899
2003-02-03,1058.14
2003-02-04,1049.67
2003-02-05,1037.26
2003-02-06,1036.5601
2003-02-07,1041.83
2003-02-10,1038.89
2003-02-11,1044.77
2003-02-12,1041.37
2003-02-13,1040.1899
2003-02-14,1033.73
2003-02-17,1034.76
2003-02-18,1030.64
2003-02-19,1029.3
2003-02-20,1023.23
2003-02-21,1015.7
2003-02-24,1013.93
2003-02-26,1000.27
2003-02-27,1005.63
2003-02-28,1019.33
2003-03-03,1024.55
2003-03-04,1025.99
2003-03-05,1009.68
2003-03-06,1015.72
2003-03-07,1014.79
2003-03-10,1010.7
2003-03-11,1007.11
2003-03-12,1000.44
2003-03-13,1000.44
2003-03-14,1003.99
2003-03-17,999.46
2003-03-18,1005.59
2003-03-19,1020.46
2003-03-20,1039.33
2003-03-21,1032.15
2003-03-24,1033.09
2003-03-25,1022.99
2003-03-26,1027.91
2003-03-27,1035.0
2003-03-28,1038.23
2003-03-31,1039.67
2003-04-01,1038.0699
2003-04-02,1051.96
2003-04-03,1062.49
2003-04-04,1090.66
2003-04-08,1107.75
2003-04-09,1095.64
2003-04-10,1112.53
2003-04-11,1122.27
2003-04-14,1133.37
2003-04-15,1116.48
2003-04-16,1122.33
2003-04-21,1125.22
2003-04-22,1117.12
2003-04-23,1083.88
2003-04-24,1070.45
2003-04-25,1049.39
2003-04-28,1036.29
2003-04-29,1048.37
2003-04-30,1068.15
2003-05-05,1080.37
2003-05-06,1084.01
2003-05-07,1077.9
2003-05-08,1078.3199
2003-05-09,1073.26
2003-05-12,1061.4
2003-05-13,1058.5699
2003-05-14,1061.5601
2003-05-15,1057.14
2003-05-16,1059.53
2003-05-19,1062.9399
2003-05-20,1053.12
2003-05-21,1046.16
2003-05-22,1051.4399
2003-05-23,1047.34
2003-05-26,1046.9399
2003-05-27,1035.99
2003-05-28,1047.8199
2003-05-29,1066.47
2003-05-30,1073.6899
2003-06-02,1070.0601
2003-06-03,1088.83
2003-06-04,1122.13
2003-06-05,1165.86
2003-06-06,1163.84
2003-06-09,1155.71
2003-06-10,1156.25
2003-06-11,1168.75
2003-06-12,1191.0601
2003-06-16,1205.53
2003-06-17,1264.51
2003-06-18,1253.02
2003-06-19,1251.8101
2003-06-20,1240.6801
2003-06-23,1229.9
2003-06-24,1204.79
2003-06-25,1231.64
2003-06-26,1221.91
2003-06-27,1236.6
2003-06-30,1222.8
2003-07-01,1221.11
2003-07-02,1227.96
2003-07-03,1266.12
2003-07-04,1264.27
2003-07-07,1289.02
2003-07-08,1302.22
2003-07-09,1295.52
2003-07-10,1284.79
2003-07-11,1270.77
2003-07-14,1256.33
2003-07-15,1272.39
2003-07-16,1270.33
2003-07-17,1274.2
2003-07-18,1284.99
2003-07-21,1300.87
2003-07-22,1301.48
2003-07-23,1298.59
2003-07-24,1285.37
2003-07-25,1283.8
2003-07-28,1256.76
2003-07-29,1225.23
2003-07-30,1228.1899
2003-07-31,1240.42
2003-08-01,1235.3
2003-08-04,1198.1899
2003-08-05,1217.95
2003-08-06,1204.3199
2003-08-07,1207.25
2003-08-08,1232.88
2003-08-11,1238.0
2003-08-12,1247.9301
2003-08-13,1262.5
2003-08-14,1264.3
2003-08-15,1248.05
2003-08-18,1248.53
2003-08-19,1256.96
2003-08-20,1242.86
2003-08-21,1245.34
2003-08-25,1262.1
2003-08-26,1248.85
2003-08-27,1242.91
2003-08-28,1218.42
2003-08-29,1192.83
2003-09-01,1201.92
2003-09-02,1218.1
2003-09-03,1241.48
2003-09-04,1233.87
2003-09-05,1240.58
2003-09-08,1259.03
2003-09-09,1299.33
2003-09-10,1292.52
2003-09-11,1282.0
2003-09-12,1272.99
2003-09-15,1278.09
2003-09-16,1295.41
2003-09-17,1320.61
2003-09-18,1319.72
2003-09-19,1309.8101
2003-09-22,1314.0
2003-09-23,1303.01
2003-09-24,1318.5699
2003-09-25,1314.1899
2003-09-26,1313.85
2003-09-29,1310.36
2003-09-30,1297.42
2003-10-01,1288.11
2003-10-02,1297.89
2003-10-03,1304.73
2003-10-06,1305.46
2003-10-07,1312.72
2003-10-08,1298.54
2003-10-09,1303.66
2003-10-10,1345.2
2003-10-13,1384.4301
2003-10-14,1365.12
2003-10-15,1356.15
2003-10-16,1368.3
2003-10-17,1367.33
2003-10-20,1368.86
2003-10-21,1386.09
2003-10-22,1382.74
2003-10-23,1364.4399
2003-10-24,1363.4
2003-10-27,1358.17
2003-10-28,1363.04
2003-10-29,1364.8199
2003-10-30,1381.24
2003-10-31,1399.0699
2003-11-03,1411.59
2003-11-04,1432.27
2003-11-05,1430.9399
2003-11-06,1423.39
2003-11-07,1413.11
2003-11-10,1409.34
2003-11-11,1383.8101
2003-11-12,1363.53
2003-11-13,1343.88
2003-11-14,1345.53
2003-11-17,1328.66
2003-11-18,1328.04
2003-11-19,1318.3101
2003-11-20,1332.34
2003-11-21,1334.3
2003-11-24,1334.58
2003-11-25,1344.36
2003-11-27,1319.42
2003-11-28,1313.87
2003-12-01,1321.26
2003-12-02,1336.83
2003-12-03,1357.76
2003-12-04,1351.5
2003-12-05,1345.37
2003-12-08,1349.87
2003-12-09,1365.83
2003-12-10,1360.08
2003-12-11,1359.6
2003-12-12,1383.3199
2003-12-15,1395.23
2003-12-16,1399.4301
2003-12-17,1398.5601
2003-12-18,1410.27
2003-12-19,1422.24
2003-12-22,1421.03
2003-12-23,1427.4
2003-12-29,1450.7
2003-12-30,1442.37
2004-01-05,1487.34
2004-01-06,1532.74
2004-01-07,1516.09
2004-01-08,1495.5
2004-01-09,1528.87
2004-01-12,1501.02
2004-01-13,1507.17
2004-01-14,1525.3
2004-01-15,1507.9
2004-01-16,1518.01
2004-01-19,1520.03
2004-01-20,1546.89
2004-01-21,1560.8199
2004-01-22,1560.4301
2004-01-23,1560.02
2004-01-26,1547.7
2004-01-27,1565.0
2004-01-28,1548.97
2004-01-29,1515.15
2004-01-30,1508.3
2004-02-02,1447.05
2004-02-03,1437.67
2004-02-04,1441.12
2004-02-05,1431.79
2004-02-06,1461.53
2004-02-09,1478.35
2004-02-10,1490.21
2004-02-11,1477.04
2004-02-12,1479.28
2004-02-13,1480.77
2004-02-16,1464.99
2004-02-17,1464.88
2004-02-18,1472.12
2004-02-19,1473.14
2004-02-20,1488.02
2004-02-23,1482.5699
2004-02-24,1468.3199
2004-02-26,1485.97
2004-02-27,1483.1801
2004-03-01,1484.46
2004-03-02,1477.02
2004-03-03,1463.0
2004-03-04,1474.0699
2004-03-05,1471.65
2004-03-08,1468.76
2004-03-09,1455.75
2004-03-10,1455.67
2004-03-11,1435.0699
2004-03-12,1423.79
2004-03-15,1419.34
2004-03-16,1418.67
2004-03-17,1431.64
2004-03-18,1448.0601
2004-03-19,1450.83
2004-03-22,1431.67
2004-03-23,1418.73
2004-03-24,1389.87
2004-03-25,1393.12
2004-03-26,1390.92
2004-03-29,1388.15
2004-03-30,1396.02
2004-03-31,1424.33
2004-04-01,1433.11
2004-04-02,1450.91
2004-04-05,1490.05
2004-04-06,1516.8101
2004-04-12,1510.58
2004-04-13,1485.47
2004-04-14,1483.4301
2004-04-15,1483.2
2004-04-16,1498.11
2004-04-19,1497.48
2004-04-20,1525.96
2004-04-21,1537.78
2004-04-22,1548.28
2004-04-23,1589.4
2004-04-26,1571.9
2004-04-27,1596.9301
2004-04-28,1610.3101
2004-04-29,1581.95
2004-04-30,1555.01
2004-05-03,1562.65
2004-05-04,1573.83
2004-05-05,1562.13
2004-05-06,1551.6899
2004-05-07,1554.6899
2004-05-11,1508.26
2004-05-12,1540.96
2004-05-13,1526.47
2004-05-14,1521.61
2004-05-17,1486.99
2004-05-18,1476.08
2004-05-19,1468.3199
2004-05-20,1472.25
2004-05-21,1484.96
2004-05-24,1481.91
2004-05-25,1493.9
2004-05-26,1507.65
2004-05-27,1499.12
2004-05-28,1517.2
2004-05-31,1511.36
2004-06-01,1518.55
2004-06-02,1526.9399
2004-06-03,1532.63
2004-06-04,1524.45
2004-06-07,1517.17
2004-06-08,1545.63
2004-06-09,1543.4
2004-06-10,1533.73
2004-06-11,1518.0
2004-06-14,1536.83
2004-06-15,1547.25
2004-06-16,1543.47
2004-06-17,1539.9301
2004-06-18,1532.75
2004-06-21,1540.52
2004-06-22,1542.8199
2004-06-23,1573.47
2004-06-24,1573.77
2004-06-25,1579.51
2004-06-28,1580.35
2004-06-29,1586.35
2004-06-30,1579.4
2004-07-01,1593.6
2004-07-02,1590.64
2004-07-05,1589.9301
2004-07-06,1590.95
2004-07-07,1598.39
2004-07-08,1595.47
2004-07-09,1592.46
2004-07-12,1586.25
2004-07-13,1573.03
2004-07-14,1565.34
2004-07-15,1549.98
2004-07-16,1551.23
2004-07-19,1544.26
2004-07-20,1533.0
2004-07-21,1539.3199
2004-07-22,1552.79
2004-07-23,1559.22
2004-07-26,1543.26
2004-07-27,1560.9
2004-07-28,1583.41
2004-07-30,1584.7
2004-08-02,1564.47
2004-08-03,1562.03
2004-08-04,1572.91
2004-08-05,1577.8
2004-08-06,1576.85
2004-08-09,1578.21
2004-08-10,1579.26
2004-08-11,1592.4
2004-08-12,1594.48
2004-08-13,1590.63
2004-08-16,1594.83
2004-08-17,1566.83
2004-08-18,1556.37
2004-08-19,1573.27
2004-08-20,1582.84
2004-08-23,1576.1801
2004-08-24,1542.01
2004-08-25,1548.08
2004-08-26,1561.33
2004-08-27,1582.04
2004-08-30,1580.41
2004-08-31,1579.83
2004-09-01,1592.74
2004-09-02,1614.0
2004-09-03,1627.96
2004-09-06,1633.54
2004-09-07,1671.76
2004-09-08,1728.45
2004-09-09,1739.92
2004-09-10,1751.6
2004-09-13,1758.62
2004-09-14,1717.45
2004-09-15,1706.08
2004-09-16,1691.86
2004-09-17,1681.35
2004-09-20,1702.21
2004-09-21,1720.6801
2004-09-22,1727.88
2004-09-23,1742.5601
2004-09-24,1763.3
2004-09-27,1760.33
2004-09-28,1746.08
2004-09-29,1742.09
2004-09-30,1761.5699
2004-10-01,1787.25
2004-10-04,1851.6
2004-10-05,1833.35
2004-10-06,1841.67
2004-10-07,1842.6801
2004-10-08,1836.47
2004-10-11,1821.97
2004-10-12,1784.91
2004-10-13,1790.73
2004-10-14,1797.3
2004-10-15,1781.41
2004-10-18,1789.98
2004-10-19,1778.85
2004-10-20,1784.9301
2004-10-21,1766.6
2004-10-22,1762.14
2004-10-25,1735.6899
2004-10-26,1768.78
2004-10-27,1774.34
2004-10-28,1807.49
2004-10-29,1819.03
2004-11-02,1809.54
2004-11-03,1827.3199
2004-11-04,1820.21
2004-11-05,1817.52
2004-11-08,1812.16
2004-11-09,1789.03
2004-11-10,1779.1801
2004-11-11,1765.09
2004-11-12,1742.8101
2004-11-16,1787.89
2004-11-17,1794.36
2004-11-18,1817.64
2004-11-19,1795.59
2004-11-22,1788.2
2004-11-23,1811.23
2004-11-24,1826.1899
2004-11-25,1814.5
2004-11-26,1814.1
2004-11-30,1830.96
2004-12-01,1816.47
2004-12-02,1816.99
2004-12-06,1803.37
2004-12-07,1799.08
2004-12-08,1801.1801
2004-12-09,1793.6801
2004-12-10,1753.47
2004-12-13,1748.33
2004-12-14,1775.73
2004-12-15,1794.89
2004-12-16,1820.8199
2004-12-17,1806.33
2004-12-20,1786.25
2004-12-21,1775.45
2004-12-22,1789.74
2004-12-23,1807.49
2004-12-28,1825.98
2004-12-29,1822.83
2005-01-03,1846.9
2005-01-04,1873.0699
2005-01-05,1875.37
2005-01-06,1859.8
2005-01-07,1851.78
2005-01-10,1840.47
2005-01-11,1845.83
2005-01-12,1820.5699
2005-01-13,1865.11
2005-01-14,1876.03
2005-01-17,1909.1801
2005-01-18,1905.45
2005-01-19,1946.89
2005-01-20,1956.8199
2005-01-21,1987.84
2005-01-24,2015.25
2005-01-25,1990.29
2005-01-26,1970.28
2005-01-27,1991.39
2005-01-28,2014.61
2005-01-31,2019.5601
2005-02-01,1992.46
2005-02-02,1989.65
2005-02-03,2000.22
2005-02-04,1995.5699
2005-02-07,2016.84
2005-02-08,2030.08
2005-02-09,2028.86
2005-02-10,2048.24
2005-02-11,2061.48
2005-02-14,2084.5
2005-02-15,2090.1001
2005-02-16,2078.48
2005-02-17,2096.99
2005-02-18,2085.9299
2005-02-21,2022.66
2005-02-22,1992.27
2005-02-23,2042.78
2005-02-24,2073.1899
2005-02-28,2079.99
2005-03-01,2088.95
2005-03-02,2068.4199
2005-03-03,2093.27
2005-03-04,2124.6899
2005-03-07,2166.1001
2005-03-08,2149.0601
2005-03-09,2157.1399
2005-03-10,2137.4199
2005-03-11,2137.3899
2005-03-14,2115.6101
2005-03-15,2106.3101
2005-03-16,2099.1201
2005-03-17,2100.1101
2005-03-18,2050.28
2005-03-21,2033.78
2005-03-22,1999.15
2005-03-28,1986.95
2005-03-29,1931.98
2005-03-30,1951.38
2005-03-31,1954.6899
2005-04-01,1966.29
2005-04-04,1994.36
2005-04-05,1962.7
2005-04-06,1962.38
2005-04-07,1914.22
2005-04-08,1906.6899
2005-04-11,1896.72
2005-04-12,1927.8199
2005-04-13,1916.58
2005-04-14,1887.47
2005-04-15,1864.0601
2005-04-18,1818.87
2005-04-19,1834.0601
2005-04-20,1854.97
2005-04-21,1841.9399
2005-04-22,1868.13
2005-04-25,1860.5601
2005-04-26,1858.14
2005-04-27,1830.3199
2005-04-28,1838.16
2005-04-29,1854.63
2005-05-03,1865.11
2005-05-04,1866.17
2005-05-05,1893.2
2005-05-06,1913.77
2005-05-09,1946.77
2005-05-10,1931.54
2005-05-11,1921.33
2005-05-12,1911.75
2005-05-13,1882.39
2005-05-16,1862.59
2005-05-17,1876.47
2005-05-18,1879.39
2005-05-19,1893.09
2005-05-20,1886.73
2005-05-23,1883.48
2005-05-24,1881.08
2005-05-25,1869.5
2005-05-26,1858.72
2005-05-27,1875.41
2005-05-30,1886.61
2005-05-31,1929.38
2005-06-01,1964.3101
2005-06-02,2010.5601
2005-06-03,2022.49
2005-06-06,2051.04
2005-06-07,2003.02
2005-06-08,1953.28
2005-06-09,1898.24
2005-06-10,1937.1801
2005-06-14,1955.79
2005-06-15,1992.4399
2005-06-16,1999.6
2005-06-17,2011.17
2005-06-20,2004.71
2005-06-21,1954.09
2005-06-22,1958.62
2005-06-23,1955.22
2005-06-24,1947.21
2005-06-27,1963.5
2005-06-28,1955.2
2005-06-29,1945.12
2005-06-30,1924.23
2005-07-01,1895.25
2005-07-04,1815.67
2005-07-05,1817.02
2005-07-06,1813.04
2005-07-07,1847.3199
2005-07-08,1876.28
2005-07-11,1852.78
2005-07-12,1868.9399
2005-07-13,1854.04
2005-07-14,1879.46
2005-07-15,1897.08
2005-07-18,1909.25
2005-07-19,1889.55
2005-07-20,1944.71
2005-07-21,1960.76
2005-07-22,1954.4
2005-07-26,1959.58
2005-07-27,1974.54
2005-07-28,1999.8199
2005-07-29,2000.25
2005-08-01,1982.9301
2005-08-02,1985.09
2005-08-03,1988.14
2005-08-04,1978.0
2005-08-05,1975.6
2005-08-08,1974.83
2005-08-09,1990.0
2005-08-10,2010.41
2005-08-11,2023.7
2005-08-12,2038.1
2005-08-15,2005.99
2005-08-16,1993.58
2005-08-17,1985.1
2005-08-18,1979.12
2005-08-19,1966.33
2005-08-22,1963.37
2005-08-23,1943.76
2005-08-24,1924.15
2005-08-25,1925.6801
2005-08-26,1934.5601
2005-08-30,1951.63
2005-08-31,1936.9
2005-09-01,1941.41
2005-09-02,1946.38
2005-09-05,1929.02
2005-09-06,1896.71
2005-09-07,1897.33
2005-09-08,1905.84
2005-09-09,1882.77
2005-09-12,1866.91
2005-09-13,1894.67
2005-09-14,1914.74
2005-09-15,1903.09
2005-09-16,1909.8
2005-09-19,1928.09
2005-09-20,1933.51
2005-09-21,1959.15
2005-09-22,1965.27
2005-09-23,1959.51
2005-09-26,1954.74
2005-09-27,1984.49
2005-09-28,1976.1
2005-09-29,1970.1899
2005-09-30,1942.0699
2005-10-03,1945.8199
2005-10-04,1938.35
2005-10-05,1940.9399
2005-10-06,1939.35
2005-10-07,1952.28
2005-10-10,1949.42
2005-10-11,1964.22
2005-10-12,1958.26
2005-10-13,1955.01
2005-10-14,1953.14
2005-10-17,1947.46
2005-10-18,1947.33
2005-10-19,1954.29
2005-10-20,1944.62
2005-10-21,1922.5
2005-10-24,1917.47
2005-10-25,1927.49
2005-10-26,1934.55
2005-10-27,1941.46
2005-10-28,1960.22
2005-11-02,2007.12
2005-11-03,2031.7
2005-11-07,2030.05
2005-11-08,2046.9301
2005-11-09,2097.3
2005-11-10,2099.1399
2005-11-11,2092.6799
2005-11-14,2072.05
2005-11-15,2063.74
2005-11-16,2060.75
2005-11-17,2056.1299
2005-11-18,2079.98
2005-11-21,2126.5601
2005-11-22,2130.9299
2005-11-23,2103.75
2005-11-24,2119.6499
2005-11-25,2106.1001
2005-11-29,2107.3601
2005-11-30,2099.74
2005-12-01,2086.1799
2005-12-02,2114.8899
2005-12-05,2116.3
2005-12-06,2099.1499
2005-12-07,2103.4199
2005-12-08,2113.6001
2005-12-09,2100.25
2005-12-12,2101.3999
2005-12-13,2099.04
2005-12-14,2097.25
2005-12-15,2071.6699
2005-12-16,2047.5601
2005-12-19,2024.7
2005-12-20,2062.78
2005-12-21,2075.05
2005-12-22,2078.5801
2005-12-23,2111.46
2005-12-27,2088.6001
2005-12-28,2067.3201
2005-12-29,2096.04
2006-01-02,2092.0
2006-01-03,2109.79
2006-01-04,2138.05
2006-01-05,2150.9299
2006-01-06,2133.79
2006-01-09,2151.1499
2006-01-10,2162.4299
2006-01-11,2150.71
2006-01-12,2158.6499
2006-01-13,2148.27
2006-01-16,2137.76
2006-01-17,2154.3
2006-01-18,2125.45
2006-01-19,2109.0801
2006-01-20,2108.25
2006-01-23,2099.51
2006-01-24,2103.3701
2006-01-25,2112.49
2006-01-26,2117.8101
2006-01-27,2121.8899
2006-01-30,2131.9099
2006-01-31,2145.3899
2006-02-01,2143.52
2006-02-02,2159.3701
2006-02-03,2138.71
2006-02-06,2133.1299
2006-02-07,2097.3799
2006-02-08,2060.9199
2006-02-09,2083.6499
2006-02-10,2085.29
2006-02-13,2087.6399
2006-02-14,2069.8899
2006-02-15,2074.0901
2006-02-16,2076.4199
2006-02-17,2102.1599
2006-02-20,2084.1001
2006-02-21,2076.8101
2006-02-22,2067.8799
2006-02-23,2091.3201
2006-02-24,2069.9299
2006-02-27,2089.3601
2006-02-28,2122.96
2006-03-01,2135.27
2006-03-02,2137.6101
2006-03-03,2130.3701
2006-03-06,2148.3201
2006-03-07,2121.9099
2006-03-08,2099.26
2006-03-09,2109.77
2006-03-10,2103.3701
2006-03-13,2121.76
2006-03-14,2120.99
2006-03-15,2127.9099
2006-03-16,2141.77
2006-03-17,2150.1699
2006-03-20,2163.3101
2006-03-21,2185.71
2006-03-22,2184.7
2006-03-23,2192.78
2006-03-24,2208.1299
2006-03-27,2195.95
2006-03-28,2186.79
2006-03-29,2181.5801
2006-03-30,2180.6399
2006-03-31,2195.95
2006-04-03,2189.77
2006-04-04,2194.2
2006-04-05,2197.9
2006-04-06,2220.37
2006-04-07,2216.73
2006-04-10,2207.94
2006-04-11,2217.38
2006-04-12,2223.97
2006-04-17,2229.36
2006-04-18,2225.72
2006-04-19,2223.73
2006-04-20,2242.76
2006-04-21,2262.97
2006-04-24,2250.48
2006-04-25,2232.55
2006-04-26,2247.14
2006-04-27,2281.39
2006-04-28,2270.53
2006-05-02,2305.6399
2006-05-03,2340.8201
2006-05-04,2370.29
2006-05-05,2470.24
2006-05-08,2589.1699
2006-05-09,2512.23
2006-05-10,2529.49
2006-05-11,2550.79
2006-05-12,2518.2
2006-05-15,2438.73
2006-05-16,2460.1899
2006-05-17,2463.5701
2006-05-18,2378.74
2006-05-19,2356.02
2006-05-22,2357.98
2006-05-23,2264.3601
2006-05-24,2252.5801
2006-05-25,2229.3301
2006-05-26,2300.3899
2006-05-29,2282.8899
2006-05-30,2300.0801
2006-05-31,2296.1101
2006-06-01,2310.1499
2006-06-02,2304.1699
2006-06-05,2304.4099
2006-06-06,2289.8
2006-06-07,2218.4199
2006-06-08,2157.6799
2006-06-09,2159.5
2006-06-13,2120.29
2006-06-14,2067.0
2006-06-15,2081.8
2006-06-16,2121.47
2006-06-19,2119.79
2006-06-20,2068.0901
2006-06-21,2057.77
2006-06-22,2097.3899
2006-06-23,2113.1699
2006-06-26,2092.3999
2006-06-27,2081.0901
2006-06-28,2066.0601
2006-06-29,2084.6201
2006-06-30,2178.79
2006-07-03,2194.8401
2006-07-04,2256.48
2006-07-05,2262.3401
2006-07-06,2227.8501
2006-07-07,2258.03
2006-07-10,2238.8401
2006-07-11,2243.22
2006-07-12,2231.6799
2006-07-13,2261.5701
2006-07-14,2210.1499
2006-07-17,2175.21
2006-07-18,2191.78
2006-07-19,2181.5701
2006-07-20,2247.3999
2006-07-21,2241.25
2006-07-25,2267.6699
2006-07-26,2289.1299
2006-07-27,2336.4199
2006-07-28,2329.5701
2006-07-31,2390.8401
2006-08-01,2388.33
2006-08-02,2308.37
2006-08-03,2357.55
2006-08-04,2362.6
2006-08-07,2378.63
2006-08-08,2367.75
2006-08-09,2349.22
2006-08-10,2326.06
2006-08-11,2341.46
2006-08-14,2327.5
2006-08-15,2329.42
2006-08-16,2343.51
2006-08-17,2345.96
2006-08-18,2329.8999
2006-08-22,2318.1399
2006-08-23,2314.5701
2006-08-24,2314.0901
2006-08-25,2274.53
2006-08-28,2298.5801
2006-08-29,2302.6899
2006-08-30,2296.78
2006-08-31,2312.23
2006-09-01,2329.44
2006-09-04,2371.1
2006-09-05,2392.56
2006-09-06,2396.2
2006-09-07,2405.25
2006-09-08,2378.04
2006-09-11,2400.78
2006-09-12,2361.66
2006-09-13,2379.43
2006-09-14,2406.48
2006-09-15,2434.86
2006-09-18,2501.8
2006-09-19,2563.66
2006-09-20,2512.76
2006-09-21,2557.21
2006-09-22,2531.65
2006-09-25,2531.68
2006-09-26,2544.48
2006-09-27,2556.71
2006-10-02,2542.69
2006-10-03,2522.5
2006-10-04,2486.82
2006-10-05,2561.06
2006-10-06,2560.22
2006-10-09,2551.92
2006-10-10,2528.98
2006-10-11,2527.27
2006-10-12,2534.4
2006-10-13,2557.25
2006-10-16,2584.2
2006-10-17,2543.48
2006-10-18,2546.53
2006-10-19,2597.15
2006-10-20,2617.41
2006-10-23,2625.52
2006-10-25,2678.72
2006-10-26,2682.94
2006-10-27,2702.37
2006-10-30,2708.19
2006-10-31,2708.5
2006-11-02,2721.78
2006-11-03,2766.86
2006-11-06,2763.89
2006-11-07,2792.74
2006-11-08,2755.28
2006-11-09,2818.83
2006-11-10,2839.38
2006-11-13,2821.92
2006-11-14,2801.79
2006-11-15,2791.49
2006-11-16,2818.59
2006-11-17,2842.54
2006-11-20,2843.31
2006-11-21,2825.41
2006-11-22,2855.23
2006-11-23,2814.56
2006-11-24,2817.84
2006-11-27,2817.56
2006-11-28,2779.14
2006-11-29,2745.56
2006-11-30,2788.46
2006-12-04,2795.3
2006-12-05,2808.09
2006-12-06,2797.79
2006-12-07,2796.18
2006-12-08,2831.4
2006-12-11,2841.77
2006-12-12,2840.82
2006-12-13,2835.86
2006-12-14,2833.27
2006-12-15,2856.29
2006-12-18,2877.83
2006-12-19,2849.71
2006-12-20,2829.57
2006-12-21,2862.51
2006-12-22,2858.31
2006-12-27,2883.47
2006-12-28,2943.38
2006-12-29,2982.54
2007-01-02,2976.85
2007-01-03,3020.7
2007-01-04,3012.74
2007-01-05,2996.39
2007-01-08,2952.32
2007-01-09,2972.32
2007-01-10,2951.08
2007-01-11,2940.16
2007-01-12,2992.33
2007-01-15,3019.06
2007-01-16,3070.29
2007-01-17,3041.56
2007-01-18,3081.73
2007-01-19,3085.18
2007-01-22,3141.28
2007-01-23,3199.34
2007-01-24,3244.75
2007-01-25,3275.19
2007-01-26,3162.82
2007-01-30,3196.66
2007-01-31,3239.27
2007-02-01,3245.26
2007-02-02,3269.18
2007-02-05,3281.9
2007-02-06,3271.97
2007-02-07,3232.39
2007-02-08,3196.08
2007-02-09,3245.81
2007-02-12,3234.16
2007-02-13,3233.91
2007-02-14,3300.94
2007-02-15,3379.37
2007-02-19,3329.03
2007-02-20,3375.31
2007-02-21,3378.92
2007-02-22,3365.53
2007-02-23,3389.37
2007-02-26,3380.0
2007-02-27,3331.29
2007-02-28,3067.45
2007-03-01,3190.12
2007-03-02,3140.34
2007-03-05,2997.88
2007-03-06,2973.27
2007-03-07,3063.26
2007-03-08,3028.37
2007-03-09,3099.82
2007-03-12,3124.96
2007-03-13,3181.96
2007-03-14,3074.28
2007-03-15,3043.61
2007-03-16,3062.25
2007-03-19,3041.38
2007-03-20,3039.31
2007-03-21,3090.47
2007-03-22,3178.32
2007-03-23,3170.05
2007-03-26,3150.04
2007-03-27,3174.75
2007-03-28,3162.81
2007-03-29,3151.72
2007-03-30,3203.55
2007-04-02,3229.6
2007-04-03,3248.0
2007-04-04,3294.23
2007-04-10,3304.42
2007-04-11,3294.21
2007-04-12,3223.22
2007-04-13,3217.07
2007-04-16,3267.86
2007-04-17,3318.17
2007-04-18,3295.28
2007-04-19,3238.06
2007-04-20,3254.76
2007-04-23,3319.01
2007-04-24,3291.93
2007-04-25,3309.43
2007-04-26,3350.34
2007-04-27,3318.38
2007-04-30,3270.73
2007-05-02,3271.99
2007-05-03,3271.53
2007-05-04,3278.48
2007-05-07,3329.89
2007-05-08,3333.95
2007-05-09,3345.98
2007-05-10,3342.21
2007-05-11,3364.61
2007-05-15,3408.73
2007-05-16,3409.2
2007-05-17,3417.69
2007-05-18,3449.18
2007-05-21,3466.34
2007-05-22,3505.03
2007-05-23,3466.56
2007-05-24,3470.77
2007-05-25,3441.76
2007-05-28,3443.56
2007-05-29,3452.62
2007-05-30,3398.55
2007-05-31,3474.67
2007-06-01,3547.35
2007-06-04,3622.94
2007-06-05,3608.14
2007-06-06,3570.47
2007-06-07,3528.79
2007-06-08,3526.73
2007-06-12,3571.1
2007-06-13,3543.82
2007-06-14,3628.62
2007-06-15,3671.29
2007-06-18,3680.55
2007-06-19,3667.14
2007-06-20,3718.88
2007-06-21,3714.59
2007-06-22,3701.16
2007-06-25,3653.58
2007-06-26,3657.12
2007-06-27,3587.21
2007-06-28,3645.0
2007-06-29,3665.23
2007-07-02,3691.68
2007-07-03,3751.99
2007-07-04,3731.66
2007-07-05,3802.32
2007-07-06,3758.84
2007-07-09,3744.05
2007-07-10,3720.96
2007-07-11,3704.22
2007-07-12,3756.75
2007-07-13,3786.02
2007-07-16,3753.26
2007-07-17,3729.68
2007-07-18,3734.8
2007-07-19,3702.91
2007-07-23,3737.79
2007-07-25,3645.51
2007-07-26,3659.68
2007-07-27,3518.76
2007-07-30,3467.46
2007-07-31,3501.2
2007-08-01,3426.45
2007-08-02,3359.02
2007-08-03,3352.24
2007-08-06,3256.99
2007-08-07,3348.34
2007-08-08,3375.91
2007-08-09,3385.2
2007-08-10,3281.96
2007-08-13,3267.03
2007-08-14,3263.56
2007-08-15,3130.34
2007-08-16,2942.31
2007-08-17,2884.34
2007-08-21,3167.52
2007-08-22,3139.46
2007-08-23,3229.15
2007-08-24,3206.94
2007-08-28,3251.77
2007-08-29,3209.53
2007-08-30,3320.34
2007-08-31,3365.29
2007-09-03,3369.14
2007-09-04,3312.3
2007-09-05,3342.35
2007-09-06,3326.53
2007-09-07,3332.97
2007-09-10,3281.08
2007-09-11,3267.97
2007-09-12,3307.6
2007-09-13,3289.22
2007-09-14,3294.55
2007-09-17,3307.43
2007-09-18,3289.75
2007-09-19,3362.98
2007-09-20,3442.38
2007-09-21,3423.73
2007-09-24,3434.45
2007-09-25,3440.67
2007-09-26,3475.75
2007-09-27,3577.51
2007-09-28,3572.9
2007-10-01,3597.92
2007-10-02,3677.19
2007-10-03,3769.82
2007-10-04,3775.46
2007-10-05,3775.91
2007-10-08,3873.5
2007-10-09,3776.0
2007-10-10,3834.71
2007-10-11,3824.2
2007-10-15,3861.38
2007-10-16,3815.22
2007-10-17,3760.04
2007-10-18,3771.12
2007-10-19,3819.75
2007-10-22,3667.87
2007-10-23,3697.17
2007-10-24,3763.47
2007-10-25,3767.78
2007-10-26,3784.88
2007-10-30,3783.43
2007-10-31,3758.97
2007-11-05,3774.81
2007-11-06,3773.63
2007-11-07,3788.26
2007-11-08,3692.1
2007-11-09,3703.66
2007-11-12,3618.37
2007-11-13,3599.49
2007-11-14,3681.62
2007-11-15,3672.22
2007-11-16,3598.96
2007-11-19,3645.22
2007-11-20,3540.61
2007-11-21,3510.49
2007-11-22,3478.94
2007-11-23,3494.44
2007-11-26,3537.29
2007-11-27,3524.19
2007-11-28,3537.0
2007-11-29,3578.55
2007-12-03,3626.88
2007-12-04,3644.45
2007-12-05,3648.71
2007-12-06,3733.96
2007-12-07,3745.39
2007-12-10,3675.52
2007-12-11,3672.38
2007-12-12,3605.59
2007-12-13,3626.21
2007-12-14,3538.69
2007-12-17,3486.82
2007-12-18,3470.21
2007-12-19,3466.28
2007-12-20,3491.96
2007-12-26,3612.63
2007-12-27,3667.64
2007-12-28,3621.6
2008-01-02,3617.29
2008-01-03,3501.38
2008-01-04,3479.37
2008-01-07,3388.81
2008-01-08,3420.56
2008-01-09,3416.08
2008-01-10,3454.6
2008-01-11,3503.7
2008-01-14,3482.28
2008-01-15,3447.29
2008-01-16,3351.66
2008-01-17,3248.89
2008-01-18,3168.3
2008-01-21,3152.3
2008-01-22,2978.41
2008-01-23,3058.26
2008-01-24,3147.42
2008-01-25,3237.41
2008-01-28,3203.56
2008-01-29,3224.24
2008-01-30,3256.53
2008-01-31,3266.0
2008-02-01,3294.08
2008-02-04,3323.25
2008-02-05,3283.56
2008-02-06,3228.84
2008-02-07,3223.2
2008-02-08,3241.13
2008-02-11,3179.48
2008-02-12,3200.9
2008-02-13,3223.35
2008-02-14,3211.6
2008-02-15,3182.85
2008-02-18,3163.25
2008-02-19,3190.67
2008-02-20,3181.05
2008-02-21,3176.06
2008-02-22,3080.24
2008-02-26,3079.54
2008-02-27,3105.0
2008-02-28,3112.85
2008-02-29,3129.99
2008-03-03,3079.99
2008-03-04,3108.72
2008-03-05,3092.65
2008-03-06,3116.84
2008-03-07,3028.73
2008-03-10,2908.88
2008-03-11,2909.0
2008-03-12,2953.39
2008-03-13,2940.47
2008-03-14,2906.53
2008-03-17,2793.68
2008-03-18,2777.42
2008-03-19,2817.58
2008-03-24,2867.5
2008-03-25,2892.2
2008-03-26,2918.37
2008-03-27,2925.91
2008-03-28,2956.02
2008-03-31,2984.67
2008-04-01,2969.83
2008-04-02,3048.31
2008-04-03,3034.81
2008-04-04,2983.04
2008-04-08,2981.12
2008-04-09,2961.78
2008-04-10,2955.11
2008-04-11,2940.98
2008-04-14,2918.27
2008-04-15,2904.73
2008-04-16,2921.74
2008-04-17,2940.48
2008-04-18,2915.67
2008-04-21,2890.92
2008-04-22,2855.75
2008-04-23,2824.81
2008-04-24,2844.02
2008-04-25,2777.93
2008-04-28,2739.44
2008-04-29,2754.29
2008-04-30,2749.77
2008-05-02,2722.95
2008-05-05,2752.93
2008-05-06,2727.7
2008-05-07,2739.43
2008-05-08,2760.62
2008-05-09,2779.42
2008-05-12,2803.49
2008-05-13,2849.29
2008-05-14,2862.53
2008-05-15,2878.26
2008-05-16,2879.95
2008-05-19,2877.46
2008-05-20,2896.15
2008-05-21,2872.45
2008-05-22,2838.58
2008-05-23,2849.28
2008-05-26,2840.52
2008-05-27,2855.98
2008-05-28,2833.27
2008-05-29,2802.22
2008-05-30,2827.44
2008-06-02,2825.89
2008-06-04,2773.12
2008-06-05,2718.42
2008-06-06,2739.7
2008-06-10,2645.95
2008-06-11,2579.28
2008-06-12,2544.89
2008-06-13,2554.75
2008-06-16,2620.76
2008-06-17,2637.26
2008-06-18,2628.2
2008-06-19,2592.59
2008-06-20,2578.57
2008-06-23,2499.38
2008-06-24,2474.87
2008-06-25,2510.8
2008-06-26,2521.61
2008-06-27,2466.28
2008-06-30,2459.98
2008-07-01,2415.25
2008-07-02,2393.9
2008-07-03,2339.84
2008-07-04,2369.21
2008-07-07,2414.66
2008-07-08,2450.55
2008-07-09,2481.53
2008-07-10,2450.62
2008-07-11,2437.99
2008-07-14,2457.27
2008-07-15,2413.26
2008-07-16,2373.7
2008-07-17,2393.62
2008-07-18,2389.52
2008-07-21,2416.62
2008-07-23,2462.94
2008-07-24,2535.91
2008-07-25,2512.72
2008-07-28,2540.81
2008-07-29,2526.04
2008-07-30,2583.83
2008-07-31,2577.1
2008-08-01,2584.21
2008-08-04,2599.99
2008-08-05,2602.38
2008-08-06,2697.21
2008-08-07,2684.64
2008-08-08,2692.81
2008-08-11,2768.52
2008-08-12,2755.86
2008-08-13,2721.94
2008-08-14,2727.28
2008-08-15,2725.15
2008-08-19,2691.2
2008-08-20,2681.66
2008-08-21,2656.92
2008-08-22,2653.18
2008-08-26,2637.65
2008-08-27,2646.7
2008-08-28,2655.75
2008-08-29,2688.09
2008-09-01,2686.52
2008-09-02,2708.25
2008-09-03,2750.03
2008-09-04,2754.05
2008-09-05,2724.72
2008-09-08,2728.53
2008-09-09,2721.52
2008-09-10,2709.49
2008-09-11,2672.56
2008-09-12,2646.12
2008-09-15,2536.16
2008-09-16,2421.72
2008-09-17,2457.0
2008-09-18,2352.37
2008-09-19,2462.79
2008-09-22,2520.13
2008-09-23,2486.29
2008-09-24,2510.32
2008-09-25,2566.37
2008-09-26,2597.23
2008-09-29,2607.58
2008-09-30,2569.65
2008-10-03,2566.21
2008-10-06,2499.53
2008-10-07,2424.19
2008-10-08,2307.74
2008-10-09,2288.44
2008-10-10,2097.8
2008-10-13,2118.75
2008-10-14,2273.65
2008-10-15,2238.41
2008-10-16,2122.37
2008-10-17,2098.26
2008-10-20,2062.88
2008-10-21,2116.74
2008-10-22,2093.01
2008-10-23,1995.92
2008-10-24,1953.49
2008-10-27,1713.83
2008-10-28,1704.41
2008-10-29,1780.64
2008-10-30,1864.93
2008-10-31,1951.09
2008-11-03,2025.58
2008-11-04,2003.04
2008-11-05,2006.21
2008-11-06,1941.62
2008-11-07,1921.34
2008-11-10,1938.97
2008-11-11,1948.22
2008-11-12,1948.72
2008-11-13,1918.97
2008-11-14,1978.05
2008-11-17,1940.0
2008-11-18,1873.6
2008-11-19,1908.18
2008-11-20,1842.33
2008-11-21,1765.9
2008-11-24,1799.72
2008-11-25,1908.18
2008-11-26,1932.91
2008-11-27,1967.01
2008-11-28,1971.57
2008-12-02,1879.87
2008-12-03,1905.28
2008-12-04,1890.89
2008-12-05,1888.96
2008-12-08,1908.68
2008-12-09,1935.07
2008-12-10,1938.82
2008-12-11,1933.12
2008-12-12,1893.74
2008-12-15,1913.26
2008-12-16,1889.32
2008-12-17,1904.56
2008-12-18,1901.46
2008-12-22,1840.94
2008-12-23,1862.19
2008-12-24,1872.85
2009-01-05,1974.69
2009-01-06,1969.58
2009-01-07,2003.89
2009-01-08,1970.72
2009-01-09,1984.88
2009-01-12,1997.83
2009-01-13,1996.04
2009-01-14,1984.92
2009-01-15,1954.97
2009-01-16,1950.13
2009-01-19,1922.99
2009-01-20,1897.93
2009-01-21,1840.12
2009-01-22,1863.52
2009-01-23,1857.34
2009-01-26,1869.92
2009-01-27,1880.81
2009-01-28,1869.56
2009-01-29,1860.69
2009-01-30,1825.09
2009-02-02,1833.57
2009-02-03,1826.13
2009-02-04,1847.55
2009-02-05,1892.07
2009-02-06,1942.48
2009-02-09,1951.46
2009-02-10,1917.57
2009-02-11,1897.75
2009-02-12,1924.1
2009-02-13,1919.66
2009-02-16,1915.79
2009-02-17,1899.9
2009-02-18,1892.23
2009-02-19,1899.8
2009-02-20,1881.44
2009-02-23,1891.04
2009-02-24,1869.59
2009-02-25,1887.1
2009-02-26,1880.38
2009-02-27,1872.22
2009-03-02,1856.43
2009-03-03,1859.98
2009-03-04,1885.92
2009-03-05,1924.3
2009-03-06,1920.16
2009-03-09,1890.62
2009-03-10,1873.22
2009-03-11,1901.42
2009-03-12,1879.67
2009-03-13,1856.1
2009-03-16,1769.67
2009-03-17,1759.33
2009-03-18,1770.28
2009-03-19,1780.26
2009-03-20,1833.9
2009-03-23,1879.09
2009-03-24,1917.69
2009-03-25,1939.54
2009-03-26,1988.26
2009-03-27,2040.25
2009-03-30,2023.11
2009-03-31,1986.22
2009-04-01,1967.28
2009-04-02,1982.88
2009-04-03,2028.59
2009-04-07,2051.69
2009-04-08,2072.81
2009-04-13,2043.2
2009-04-14,2037.09
2009-04-15,2022.49
2009-04-16,2064.66
2009-04-17,2094.13
2009-04-20,2086.72
2009-04-21,2049.4
2009-04-22,2073.31
2009-04-23,2068.3
2009-04-24,2103.63
2009-04-27,2085.63
2009-04-28,2063.5
2009-04-29,2061.05
2009-04-30,2103.5
2009-05-04,2137.62
2009-05-05,2197.2
2009-05-06,2206.23
2009-05-07,2238.92
2009-05-08,2241.98
2009-05-11,2265.55
2009-05-12,2253.91
2009-05-13,2283.6
2009-05-14,2264.23
2009-05-15,2308.7
2009-05-18,2279.37
2009-05-19,2309.58
2009-05-20,2333.76
2009-05-21,2333.79
2009-05-22,2316.89
2009-05-25,2334.62
2009-05-26,2309.68
2009-05-27,2356.38
2009-05-28,2354.37
2009-05-29,2389.31
2009-06-01,2458.65
2009-06-02,2490.42
2009-06-03,2471.19
2009-06-04,2494.24
2009-06-05,2528.68
2009-06-08,2517.73
2009-06-09,2488.26
2009-06-10,2530.72
2009-06-11,2598.8
2009-06-15,2612.85
2009-06-16,2514.17
2009-06-17,2441.75
2009-06-18,2434.26
2009-06-19,2398.3
2009-06-22,2411.88
2009-06-23,2370.06
2009-06-24,2415.83
2009-06-25,2467.56
2009-06-26,2477.44
2009-06-29,2468.05
2009-06-30,2437.99
2009-07-01,2432.89
2009-07-02,2438.04
2009-07-03,2431.34
2009-07-06,2449.1
2009-07-07,2471.76
2009-07-08,2461.99
2009-07-09,2473.85
2009-07-10,2487.22
2009-07-13,2483.39
2009-07-14,2492.3
2009-07-15,2515.95
2009-07-16,2553.96
2009-07-20,2587.91
2009-07-21,2593.51
2009-07-22,2612.38
2009-07-23,2612.0
2009-07-24,2676.47
2009-07-27,2732.62
2009-07-28,2768.76
2009-07-29,2803.39
2009-07-30,2764.98
2009-07-31,2798.33
2009-08-03,2835.11
2009-08-04,2886.96
2009-08-06,2841.21
2009-08-07,2782.98
2009-08-10,2850.58
2009-08-11,2860.54
2009-08-12,2828.52
2009-08-13,2856.06
2009-08-14,2850.01
2009-08-17,2771.18
2009-08-18,2731.55
2009-08-19,2760.89
2009-08-20,2720.18
2009-08-24,2859.18
2009-08-25,2858.15
2009-08-26,2863.53
2009-08-27,2881.4
2009-08-28,2884.18
2009-09-01,2852.93
2009-09-02,2808.21
2009-09-03,2803.31
2009-09-04,2830.99
2009-09-08,2852.48
2009-09-09,2829.41
2009-09-10,2835.91
2009-09-11,2870.83
2009-09-14,2821.73
2009-09-15,2789.36
2009-09-16,2768.61
2009-09-17,2771.97
2009-09-18,2789.33
2009-09-22,2784.78
2009-09-23,2842.51
2009-09-24,2837.34
2009-09-25,2821.34
2009-09-28,2784.65
2009-09-29,2807.32
2009-09-30,2800.82
2009-10-01,2829.02
2009-10-02,2820.03
2009-10-05,2819.48
2009-10-06,2884.46
2009-10-07,2967.06
2009-10-08,2968.02
2009-10-09,2942.78
2009-10-12,2930.97
2009-10-13,2930.09
2009-10-14,2930.7
2009-10-15,2942.79
2009-10-16,2922.82
2009-10-19,2932.2
2009-10-20,2945.26
2009-10-21,2919.9
2009-10-22,2888.72
2009-10-23,2932.99
2009-10-26,2941.53
2009-10-27,2935.74
2009-10-28,2908.21
2009-10-29,2862.33
2009-10-30,2908.5
2009-11-03,2908.24
2009-11-04,2907.63
2009-11-05,2944.51
2009-11-06,2931.47
2009-11-09,2915.71
2009-11-10,2996.71
2009-11-11,3047.14
2009-11-12,3073.92
2009-11-13,3034.32
2009-11-16,3011.36
2009-11-17,3032.09
2009-11-18,3052.61
2009-11-19,3083.3
2009-11-20,3068.73
2009-11-23,3048.0
2009-11-24,3074.66
2009-11-25,3064.3
2009-11-26,3089.82
2009-11-27,3044.97
2009-12-01,3097.92
2009-12-02,3119.96
2009-12-03,3090.91
2009-12-04,3061.99
2009-12-07,3046.63
2009-12-08,3012.07
2009-12-09,2981.25
2009-12-10,3006.57
2009-12-11,3031.13
2009-12-14,3042.1
2009-12-15,3046.57
2009-12-16,3032.37
2009-12-17,3048.15
2009-12-18,3016.99
2009-12-21,3020.56
2009-12-22,3016.16
2009-12-23,3024.33
2009-12-28,3032.84
2009-12-29,3052.68
2010-01-04,3005.01
2010-01-05,3028.46
2010-01-06,3039.93
2010-01-07,3077.78
2010-01-08,3077.18
2010-01-11,3087.35
2010-01-12,3105.62
2010-01-13,3096.7
2010-01-14,3121.91
2010-01-15,3118.47
2010-01-18,3106.3
2010-01-19,3084.57
2010-01-20,3083.86
2010-01-21,3085.58
2010-01-22,3023.47
2010-01-25,2967.96
2010-01-26,2955.7
2010-01-27,2919.48
2010-01-28,2961.63
2010-01-29,2953.19
2010-02-01,2883.21
2010-02-02,2864.18
2010-02-03,2884.81
2010-02-04,2914.87
2010-02-05,2855.64
2010-02-08,2846.6
2010-02-09,2797.61
2010-02-10,2857.24
2010-02-11,2908.88
2010-02-12,2949.65
2010-02-15,2963.24
2010-02-16,2967.71
2010-02-17,3018.67
2010-02-18,2999.94
2010-02-19,2978.53
2010-02-22,3015.59
2010-02-23,3013.14
2010-02-24,2981.14
2010-02-25,3031.26
2010-02-26,3043.75
2010-03-01,3078.91
2010-03-02,3061.89
2010-03-03,3069.29
2010-03-04,3034.13
2010-03-05,3069.63
2010-03-08,3094.98
2010-03-09,3107.35
2010-03-10,3119.63
2010-03-11,3125.56
2010-03-12,3072.91
2010-03-15,3076.79
2010-03-16,3085.13
2010-03-17,3088.05
2010-03-18,3100.95
2010-03-19,3097.23
2010-03-22,3083.89
2010-03-23,3129.24
2010-03-24,3166.6
2010-03-25,3171.14
2010-03-26,3180.68
2010-03-29,3177.56
2010-03-30,3202.17
2010-03-31,3161.8
2010-04-05,3186.77
2010-04-06,3253.48
2010-04-07,3270.37
2010-04-08,3256.12
2010-04-12,3294.83
2010-04-13,3299.9
2010-04-14,3299.69
2010-04-15,3278.84
2010-04-16,3265.54
2010-04-19,3203.91
2010-04-20,3147.5
2010-04-21,3204.47
2010-04-22,3237.57
2010-04-23,3244.45
2010-04-26,3292.59
2010-04-27,3307.71
2010-04-28,3284.78
2010-04-29,3297.0
2010-04-30,3290.09
2010-05-04,3290.68
2010-05-05,3176.85
2010-05-06,3167.83
2010-05-07,3142.06
2010-05-11,3262.93
2010-05-12,3269.41
2010-05-13,3327.69
2010-05-14,3330.42
2010-05-17,3289.31
2010-05-18,3265.07
2010-05-19,3222.19
2010-05-20,3213.8
2010-05-21,3179.36
2010-05-24,3191.29
2010-05-25,3102.59
2010-05-26,3125.15
2010-05-27,3156.53
2010-05-28,3252.63
2010-05-31,3272.73
2010-06-01,3266.62
2010-06-02,3289.56
2010-06-03,3355.23
2010-06-04,3357.05
2010-06-07,3266.11
2010-06-08,3274.26
2010-06-09,3254.83
2010-06-10,3224.49
2010-06-11,3265.44
2010-06-15,3282.42
2010-06-16,3307.65
2010-06-17,3313.52
2010-06-18,3335.48
2010-06-21,3357.88
2010-06-22,3351.69
2010-06-23,3342.97
2010-06-24,3333.97
2010-06-25,3352.46
2010-06-28,3363.9
2010-06-29,3372.71
2010-07-01,3315.26
2010-07-02,3290.98
2010-07-05,3311.74
2010-07-06,3335.71
2010-07-07,3350.08
2010-07-08,3398.16
2010-07-09,3394.56
2010-07-12,3406.96
2010-07-13,3435.85
2010-07-14,3472.33
2010-07-15,3467.63
2010-07-16,3442.68
2010-07-19,3424.29
2010-07-20,3405.69
2010-07-21,3418.71
2010-07-22,3414.9
2010-07-23,3416.1
2010-07-26,3414.03
2010-07-27,3436.59
2010-07-28,3451.91
2010-07-29,3429.35
2010-07-30,3426.95
2010-08-02,3455.24
2010-08-03,3484.08
2010-08-04,3503.49
2010-08-05,3521.1
2010-08-06,3516.28
2010-08-09,3524.7
2010-08-10,3525.81
2010-08-11,3522.72
2010-08-12,3483.02
2010-08-13,3469.52
2010-08-16,3479.67
2010-08-17,3502.25
2010-08-18,3534.8
2010-08-19,3560.39
2010-08-20,3593.6
2010-08-23,3613.37
2010-08-24,3530.49
2010-08-25,3554.15
2010-08-26,3595.58
2010-08-27,3558.67
2010-08-31,3566.23
2010-09-01,3593.41
2010-09-02,3666.54
2010-09-03,3734.7
2010-09-06,3744.01
2010-09-07,3775.42
2010-09-08,3804.73
2010-09-09,3902.56
2010-09-13,3972.6
2010-09-14,3968.29
2010-09-15,3973.48
2010-09-16,4005.46
2010-09-17,3979.35
2010-09-20,4053.32
2010-09-21,4087.96
2010-09-22,4054.18
2010-09-23,4067.43
2010-09-24,4078.87
2010-09-27,4122.83
2010-09-28,4123.95
2010-09-29,4111.05
2010-09-30,4100.07
2010-10-01,4111.99
2010-10-04,4188.31
2010-10-05,4171.87
2010-10-06,4196.73
2010-10-07,4245.05
2010-10-08,4236.98
2010-10-11,4218.79
2010-10-12,4166.52
2010-10-13,4194.06
2010-10-14,4233.38
2010-10-15,4216.35
2010-10-18,4215.11
2010-10-19,4191.25
2010-10-20,4191.96
2010-10-21,4249.17
2010-10-22,4286.87
2010-10-26,4279.53
2010-10-27,4285.07
2010-10-28,4260.69
2010-10-29,4268.74
2010-11-02,4341.74
2010-11-03,4381.86
2010-11-04,4397.3
2010-11-05,4349.11
2010-11-08,4295.62
2010-11-09,4266.45
2010-11-10,4197.57
2010-11-11,4144.41
2010-11-12,4076.68
2010-11-15,4139.32
2010-11-17,4069.31
2010-11-18,4120.62
2010-11-19,4203.6
2010-11-22,4186.89
2010-11-23,4147.35
2010-11-24,4124.54
2010-11-25,4097.49
2010-11-26,4053.58
2010-11-30,3953.7
2010-12-01,4002.88
2010-12-02,4148.9
2010-12-03,4176.48
2010-12-06,4223.12
2010-12-07,4197.92
2010-12-08,4221.09
2010-12-09,4209.42
2010-12-10,4135.75
2010-12-13,4115.38
2010-12-14,4148.03
2010-12-15,4089.76
2010-12-16,4039.4
2010-12-17,4057.33
2010-12-20,4077.06
2010-12-21,4091.86
2010-12-22,4113.69
2010-12-23,4166.04
2010-12-28,4163.99
2010-12-29,4199.31
2010-12-30,4201.14
2011-01-03,4215.21
2011-01-04,4218.73
2011-01-05,4212.98
2011-01-06,4217.25
2011-01-07,4202.52
2011-01-10,4112.58
2011-01-11,4032.37
2011-01-12,4037.23
2011-01-13,4070.11
2011-01-14,4132.04
2011-01-17,4148.16
2011-01-18,4072.59
2011-01-19,4039.56
2011-01-20,4006.24
2011-01-21,3951.04
2011-01-24,3902.71
2011-01-25,3960.3
2011-01-26,3931.64
2011-01-27,3990.49
2011-01-28,3970.34
2011-01-31,3881.47
2011-02-01,3830.49
2011-02-02,3891.07
2011-02-03,3888.55
2011-02-04,3872.35
2011-02-07,3880.03
2011-02-08,3878.48
2011-02-09,3843.37
2011-02-10,3738.31
2011-02-11,3749.15
2011-02-14,3796.73
2011-02-15,3790.78
2011-02-16,3812.04
2011-02-17,3866.38
2011-02-18,3851.24
2011-02-21,3837.44
2011-02-22,3784.07
2011-02-23,3757.04
2011-02-24,3730.84
2011-02-25,3737.04
2011-02-28,3766.73
2011-03-01,3784.23
2011-03-02,3773.71
2011-03-03,3834.05
2011-03-04,3882.71
2011-03-07,3886.48
2011-03-08,3898.87
2011-03-09,3926.86
2011-03-10,3959.94
2011-03-11,3924.35
2011-03-14,3918.7
2011-03-15,3896.31
2011-03-16,3878.44
2011-03-17,3817.38
2011-03-18,3839.88
2011-03-21,3844.31
2011-03-22,3854.14
2011-03-23,3855.52
2011-03-24,3841.54
2011-03-25,3875.81
2011-03-28,3913.98
2011-03-29,3907.23
2011-03-30,4023.74
2011-03-31,4055.14
2011-04-01,4129.54
2011-04-04,4209.43
2011-04-05,4167.09
2011-04-06,4212.52
2011-04-07,4219.43
2011-04-08,4241.01
2011-04-11,4227.99
2011-04-12,4199.48
2011-04-13,4203.68
2011-04-14,4234.96
2011-04-15,4251.64
2011-04-18,4269.19
2011-04-19,4245.21
2011-04-20,4274.77
2011-04-25,4331.37
2011-04-26,4305.57
2011-04-27,4321.32
2011-04-28,4278.83
2011-04-29,4319.51
2011-05-03,4319.37
2011-05-04,4298.21
2011-05-05,4248.68
2011-05-06,4219.07
2011-05-09,4257.15
2011-05-10,4303.13
2011-05-11,4335.04
2011-05-12,4312.01
2011-05-13,4292.11
2011-05-16,4300.81
2011-05-17,4261.6
2011-05-18,4303.31
2011-05-19,4297.93
2011-05-20,4285.16
2011-05-23,4263.19
2011-05-24,4227.08
2011-05-25,4190.98
2011-05-26,4230.56
2011-05-27,4274.51
2011-05-30,4295.24
2011-05-31,4244.64
2011-06-02,4324.98
2011-06-03,4297.62
2011-06-06,4258.9
2011-06-07,4236.45
2011-06-08,4255.44
2011-06-09,4224.34
2011-06-10,4219.58
2011-06-13,4171.54
2011-06-14,4140.27
2011-06-15,4201.38
2011-06-16,4173.08
2011-06-17,4153.11
2011-06-21,4211.81
2011-06-22,4245.28
2011-06-23,4241.14
2011-06-27,4289.29
2011-06-28,4289.99
2011-06-29,4249.35
2011-06-30,4291.21
2011-07-01,4351.63
2011-07-04,4421.56
2011-07-05,4439.61
2011-07-06,4398.75
2011-07-07,4375.85
2011-07-08,4391.46
2011-07-11,4375.86
2011-07-12,4350.09
2011-07-13,4404.0
2011-07-14,4423.55
2011-07-15,4458.74
2011-07-18,4476.01
2011-07-19,4485.65
2011-07-20,4507.04
2011-07-21,4480.01
2011-07-22,4478.36
2011-07-25,4480.5
2011-07-26,4465.87
2011-07-27,4482.89
2011-07-28,4482.8
2011-07-29,4503.63
2011-08-01,4550.53
2011-08-02,4541.23
2011-08-03,4488.45
2011-08-04,4501.53
2011-08-05,4437.55
2011-08-08,4331.24
2011-08-09,4157.03
2011-08-10,4290.14
2011-08-11,4311.02
2011-08-12,4321.73
2011-08-15,4332.63
2011-08-16,4372.7
2011-08-17,4340.27
2011-08-18,4403.54
2011-08-19,4339.9
2011-08-22,4291.11
2011-08-23,4375.39
2011-08-24,4366.45
2011-08-25,4342.69
2011-08-26,4305.56
2011-08-31,4348.5
2011-09-01,4366.59
2011-09-02,4392.91
2011-09-05,4382.56
2011-09-06,4303.08
2011-09-07,4315.21
2011-09-08,4356.73
2011-09-09,4346.07
2011-09-12,4297.85
2011-09-13,4292.91
2011-09-14,4258.86
2011-09-15,4291.4
2011-09-16,4290.17
2011-09-19,4307.99
2011-09-20,4219.82
2011-09-21,4204.29
2011-09-22,4096.1
2011-09-23,3885.96
2011-09-26,3721.22
2011-09-28,3876.12
2011-09-29,3877.63
2011-09-30,3999.65
2011-10-03,3865.83
2011-10-04,3829.92
2011-10-05,3823.13
2011-10-06,3890.52
2011-10-07,4009.26
2011-10-10,4040.58
2011-10-11,4109.27
2011-10-12,4119.71
2011-10-13,4134.48
2011-10-14,4153.4
2011-10-17,4214.45
2011-10-18,4157.26
2011-10-19,4193.55
2011-10-20,4170.57
2011-10-21,4166.6
2011-10-24,4201.08
2011-10-25,4242.52
2011-10-26,4224.76
2011-10-27,4267.5
2011-10-28,4333.72
2011-11-02,4260.41
2011-11-03,4210.25
2011-11-04,4271.72
2011-11-08,4314.67
2011-11-09,4346.2
2011-11-10,4285.06
2011-11-11,4312.96
2011-11-14,4356.87
2011-11-15,4363.73
2011-11-16,4341.62
2011-11-17,4334.66
2011-11-18,4302.43
2011-11-21,4299.47
2011-11-22,4289.75
2011-11-23,4271.59
2011-11-24,4237.65
2011-11-25,4261.59
2011-11-28,4227.88
2011-11-29,4211.04
2011-12-01,4290.59
2011-12-02,4290.92
2011-12-05,4291.72
2011-12-06,4282.77
2011-12-07,4315.17
2011-12-08,4312.89
2011-12-09,4292.5
2011-12-12,4276.34
2011-12-13,4282.62
2011-12-14,4285.93
2011-12-15,4282.67
2011-12-16,4304.94
2011-12-19,4318.12
2011-12-20,4342.18
2011-12-21,4368.88
2011-12-22,4370.46
2011-12-23,4372.24
2011-12-26,4387.06
2011-12-27,4361.43
2011-12-28,4336.63
2011-12-29,4371.96
2012-01-02,4397.08
2012-01-03,4422.22
2012-01-04,4487.77
2012-01-05,4518.91
2012-01-06,4483.36
2012-01-09,4541.6
2012-01-10,4561.08
2012-01-11,4645.86
2012-01-12,4648.11
2012-01-13,4613.83
2012-01-16,4578.92
2012-01-17,4642.76
2012-01-18,4677.62
2012-01-19,4700.37
2012-01-20,4747.9
2012-01-24,4714.35
2012-01-25,4670.49
2012-01-26,4611.68
2012-01-27,4679.89
2012-01-30,4644.49
2012-01-31,4682.44
2012-02-01,4715.64
2012-02-02,4822.08
2012-02-03,4758.57
2012-02-06,4816.33
2012-02-07,4755.98
2012-02-08,4805.8
2012-02-09,4769.62
2012-02-10,4783.52
2012-02-13,4802.03
2012-02-14,4775.93
2012-02-15,4772.47
2012-02-16,4766.57
2012-02-17,4880.71
2012-02-20,4943.84
2012-02-21,4900.94
2012-02-22,4934.29
2012-02-23,4893.48
2012-02-24,4893.0
2012-02-27,4799.29
2012-02-28,4820.43
2012-02-29,4897.65
2012-03-01,4938.61
2012-03-02,5016.3
2012-03-05,5030.58
2012-03-06,4967.39
2012-03-07,4921.36
2012-03-08,4956.19
2012-03-09,4980.71
2012-03-12,4975.17
2012-03-13,5005.75
2012-03-14,5050.99
2012-03-15,5031.78
2012-03-16,5145.89
2012-03-19,5127.0
2012-03-20,5102.24
2012-03-21,5037.94
2012-03-22,5043.52
2012-03-23,5042.44
2012-03-26,5029.63
2012-03-27,5078.1
2012-03-28,5067.66
2012-03-29,5085.24
2012-03-30,5107.73
2012-04-02,5110.86
2012-04-03,5056.48
2012-04-04,5038.92
2012-04-10,5022.29
2012-04-11,5017.44
2012-04-12,5046.78
2012-04-13,5097.3
2012-04-16,5117.46
2012-04-17,5157.28
2012-04-18,5186.2
2012-04-19,5173.28
2012-04-20,5156.46
2012-04-23,5163.09
2012-04-24,5169.6
2012-04-25,5204.84
2012-04-26,5218.97
2012-04-27,5169.05
2012-05-02,5228.84
2012-05-03,5300.41
2012-05-04,5297.55
2012-05-07,5229.53
2012-05-08,5242.06
2012-05-09,5214.79
2012-05-10,5192.1
2012-05-11,5158.14
2012-05-14,5083.62
2012-05-15,4977.45
2012-05-16,4864.23
2012-05-17,5017.02
2012-05-18,4879.42
2012-05-21,4954.0
2012-05-22,4958.43
2012-05-23,4928.53
2012-05-24,4904.22
2012-05-25,4925.97
2012-05-28,4952.74
2012-05-29,5023.11
2012-05-30,5018.32
2012-05-31,5091.23
2012-06-01,5062.44
2012-06-04,4890.2
2012-06-05,4925.67
2012-06-06,4966.58
2012-06-07,5022.95
2012-06-08,4994.07
2012-06-11,5075.85
2012-06-13,5109.61
2012-06-14,5020.85
2012-06-15,4930.63
2012-06-18,5050.41
2012-06-19,5081.61
2012-06-20,5146.46
2012-06-21,5109.43
2012-06-22,5120.07
2012-06-25,5167.2
2012-06-26,5193.84
2012-06-27,5257.92
2012-06-28,5256.15
2012-06-29,5246.41
2012-07-02,5300.24
2012-07-03,5365.7
2012-07-04,5354.72
2012-07-05,5369.98
2012-07-06,5362.68
2012-07-09,5263.74
2012-07-10,5240.28
2012-07-11,5235.44
2012-07-12,5205.19
2012-07-13,5214.52
2012-07-16,5297.99
2012-07-17,5285.12
2012-07-18,5220.55
2012-07-19,5189.37
2012-07-20,5210.89
2012-07-23,5139.4
2012-07-24,5159.74
2012-07-25,5161.8
2012-07-26,5152.56
2012-07-27,5219.55
2012-07-30,5277.9
2012-07-31,5307.66
2012-08-01,5298.72
2012-08-02,5293.4
2012-08-03,5285.91
2012-08-06,5284.16
2012-08-08,5308.67
2012-08-09,5256.61
2012-08-10,5263.35
2012-08-13,5271.78
2012-08-14,5265.94
2012-08-15,5266.66
2012-08-16,5219.51
2012-08-17,5206.81
2012-08-22,5152.15
2012-08-23,5202.84
2012-08-24,5143.35
2012-08-28,5175.62
2012-08-29,5195.72
2012-08-30,5149.31
2012-08-31,5196.19
2012-09-03,5219.08
2012-09-04,5175.87
2012-09-05,5150.81
2012-09-06,5150.11
2012-09-07,5201.32
2012-09-10,5190.81
2012-09-11,5186.05
2012-09-12,5207.1
2012-09-13,5240.5
2012-09-14,5322.47
2012-09-17,5350.9
2012-09-18,5331.13
2012-09-19,5317.03
2012-09-20,5294.97
2012-09-21,5292.06
2012-09-24,5325.6
2012-09-25,5325.17
2012-09-26,5292.63
2012-09-27,5301.49
2012-09-28,5346.1
2012-10-01,5308.52
2012-10-02,5348.68
2012-10-03,5375.52
2012-10-04,5443.74
2012-10-05,5439.84
2012-10-08,5434.13
2012-10-09,5394.9
2012-10-10,5369.6
2012-10-11,5353.47
2012-10-12,5369.72
2012-10-15,5383.22
2012-10-16,5399.94
2012-10-17,5438.38
2012-10-18,5435.94
2012-10-19,5432.36
2012-10-22,5424.79
2012-10-23,5432.32
2012-10-24,5398.69
2012-10-25,5405.16
2012-10-29,5397.42
2012-10-30,5426.67
2012-10-31,5424.51
2012-11-05,5457.82
2012-11-06,5473.61
2012-11-07,5437.29
2012-11-08,5446.71
2012-11-09,5468.79
2012-11-12,5470.7
2012-11-13,5455.92
2012-11-14,5451.09
2012-11-15,5414.82
2012-11-16,5439.28
2012-11-19,5449.55
2012-11-20,5500.58
2012-11-21,5534.18
2012-11-22,5513.37
2012-11-23,5552.34
2012-11-26,5579.42
2012-11-27,5586.45
2012-11-28,5633.72
2012-11-29,5640.45
2012-12-03,5672.7
2012-12-04,5706.28
2012-12-05,5687.72
2012-12-06,5763.64
2012-12-07,5794.2
2012-12-10,5757.54
2012-12-11,5831.5
2012-12-12,5819.79
2012-12-13,5787.95
2012-12-14,5707.11
2012-12-17,5623.85
2012-12-18,5636.59
2012-12-19,5752.39
2012-12-20,5797.74
2012-12-21,5823.94
2012-12-26,5832.83
2012-12-27,5794.89
2012-12-28,5812.73
2013-01-02,5860.99
2013-01-03,5934.05
2013-01-04,5971.45
2013-01-07,6044.91
2013-01-08,6048.9
2013-01-09,6091.18
2013-01-10,6018.57
2013-01-11,6051.75
2013-01-14,6093.9
2013-01-15,6087.67
2013-01-16,6047.52
2013-01-17,6072.18
2013-01-18,6139.21
2013-01-21,6171.7
2013-01-22,6104.9
2013-01-23,6092.53
2013-01-24,6117.27
2013-01-25,6167.64
2013-01-28,6192.42
2013-01-29,6234.73
2013-01-30,6271.23
2013-01-31,6242.74
2013-02-01,6318.61
2013-02-04,6435.98
2013-02-05,6470.49
2013-02-06,6431.35
2013-02-07,6459.99
2013-02-08,6458.67
2013-02-11,6458.01
2013-02-12,6459.93
2013-02-13,6527.99
2013-02-14,6513.41
2013-02-15,6521.64
2013-02-18,6565.23
2013-02-19,6620.72
2013-02-20,6648.57
2013-02-21,6667.41
2013-02-22,6665.06
2013-02-25,6721.33
2013-02-26,6630.67
2013-02-27,6616.27
2013-02-28,6721.45
2013-03-01,6642.27
2013-03-04,6637.56
2013-03-05,6711.72
2013-03-06,6835.21
2013-03-07,6725.13
2013-03-08,6833.77
2013-03-11,6813.95
2013-03-12,6786.42
2013-03-13,6776.56
2013-03-14,6694.71
2013-03-15,6654.6
2013-03-18,6536.18
2013-03-19,6426.25
2013-03-20,6419.62
2013-03-21,6472.98
2013-03-22,6518.71
2013-03-25,6597.59
2013-03-26,6665.12
2013-03-27,6847.47
2013-04-01,6839.59
2013-04-02,6748.43
2013-04-03,6815.3
2013-04-04,6783.72
2013-04-05,6727.14
2013-04-08,6732.22
2013-04-10,6815.84
2013-04-11,6831.74
2013-04-12,6891.43
2013-04-15,6837.77
2013-04-16,6786.33
2013-04-17,6850.26
2013-04-18,6857.48
2013-04-19,6957.1
2013-04-22,7120.48
2013-04-23,6982.36
2013-04-24,6972.69
2013-04-25,6995.46
2013-04-26,7025.44
2013-04-29,7028.35
2013-04-30,7070.99
2013-05-02,7093.42
2013-05-03,7215.35
2013-05-06,7170.65
2013-05-07,7146.12
2013-05-08,7181.3
2013-05-09,7194.43
2013-05-10,7262.38
2013-05-14,7313.46
2013-05-15,7392.2
2013-05-16,7310.94
2013-05-17,7279.87
2013-05-20,7275.38
2013-05-21,7327.58
2013-05-22,7385.07
2013-05-23,7314.38
2013-05-24,7268.91
2013-05-27,7097.51
2013-05-28,7113.22
2013-05-29,7228.57
2013-05-30,6953.35
2013-05-31,7021.95
2013-06-03,6763.38
2013-06-04,6673.47
2013-06-05,6557.89
2013-06-06,6609.01
2013-06-07,6701.95
2013-06-10,6875.6
2013-06-11,6556.65
2013-06-13,6114.08
2013-06-14,6242.26
2013-06-17,6339.41
2013-06-18,6518.77
2013-06-19,6513.2
2013-06-20,6326.67
2013-06-21,6182.17
2013-06-24,5971.05
2013-06-25,5789.06
2013-06-26,6118.94
2013-06-27,6328.0
2013-06-28,6465.28
2013-07-01,6526.62
2013-07-02,6448.18
2013-07-03,6480.12
2013-07-04,6464.26
2013-07-05,6500.48
2013-07-08,6318.91
2013-07-09,6327.02
2013-07-10,6308.18
2013-07-11,6407.36
2013-07-12,6574.21
2013-07-15,6619.95
2013-07-16,6583.55
2013-07-17,6574.72
2013-07-18,6648.35
2013-07-19,6621.02
2013-07-22,6627.36
2013-07-23,6743.21
2013-07-24,6804.16
2013-07-25,6800.11
2013-07-26,6763.62
2013-07-29,6717.66
2013-07-30,6728.0
2013-07-31,6639.12
2013-08-01,6661.44
2013-08-02,6533.95
2013-08-05,6509.73
2013-08-06,6420.78
2013-08-07,6420.79
2013-08-08,6404.23
2013-08-12,6443.81
2013-08-13,6554.62
2013-08-14,6656.61
2013-08-15,6580.71
2013-08-16,6525.95
2013-08-22,6136.73
2013-08-23,6161.21
2013-08-27,5916.99
2013-08-28,5738.06
2013-08-29,5944.21
2013-08-30,6075.17
2013-09-02,6061.8
2013-09-03,6083.91
2013-09-04,5968.33
2013-09-05,5959.22
2013-09-06,5974.62
2013-09-09,5997.04
2013-09-10,6089.72
2013-09-11,6214.9
2013-09-12,6195.61
2013-09-13,6133.24
2013-09-16,6302.71
2013-09-17,6344.14
2013-09-18,6333.96
2013-09-19,6511.7
2013-09-20,6424.45
2013-09-23,6477.94
2013-09-24,6461.38
2013-09-25,6420.42
2013-09-26,6407.46
2013-09-27,6379.81
2013-09-30,6191.8
2013-10-01,6197.84
2013-10-02,6362.26
2013-10-03,6387.65
2013-10-04,6390.48
2013-10-07,6443.21
2013-10-08,6454.86
2013-10-09,6377.75
2013-10-10,6435.97
2013-10-11,6489.8
2013-10-14,6442.7
2013-10-16,6483.57
2013-10-17,6560.88
2013-10-18,6607.83
2013-10-21,6597.56
2013-10-22,6603.6
2013-10-23,6635.11
2013-10-24,6583.77
2013-10-25,6539.81
2013-10-29,6543.46
2013-10-30,6597.21
2013-10-31,6585.38
2013-11-04,6543.39
2013-11-05,6519.58
2013-11-06,6477.3
2013-11-07,6436.49
2013-11-08,6355.18
2013-11-11,6265.23
2013-11-12,6324.17
2013-11-13,6320.96
2013-11-14,6327.88
2013-11-15,6346.4
2013-11-18,6343.25
2013-11-19,6267.85
2013-11-20,6155.34
2013-11-21,6122.89
2013-11-22,6084.84
2013-11-25,6004.26
2013-11-26,6025.37
2013-11-27,6053.87
2013-11-28,6169.96
2013-11-29,6208.82
2013-12-02,6223.37
2013-12-03,6179.5
2013-12-04,6105.23
2013-12-05,6030.95
2013-12-06,6014.94
2013-12-09,6008.94
2013-12-10,5886.4
2013-12-11,5888.74
2013-12-12,5762.53
2013-12-13,5767.13
2013-12-16,5812.54
2013-12-17,5928.99
2013-12-18,5961.55
2013-12-19,5923.12
2013-12-20,5835.13
2013-12-23,5854.88
2013-12-26,5878.32
2013-12-27,5889.83
2014-01-02,5984.26
2014-01-03,5947.93
2014-01-06,5985.81
2014-01-07,5947.44
2014-01-08,5986.48
2014-01-09,5937.51
2014-01-10,5842.88
2014-01-13,5940.67
2014-01-14,5935.56
2014-01-15,5958.12
2014-01-16,5982.24
2014-01-17,5987.09
2014-01-20,6005.6
2014-01-21,6019.24
2014-01-22,6139.86
2014-01-23,6170.05
2014-01-24,6191.5
2014-01-27,6081.61
2014-01-28,6022.81
2014-01-29,6069.84
2014-01-30,6041.19
2014-02-03,6015.3
2014-02-04,5886.01
2014-02-05,5908.41
2014-02-06,5914.59
2014-02-07,6011.14
2014-02-10,6042.25
2014-02-11,6106.03
2014-02-12,6112.31
2014-02-13,6101.72
2014-02-14,6113.66
2014-02-17,6167.82
2014-02-18,6193.97
2014-02-19,6294.62
2014-02-20,6352.76
2014-02-21,6308.36
2014-02-24,6296.32
2014-02-25,6295.55
2014-02-26,6322.6
2014-02-27,6354.79
2014-02-28,6424.99
2014-03-03,6407.52
2014-03-04,6394.6
2014-03-05,6456.14
2014-03-06,6516.82
2014-03-07,6481.83
2014-03-10,6487.23
2014-03-11,6529.58
2014-03-12,6462.47
2014-03-13,6429.79
2014-03-14,6391.24
2014-03-17,6399.99
2014-03-18,6466.55
2014-03-19,6462.49
2014-03-20,6417.35
2014-03-21,6339.26
2014-03-24,6400.67
2014-03-25,6336.34
2014-03-26,6348.5
2014-03-27,6315.69
2014-03-28,6359.62
2014-03-31,6428.71
2014-04-01,6514.72
2014-04-02,6587.72
2014-04-03,6587.08
2014-04-04,6561.2
2014-04-07,6614.4
2014-04-08,6587.49
2014-04-10,6638.89
2014-04-11,6596.96
2014-04-14,6589.55
2014-04-15,6621.66
2014-04-16,6671.18
2014-04-21,6767.51
2014-04-22,6784.95
2014-04-23,6769.52
2014-04-24,6731.33
2014-04-25,6685.1
2014-04-28,6604.35
2014-04-29,6636.45
2014-04-30,6707.91
2014-05-02,6742.97
2014-05-05,6766.46
2014-05-06,6765.93
2014-05-07,6748.51
2014-05-08,6765.21
2014-05-09,6847.26
2014-05-12,6811.34
2014-05-13,6852.81
2014-05-14,6880.44
2014-05-15,6849.33
2014-05-16,6817.71
2014-05-19,6870.9
2014-05-20,6882.73
2014-05-21,6762.38
2014-05-22,6830.58
2014-05-23,6811.33
2014-05-26,6790.42
2014-05-27,6780.26
2014-05-28,6787.88
2014-05-29,6676.67
2014-05-30,6647.65
2014-06-02,6710.4
2014-06-03,6800.84
2014-06-04,6766.57
2014-06-05,6772.44
2014-06-06,6762.62
2014-06-09,6802.73
2014-06-10,6777.98
2014-06-11,6809.18
2014-06-13,6784.95
2014-06-16,6758.45
2014-06-17,6704.93
2014-06-18,6703.13
2014-06-19,6699.39
2014-06-20,6730.96
2014-06-23,6761.99
2014-06-24,6793.07
2014-06-25,6834.68
2014-06-26,6892.18
2014-06-27,6842.15
2014-06-30,6844.31
2014-07-01,6826.61
2014-07-02,6850.6
2014-07-03,6899.31
2014-07-04,6962.28
2014-07-07,6999.1
2014-07-08,6948.52
2014-07-09,6903.79
2014-07-10,6937.21
2014-07-11,6901.09
2014-07-14,6830.37
2014-07-15,6834.04
2014-07-17,6867.36
2014-07-18,6853.07
2014-07-21,6874.88
2014-07-22,6869.94
2014-07-23,6892.92
2014-07-24,6889.89
2014-07-25,6889.55
2014-07-28,6850.47
2014-07-30,6867.59
2014-07-31,6864.82
2014-08-01,6894.23
2014-08-04,6998.37
2014-08-05,6974.0
2014-08-06,6948.97
2014-08-07,6955.21
2014-08-08,6880.34
2014-08-11,6956.66
2014-08-12,6983.49
2014-08-13,6986.24
2014-08-14,7061.0
2014-08-15,7008.51
2014-08-18,7027.58
2014-08-19,7082.75
2014-08-20,7096.49
2014-08-22,7133.09
2014-08-26,7146.35
2014-08-27,7160.46
2014-08-28,7100.7
2014-08-29,7050.89
2014-09-01,7083.49
2014-09-02,7106.56
2014-09-03,7206.02
2014-09-04,7204.11
2014-09-05,7263.58
2014-09-08,7314.94
2014-09-09,7253.67
2014-09-10,7212.78
2014-09-11,7202.06
2014-09-12,7201.88
2014-09-15,7161.27
2014-09-16,7180.34
2014-09-17,7231.84
2014-09-18,7287.29
2014-09-22,7279.86
2014-09-23,7271.62
2014-09-24,7355.29
2014-09-25,7294.21
2014-09-26,7261.3
2014-09-29,7265.36
2014-09-30,7283.07
2014-10-01,7268.06
2014-10-02,7196.26
2014-10-03,7247.03
2014-10-07,7239.38
2014-10-08,7185.68
2014-10-09,7201.89
2014-10-10,7167.35
2014-10-13,6968.09
2014-10-14,6946.06
2014-10-15,6991.19
2014-10-16,7028.58
2014-10-17,7003.22
2014-10-20,7057.53
2014-10-21,7068.03
2014-10-22,7154.22
2014-10-23,7116.13
2014-10-24,7103.55
2014-10-27,7103.54
2014-10-28,7066.74
2014-10-29,7093.31
2014-10-30,7170.99
2014-10-31,7215.73
2014-11-03,7312.85
2014-11-04,7222.01
2014-11-05,7208.81
2014-11-06,7236.63
2014-11-07,7205.72
2014-11-10,7192.12
2014-11-11,7204.55
2014-11-12,7232.87
2014-11-13,7198.63
2014-11-14,7217.34
2014-11-17,7229.72
2014-11-18,7275.66
2014-11-19,7269.49
2014-11-20,7268.95
2014-11-21,7276.18
2014-11-24,7325.13
2014-11-25,7286.85
2014-11-26,7356.59
2014-11-27,7265.34
2014-11-28,7294.38
2014-12-01,7331.73
2014-12-02,7344.23
2014-12-03,7360.75
2014-12-04,7299.85
2014-12-05,7230.56
2014-12-09,7183.87
2014-12-10,7175.08
2014-12-11,7072.1
2014-12-12,7224.21
2014-12-15,7275.62
2014-12-16,7160.38
2014-12-17,6966.21
2014-12-18,7029.28
2014-12-19,7125.63
2014-12-22,7139.27
2014-12-23,7186.32
2014-12-29,7230.57
2015-01-05,7276.63
2015-01-06,7277.74
2015-01-07,7309.7
2015-01-08,7367.63
2015-01-09,7402.72
2015-01-12,7358.36
2015-01-13,7399.0
2015-01-14,7490.88
2015-01-19,7485.32
2015-01-20,7452.81
2015-01-21,7474.1
2015-01-22,7416.31
2015-01-23,7548.93
2015-01-26,7586.67
2015-01-27,7630.57
2015-01-28,7661.18
2015-01-29,7617.3
2015-01-30,7689.91
2015-02-02,7630.71
2015-02-03,7613.15
2015-02-04,7716.06
2015-02-05,7674.24
2015-02-06,7728.18
2015-02-09,7782.57
2015-02-10,7723.14
2015-02-11,7686.43
2015-02-12,7714.59
2015-02-13,7773.45
2015-02-16,7784.65
2015-02-17,7793.4
2015-02-18,7803.45
2015-02-20,7825.39
2015-02-23,7826.07
2015-02-24,7834.86
2015-02-25,7844.06
2015-02-26,7764.39
2015-02-27,7730.57
2015-03-02,7773.92
2015-03-03,7776.51
2015-03-04,7847.83
2015-03-05,7819.04
2015-03-06,7861.33
2015-03-09,7820.29
2015-03-10,7828.48
2015-03-11,7790.7
2015-03-12,7839.82
2015-03-13,7809.54
2015-03-16,7730.95
2015-03-17,7789.1
2015-03-18,7756.58
2015-03-19,7814.55
2015-03-20,7818.38
2015-03-23,7840.49
2015-03-24,7828.94
2015-03-25,7836.34
2015-03-26,7871.1
2015-03-27,7877.96
2015-03-30,7899.41
2015-03-31,7940.49
2015-04-01,7993.09
2015-04-06,8053.74
2015-04-07,8098.68
2015-04-08,8052.69
2015-04-10,8127.48
2015-04-13,8073.25
2015-04-14,8056.49
2015-04-15,7906.46
2015-04-16,7948.2
2015-04-17,7946.89
2015-04-20,7865.27
2015-04-21,7846.94
2015-04-22,7833.03
2015-04-23,7892.05
2015-04-24,7947.25
2015-04-27,7958.07
2015-04-28,7886.57
2015-04-29,7825.47
2015-04-30,7714.82
2015-05-04,7816.44
2015-05-05,7919.21
2015-05-06,7873.64
2015-05-07,7816.27
2015-05-08,7763.21
2015-05-11,7777.9
2015-05-12,7794.55
2015-05-13,7808.35
2015-05-14,7831.44
2015-05-15,7881.95
2015-05-18,7910.43
2015-05-19,7871.31
2015-05-20,7881.93
2015-05-21,7835.38
2015-05-22,7810.17
2015-05-25,7761.53
2015-05-26,7728.5
2015-05-27,7598.7
2015-05-28,7505.03
2015-05-29,7580.46
2015-06-01,7670.37
2015-06-02,7551.96
2015-06-03,7561.67
2015-06-04,7553.65
2015-06-05,7526.7
2015-06-08,7484.89
2015-06-09,7323.44
2015-06-10,7384.27
2015-06-11,7503.72
2015-06-15,7456.16
2015-06-16,7505.48
2015-06-17,7536.31
2015-06-18,7606.86
2015-06-19,7601.17
2015-06-22,7609.14
2015-06-23,7551.56
2015-06-24,7643.33
2015-06-25,7581.91
2015-06-26,7622.05
2015-06-29,7567.38
2015-06-30,7564.5
2015-07-01,7575.15
2015-07-02,7578.31
2015-07-03,7535.3
2015-07-06,7455.15
2015-07-07,7442.65
2015-07-08,7363.43
2015-07-09,7377.69
2015-07-10,7392.59
2015-07-13,7496.33
2015-07-14,7538.76
2015-07-15,7559.04
2015-07-16,7617.13
2015-07-20,7541.17
2015-07-21,7627.96
2015-07-22,7635.62
2015-07-23,7653.22
2015-07-24,7665.52
2015-07-27,7547.44
2015-07-28,7479.03
2015-07-29,7482.83
2015-07-30,7510.39
2015-07-31,7550.0
2015-08-03,7573.26
2015-08-04,7598.29
2015-08-05,7662.55
2015-08-06,7589.95
2015-08-07,7532.52
2015-08-10,7534.35
2015-08-11,7570.45
2015-08-12,7495.43
2015-08-13,7439.8
2015-08-14,7408.44
2015-08-17,7336.84
2015-08-18,7333.45
2015-08-19,7344.73
2015-08-20,7278.98
2015-08-24,6791.01
2015-08-25,6830.34
2015-08-26,6867.92
2015-08-27,7022.09
2015-08-28,7098.81
2015-09-01,7086.86
2015-09-02,7072.46
2015-09-03,7098.76
2015-09-04,7051.78
2015-09-07,6926.82
2015-09-08,6891.3
2015-09-09,6942.47
2015-09-10,6893.54
2015-09-11,6911.38
2015-09-14,7069.18
2015-09-15,7089.01
2015-09-16,7093.92
2015-09-17,7123.99
2015-09-18,7131.91
2015-09-21,7092.41
2015-09-22,7051.23
2015-09-23,6926.91
2015-09-24,6917.55
2015-09-28,6815.59
2015-09-29,6859.29
2015-09-30,6893.98
2015-10-01,6890.94
2015-10-02,6850.61
2015-10-05,6961.93
2015-10-06,7055.49
2015-10-07,7108.8
2015-10-08,7106.79
2015-10-09,7138.91
2015-10-12,7150.29
2015-10-13,7013.44
2015-10-14,6924.77
2015-10-15,7045.4
2015-10-16,7055.74
2015-10-19,7054.86
2015-10-20,7060.85
2015-10-21,7092.9
2015-10-22,7117.78
2015-10-23,7236.38
2015-10-26,7324.4
2015-10-27,7325.76
2015-10-28,7289.26
2015-10-29,7189.25
2015-10-30,7134.26
2015-11-02,7198.85
2015-11-03,7210.73
2015-11-04,7201.02
2015-11-05,7122.45
2015-11-06,7118.2
2015-11-09,7070.19
2015-11-10,7000.11
2015-11-11,6983.72
2015-11-12,6909.82
2015-11-13,6897.77
2015-11-16,6772.92
2015-11-17,6825.38
2015-11-20,6932.81
2015-11-23,6996.19
2015-11-24,6992.6
2015-11-25,7059.14
2015-11-26,7063.25
2015-11-27,6927.07
2015-12-01,7060.6
2015-12-02,7047.08
2015-12-03,6994.1
2015-12-04,6921.93
2015-12-07,6911.86
2015-12-08,6838.42
2015-12-09,6848.25
2015-12-10,6820.6
2015-12-11,6735.01
2015-12-14,6745.99
2015-12-15,6701.35
2015-12-16,6807.72
2015-12-17,6905.7
2015-12-18,6867.07
2015-12-21,6910.34
2015-12-22,6966.18
2015-12-23,7002.42
2015-12-28,6983.61
2015-12-29,6952.08
2016-01-04,6833.42
2016-01-05,6835.13
2016-01-06,6813.9
2016-01-07,6618.88
2016-01-08,6575.43
2016-01-11,6288.26
2016-01-12,6330.55
2016-01-13,6494.13
2016-01-14,6408.76
2016-01-15,6449.5
2016-01-18,6335.09
2016-01-19,6357.05
2016-01-20,6259.61
2016-01-21,6084.28
2016-01-22,6208.05
2016-01-25,6434.08
2016-01-26,6311.6
2016-01-27,6507.22
2016-01-28,6563.38
2016-01-29,6687.62
2016-02-01,6701.36
2016-02-02,6642.45
2016-02-03,6521.48
2016-02-04,6652.83
2016-02-05,6765.13
2016-02-09,6637.43
2016-02-10,6637.48
2016-02-11,6663.43
2016-02-12,6654.45
2016-02-15,6692.58
2016-02-16,6743.95
2016-02-17,6756.82
2016-02-18,6848.87
2016-02-19,6792.06
2016-02-22,6783.08
2016-02-23,6819.34
2016-02-24,6769.26
2016-02-26,6771.3
2016-02-29,6671.04
2016-03-01,6729.53
2016-03-02,6882.45
2016-03-03,6963.44
2016-03-04,6899.07
2016-03-07,6892.69
2016-03-08,6915.51
2016-03-09,6948.18
2016-03-10,7048.08
2016-03-11,7098.64
2016-03-14,7112.89
2016-03-15,7148.26
2016-03-16,7065.39
2016-03-17,7210.9
2016-03-18,7306.74
2016-03-21,7376.41
2016-03-22,7342.03
2016-03-23,7360.05
2016-03-28,7334.52
2016-03-29,7274.4
2016-03-30,7299.23
2016-03-31,7262.3
2016-04-01,7245.13
2016-04-04,7254.53
2016-04-05,7219.23
2016-04-06,7180.55
2016-04-07,7232.97
2016-04-08,7247.2
2016-04-11,7291.43
2016-04-12,7306.56
2016-04-13,7341.0
2016-04-14,7357.28
2016-04-15,7321.3
2016-04-18,7243.4
2016-04-19,7215.09
2016-04-20,7201.37
2016-04-21,7257.85
2016-04-22,7255.39
2016-04-25,7250.13
2016-04-26,7211.92
2016-04-27,7180.53
2016-04-28,7162.56
2016-04-29,7159.29
2016-05-02,7053.88
2016-05-03,7046.57
2016-05-04,7081.86
2016-05-05,6999.75
2016-05-06,6991.87
2016-05-10,7136.24
2016-05-11,7396.52
2016-05-12,7325.04
2016-05-13,7436.79
2016-05-16,7511.74
2016-05-17,7524.84
2016-05-18,7534.3
2016-05-19,7427.33
2016-05-20,7299.03
2016-05-23,7306.69
2016-05-24,7356.72
2016-05-25,7463.95
2016-05-26,7376.38
2016-05-27,7411.68
2016-05-30,7464.34
2016-05-31,7401.6
2016-06-01,7500.79
2016-06-02,7464.59
2016-06-03,7514.22
2016-06-06,7598.22
2016-06-07,7710.54
2016-06-08,7722.79
2016-06-09,7536.65
2016-06-10,7509.94
2016-06-13,7554.4
2016-06-14,7460.12
2016-06-15,7501.65
2016-06-16,7564.47
2016-06-17,7622.07
2016-06-20,7665.33
2016-06-21,7767.23
2016-06-22,7756.37
2016-06-23,7729.78
2016-06-24,7629.72
2016-06-27,7715.9
2016-06-28,7666.69
2016-06-29,7798.53
2016-06-30,7796.25
2016-07-01,7830.35
2016-07-04,7846.54
2016-07-05,7808.13
2016-07-07,7753.46
2016-07-08,7771.52
2016-07-11,7865.27
2016-07-12,7937.95
2016-07-13,7944.02
2016-07-14,7956.14
2016-07-15,8030.06
2016-07-18,7986.25
2016-07-19,8036.01
2016-07-20,8051.97
2016-07-21,8102.3
2016-07-22,8025.35
2016-07-25,8049.13
2016-07-26,8024.54
2016-07-27,8100.48
2016-07-28,8024.98
2016-07-29,7963.11
2016-08-01,8069.81
2016-08-02,8037.78
2016-08-03,7888.44
2016-08-04,7978.57
2016-08-05,7970.35
2016-08-08,7993.58
2016-08-09,8055.06
2016-08-10,8051.4
2016-08-11,7981.35
2016-08-12,7955.86
2016-08-15,7960.17
2016-08-16,7983.38
2016-08-17,7946.19
2016-08-18,7952.81
2016-08-19,7930.75
2016-08-22,7981.21
2016-08-23,7935.18
2016-08-24,7866.13
2016-08-25,7854.54
2016-08-26,7845.49
2016-08-30,7794.93
2016-08-31,7787.37
2016-09-01,7773.31
2016-09-02,7807.42
2016-09-05,7764.05
2016-09-06,7719.18
2016-09-07,7619.1
2016-09-08,7667.07
2016-09-09,7581.79
2016-09-13,7550.27
2016-09-14,7546.01
2016-09-15,7708.42
2016-09-16,7553.76
2016-09-19,7575.84
2016-09-20,7671.72
2016-09-21,7675.42
2016-09-22,7762.35
2016-09-23,7723.6
2016-09-26,7632.46
2016-09-27,7557.34
2016-09-28,7586.96
2016-09-29,7714.86
2016-09-30,7629.73
2016-10-03,7677.73
2016-10-04,7719.24
2016-10-05,7639.79
2016-10-06,7620.16
2016-10-07,7578.29
2016-10-10,7534.71
2016-10-11,7520.82
2016-10-12,7429.82
2016-10-13,7312.18
2016-10-14,7389.3
2016-10-17,7358.21
2016-10-18,7571.15
2016-10-19,7721.57
2016-10-20,7713.32
2016-10-21,7650.22
2016-10-24,7609.31
2016-10-25,7580.22
2016-10-26,7494.41
2016-10-27,7445.14
2016-10-28,7404.8
2016-11-02,7252.4
2016-11-03,7160.91
2016-11-04,7227.37
2016-11-07,7197.19
2016-11-08,7307.8
2016-11-09,7119.04
2016-11-10,7181.87
2016-11-11,6975.09
2016-11-14,6871.48
2016-11-15,6857.15
2016-11-16,6966.28
2016-11-17,7050.12
2016-11-18,7067.73
2016-11-21,6979.06
2016-11-22,6802.73
2016-11-23,6836.64
2016-11-24,6873.31
2016-11-25,6889.78
2016-11-28,6825.4
2016-11-29,6781.2
2016-12-01,6864.87
2016-12-02,6886.74
2016-12-05,6776.41
2016-12-06,6806.14
2016-12-07,6866.81
2016-12-08,7022.38
2016-12-09,7043.16
2016-12-12,6868.89
2016-12-13,6880.91
2016-12-14,6928.34
2016-12-15,6855.31
2016-12-16,6850.71
2016-12-19,6714.13
2016-12-20,6658.66
2016-12-21,6686.36
2016-12-22,6587.17
2016-12-23,6563.67
2016-12-27,6658.2
2016-12-28,6846.44
2016-12-29,6840.64
2017-01-03,6861.31
2017-01-04,7030.95
2017-01-05,7209.44
2017-01-06,7248.2
2017-01-09,7276.34
2017-01-10,7364.34
2017-01-11,7321.82
2017-01-12,7264.55
2017-01-13,7238.52
2017-01-16,7238.45
2017-01-17,7123.33
2017-01-18,7156.36
2017-01-19,7246.08
2017-01-20,7232.66
2017-01-23,7374.35
2017-01-24,7370.65
2017-01-25,7323.36
2017-01-26,7332.64
2017-01-27,7333.67
2017-01-30,7336.71
2017-01-31,7229.66
2017-02-01,7227.45
2017-02-02,7225.91
2017-02-03,7226.7
2017-02-06,7294.4
2017-02-07,7262.64
2017-02-08,7234.82
2017-02-09,7252.66
2017-02-10,7235.21
2017-02-13,7294.67
2017-02-14,7206.84
2017-02-15,7174.3
2017-02-16,7283.25
2017-02-17,7244.79
2017-02-20,7281.19
2017-02-21,7282.68
2017-02-22,7304.45
2017-02-23,7335.56
2017-02-24,7258.99
2017-02-27,7232.47
2017-02-28,7212.09
2017-03-01,7170.7
2017-03-02,7234.94
2017-03-03,7247.12
2017-03-06,7313.87
2017-03-07,7294.52
2017-03-08,7294.56
2017-03-09,7295.45
2017-03-10,7146.27
2017-03-13,7233.09
2017-03-14,7261.75
2017-03-15,7253.79
2017-03-16,7278.6
2017-03-17,7345.02
2017-03-20,7316.57
2017-03-21,7323.31
2017-03-22,7254.93
2017-03-23,7301.03
2017-03-24,7269.62
2017-03-27,7245.97
2017-03-28,7331.46
2017-03-29,7324.0
2017-03-30,7332.59
2017-03-31,7311.72
2017-04-03,7341.65
2017-04-04,7446.49
2017-04-05,7584.21
2017-04-06,7565.32
2017-04-07,7583.75
2017-04-10,7617.91
2017-04-11,7601.4
2017-04-12,7629.64
2017-04-17,7588.53
2017-04-18,7588.98
2017-04-19,7522.98
2017-04-20,7563.45
2017-04-21,7578.16
2017-04-24,7588.88
2017-04-25,7700.46
2017-04-26,7726.45
2017-04-27,7661.01
2017-05-02,7703.1
2017-05-03,7682.26
2017-05-04,7755.75
2017-05-05,7841.99
2017-05-08,7962.33
2017-05-09,7923.5
2017-05-10,7794.17
2017-05-11,7816.4
2017-05-12,7815.53
2017-05-15,7772.93
2017-05-16,7791.07
2017-05-17,7826.53
2017-05-18,7757.69
2017-05-19,7767.62
2017-05-22,7806.57
2017-05-23,7812.14
2017-05-24,7837.82
2017-05-25,7871.65
2017-05-26,7867.49
2017-05-29,7886.03
2017-05-30,7860.77
2017-05-31,7837.12
2017-06-01,7927.49
2017-06-02,7907.66
2017-06-05,8001.38
2017-06-06,7953.12
2017-06-07,8002.32
2017-06-08,7958.63
2017-06-09,7990.24
2017-06-13,7917.89
2017-06-14,7966.01
2017-06-15,7964.49
2017-06-16,7882.22
2017-06-19,7943.75
2017-06-20,7917.86
2017-06-21,7886.37
2017-06-22,7858.34
2017-06-23,7814.17
2017-06-27,7876.37
2017-06-28,7857.18
2017-06-29,7788.06
2017-06-30,7843.16
2017-07-03,7866.52
2017-07-04,7833.96
2017-07-05,7848.84
2017-07-06,7888.31
2017-07-07,7889.33
2017-07-10,7837.47
2017-07-11,7858.14
2017-07-12,7938.37
2017-07-13,7936.85
2017-07-14,7885.9
2017-07-17,7934.5
2017-07-18,7952.92
2017-07-19,7972.9
2017-07-20,7904.34
2017-07-21,7989.73
2017-07-24,7962.64
2017-07-25,7971.72
2017-07-26,8037.51
2017-07-27,8045.78
2017-07-28,8071.47
2017-07-31,8018.05
2017-08-01,7906.6
2017-08-02,7872.65
2017-08-03,7876.66
2017-08-04,7932.82
2017-08-07,7992.27
2017-08-08,7986.51
2017-08-09,7985.83
2017-08-10,7966.25
2017-08-11,7928.43
2017-08-14,7962.12
2017-08-15,8009.41
2017-08-16,8046.59
2017-08-17,8072.75
2017-08-18,8016.73
2017-08-22,8015.93
2017-08-23,7998.75
2017-08-24,8004.93
2017-08-25,8015.14
2017-08-29,7948.39
2017-08-30,7956.73
2017-08-31,7958.57
2017-09-04,8035.2
2017-09-05,8049.35
2017-09-06,7983.97
2017-09-07,8022.98
2017-09-08,8022.75
2017-09-11,8049.31
2017-09-13,8053.88
2017-09-14,8144.91
2017-09-15,8180.85
2017-09-18,8294.14
2017-09-19,8162.7
2017-09-20,8219.32
2017-09-21,8286.86
2017-09-22,8281.27
2017-09-25,8244.73
2017-09-26,8170.14
2017-09-27,8221.92
2017-09-28,8156.04
2017-09-29,8171.43
2017-10-02,8256.28
2017-10-03,8312.93
2017-10-04,8344.05
2017-10-05,8294.01
2017-10-06,8310.88
2017-10-09,8367.38
2017-10-10,8398.04
2017-10-11,8358.47
2017-10-12,8402.81
2017-10-13,8447.94
2017-10-17,8497.74
2017-10-18,8431.73
2017-10-19,8487.37
2017-10-20,8420.95
2017-10-23,8348.32
2017-10-24,8279.92
2017-10-25,8303.35
2017-10-26,8267.92
2017-10-27,8295.95
2017-10-30,8365.26
2017-11-02,8516.02
2017-11-03,8376.13
2017-11-06,8523.07
2017-11-07,8521.81
2017-11-08,8508.49
2017-11-09,8519.82
2017-11-10,8433.48
2017-11-13,8330.02
2017-11-14,8379.64
2017-11-15,8273.44
2017-11-16,8206.44
2017-11-17,8311.08
2017-11-20,8321.98
2017-11-21,8289.19
2017-11-22,8265.68
2017-11-23,8343.23
2017-11-24,8365.11
2017-11-27,8361.69
2017-11-28,8291.88
2017-11-29,8254.03
2017-12-01,8144.02
2017-12-04,8084.45
2017-12-05,8145.0
2017-12-06,8129.62
2017-12-07,8174.93
2017-12-08,8304.7
2017-12-11,8358.57
2017-12-12,8334.06
2017-12-13,8359.61
2017-12-14,8461.06
2017-12-15,8337.04
2017-12-18,8422.82
2017-12-19,8365.96
2017-12-20,8362.61
2017-12-21,8378.28
2017-12-22,8432.31
2017-12-27,8490.91
2017-12-28,8535.09
2017-12-29,8558.42
2018-01-03,8724.13
2018-01-04,8739.83
2018-01-05,8770.0
2018-01-08,8745.12
2018-01-09,8923.72
2018-01-10,8920.29
2018-01-11,8813.25
2018-01-12,8814.62
2018-01-15,8857.72
2018-01-16,8865.13
2018-01-17,8848.99
2018-01-18,8820.74
2018-01-19,8915.92
2018-01-22,8950.62
2018-01-23,8999.02
2018-01-24,8920.23
2018-01-25,8999.17
2018-01-26,9041.2
2018-01-29,9058.62
2018-01-30,8910.48
2018-01-31,8764.01
2018-02-01,8738.72
2018-02-02,8810.75
2018-02-05,8616.0
2018-02-06,8550.42
2018-02-07,8667.56
2018-02-08,8645.08
2018-02-09,8503.69
2018-02-12,8487.91
2018-02-13,8570.14
2018-02-14,8598.11
2018-02-15,8612.44
2018-02-19,8710.22
2018-02-20,8722.7
2018-02-21,8613.65
2018-02-22,8515.57
2018-02-23,8467.56
2018-02-26,8499.98
2018-02-27,8592.38
2018-02-28,8475.29
2018-03-01,8465.77
2018-03-02,8458.57
2018-03-05,8386.17
2018-03-06,8360.22
2018-03-07,8404.69
2018-03-08,8381.85
2018-03-09,8372.51
2018-03-12,8453.5
2018-03-13,8419.57
2018-03-14,8348.74
2018-03-15,8190.01
2018-03-16,8238.15
2018-03-19,8235.54
2018-03-20,8059.6
2018-03-21,7909.07
2018-03-22,8124.45
2018-03-23,7970.8
2018-03-26,7932.38
2018-03-27,8047.03
2018-03-28,7979.83
2018-04-02,8039.45
2018-04-03,8048.72
2018-04-04,7997.67
2018-04-05,8022.16
2018-04-06,7945.66
2018-04-10,7934.68
2018-04-11,7943.93
2018-04-12,8043.07
2018-04-13,7899.98
2018-04-16,7870.25
2018-04-17,7723.39
2018-04-18,7793.13
2018-04-19,7682.24
2018-04-20,7726.72
2018-04-23,7719.47
2018-04-24,7600.36
2018-04-25,7557.91
2018-04-26,7617.42
2018-04-27,7721.02
2018-04-30,7819.25
2018-05-02,7736.07
2018-05-03,7535.1
2018-05-04,7546.19
2018-05-07,7533.28
2018-05-08,7577.57
2018-05-09,7555.27
2018-05-10,7571.0
2018-05-11,7752.11
2018-05-15,7885.97
2018-05-16,7869.56
2018-05-17,7694.12
2018-05-18,7672.28
2018-05-21,7658.05
2018-05-22,7646.2
2018-05-23,7560.47
2018-05-24,7652.53
2018-05-25,7647.51
2018-05-28,7642.9
2018-05-29,7602.36
2018-05-30,7470.14
2018-05-31,7497.17
2018-06-01,7630.26
2018-06-04,7579.61
2018-06-05,7685.76
2018-06-06,7689.14
2018-06-07,7803.31
2018-06-08,7740.74
2018-06-11,7771.3
2018-06-13,7602.98
2018-06-14,7529.54
2018-06-18,7414.11
2018-06-19,7312.61
2018-06-20,7261.62
2018-06-21,7098.15
2018-06-22,7063.2
2018-06-25,6986.88
2018-06-26,7007.21
2018-06-27,7176.43
2018-06-28,7066.57
2018-06-29,7193.68
2018-07-02,7227.96
2018-07-03,7267.34
2018-07-04,7348.42
2018-07-05,7233.57
2018-07-06,7186.71
2018-07-09,7186.62
2018-07-10,7233.29
2018-07-11,7333.73
2018-07-12,7350.58
2018-07-13,7399.18
2018-07-16,7369.44
2018-07-17,7381.68
2018-07-18,7451.37
2018-07-19,7387.87
2018-07-20,7399.61
2018-07-23,7376.8
2018-07-24,7447.02
2018-07-25,7514.0
2018-07-26,7665.85
2018-07-27,7701.38
2018-07-30,7773.32
2018-07-31,7672.0
2018-08-01,7838.22
2018-08-02,7759.55
2018-08-03,7819.39
2018-08-06,7817.31
2018-08-07,7725.85
2018-08-08,7851.46
2018-08-09,7820.71
2018-08-10,7804.98
2018-08-13,7635.27
2018-08-14,7527.78
2018-08-15,7540.92
2018-08-16,7517.36
2018-08-17,7583.52
2018-08-20,7500.53
2018-08-22,7632.26
2018-08-23,7804.03
2018-08-24,7766.47
2018-08-28,7844.61
2018-08-29,7830.96
2018-08-30,7853.16
2018-08-31,7855.71
2018-09-03,7832.22
2018-09-04,7881.82
2018-09-05,7752.27
2018-09-06,7638.71
2018-09-07,7598.64
2018-09-10,7596.15
2018-09-11,7518.01
2018-09-12,7449.2
2018-09-13,7517.37
2018-09-14,7413.15
2018-09-17,7413.56
2018-09-18,7286.34
2018-09-19,7221.23
2018-09-20,7134.73
2018-09-21,7383.0
2018-09-24,7433.61
2018-09-25,7332.17
2018-09-26,7268.21
2018-09-27,7320.59
2018-09-28,7276.82
2018-10-01,7222.08
2018-10-02,7132.36
2018-10-03,7210.87
2018-10-04,7093.34
2018-10-05,7078.2
2018-10-08,7050.82
2018-10-09,7059.38
2018-10-10,7001.14
2018-10-11,6884.38
2018-10-12,7004.77
2018-10-15,6926.51
2018-10-16,6987.02
2018-10-17,7099.68
2018-10-18,7141.25
2018-10-19,7151.52
2018-10-22,7236.16
2018-10-23,7197.62
2018-10-24,7129.42
2018-10-25,6966.84
2018-10-26,7064.33
2018-10-29,7109.03
2018-10-30,7016.06
2018-10-31,7140.29
2018-11-05,7213.44
2018-11-06,7180.11
2018-11-07,7033.93
2018-11-08,7035.71
2018-11-09,6968.82
2018-11-12,6926.2
2018-11-13,6843.83
2018-11-14,6923.08
2018-11-15,6952.59
2018-11-16,7083.34
2018-11-19,7270.26
2018-11-20,7302.94
2018-11-21,7265.45
2018-11-22,7268.38
2018-11-23,7340.18
2018-11-26,7397.87
2018-11-27,7413.63
2018-11-28,7382.43
2018-11-29,7367.85
2018-12-03,7532.9
2018-12-04,7703.92
2018-12-05,7630.9
2018-12-06,7535.32
2018-12-07,7461.06
2018-12-10,7348.21
2018-12-11,7451.08
2018-12-12,7488.24
2018-12-13,7522.92
2018-12-14,7524.37
2018-12-17,7520.4
2018-12-18,7420.4
2018-12-19,7579.62
2018-12-20,7563.41
2018-12-21,7479.71
2018-12-26,7450.01
2018-12-27,7482.66
2018-12-28,7466.02
2019-01-02,7489.2
2019-01-03,7680.6
2019-01-04,7761.11
2019-01-07,7787.66
2019-01-08,7702.12
2019-01-09,7919.67
2019-01-10,7985.23
2019-01-11,7904.09
2019-01-14,8024.14
2019-01-15,8013.42
2019-01-16,7864.7
2019-01-17,7927.2
2019-01-18,8047.12
2019-01-21,8007.46
2019-01-22,8008.67
2019-01-23,7989.65
2019-01-24,8064.9
2019-01-25,8053.2
2019-01-28,8053.92
2019-01-29,8050.82
2019-01-30,7979.95
2019-01-31,8007.48
2019-02-01,8144.16
2019-02-04,8069.48
2019-02-06,8058.45
2019-02-07,8100.3
2019-02-08,8070.89
2019-02-11,8061.54
2019-02-12,8009.92
2019-02-13,7920.24
2019-02-14,7991.25
2019-02-15,7908.89
2019-02-18,7910.58
2019-02-19,7833.75
2019-02-20,7939.24
2019-02-21,7931.3
2019-02-22,7962.13
2019-02-26,7988.16
2019-02-27,7889.12
2019-02-28,7705.49
2019-03-01,7641.77
2019-03-04,7675.47
2019-03-05,7670.62
2019-03-06,7821.34
2019-03-07,7881.79
2019-03-08,7797.11
2019-03-11,7708.72
2019-03-12,7747.54
2019-03-13,7766.15
2019-03-14,7750.42
2019-03-15,7798.28
2019-03-18,7873.02
2019-03-19,7843.41
2019-03-20,7858.2
2019-03-21,7954.72
2019-03-22,8013.42
2019-03-25,7863.02
2019-03-26,7907.03
2019-03-27,7861.05
2019-03-28,7876.4
2019-03-29,7920.93
2019-04-01,7840.31
2019-04-02,7879.21
2019-04-03,7895.06
2019-04-04,7854.13
2019-04-05,7873.18
2019-04-08,7915.63
2019-04-10,8008.53
2019-04-11,7955.8
2019-04-12,7880.82
2019-04-15,7787.98
2019-04-16,7826.46
2019-04-17,7835.15
2019-04-22,7832.43
2019-04-23,7818.93
2019-04-24,7846.99
2019-04-25,7894.45
2019-04-26,7868.28
2019-04-29,7897.02
2019-04-30,7952.72
2019-05-02,8001.57
2019-05-03,7967.98
2019-05-06,7862.3
2019-05-07,7910.63
2019-05-08,7926.69
2019-05-09,7755.62
2019-05-10,7742.2
2019-05-14,7646.66
2019-05-15,7576.71
2019-05-16,7475.16
2019-05-17,7583.82
2019-05-20,7660.14
2019-05-21,7721.56
2019-05-22,7815.07
2019-05-23,7804.03
2019-05-24,7747.09
2019-05-27,7725.01
2019-05-28,7761.29
2019-05-29,7797.75
2019-05-30,7836.55
2019-05-31,7970.02
2019-06-03,8084.88
2019-06-04,7945.37
2019-06-06,7959.86
2019-06-07,7983.98
2019-06-10,8045.39
2019-06-11,8030.98
2019-06-13,8051.76
2019-06-14,7990.2
2019-06-17,7908.99
2019-06-18,7922.04
2019-06-19,8017.01
2019-06-20,8022.42
2019-06-21,8055.47
2019-06-24,8060.58
2019-06-25,8034.09
2019-06-26,8013.57
2019-06-27,8057.64
2019-06-28,7999.71
2019-07-01,8043.71
2019-07-02,8093.6
2019-07-03,8092.68
2019-07-04,8064.92
2019-07-05,8117.94
2019-07-08,8051.52
2019-07-09,8042.04
2019-07-10,8078.21
2019-07-11,8154.49
2019-07-12,8141.82
2019-07-15,8365.29
2019-07-16,8263.57
2019-07-17,8233.48
2019-07-18,8258.05
2019-07-19,8270.07
2019-07-22,8246.83
2019-07-23,8251.46
2019-07-24,8161.49
2019-07-25,8272.18
2019-07-26,8183.99
2019-07-29,8188.52
2019-07-30,8150.46
2019-07-31,8045.8
2019-08-01,8098.16
2019-08-02,8129.93
2019-08-05,7890.02
2019-08-06,7766.75
2019-08-07,7917.39
2019-08-08,7914.16
2019-08-09,7854.39
2019-08-13,7788.45
2019-08-14,7858.65
2019-08-15,7828.86
2019-08-16,7795.98
2019-08-19,7938.35
2019-08-20,7886.91
2019-08-22,7848.83
2019-08-23,7889.41
2019-08-27,7747.38
2019-08-28,7847.5
2019-08-29,7892.81
2019-08-30,7979.66
2019-09-02,7918.53
2019-09-03,7804.71
2019-09-04,7840.86
2019-09-05,7898.19
2019-09-06,7933.47
2019-09-09,7960.12
2019-09-10,7929.48
2019-09-11,7967.9
2019-09-12,7944.43
2019-09-13,7992.32
2019-09-16,7996.9
2019-09-17,7932.23
2019-09-18,7915.29
2019-09-19,7911.32
2019-09-20,7871.11
2019-09-23,7867.51
2019-09-24,7893.94
2019-09-25,7896.24
2019-09-26,7896.48
2019-09-27,7819.22
2019-09-30,7779.07
2019-10-01,7739.86
2019-10-02,7610.68
2019-10-03,7545.55
2019-10-04,7704.6
2019-10-07,7683.22
2019-10-08,7756.72
2019-10-09,7681.25
2019-10-10,7765.03
2019-10-11,7849.94
2019-10-14,7884.29
2019-10-15,7840.31
2019-10-16,7915.3
2019-10-17,7930.55
2019-10-18,7885.23
2019-10-21,7891.13
2019-10-22,7955.24
2019-10-23,7933.76
2019-10-24,7950.98
2019-10-25,7922.5
2019-10-28,7946.53
2019-10-29,7991.19
2019-10-30,8020.06
2019-10-31,7977.12
2019-11-04,8059.65
2019-11-05,8216.68
2019-11-06,8025.88
2019-11-07,8073.81
2019-11-08,8065.76
2019-11-11,8009.38
2019-11-12,8012.34
2019-11-13,7947.47
2019-11-14,7933.71
2019-11-15,7932.96
2019-11-18,7880.94
2019-11-19,7912.14
2019-11-20,7898.06
2019-11-21,7818.89
2019-11-22,7824.59
2019-11-25,7771.62
2019-11-26,7707.8
2019-11-27,7836.89
2019-11-28,7768.66
2019-11-29,7738.96
2019-12-02,7877.19
2019-12-03,7855.18
2019-12-04,7815.93
2019-12-05,7790.91
2019-12-06,7801.72
2019-12-09,7779.8
2019-12-10,7736.18
2019-12-11,7786.41
2019-12-12,7741.07
2019-12-13,7877.63
2019-12-16,7701.6
2019-12-17,7730.45
2019-12-18,7733.67
2019-12-19,7653.94
2019-12-20,7773.12
2019-12-23,7872.6
2019-12-26,7842.28
2019-12-27,7815.26
2020-01-02,7742.53
2020-01-03,7839.79
2020-01-06,7797.87
2020-01-07,7840.7
2020-01-08,7736.24
2020-01-09,7797.64
2020-01-10,7776.77
2020-01-14,7793.25
2020-01-15,7664.4
2020-01-16,7653.18
2020-01-17,7722.58
2020-01-20,7552.6
2020-01-21,7466.65
2020-01-22,7468.73
2020-01-23,7616.35
2020-01-24,7623.41
2020-01-27,7587.63
2020-01-28,7468.7
2020-01-29,7462.31
2020-01-30,7392.68
2020-01-31,7200.79
2020-02-03,7137.03
2020-02-04,7226.9
2020-02-05,7352.85
2020-02-06,7506.51
2020-02-07,7507.2
2020-02-10,7430.86
2020-02-11,7439.4
2020-02-12,7383.1
2020-02-13,7403.12
2020-02-14,7282.0
2020-02-17,7326.85
2020-02-18,7322.89
2020-02-19,7396.94
2020-02-20,7413.0
2020-02-21,7369.78
2020-02-24,7187.44
2020-02-26,6909.84
2020-02-27,6967.84
2020-02-28,6787.91
2020-03-02,6749.28
2020-03-03,6790.54
2020-03-04,6867.26
2020-03-05,6884.77
2020-03-06,6770.38
2020-03-09,6312.61
2020-03-10,6318.38
2020-03-11,6353.26
2020-03-12,5736.27
2020-03-13,5793.94
2020-03-16,5335.37
2020-03-19,4623.42
2020-03-20,4778.76
2020-03-23,4743.37
2020-03-24,4774.27
2020-03-25,5027.76
2020-03-26,5401.58
2020-03-27,5266.62
2020-03-30,5131.16
2020-03-31,5321.23
2020-04-01,5408.52
2020-04-02,5342.31
2020-04-03,5346.97
2020-04-06,5570.81
2020-04-07,5650.01
2020-04-08,5510.83
2020-04-13,5610.98
2020-04-14,5780.88
2020-04-15,5946.05
2020-04-16,5525.6
2020-04-17,5789.97
2020-04-20,5733.65
2020-04-21,5592.25
2020-04-22,5573.75
2020-04-23,5599.55
2020-04-24,5464.98
2020-04-27,5450.45
2020-04-28,5574.98
2020-04-29,5643.97
2020-04-30,5700.71
2020-05-04,5572.09
2020-05-05,5671.67
2020-05-06,5639.27
2020-05-07,5653.16
2020-05-08,5621.94
2020-05-11,5667.93
2020-05-12,5651.67
2020-05-13,5626.25
2020-05-14,5654.7
2020-05-15,5541.95
2020-05-18,5479.35
2020-05-19,5555.85
2020-05-20,5581.96
2020-05-21,5604.49
2020-05-22,5539.19
2020-05-26,5496.83
2020-05-27,5523.78
2020-05-28,5570.22
2020-05-29,5838.84
2020-06-01,5930.17
2020-06-02,6025.17
2020-06-03,6245.65
2020-06-04,6517.49
2020-06-05,6465.13
2020-06-08,6514.0
2020-06-09,6583.84
2020-06-10,6439.37
2020-06-11,6476.24
2020-06-15,6163.82
2020-06-16,6281.75
2020-06-17,6282.01
2020-06-18,6348.45
2020-06-19,6315.07
2020-06-22,6347.43
2020-06-23,6297.78
2020-06-24,6188.83
2020-06-25,6118.26
2020-06-26,6191.84
2020-06-29,6105.18
2020-06-30,6207.72
2020-07-01,6209.71
2020-07-02,6364.08
2020-07-03,6372.66
2020-07-06,6328.41
2020-07-07,6267.4
2020-07-08,6285.5
2020-07-09,6192.58
2020-07-10,6197.38
2020-07-13,6172.57
2020-07-14,6172.81
2020-07-15,6016.51
2020-07-16,6147.66
2020-07-17,6088.75
2020-07-20,6150.7
2020-07-21,6136.31
2020-07-22,6064.26
2020-07-23,6029.01
2020-07-24,6003.26
2020-07-27,5860.94
2020-07-28,5927.11
2020-07-29,5966.27
2020-07-30,5928.45
2020-08-03,5715.92
2020-08-04,5775.5
2020-08-05,5833.58
2020-08-06,5902.58
2020-08-07,5846.02
2020-08-10,5930.92
2020-08-11,5953.94
2020-08-12,5995.0
2020-08-13,6097.78
2020-08-14,6076.91
2020-08-17,6068.78
2020-08-18,6156.45
2020-08-19,6042.12
2020-08-20,6005.4
2020-08-24,5943.58
2020-08-25,5953.44
2020-08-26,5931.33
2020-08-27,5921.55
2020-08-28,5884.18
2020-09-01,5799.24
2020-09-02,5738.39
2020-09-03,5772.86
2020-09-04,5785.09
2020-09-07,5935.85
2020-09-08,6034.03
2020-09-09,5932.84
2020-09-10,5902.39
2020-09-11,5967.96
2020-09-14,5997.14
2020-09-15,6018.21
2020-09-16,5946.62
2020-09-17,5943.52
2020-09-18,5908.9
2020-09-21,5909.32
2020-09-22,5894.28
2020-09-23,5892.72
2020-09-24,5845.8
2020-09-25,5838.66
2020-09-28,5861.39
2020-09-29,5841.6
2020-09-30,5864.23
2020-10-01,5944.87
2020-10-02,5999.4
2020-10-05,5938.95
2020-10-06,5910.64
2020-10-07,5867.88
2020-10-08,5942.66
2020-10-09,5931.61
2020-10-12,5937.05
2020-10-13,5923.23
2020-10-14,5925.3
2020-10-15,5938.33
2020-10-16,5898.47
2020-10-19,6019.26
2020-10-20,6112.71
2020-10-21,6278.59
2020-10-22,6344.63
2020-10-23,6484.06
2020-10-26,6491.19
2020-10-27,6415.08
2020-10-28,6377.79
2020-10-29,6249.39
2020-10-30,6324.0
2020-11-03,6335.56
2020-11-04,6464.05
2020-11-05,6644.77
2020-11-06,6685.69
2020-11-09,6685.85
2020-11-10,7035.48
2020-11-11,7024.26
2020-11-13,6969.88
2020-11-16,6918.05
2020-11-17,6959.14
2020-11-18,7051.78
2020-11-19,6997.62
2020-11-20,7169.79
2020-11-23,7178.62
2020-11-24,7108.67
2020-11-25,7001.51
2020-11-26,6927.75
2020-11-27,6791.46
2020-12-01,7009.56
2020-12-02,7080.62
2020-12-03,7194.13
2020-12-04,7134.56
2020-12-07,7203.67
2020-12-09,7102.66
2020-12-10,7154.43
2020-12-11,7246.16
2020-12-14,7281.35
2020-12-15,7227.73
2020-12-16,7299.7
2020-12-17,7298.02
2020-12-18,7272.8
2020-12-21,7224.89
2020-12-22,7202.39
2020-12-23,7204.38
2020-12-28,7122.25
2020-12-29,7139.71
2021-01-04,7197.5
2021-01-05,7134.18
2021-01-06,7047.85
2021-01-07,7119.61
2021-01-08,7289.88
2021-01-11,7304.79
2021-01-12,7258.11
2021-01-13,7242.85
2021-01-14,7273.15
2021-01-15,7238.46
2021-01-18,7203.44
2021-01-19,7198.45
2021-01-20,7143.3
2021-01-21,7140.29
2021-01-22,7045.83
2021-01-25,7071.5
2021-01-26,6977.16
2021-01-27,6863.61
2021-01-28,6851.84
2021-01-29,6612.62
2021-02-01,6814.76
2021-02-02,6867.88
2021-02-03,6859.46
2021-02-04,6903.75
2021-02-05,7019.18
2021-02-08,7024.48
2021-02-09,7065.55
2021-02-10,7082.15
2021-02-11,6991.01
2021-02-15,6959.21
2021-02-16,7044.06
2021-02-17,6966.43
2021-02-18,6849.64
2021-02-19,6926.41
2021-02-22,6810.34
2021-02-23,6814.67
2021-02-24,6755.95
2021-02-26,6794.86
2021-03-01,6872.97
2021-03-02,6919.54
2021-03-03,6942.76
2021-03-04,6882.49
2021-03-05,6881.37
2021-03-08,6756.92
2021-03-09,6766.83
2021-03-10,6808.32
2021-03-11,6719.18
2021-03-12,6728.55
